Event_ID,Event_start,Reaction_start,Impact,Event_end,Event_type,Crash_severity,Incident_type,Conflict_type,Narrative
151864922,0,1300,4200,4700,Near-Crash,Not a Crash,Turn across path,Conflict with vehicle turning across another vehicle path (opposite direction),
147220625,0,600,2300,3000,Near-Crash,Not a Crash,Turn into path (opposite direction),Conflict with vehicle turning into another vehicle path (opposite direction),
144188884,0,1100,2900,4100,Near-Crash,Not a Crash,"Sideswipe, same direction (left or right)",Conflict with vehicle in adjacent lane,
151580962,0,3600,4000,5200,Near-Crash,Not a Crash,"Rear-end, striking",Conflict with vehicle in adjacent lane,
151863131,0,1000,4200,4500,Near-Crash,Not a Crash,Pedestrian-related,Conflict with pedestrian,
151862014,0,200,2500,3200,Near-Crash,Not a Crash,Animal-related,Conflict with animal,
151593374,0,900,1200,3500,Near-Crash,Not a Crash,"Sideswipe, same direction (left or right)",Conflict with vehicle in adjacent lane,
151864865,0,500,1600,2500,Near-Crash,Not a Crash,Turn into path (same direction),Conflict with vehicle turning into another vehicle path (same direction),
151864836,0,1300,2800,3100,Near-Crash,Not a Crash,"Rear-end, striking",Conflict with a lead vehicle,
151864623,0,600,2900,5400,Near-Crash,Not a Crash,"Rear-end, striking",Conflict with a lead vehicle,
151568716,0,,3400,4800,Crash,IV - Low-risk Tire Strike,Road departure (left or right),Single vehicle conflict,
151864866,0,0,2700,3200,Near-Crash,Not a Crash,Turn into path (opposite direction),Conflict with vehicle turning into another vehicle path (opposite direction),
151864874,0,,1600,3300,Crash,IV - Low-risk Tire Strike,Road departure (left or right),Single vehicle conflict,
151856760,0,1600,3700,4400,Near-Crash,Not a Crash,Turn across path,Conflict with vehicle turning across another vehicle path (same direction),
151864832,0,300,900,1200,Near-Crash,Not a Crash,Turn into path (opposite direction),Conflict with vehicle turning into another vehicle path (opposite direction),
151864869,0,400,800,1500,Near-Crash,Not a Crash,"Sideswipe, same direction (left or right)",Conflict with vehicle in adjacent lane,
151569267,0,800,2600,3800,Near-Crash,Not a Crash,"Rear-end, striking",Conflict with a lead vehicle,
151573880,0,800,1200,3100,Near-Crash,Not a Crash,"Sideswipe, same direction (left or right)",Conflict with vehicle in adjacent lane,
151606615,0,,900,2000,Crash,IV - Low-risk Tire Strike,Road departure (left or right),Single vehicle conflict,
29859103,0,,1000,3000,Crash,II - Police-reportable Crash,"Rear-end, struck",Conflict with a following vehicle,
151856665,0,2700,3700,6900,Near-Crash,Not a Crash,Turn into path (opposite direction),Conflict with vehicle turning into another vehicle path (opposite direction),
151581417,0,3300,5700,6300,Near-Crash,Not a Crash,Turn into path (opposite direction),Conflict with vehicle turning into another vehicle path (opposite direction),
151586347,0,2200,4500,5900,Near-Crash,Not a Crash,"Rear-end, striking",Conflict with a lead vehicle,
151570800,0,3100,6400,8200,Near-Crash,Not a Crash,Road departure (left or right),Single vehicle conflict,
151856651,0,,1500,3400,Crash,IV - Low-risk Tire Strike,Road departure (left or right),Single vehicle conflict,
151864826,0,,4200,5400,Crash,III  - Minor Crash,"Backing, fixed object",Single vehicle conflict,
151550440,0,1000,,2100,Near-Crash,Not a Crash,Turn into path (same direction),Conflict with vehicle turning into another vehicle path (same direction),
151568709,0,,2300,6200,Crash,III  - Minor Crash,Other,Conflict with obstacle/object in roadway,
143337346,0,900,3900,6600,Near-Crash,Not a Crash,Other,Conflict with parked vehicle,
2843842,0,,4800,5800,Crash,III  - Minor Crash,"Rear-end, striking",Conflict with a lead vehicle,
29859070,0,1200,2400,3900,Crash,II - Police-reportable Crash,"Rear-end, struck",Conflict with a following vehicle,
10556975,0,500,1200,1400,Near-Crash,Not a Crash,"Rear-end, striking",Conflict with a lead vehicle,
128888406,0,,3500,5300,Crash,IV - Low-risk Tire Strike,Road departure (left or right),Single vehicle conflict,
151550418,0,200,2800,3800,Near-Crash,Not a Crash,"Rear-end, striking",Conflict with a lead vehicle,
151859457,0,700,1000,2000,Near-Crash,Not a Crash,"Sideswipe, same direction (left or right)",Conflict with vehicle in adjacent lane,
151864871,0,2500,3800,4100,Near-Crash,Not a Crash,"Rear-end, striking",Conflict with a lead vehicle,
151864834,0,0,2600,3600,Near-Crash,Not a Crash,Turn into path (same direction),Conflict with vehicle turning into another vehicle path (same direction),
151859419,0,,3100,3400,Near-Crash,Not a Crash,"Rear-end, struck",Conflict with a following vehicle,
151864887,0,1600,2600,2800,Near-Crash,Not a Crash,"Rear-end, striking",Conflict with a lead vehicle,
151864900,0,,2300,3400,Crash,IV - Low-risk Tire Strike,Road departure (left or right),Single vehicle conflict,
151878834,0,700,1400,2000,Near-Crash,Not a Crash,Turn into path (opposite direction),Conflict with vehicle turning into another vehicle path (opposite direction),
142049409,0,3800,6100,7000,Near-Crash,Not a Crash,Turn into path (same direction),Conflict with vehicle turning into another vehicle path (same direction),
142007588,0,0,1300,1600,Near-Crash,Not a Crash,Straight crossing path,Conflict with vehicle moving across another vehicle path (through intersection),
61432360,0,400,1900,3300,Near-Crash,Not a Crash,"Sideswipe, same direction (left or right)",Conflict with vehicle in adjacent lane,
151865144,0,1600,2300,3100,Near-Crash,Not a Crash,Turn across path,Conflict with vehicle turning across another vehicle path (opposite direction),
151568929,0,5900,7400,7600,Near-Crash,Not a Crash,"Sideswipe, same direction (left or right)",Conflict with vehicle in adjacent lane,
151581531,0,3800,5500,6700,Near-Crash,Not a Crash,Turn into path (opposite direction),Conflict with vehicle turning into another vehicle path (opposite direction),
96898051,0,3100,4200,4500,Near-Crash,Not a Crash,Turn across path,Conflict with vehicle turning across another vehicle path (same direction),
151864812,0,900,1700,1900,Near-Crash,Not a Crash,Opposite direction (head-on or sideswipe),Conflict with oncoming traffic,
35257232,0,4300,4600,6000,Crash,II - Police-reportable Crash,Turn into path (opposite direction),Conflict with vehicle turning into another vehicle path (opposite direction),
36842966,0,3400,4600,8000,Near-Crash,Not a Crash,Turn into path (same direction),Conflict with vehicle turning into another vehicle path (same direction),
151582650,0,200,1100,1900,Near-Crash,Not a Crash,"Rear-end, striking",Conflict with vehicle in adjacent lane,
151598431,0,3000,3600,4600,Near-Crash,Not a Crash,Opposite direction (head-on or sideswipe),Conflict with oncoming traffic,
29884179,0,2200,4400,4900,Near-Crash,Not a Crash,"Rear-end, striking",Conflict with a lead vehicle,
151568565,0,900,2000,2500,Near-Crash,Not a Crash,"Sideswipe, same direction (left or right)",Conflict with vehicle in adjacent lane,
151864831,0,400,800,1600,Near-Crash,Not a Crash,Other,Conflict with obstacle/object in roadway,
151864885,0,0,2000,2800,Near-Crash,Not a Crash,Turn into path (opposite direction),Conflict with vehicle turning into another vehicle path (opposite direction),
134933669,0,2500,3600,5300,Near-Crash,Not a Crash,"Sideswipe, same direction (left or right)",Conflict with vehicle in adjacent lane,
151586561,0,1700,3700,3800,Near-Crash,Not a Crash,Turn into path (opposite direction),Conflict with vehicle turning into another vehicle path (opposite direction),
136041498,0,2700,3300,3900,Near-Crash,Not a Crash,"Rear-end, striking",Conflict with a lead vehicle,
151865122,0,,1400,2600,Crash,IV - Low-risk Tire Strike,Road departure (left or right),Single vehicle conflict,
151573032,0,700,2000,4500,Near-Crash,Not a Crash,"Rear-end, striking",Conflict with vehicle in adjacent lane,
138353265,0,1200,1800,2600,Near-Crash,Not a Crash,"Rear-end, striking",Conflict with vehicle in adjacent lane,
61426962,0,2400,5300,5700,Near-Crash,Not a Crash,Straight crossing path,Conflict with vehicle moving across another vehicle path (through intersection),
116168889,0,800,3100,3900,Near-Crash,Not a Crash,Turn across path,Conflict with vehicle turning across another vehicle path (same direction),
151870548,0,1000,5500,6400,Near-Crash,Not a Crash,"Rear-end, striking",Conflict with a lead vehicle,
151859510,0,2100,6200,6800,Near-Crash,Not a Crash,"Rear-end, striking",Conflict with a lead vehicle,
151859600,0,300,3500,4400,Near-Crash,Not a Crash,Turn into path (same direction),Conflict with vehicle turning into another vehicle path (same direction),
151582998,0,1100,2600,3800,Near-Crash,Not a Crash,"Rear-end, striking",Conflict with a lead vehicle,
10556973,0,3700,5400,8200,Near-Crash,Not a Crash,"Rear-end, striking",Conflict with a lead vehicle,
151856530,0,3600,4100,4300,Near-Crash,Not a Crash,"Rear-end, striking",Conflict with a lead vehicle,
151569071,0,700,3500,3800,Near-Crash,Not a Crash,"Rear-end, striking",Conflict with a lead vehicle,
151865138,0,1100,2000,2100,Near-Crash,Not a Crash,"Rear-end, striking",Conflict with a lead vehicle,
151570852,0,600,1200,2000,Near-Crash,Not a Crash,"Rear-end, striking",Conflict with a lead vehicle,
61211857,0,5700,5400,8700,Crash,III  - Minor Crash,Road departure (left or right),Single vehicle conflict,
130475665,0,6400,7000,7200,Near-Crash,Not a Crash,"Rear-end, striking",Conflict with a lead vehicle,
151859922,0,1100,5300,6000,Near-Crash,Not a Crash,"Rear-end, striking",Conflict with a lead vehicle,
61385893,0,2900,3500,4300,Near-Crash,Not a Crash,"Rear-end, striking",Conflict with a lead vehicle,
133754119,0,1000,1800,2700,Near-Crash,Not a Crash,Straight crossing path,Conflict with vehicle moving across another vehicle path (through intersection),
151569108,0,2000,3000,3400,Near-Crash,Not a Crash,Backing into traffic,Conflict with a lead vehicle,
2880462,0,2500,4200,5000,Near-Crash,Not a Crash,"Rear-end, striking",Conflict with a lead vehicle,
61386961,0,200,3100,3100,Near-Crash,Not a Crash,"Rear-end, striking",Conflict with a lead vehicle,
36842961,0,1500,3300,3700,Near-Crash,Not a Crash,Turn across path,Conflict with vehicle turning across another vehicle path (opposite direction),
61432399,0,,2200,3900,Crash,IV - Low-risk Tire Strike,Road departure (left or right),Single vehicle conflict,
61426761,0,600,1700,3700,Near-Crash,Not a Crash,"Sideswipe, same direction (left or right)",Conflict with vehicle in adjacent lane,
10858442,0,400,2300,4500,Near-Crash,Not a Crash,Animal-related,Conflict with animal,"A vehicle nearly crashed after encountering an animal on the road. The incident occurred during daylight hours in a business or industrial area with no adverse weather conditions and a dry road surface. The traffic was flowing freely with no congestion, allowing vehicles to move without any lead traffic. Fortunately, the situation did not result in a full collision, but it was a close call that could have had serious consequences."
151093778,0,,1700,3300,Crash,III  - Minor Crash,Road departure (left or right),Single vehicle conflict,
61432361,0,1400,1800,2500,Near-Crash,Not a Crash,"Rear-end, striking",Conflict with vehicle in adjacent lane,
151856693,0,1700,2600,3300,Near-Crash,Not a Crash,"Sideswipe, same direction (left or right)",Conflict with vehicle in adjacent lane,"A near-crash occurred when two vehicles traveling in the same direction almost collided with each other in an adjacent lane. The incident was a sideswipe, where the vehicles nearly touched but managed to avoid a full collision. This happened during daylight hours on a dry road surface with no adverse weather conditions. The area was a business or industrial locality with moderate traffic flow, described as having some restrictions but still moving smoothly. Fortunately, no actual crash occurred, but it was a close call that could have resulted in damage or injury."
64646331,0,200,1700,2300,Near-Crash,Not a Crash,Turn across path,Conflict with vehicle turning across another vehicle path (opposite direction),
151568696,0,7300,7000,8600,Crash,IV - Low-risk Tire Strike,Road departure (left or right),Single vehicle conflict,
151581041,0,5000,6400,7000,Near-Crash,Not a Crash,"Rear-end, striking",Conflict with a lead vehicle,
151854704,0,1900,2500,3100,Near-Crash,Not a Crash,"Rear-end, striking",Conflict with a lead vehicle,
151568527,0,2900,3900,8200,Near-Crash,Not a Crash,"Rear-end, striking",Conflict with a lead vehicle,
147359681,0,1700,5100,5800,Near-Crash,Not a Crash,"Rear-end, striking",Conflict with a lead vehicle,
151609056,0,2300,3100,3300,Near-Crash,Not a Crash,Turn into path (same direction),Conflict with vehicle turning into another vehicle path (same direction),
151862031,0,800,800,2100,Near-Crash,Not a Crash,"Sideswipe, same direction (left or right)",Conflict with vehicle in adjacent lane,
35257212,0,2000,2900,4800,Crash,I - Most Severe,Turn across path,Conflict with vehicle turning across another vehicle path (opposite direction),
151862010,0,700,2700,3200,Near-Crash,Not a Crash,Turn into path (same direction),Conflict with vehicle turning into another vehicle path (same direction),
151864833,0,700,2000,2900,Near-Crash,Not a Crash,Turn across path,Conflict with vehicle turning across another vehicle path (opposite direction),
151570817,0,400,2500,3500,Near-Crash,Not a Crash,"Rear-end, striking",Conflict with a lead vehicle,
151587812,0,400,1700,1700,Near-Crash,Not a Crash,Turn into path (opposite direction),Conflict with vehicle turning into another vehicle path (opposite direction),
61427030,0,1100,2100,3100,Near-Crash,Not a Crash,Straight crossing path,Conflict with vehicle moving across another vehicle path (through intersection),
151865121,0,600,1800,2600,Crash,IV - Low-risk Tire Strike,Road departure (left or right),Single vehicle conflict,
132623327,0,3500,3300,4600,Crash,IV - Low-risk Tire Strike,Road departure (left or right),Single vehicle conflict,
61426782,0,5700,6000,8500,Near-Crash,Not a Crash,"Sideswipe, same direction (left or right)",Conflict with vehicle in adjacent lane,
151865109,0,900,1500,2200,Near-Crash,Not a Crash,Turn into path (same direction),Conflict with parked vehicle,
115730583,0,800,1100,2100,Near-Crash,Not a Crash,Pedalcyclist-related,Conflict with pedalcyclist,
64553422,0,900,1400,2700,Near-Crash,Not a Crash,Other,Conflict with parked vehicle,
151878923,0,300,1800,2200,Near-Crash,Not a Crash,"Rear-end, striking",Conflict with a lead vehicle,
135448582,0,1100,2200,6500,Near-Crash,Not a Crash,Turn into path (same direction),Conflict with vehicle turning into another vehicle path (same direction),
61386970,0,4000,5500,8700,Near-Crash,Not a Crash,Backing into traffic,Conflict with parked vehicle,
151591685,0,1500,3200,3200,Near-Crash,Not a Crash,"Sideswipe, same direction (left or right)",Conflict with merging vehicle,
61432338,0,200,3100,4000,Near-Crash,Not a Crash,Turn into path (opposite direction),Conflict with vehicle turning into another vehicle path (opposite direction),
151582980,0,2300,5000,5200,Near-Crash,Not a Crash,"Rear-end, striking",Conflict with a lead vehicle,
138268388,0,300,2300,3500,Near-Crash,Not a Crash,"Sideswipe, same direction (left or right)",Conflict with merging vehicle,
143062577,0,1700,5900,6500,Near-Crash,Not a Crash,"Rear-end, striking",Conflict with a lead vehicle,
61426984,0,6600,7400,8500,Near-Crash,Not a Crash,"Rear-end, striking",Conflict with a lead vehicle,
151569693,0,2000,3400,4600,Near-Crash,Not a Crash,"Rear-end, striking",Conflict with a lead vehicle,
151856713,0,100,1900,2300,Near-Crash,Not a Crash,Animal-related,Conflict with animal,
151878849,0,3900,4100,5700,Near-Crash,Not a Crash,"Rear-end, striking",Conflict with a lead vehicle,
61426809,0,3000,5000,6200,Near-Crash,Not a Crash,Straight crossing path,Conflict with vehicle moving across another vehicle path (through intersection),
151569057,0,1800,2500,3000,Near-Crash,Not a Crash,"Rear-end, striking",Conflict with a lead vehicle,
35258333,0,900,1700,1700,Near-Crash,Not a Crash,Turn into path (opposite direction),Conflict with vehicle turning into another vehicle path (opposite direction),
151545638,0,600,1600,3100,Near-Crash,Not a Crash,"Sideswipe, same direction (left or right)",Conflict with vehicle in adjacent lane,
138361175,0,700,2400,3300,Near-Crash,Not a Crash,"Rear-end, striking",Conflict with a lead vehicle,
116162982,0,600,1600,5400,Near-Crash,Not a Crash,"Sideswipe, same direction (left or right)",Conflict with vehicle in adjacent lane,
151606784,0,400,900,1700,Near-Crash,Not a Crash,"Sideswipe, same direction (left or right)",Conflict with vehicle in adjacent lane,
135449515,0,4000,5100,5400,Near-Crash,Not a Crash,"Rear-end, striking",Conflict with a lead vehicle,
151865044,0,,700,1000,Crash,IV - Low-risk Tire Strike,Road departure (left or right),Single vehicle conflict,
151568477,0,900,2000,3100,Near-Crash,Not a Crash,"Rear-end, striking",Conflict with vehicle in adjacent lane,
151573861,0,700,2000,2700,Near-Crash,Not a Crash,"Rear-end, striking",Conflict with a lead vehicle,
151600571,0,300,2200,4400,Near-Crash,Not a Crash,Turn into path (same direction),Conflict with vehicle turning into another vehicle path (same direction),
151609108,0,1800,2300,3100,Near-Crash,Not a Crash,"Rear-end, striking",Conflict with a lead vehicle,
135449522,0,700,3400,4000,Near-Crash,Not a Crash,"Rear-end, striking",Conflict with a lead vehicle,
151589158,0,3100,4200,5800,Near-Crash,Not a Crash,"Rear-end, striking",Conflict with vehicle in adjacent lane,
151568560,0,500,6000,6600,Near-Crash,Not a Crash,"Rear-end, striking",Conflict with a lead vehicle,
142030153,0,300,1700,4100,Near-Crash,Not a Crash,"Sideswipe, same direction (left or right)",Conflict with vehicle in adjacent lane,
151861984,0,400,3700,5200,Near-Crash,Not a Crash,Turn into path (opposite direction),Conflict with vehicle turning into another vehicle path (opposite direction),
151603223,0,1000,4000,6100,Near-Crash,Not a Crash,Animal-related,Conflict with animal,
142049755,0,600,1200,1900,Near-Crash,Not a Crash,"Rear-end, striking",Conflict with vehicle in adjacent lane,
151570840,0,,6200,7600,Crash,III  - Minor Crash,Road departure (left or right),Single vehicle conflict,
151573792,0,700,3100,3500,Near-Crash,Not a Crash,"Rear-end, striking",Conflict with vehicle in adjacent lane,
151565159,0,4500,5600,6300,Near-Crash,Not a Crash,Animal-related,Conflict with animal,
138591526,0,2400,3400,3900,Near-Crash,Not a Crash,Turn into path (opposite direction),Conflict with vehicle turning into another vehicle path (opposite direction),
151859543,0,1500,1900,3000,Near-Crash,Not a Crash,"Rear-end, striking",Conflict with a lead vehicle,
151568973,0,200,1800,4700,Near-Crash,Not a Crash,"Sideswipe, same direction (left or right)",Conflict with vehicle in adjacent lane,
151864929,0,1800,2500,3500,Crash,IV - Low-risk Tire Strike,Road departure (left or right),Single vehicle conflict,
151565531,0,1000,4500,5800,Near-Crash,Not a Crash,Pedestrian-related,Conflict with pedestrian,
151569115,0,500,2600,4300,Near-Crash,Not a Crash,Straight crossing path,Conflict with vehicle moving across another vehicle path (through intersection),
135085990,0,100,1600,2700,Near-Crash,Not a Crash,"Sideswipe, same direction (left or right)",Conflict with vehicle in adjacent lane,
151573810,0,2100,2900,4400,Near-Crash,Not a Crash,"Sideswipe, same direction (left or right)",Conflict with vehicle in adjacent lane,
64553430,0,400,2200,3000,Near-Crash,Not a Crash,Animal-related,Conflict with animal,
35258185,0,2700,3000,6500,Crash,I - Most Severe,Backing into traffic,Other,
151568678,0,,5500,7700,Crash,III  - Minor Crash,Road departure (end),Single vehicle conflict,
151856559,0,,2400,3700,Crash,IV - Low-risk Tire Strike,Road departure (end),Single vehicle conflict,
61427018,0,500,2700,3200,Near-Crash,Not a Crash,Straight crossing path,Conflict with vehicle moving across another vehicle path (through intersection),
151569265,0,0,600,1500,Near-Crash,Not a Crash,"Rear-end, striking",Conflict with vehicle in adjacent lane,
142007928,0,100,5200,5700,Near-Crash,Not a Crash,"Rear-end, striking",Conflict with a lead vehicle,
143288740,0,400,1500,2200,Near-Crash,Not a Crash,"Sideswipe, same direction (left or right)",Conflict with vehicle in adjacent lane,
143108403,0,1400,2500,3100,Near-Crash,Not a Crash,"Rear-end, striking",Conflict with a lead vehicle,
61432327,0,1600,2100,2600,Near-Crash,Not a Crash,Turn into path (same direction),Conflict with vehicle turning into another vehicle path (same direction),
61432387,0,100,2400,2900,Near-Crash,Not a Crash,Straight crossing path,Conflict with vehicle moving across another vehicle path (through intersection),
151565600,0,300,2100,3100,Near-Crash,Not a Crash,Straight crossing path,Conflict with vehicle moving across another vehicle path (through intersection),
151568674,0,1300,2000,3100,Near-Crash,Not a Crash,"Sideswipe, same direction (left or right)",Conflict with vehicle in adjacent lane,
61432350,0,400,3800,4600,Near-Crash,Not a Crash,"Rear-end, striking",Conflict with a lead vehicle,
61211934,0,300,1000,1800,Near-Crash,Not a Crash,"Rear-end, striking",Conflict with vehicle in adjacent lane,
61426825,0,100,2200,3400,Near-Crash,Not a Crash,"Rear-end, striking",Conflict with vehicle in adjacent lane,
61427028,0,2000,3900,5400,Near-Crash,Not a Crash,Backing into traffic,Conflict with parked vehicle,
132706055,0,5500,5800,6600,Crash,IV - Low-risk Tire Strike,Road departure (left or right),Single vehicle conflict,
116147323,0,1200,2600,3000,Near-Crash,Not a Crash,"Rear-end, striking",Conflict with vehicle in adjacent lane,
35257213,0,500,1900,5700,Crash,I - Most Severe,Turn across path,Conflict with vehicle turning across another vehicle path (opposite direction),
138361957,0,2000,2900,4100,Near-Crash,Not a Crash,"Rear-end, striking",Conflict with a lead vehicle,
76264663,0,4200,4100,5700,Crash,IV - Low-risk Tire Strike,Road departure (left or right),Single vehicle conflict,
151856555,0,1000,1300,1900,Near-Crash,Not a Crash,"Rear-end, striking",Conflict with a lead vehicle,
133753420,0,1000,2500,3100,Near-Crash,Not a Crash,"Rear-end, striking",Conflict with a lead vehicle,
76264662,0,2400,2300,3500,Crash,IV - Low-risk Tire Strike,Road departure (left or right),Single vehicle conflict,
151598436,0,900,1600,2200,Near-Crash,Not a Crash,"Sideswipe, same direction (left or right)",Conflict with vehicle in adjacent lane,
138351780,0,500,7400,7400,Near-Crash,Not a Crash,"Rear-end, struck",Conflict with a following vehicle,
61216942,0,5500,6500,9300,Crash,II - Police-reportable Crash,"Rear-end, struck",Conflict with a following vehicle,
151548878,0,,2400,3000,Crash,IV - Low-risk Tire Strike,Road departure (left or right),Single vehicle conflict,
151859769,0,700,1000,1700,Near-Crash,Not a Crash,"Sideswipe, same direction (left or right)",Conflict with vehicle in adjacent lane,
151586126,0,1500,3400,4300,Near-Crash,Not a Crash,"Rear-end, striking",Conflict with a lead vehicle,
151549052,0,1600,1700,3000,Crash,I - Most Severe,Pedalcyclist-related,Conflict with pedalcyclist,
151549153,0,400,600,4300,Crash,II - Police-reportable Crash,Animal-related,Conflict with animal,
61385937,0,100,300,2800,Near-Crash,Not a Crash,Other,Conflict with parked vehicle,
143172932,0,900,3900,6100,Crash,II - Police-reportable Crash,"Rear-end, struck",Conflict with a following vehicle,
128888426,0,1100,2900,4800,Near-Crash,Not a Crash,"Rear-end, striking",Conflict with a lead vehicle,
151553179,0,,4900,6000,Crash,IV - Low-risk Tire Strike,Road departure (end),Single vehicle conflict,
151573878,0,5300,5400,6800,Near-Crash,Not a Crash,"Sideswipe, same direction (left or right)",Conflict with vehicle in adjacent lane,
151578537,0,2200,2800,3800,Near-Crash,Not a Crash,"Rear-end, striking",Conflict with vehicle in adjacent lane,
134175108,0,1700,1200,3400,Near-Crash,Not a Crash,"Rear-end, struck",Conflict with vehicle in adjacent lane,
64553439,0,1200,3100,4300,Near-Crash,Not a Crash,"Rear-end, striking",Conflict with a lead vehicle,
61432334,0,2400,3000,3600,Near-Crash,Not a Crash,"Rear-end, striking",Conflict with a lead vehicle,
9886401,0,1800,3700,5200,Near-Crash,Not a Crash,"Rear-end, striking",Conflict with a lead vehicle,
61386976,0,2100,4500,5600,Near-Crash,Not a Crash,Pedestrian-related,Conflict with pedestrian,
151568725,0,900,5100,5800,Near-Crash,Not a Crash,"Rear-end, striking",Conflict with a lead vehicle,
61216656,0,2000,1900,3200,Crash,IV - Low-risk Tire Strike,Road departure (left or right),Single vehicle conflict,
151568892,0,200,4300,5000,Near-Crash,Not a Crash,"Rear-end, striking",Conflict with vehicle in adjacent lane,
10858443,0,1400,2100,2400,Near-Crash,Not a Crash,Pedalcyclist-related,Conflict with pedalcyclist,
133753402,0,3700,3600,7200,Crash,IV - Low-risk Tire Strike,Road departure (left or right),Single vehicle conflict,
134934599,0,1700,2500,3900,Near-Crash,Not a Crash,"Sideswipe, same direction (left or right)",Conflict with vehicle in adjacent lane,
151569062,0,3300,3800,4500,Near-Crash,Not a Crash,"Rear-end, striking",Conflict with merging vehicle,
151611061,0,,5700,7000,Crash,IV - Low-risk Tire Strike,Road departure (left or right),Single vehicle conflict,
151573806,0,100,2600,3900,Near-Crash,Not a Crash,"Rear-end, striking",Conflict with a lead vehicle,
151352291,0,,7600,8900,Crash,III  - Minor Crash,"Backing, fixed object",Conflict with obstacle/object in roadway,
135280160,0,1000,3100,8100,Near-Crash,Not a Crash,Animal-related,Conflict with animal,
61426785,0,600,4400,6400,Near-Crash,Not a Crash,"Rear-end, striking",Conflict with vehicle in adjacent lane,
151569135,0,1300,6200,6700,Near-Crash,Not a Crash,"Rear-end, striking",Conflict with a lead vehicle,
151856646,0,1300,3400,4900,Near-Crash,Not a Crash,Turn across path,Conflict with vehicle turning across another vehicle path (opposite direction),
61216950,0,3200,3000,4500,Crash,IV - Low-risk Tire Strike,Road departure (left or right),Single vehicle conflict,
61385934,0,2100,5400,6100,Near-Crash,Not a Crash,"Rear-end, striking",Conflict with a lead vehicle,
150714460,0,100,3900,4500,Near-Crash,Not a Crash,"Rear-end, striking",Conflict with a lead vehicle,
151591140,0,100,1900,2500,Near-Crash,Not a Crash,Pedestrian-related,Conflict with pedestrian,
61426958,0,500,1000,1800,Near-Crash,Not a Crash,Other,Conflict with parked vehicle,
142017441,0,500,2200,3700,Near-Crash,Not a Crash,"Rear-end, striking",Conflict with a lead vehicle,
131286507,0,1800,2300,3000,Near-Crash,Not a Crash,"Rear-end, striking",Conflict with a lead vehicle,
151862623,0,200,1800,2200,Near-Crash,Not a Crash,"Sideswipe, same direction (left or right)",Conflict with vehicle in adjacent lane,
116592038,0,,2300,4500,Crash,III  - Minor Crash,Other,Conflict with obstacle/object in roadway,
151595570,0,1000,2500,3500,Near-Crash,Not a Crash,"Rear-end, striking",Conflict with a lead vehicle,
151574083,0,500,2600,3800,Near-Crash,Not a Crash,"Rear-end, striking",Conflict with a lead vehicle,
151570565,0,1700,4700,5200,Near-Crash,Not a Crash,"Rear-end, striking",Conflict with vehicle in adjacent lane,
151581055,0,900,1500,2400,Near-Crash,Not a Crash,"Sideswipe, same direction (left or right)",Conflict with vehicle in adjacent lane,
135947114,0,1400,2400,3900,Near-Crash,Not a Crash,"Rear-end, striking",Conflict with a lead vehicle,
143293308,0,1600,2800,3300,Near-Crash,Not a Crash,"Rear-end, striking",Conflict with vehicle in adjacent lane,
151574093,0,700,1800,2800,Near-Crash,Not a Crash,"Rear-end, striking",Conflict with vehicle in adjacent lane,
131785447,0,400,900,1600,Near-Crash,Not a Crash,"Rear-end, striking",Conflict with a lead vehicle,
60632621,0,100,1100,2400,Near-Crash,Not a Crash,Animal-related,Conflict with animal,
131846364,0,1400,5900,6100,Near-Crash,Not a Crash,"Rear-end, striking",Conflict with a lead vehicle,
131846365,0,1000,2400,3500,Near-Crash,Not a Crash,"Sideswipe, same direction (left or right)",Conflict with vehicle in adjacent lane,
151865111,0,1600,2500,2700,Near-Crash,Not a Crash,"Rear-end, striking",Conflict with a lead vehicle,
138607557,0,3000,7700,8200,Near-Crash,Not a Crash,Straight crossing path,Conflict with vehicle moving across another vehicle path (through intersection),
132522482,0,1800,1600,3100,Crash,IV - Low-risk Tire Strike,Road departure (left or right),Single vehicle conflict,
61432374,0,2700,3400,4400,Near-Crash,Not a Crash,Opposite direction (head-on or sideswipe),Conflict with oncoming traffic,
128906334,0,,1000,3500,Crash,IV - Low-risk Tire Strike,Road departure (left or right),Single vehicle conflict,
151859374,0,300,1100,1300,Near-Crash,Not a Crash,"Rear-end, striking",Conflict with vehicle in adjacent lane,
151569063,0,4700,5500,5700,Near-Crash,Not a Crash,Turn into path (same direction),Conflict with vehicle turning into another vehicle path (same direction),
61432322,0,2400,2800,4000,Near-Crash,Not a Crash,Turn into path (same direction),Conflict with vehicle turning into another vehicle path (same direction),
151859433,0,400,1600,2600,Near-Crash,Not a Crash,"Sideswipe, same direction (left or right)",Conflict with vehicle in adjacent lane,
151568619,0,1700,3400,3900,Near-Crash,Not a Crash,"Rear-end, striking",Conflict with a lead vehicle,
151854731,0,800,1100,2400,Near-Crash,Not a Crash,"Sideswipe, same direction (left or right)",Conflict with vehicle in adjacent lane,
151586577,0,1800,2600,3700,Near-Crash,Not a Crash,"Sideswipe, same direction (left or right)",Conflict with vehicle in adjacent lane,
61427007,0,400,1200,2000,Near-Crash,Not a Crash,Animal-related,Conflict with animal,
61426963,0,1400,2700,4100,Near-Crash,Not a Crash,"Rear-end, striking",Conflict with a lead vehicle,
61426942,0,500,900,2100,Near-Crash,Not a Crash,Animal-related,Conflict with animal,
151568670,0,,2000,3600,Crash,IV - Low-risk Tire Strike,Road departure (left or right),Single vehicle conflict,
129878720,0,5900,5700,7800,Crash,IV - Low-risk Tire Strike,Road departure (left or right),Single vehicle conflict,
138214912,0,2000,3900,4300,Near-Crash,Not a Crash,"Rear-end, striking",Conflict with a lead vehicle,
151568464,0,400,2200,2900,Near-Crash,Not a Crash,Turn into path (opposite direction),Conflict with vehicle turning into another vehicle path (opposite direction),
61432389,0,600,1900,4500,Crash,III  - Minor Crash,Animal-related,Conflict with animal,
151866510,0,700,2500,2800,Near-Crash,Not a Crash,"Rear-end, striking",Conflict with a lead vehicle,
134934906,0,,3700,5400,Crash,IV - Low-risk Tire Strike,Road departure (left or right),Single vehicle conflict,
131795642,0,500,1200,2300,Near-Crash,Not a Crash,Animal-related,Conflict with animal,
151866520,0,0,600,800,Near-Crash,Not a Crash,Straight crossing path,Conflict with vehicle moving across another vehicle path (through intersection),
150884010,0,700,4200,5200,Near-Crash,Not a Crash,Turn into path (same direction),Conflict with vehicle turning into another vehicle path (same direction),
61426806,0,0,800,2500,Near-Crash,Not a Crash,Animal-related,Conflict with animal,
151568710,0,9000,9100,10500,Crash,III  - Minor Crash,"Backing, fixed object",Conflict with parked vehicle,
61385913,0,2000,4500,6900,Near-Crash,Not a Crash,Turn across path,Conflict with vehicle turning across another vehicle path (opposite direction),
151609727,0,1400,2000,2600,Near-Crash,Not a Crash,"Rear-end, striking",Conflict with a lead vehicle,
2834107,0,3500,3800,4500,Crash,II - Police-reportable Crash,"Rear-end, striking",Conflict with a lead vehicle,
151606614,0,1300,1900,2200,Near-Crash,Not a Crash,Turn into path (same direction),Conflict with vehicle turning into another vehicle path (same direction),
142565026,0,800,4200,4900,Near-Crash,Not a Crash,"Rear-end, striking",Conflict with a lead vehicle,
61432384,0,400,700,3200,Near-Crash,Not a Crash,Pedalcyclist-related,Conflict with pedalcyclist,"A near-crash occurred involving a conflict between a vehicle and a pedalcyclist (bicyclist) in a business/industrial area during daylight hours. The traffic was flowing with some restrictions, and there were no adverse weather conditions or surface issues, as the road was dry. Despite these favorable conditions, the vehicle came close to colliding with the bicyclist, highlighting the need for increased vigilance and safety measures to protect vulnerable road users."
131821500,0,700,1700,3300,Near-Crash,Not a Crash,"Rear-end, striking",Conflict with vehicle in adjacent lane,
151859800,0,2400,3100,4700,Near-Crash,Not a Crash,"Sideswipe, same direction (left or right)",Conflict with vehicle in adjacent lane,
151581848,0,2100,3300,4400,Near-Crash,Not a Crash,"Sideswipe, same direction (left or right)",Conflict with vehicle in adjacent lane,
142005165,0,100,3100,4100,Near-Crash,Not a Crash,"Rear-end, striking",Conflict with a lead vehicle,
151859789,0,400,1500,2000,Near-Crash,Not a Crash,"Rear-end, striking",Conflict with vehicle in adjacent lane,
151854724,0,200,5200,9900,Near-Crash,Not a Crash,"Sideswipe, same direction (left or right)",Conflict with vehicle in adjacent lane,
151593373,0,2900,4400,6600,Near-Crash,Not a Crash,"Sideswipe, same direction (left or right)",Conflict with merging vehicle,
61426921,0,600,1800,2100,Near-Crash,Not a Crash,Turn across path,Conflict with vehicle turning across another vehicle path (opposite direction),
61426775,0,700,2300,4100,Near-Crash,Not a Crash,"Sideswipe, same direction (left or right)",Conflict with vehicle in adjacent lane,
30879244,0,900,1500,2500,Near-Crash,Not a Crash,"Rear-end, striking",Conflict with a lead vehicle,
151856567,0,3000,4800,9800,Near-Crash,Not a Crash,"Sideswipe, same direction (left or right)",Conflict with merging vehicle,
131795643,0,400,1400,2100,Near-Crash,Not a Crash,Turn into path (same direction),Conflict with vehicle turning into another vehicle path (same direction),
61426944,0,800,2300,3000,Near-Crash,Not a Crash,"Rear-end, striking",Conflict with vehicle in adjacent lane,
115730585,0,2100,2700,3000,Near-Crash,Not a Crash,"Rear-end, striking",Conflict with a lead vehicle,
128888407,0,1900,2100,3100,Near-Crash,Not a Crash,"Rear-end, striking",Conflict with a lead vehicle,
61426961,0,5000,6200,6900,Near-Crash,Not a Crash,"Rear-end, striking",Conflict with a lead vehicle,
151866525,0,2300,2800,3300,Near-Crash,Not a Crash,"Rear-end, striking",Conflict with a lead vehicle,
61426990,0,2800,4100,5100,Near-Crash,Not a Crash,Straight crossing path,Conflict with vehicle moving across another vehicle path (through intersection),
61426789,0,0,700,3400,Near-Crash,Not a Crash,"Sideswipe, same direction (left or right)",Conflict with vehicle in adjacent lane,
61426821,0,400,800,1200,Near-Crash,Not a Crash,"Sideswipe, same direction (left or right)",Conflict with vehicle in adjacent lane,
61427024,0,900,2200,3300,Near-Crash,Not a Crash,"Rear-end, striking",Conflict with a lead vehicle,
135124418,0,6400,6200,7000,Crash,IV - Low-risk Tire Strike,Road departure (left or right),Single vehicle conflict,
138230791,0,1600,3600,4000,Near-Crash,Not a Crash,Turn into path (same direction),Conflict with vehicle turning into another vehicle path (same direction),
128888405,0,2300,3900,4800,Near-Crash,Not a Crash,"Rear-end, striking",Conflict with a lead vehicle,
151568925,0,1600,2400,3200,Near-Crash,Not a Crash,Turn across path,Conflict with vehicle turning across another vehicle path (opposite direction),
2880466,0,300,3800,4000,Near-Crash,Not a Crash,"Rear-end, striking",Conflict with a lead vehicle,
138629914,0,1500,4000,6600,Crash,III  - Minor Crash,Other,Conflict with obstacle/object in roadway,
138220689,0,300,2100,2500,Near-Crash,Not a Crash,Turn into path (opposite direction),Conflict with vehicle turning into another vehicle path (opposite direction),
151859779,0,600,4100,8600,Near-Crash,Not a Crash,"Sideswipe, same direction (left or right)",Conflict with merging vehicle,
61427013,0,3100,4700,5300,Near-Crash,Not a Crash,"Sideswipe, same direction (left or right)",Conflict with vehicle in adjacent lane,
61432339,0,1700,2400,2800,Near-Crash,Not a Crash,Turn across path,Conflict with vehicle turning across another vehicle path (opposite direction),
10556974,0,1400,2100,2600,Near-Crash,Not a Crash,"Rear-end, striking",Conflict with a lead vehicle,
128888415,0,300,2500,4200,Near-Crash,Not a Crash,Turn into path (same direction),Conflict with vehicle turning into another vehicle path (same direction),
138351616,0,1100,2100,2500,Near-Crash,Not a Crash,"Rear-end, striking",Conflict with a lead vehicle,
151582039,0,,4500,6600,Near-Crash,Not a Crash,"Sideswipe, same direction (left or right)",Conflict with vehicle in adjacent lane,
151581049,0,3500,6100,6700,Near-Crash,Not a Crash,"Rear-end, striking",Conflict with a lead vehicle,
133190054,0,700,1800,2400,Near-Crash,Not a Crash,"Sideswipe, same direction (left or right)",Conflict with vehicle in adjacent lane,
131785459,0,,2000,3100,Crash,IV - Low-risk Tire Strike,Road departure (left or right),Single vehicle conflict,
132371108,0,,3000,4800,Crash,IV - Low-risk Tire Strike,Road departure (left or right),Single vehicle conflict,
135449596,0,200,2200,2600,Near-Crash,Not a Crash,Animal-related,Conflict with animal,
115730584,0,1100,3700,4700,Near-Crash,Not a Crash,"Rear-end, striking",Conflict with a lead vehicle,
116162985,0,400,1900,3200,Near-Crash,Not a Crash,Pedestrian-related,Conflict with pedestrian,
116163182,0,2400,2600,3200,Near-Crash,Not a Crash,Pedestrian-related,Conflict with pedestrian,
151607854,0,1000,1600,2700,Near-Crash,Not a Crash,"Rear-end, striking",Conflict with a lead vehicle,
115728040,0,3500,3900,5000,Near-Crash,Not a Crash,Road departure (left or right),Single vehicle conflict,
151097884,0,1900,2700,3200,Near-Crash,Not a Crash,Turn into path (same direction),Conflict with vehicle turning into another vehicle path (same direction),
132520923,0,,1600,2800,Crash,IV - Low-risk Tire Strike,Road departure (left or right),Single vehicle conflict,
151859535,0,1400,3600,4500,Near-Crash,Not a Crash,Animal-related,Conflict with animal,
151573782,0,1300,2700,3200,Near-Crash,Not a Crash,"Sideswipe, same direction (left or right)",Conflict with vehicle in adjacent lane,
61426777,0,500,2400,4400,Near-Crash,Not a Crash,Turn into path (same direction),Conflict with vehicle turning into another vehicle path (same direction),
61216937,0,,3800,4500,Crash,IV - Low-risk Tire Strike,Road departure (left or right),Single vehicle conflict,
151570819,0,2600,4300,4700,Near-Crash,Not a Crash,"Rear-end, striking",Conflict with a lead vehicle,
151569740,0,3800,4600,5400,Near-Crash,Not a Crash,"Rear-end, striking",Conflict with a lead vehicle,
64553426,0,2000,2400,5200,Near-Crash,Not a Crash,"Sideswipe, same direction (left or right)",Conflict with vehicle in adjacent lane,
61386950,0,100,2500,3000,Crash,III  - Minor Crash,Animal-related,Conflict with animal,
151551902,0,,2200,4000,Crash,IV - Low-risk Tire Strike,Road departure (left or right),Single vehicle conflict,
131648740,0,5200,5100,6000,Crash,IV - Low-risk Tire Strike,Road departure (left or right),Single vehicle conflict,
128906378,0,600,1700,3700,Near-Crash,Not a Crash,"Rear-end, striking",Conflict with vehicle in adjacent lane,
151352120,0,,3900,5100,Crash,IV - Low-risk Tire Strike,Road departure (end),Single vehicle conflict,
151859924,0,300,1000,2500,Near-Crash,Not a Crash,Pedalcyclist-related,Conflict with pedalcyclist,
61385931,0,2200,4600,5300,Near-Crash,Not a Crash,"Rear-end, striking",Conflict with a lead vehicle,
64553433,0,300,1000,2200,Near-Crash,Not a Crash,"Sideswipe, same direction (left or right)",Conflict with parked vehicle,
138309823,0,,1900,3300,Crash,IV - Low-risk Tire Strike,Road departure (left or right),Single vehicle conflict,
151565099,0,2400,4900,6300,Near-Crash,Not a Crash,"Rear-end, struck",Conflict with a following vehicle,
142043232,0,1800,2500,4000,Near-Crash,Not a Crash,"Sideswipe, same direction (left or right)",Conflict with vehicle in adjacent lane,
151600326,0,5200,8300,8400,Near-Crash,Not a Crash,"Rear-end, striking",Conflict with a lead vehicle,
151568808,0,300,1900,2100,Near-Crash,Not a Crash,"Rear-end, striking",Conflict with a lead vehicle,
61432326,0,900,2100,3600,Near-Crash,Not a Crash,Turn into path (same direction),Conflict with vehicle turning into another vehicle path (same direction),
138364347,0,4100,6800,7300,Near-Crash,Not a Crash,"Rear-end, striking",Conflict with a lead vehicle,
151859435,0,600,3900,6200,Near-Crash,Not a Crash,"Rear-end, striking",Conflict with a lead vehicle,
151860040,0,3600,5500,6400,Near-Crash,Not a Crash,"Rear-end, striking",Conflict with a lead vehicle,
138592602,0,2600,2800,3700,Near-Crash,Not a Crash,"Sideswipe, same direction (left or right)",Conflict with vehicle in adjacent lane,
135124465,0,2500,2400,4200,Crash,IV - Low-risk Tire Strike,Road departure (left or right),Single vehicle conflict,
135946598,0,100,3800,3800,Near-Crash,Not a Crash,"Rear-end, striking",Conflict with a lead vehicle,
151573572,0,1400,2600,3400,Near-Crash,Not a Crash,Straight crossing path,Conflict with vehicle moving across another vehicle path (through intersection),
132522471,0,1300,3900,5100,Near-Crash,Not a Crash,"Rear-end, striking",Conflict with vehicle in adjacent lane,
151864960,0,700,1500,1900,Near-Crash,Not a Crash,"Sideswipe, same direction (left or right)",Conflict with vehicle in adjacent lane,
138316996,0,1200,1800,3000,Near-Crash,Not a Crash,Straight crossing path,Conflict with vehicle moving across another vehicle path (through intersection),
61432365,0,300,600,3500,Near-Crash,Not a Crash,"Sideswipe, same direction (left or right)",Conflict with vehicle in adjacent lane,
151573801,0,800,1700,2500,Near-Crash,Not a Crash,"Rear-end, striking",Conflict with a lead vehicle,
35258324,0,2600,3900,4900,Near-Crash,Not a Crash,Road departure (left or right),Single vehicle conflict,
151569105,0,200,1200,2400,Near-Crash,Not a Crash,Straight crossing path,Conflict with vehicle moving across another vehicle path (through intersection),
60631699,0,500,3000,4100,Near-Crash,Not a Crash,"Rear-end, striking",Conflict with a lead vehicle,
60632640,0,2100,3500,5300,Near-Crash,Not a Crash,"Sideswipe, same direction (left or right)",Conflict with vehicle in adjacent lane,
151580975,0,1900,3700,5100,Near-Crash,Not a Crash,"Rear-end, striking",Conflict with a lead vehicle,
64553431,0,0,1400,2200,Near-Crash,Not a Crash,Pedestrian-related,Conflict with pedestrian,
151586123,0,2600,3700,5200,Near-Crash,Not a Crash,Animal-related,Conflict with animal,
151865089,0,1600,1900,3000,Near-Crash,Not a Crash,Turn into path (same direction),Conflict with vehicle turning into another vehicle path (same direction),
151570687,0,,3500,6400,Crash,IV - Low-risk Tire Strike,Road departure (left or right),Single vehicle conflict,
151600560,0,1900,2900,3100,Near-Crash,Not a Crash,"Rear-end, struck",Conflict with vehicle in adjacent lane,
151600562,0,3800,6000,6600,Near-Crash,Not a Crash,Turn into path (same direction),Conflict with vehicle turning into another vehicle path (same direction),
151590860,0,700,3400,3600,Near-Crash,Not a Crash,Turn into path (same direction),Conflict with vehicle turning into another vehicle path (same direction),
151864750,0,900,3300,4200,Near-Crash,Not a Crash,"Rear-end, striking",Conflict with a lead vehicle,
151600652,0,1400,2800,3300,Near-Crash,Not a Crash,"Rear-end, striking",Conflict with vehicle in adjacent lane,
151878872,0,400,3300,3700,Near-Crash,Not a Crash,"Rear-end, striking",Conflict with a lead vehicle,
151589516,0,4600,6000,6400,Near-Crash,Not a Crash,Turn into path (same direction),Conflict with vehicle turning into another vehicle path (same direction),
9886402,0,2800,3000,3200,Crash,I - Most Severe,Road departure (left or right),Single vehicle conflict,
2880464,0,2800,3700,4500,Near-Crash,Not a Crash,"Rear-end, striking",Conflict with a lead vehicle,
151603451,0,1000,1300,2200,Near-Crash,Not a Crash,Pedestrian-related,Conflict with pedestrian,
151568886,0,500,2200,4700,Crash,III  - Minor Crash,Other,Conflict with obstacle/object in roadway,
151864986,0,1400,1600,2400,Near-Crash,Not a Crash,"Sideswipe, same direction (left or right)",Conflict with vehicle in adjacent lane,
151856704,0,,1000,4300,Crash,III  - Minor Crash,Road departure (left or right),Single vehicle conflict,
35257227,0,,4100,5800,Crash,III  - Minor Crash,"Rear-end, striking",Conflict with a lead vehicle,
151859817,0,1300,4600,6200,Near-Crash,Not a Crash,"Rear-end, striking",Conflict with a lead vehicle,
138364411,0,200,1200,2000,Near-Crash,Not a Crash,"Sideswipe, same direction (left or right)",Conflict with vehicle in adjacent lane,
135946599,0,700,4200,6100,Near-Crash,Not a Crash,"Rear-end, striking",Conflict with a lead vehicle,
142043235,0,1400,1600,2400,Near-Crash,Not a Crash,Turn into path (opposite direction),Conflict with vehicle turning into another vehicle path (opposite direction),
151594443,0,1200,3800,5400,Near-Crash,Not a Crash,"Rear-end, striking",Conflict with a lead vehicle,
151581409,0,3000,5500,6200,Near-Crash,Not a Crash,"Rear-end, striking",Conflict with a lead vehicle,
60631665,0,,5800,7000,Crash,III  - Minor Crash,Other,Conflict with parked vehicle,
131785445,0,,1700,2400,Crash,IV - Low-risk Tire Strike,Road departure (end),Single vehicle conflict,
151570556,0,800,1700,3500,Near-Crash,Not a Crash,"Sideswipe, same direction (left or right)",Conflict with vehicle in adjacent lane,
151581854,0,1900,3700,4500,Near-Crash,Not a Crash,"Rear-end, striking",Conflict with a lead vehicle,
138361813,0,1000,1900,2500,Near-Crash,Not a Crash,"Rear-end, striking",Conflict with a lead vehicle,
138364456,0,0,400,1900,Near-Crash,Not a Crash,"Sideswipe, same direction (left or right)",Conflict with vehicle in adjacent lane,
151568476,0,4100,7800,8300,Near-Crash,Not a Crash,"Rear-end, striking",Conflict with a lead vehicle,
151569705,0,200,3000,3400,Near-Crash,Not a Crash,"Rear-end, striking",Conflict with vehicle in adjacent lane,
151570590,0,300,3000,3700,Near-Crash,Not a Crash,"Rear-end, striking",Conflict with a lead vehicle,
151592968,0,800,1900,2200,Near-Crash,Not a Crash,"Rear-end, striking",Conflict with vehicle in adjacent lane,
151573568,0,500,3900,4800,Near-Crash,Not a Crash,Animal-related,Conflict with animal,
151601475,0,100,1600,1900,Near-Crash,Not a Crash,Animal-related,Conflict with animal,
151586134,0,1200,2000,3100,Crash,III  - Minor Crash,Other,Conflict with obstacle/object in roadway,
151589171,0,2800,5100,6500,Near-Crash,Not a Crash,"Rear-end, striking",Conflict with a lead vehicle,
151861949,0,700,2700,2800,Near-Crash,Not a Crash,Backing into traffic,Conflict with parked vehicle,
151860030,0,400,1900,2900,Near-Crash,Not a Crash,"Rear-end, striking",Conflict with a lead vehicle,
151595573,0,0,1500,2200,Near-Crash,Not a Crash,Animal-related,Conflict with animal,
151859988,0,1400,2800,3200,Near-Crash,Not a Crash,"Rear-end, striking",Conflict with a lead vehicle,
61426762,0,400,1400,4800,Near-Crash,Not a Crash,Turn across path,Conflict with vehicle turning across another vehicle path (opposite direction),
151862007,0,2800,4800,4800,Near-Crash,Not a Crash,"Rear-end, striking",Conflict with a lead vehicle,
151600672,0,2000,3900,4900,Near-Crash,Not a Crash,Turn into path (opposite direction),Conflict with vehicle turning into another vehicle path (opposite direction),
151582994,0,200,2600,4300,Near-Crash,Not a Crash,"Rear-end, striking",Conflict with a lead vehicle,
30880850,0,700,3100,3600,Near-Crash,Not a Crash,Turn into path (same direction),Conflict with vehicle turning into another vehicle path (same direction),
61426929,0,4900,8200,8200,Near-Crash,Not a Crash,"Rear-end, striking",Conflict with a lead vehicle,
61432348,0,1000,1300,2900,Near-Crash,Not a Crash,"Sideswipe, same direction (left or right)",Conflict with vehicle in adjacent lane,
150884032,0,200,1300,2300,Near-Crash,Not a Crash,Road departure (left or right),Single vehicle conflict,
138337274,0,1700,3100,3900,Near-Crash,Not a Crash,Pedestrian-related,Conflict with pedestrian,
151591682,0,200,3400,4200,Near-Crash,Not a Crash,"Rear-end, striking",Conflict with vehicle in adjacent lane,
151606612,0,1000,2100,2200,Near-Crash,Not a Crash,Turn into path (opposite direction),Conflict with vehicle turning into another vehicle path (opposite direction),
33575111,0,,3000,3900,Crash,IV - Low-risk Tire Strike,Road departure (left or right),Single vehicle conflict,
61426998,0,100,1600,1700,Near-Crash,Not a Crash,"Rear-end, striking",Conflict with a lead vehicle,
138353113,0,600,1800,2800,Near-Crash,Not a Crash,Turn into path (opposite direction),Conflict with vehicle turning into another vehicle path (opposite direction),
61432345,0,1000,2700,4400,Near-Crash,Not a Crash,"Rear-end, striking",Conflict with a lead vehicle,
142005431,0,200,1100,5000,Near-Crash,Not a Crash,Pedestrian-related,Conflict with pedestrian,
135448924,0,1000,3400,5000,Near-Crash,Not a Crash,Straight crossing path,Conflict with vehicle moving across another vehicle path (through intersection),
136280464,0,600,1300,2300,Near-Crash,Not a Crash,Other,Conflict with parked vehicle,
61426939,0,3700,4700,5500,Near-Crash,Not a Crash,"Rear-end, striking",Conflict with a lead vehicle,
151609336,0,1000,2400,2600,Near-Crash,Not a Crash,"Rear-end, striking",Conflict with a lead vehicle,
151864564,0,100,1800,2800,Near-Crash,Not a Crash,"Sideswipe, same direction (left or right)",Conflict with vehicle in adjacent lane,
151854769,0,300,700,900,Near-Crash,Not a Crash,"Rear-end, striking",Conflict with a lead vehicle,
61426993,0,800,1500,2200,Near-Crash,Not a Crash,Pedalcyclist-related,Conflict with pedalcyclist,
151568583,0,1100,2100,3000,Near-Crash,Not a Crash,"Rear-end, striking",Conflict with a lead vehicle,
51722207,0,700,1700,2400,Near-Crash,Not a Crash,"Rear-end, striking",Conflict with vehicle in adjacent lane,
61432351,0,6200,7200,7700,Near-Crash,Not a Crash,Turn across path,Conflict with vehicle turning across another vehicle path (same direction),
151569104,0,1400,2000,3300,Near-Crash,Not a Crash,"Rear-end, striking",Conflict with vehicle in adjacent lane,
151568706,0,,800,1700,Crash,III  - Minor Crash,"Backing, fixed object",Conflict with parked vehicle,
61386965,0,1000,2800,3500,Near-Crash,Not a Crash,"Rear-end, striking",Conflict with a lead vehicle,
61385926,0,300,900,2600,Near-Crash,Not a Crash,"Sideswipe, same direction (left or right)",Conflict with vehicle in adjacent lane,
151568750,0,,1100,1600,Crash,III  - Minor Crash,Road departure (end),Single vehicle conflict,
143062584,0,1200,2000,3100,Near-Crash,Not a Crash,"Sideswipe, same direction (left or right)",Conflict with vehicle in adjacent lane,
151607159,0,1200,2800,3200,Near-Crash,Not a Crash,"Rear-end, striking",Conflict with a lead vehicle,
61386945,0,100,2200,3600,Near-Crash,Not a Crash,Turn across path,Conflict with vehicle turning across another vehicle path (opposite direction),
132707376,0,,2800,3900,Crash,IV - Low-risk Tire Strike,Road departure (left or right),Single vehicle conflict,
134896329,0,100,2000,4100,Near-Crash,Not a Crash,Straight crossing path,Conflict with vehicle moving across another vehicle path (through intersection),
61426834,0,,5900,6700,Crash,IV - Low-risk Tire Strike,Road departure (end),Single vehicle conflict,
64646321,0,900,2600,3600,Near-Crash,Not a Crash,Turn across path,Conflict with vehicle turning across another vehicle path (opposite direction),
138592603,0,,4600,5200,Crash,IV - Low-risk Tire Strike,Road departure (left or right),Single vehicle conflict,
151859952,0,3900,4400,5400,Near-Crash,Not a Crash,"Rear-end, striking",Conflict with a lead vehicle,
36842979,0,2000,2200,14300,Crash,III  - Minor Crash,Road departure (end),Single vehicle conflict,
61211858,0,,5000,6000,Crash,III  - Minor Crash,Road departure (left or right),Single vehicle conflict,
151568932,0,,4000,5800,Crash,IV - Low-risk Tire Strike,Road departure (left or right),Single vehicle conflict,
151864589,0,600,1900,2300,Near-Crash,Not a Crash,Turn into path (same direction),Conflict with vehicle turning into another vehicle path (same direction),
61426807,0,2100,3200,5600,Near-Crash,Not a Crash,Animal-related,Conflict with animal,
151599174,0,100,1200,1500,Near-Crash,Not a Crash,"Rear-end, striking",Conflict with vehicle in adjacent lane,
151581523,0,1600,3300,3900,Near-Crash,Not a Crash,"Rear-end, striking",Conflict with a lead vehicle,
151865108,0,500,2700,3000,Near-Crash,Not a Crash,"Rear-end, striking",Conflict with a lead vehicle,
150883959,0,4300,9700,10200,Near-Crash,Not a Crash,"Rear-end, striking",Conflict with a lead vehicle,
61426936,0,,4900,6200,Crash,IV - Low-risk Tire Strike,Road departure (end),Single vehicle conflict,
138113805,0,400,3200,5400,Near-Crash,Not a Crash,"Rear-end, striking",Conflict with a lead vehicle,
61426997,0,300,3400,3600,Near-Crash,Not a Crash,"Rear-end, striking",Conflict with a lead vehicle,
64574224,0,900,1700,2200,Near-Crash,Not a Crash,"Sideswipe, same direction (left or right)",Conflict with vehicle in adjacent lane,
61432386,0,3500,3500,4800,Near-Crash,Not a Crash,Turn into path (same direction),Conflict with vehicle turning into another vehicle path (same direction),
61426796,0,2500,3300,5000,Near-Crash,Not a Crash,Pedestrian-related,Conflict with pedestrian,
61426799,0,400,4100,4700,Near-Crash,Not a Crash,Turn across path,Conflict with vehicle turning across another vehicle path (opposite direction),
151610540,0,2300,2400,3600,Near-Crash,Not a Crash,"Sideswipe, same direction (left or right)",Conflict with merging vehicle,
151573571,0,700,1800,2600,Near-Crash,Not a Crash,Straight crossing path,Conflict with vehicle moving across another vehicle path (through intersection),
151553395,0,,3800,5200,Crash,III  - Minor Crash,Road departure (left or right),Single vehicle conflict,
151862016,0,3500,4300,5100,Near-Crash,Not a Crash,"Rear-end, striking",Conflict with a lead vehicle,
138364490,0,1700,3100,3700,Near-Crash,Not a Crash,Turn into path (same direction),Conflict with vehicle turning into another vehicle path (same direction),
151864604,0,900,2500,3500,Near-Crash,Not a Crash,Turn into path (same direction),Conflict with vehicle turning into another vehicle path (same direction),
151854779,0,500,4900,6500,Near-Crash,Not a Crash,"Sideswipe, same direction (left or right)",Conflict with vehicle in adjacent lane,
151861986,0,800,2700,3100,Near-Crash,Not a Crash,Backing into traffic,Conflict with parked vehicle,
33574920,0,600,1500,2700,Near-Crash,Not a Crash,"Sideswipe, same direction (left or right)",Conflict with vehicle in adjacent lane,
151859528,0,400,1000,2100,Near-Crash,Not a Crash,"Sideswipe, same direction (left or right)",Conflict with merging vehicle,
136397642,0,100,1400,2600,Near-Crash,Not a Crash,"Sideswipe, same direction (left or right)",Conflict with vehicle in adjacent lane,
151865005,0,200,2100,3200,Near-Crash,Not a Crash,Turn into path (opposite direction),Conflict with vehicle turning into another vehicle path (opposite direction),
142029944,0,1200,3700,4400,Near-Crash,Not a Crash,"Rear-end, striking",Conflict with a lead vehicle,
128906339,0,2700,4200,4500,Near-Crash,Not a Crash,Turn into path (same direction),Conflict with vehicle turning into another vehicle path (same direction),
151568740,0,1400,3000,4400,Near-Crash,Not a Crash,"Rear-end, striking",Conflict with vehicle in adjacent lane,
151854702,0,1200,3600,4100,Near-Crash,Not a Crash,Turn into path (same direction),Conflict with vehicle turning into another vehicle path (same direction),
60632620,0,4200,5200,7100,Near-Crash,Not a Crash,Turn across path,Conflict with vehicle turning across another vehicle path (same direction),
142030128,0,200,1600,2700,Near-Crash,Not a Crash,"Rear-end, striking",Conflict with a lead vehicle,
36841174,0,600,1800,2400,Near-Crash,Not a Crash,Turn into path (opposite direction),Conflict with vehicle turning into another vehicle path (opposite direction),
61386971,0,1100,2100,4500,Near-Crash,Not a Crash,Turn across path,Conflict with vehicle turning across another vehicle path (opposite direction),
61426979,0,2400,3200,3900,Near-Crash,Not a Crash,"Rear-end, striking",Conflict with a lead vehicle,
132520586,0,,2100,3500,Crash,III  - Minor Crash,Road departure (left or right),Single vehicle conflict,
151864780,0,500,700,1500,Near-Crash,Not a Crash,"Rear-end, striking",Conflict with vehicle in adjacent lane,
130421943,0,,2400,3600,Crash,IV - Low-risk Tire Strike,Road departure (left or right),Single vehicle conflict,
151859381,0,100,1200,2100,Near-Crash,Not a Crash,"Rear-end, striking",Conflict with vehicle in adjacent lane,
142030146,0,0,900,1500,Near-Crash,Not a Crash,"Sideswipe, same direction (left or right)",Conflict with vehicle in adjacent lane,
151592273,0,2500,3500,4500,Near-Crash,Not a Crash,"Rear-end, striking",Conflict with a lead vehicle,
142030136,0,200,1600,3500,Near-Crash,Not a Crash,Turn across path,Conflict with vehicle turning across another vehicle path (opposite direction),
61427019,0,2300,3200,3400,Crash,III  - Minor Crash,"Rear-end, striking",Conflict with a lead vehicle,
135366668,0,4100,7100,8500,Near-Crash,Not a Crash,Turn into path (same direction),Conflict with vehicle turning into another vehicle path (same direction),
142008090,0,500,2200,2800,Near-Crash,Not a Crash,"Rear-end, striking",Conflict with vehicle in adjacent lane,
151878856,0,200,2300,2400,Near-Crash,Not a Crash,"Rear-end, striking",Conflict with a lead vehicle,
151568913,0,5100,5600,6600,Near-Crash,Not a Crash,"Rear-end, striking",Conflict with a lead vehicle,
138364442,0,1900,3000,3700,Near-Crash,Not a Crash,"Rear-end, striking",Conflict with a lead vehicle,
151864635,0,300,700,1300,Near-Crash,Not a Crash,"Sideswipe, same direction (left or right)",Conflict with vehicle in adjacent lane,
151568915,0,3200,3900,4300,Near-Crash,Not a Crash,"Rear-end, striking",Conflict with a lead vehicle,
138364521,0,1500,2800,4300,Near-Crash,Not a Crash,"Rear-end, striking",Conflict with vehicle in adjacent lane,
151569106,0,900,2400,4600,Near-Crash,Not a Crash,"Rear-end, striking",Conflict with a lead vehicle,
61432385,0,2200,3100,3300,Near-Crash,Not a Crash,Turn into path (opposite direction),Conflict with vehicle turning into another vehicle path (opposite direction),
142049213,0,800,1700,2500,Near-Crash,Not a Crash,Turn into path (same direction),Conflict with vehicle turning into another vehicle path (same direction),
67465641,0,2400,3000,4000,Near-Crash,Not a Crash,"Rear-end, striking",Conflict with a lead vehicle,
35257220,0,700,1400,2100,Near-Crash,Not a Crash,Other,Conflict with obstacle/object in roadway,
151574074,0,600,2500,3400,Near-Crash,Not a Crash,"Sideswipe, same direction (left or right)",Conflict with vehicle in adjacent lane,
151569166,0,900,2200,4500,Near-Crash,Not a Crash,"Rear-end, striking",Conflict with a lead vehicle,
151568877,0,1500,2700,3900,Near-Crash,Not a Crash,"Sideswipe, same direction (left or right)",Conflict with vehicle in adjacent lane,
151864980,0,800,1400,1800,Near-Crash,Not a Crash,"Rear-end, striking",Conflict with a lead vehicle,
151337497,0,1400,3800,4700,Near-Crash,Not a Crash,Turn into path (same direction),Conflict with vehicle turning into another vehicle path (same direction),
128906318,0,,800,3500,Crash,III  - Minor Crash,Road departure (left or right),Single vehicle conflict,
36812431,0,2100,2100,4600,Crash,IV - Low-risk Tire Strike,Road departure (left or right),Single vehicle conflict,
151598302,0,1800,3900,5000,Near-Crash,Not a Crash,"Rear-end, striking",Conflict with vehicle in adjacent lane,
131286540,0,800,2800,3300,Near-Crash,Not a Crash,"Rear-end, striking",Conflict with a lead vehicle,
61386957,0,700,1600,4300,Near-Crash,Not a Crash,Pedestrian-related,Conflict with pedestrian,
142008161,0,300,1100,1600,Near-Crash,Not a Crash,"Sideswipe, same direction (left or right)",Conflict with vehicle in adjacent lane,
151859837,0,1500,2000,3100,Near-Crash,Not a Crash,"Sideswipe, same direction (left or right)",Conflict with vehicle in adjacent lane,
61385933,0,300,2200,3300,Near-Crash,Not a Crash,"Rear-end, striking",Conflict with a lead vehicle,
61386946,0,100,2100,2400,Near-Crash,Not a Crash,Turn into path (opposite direction),Conflict with vehicle turning into another vehicle path (opposite direction),
151592260,0,400,600,1000,Near-Crash,Not a Crash,"Rear-end, striking",Conflict with a lead vehicle,
151861952,0,3200,5000,5100,Near-Crash,Not a Crash,"Rear-end, striking",Conflict with a lead vehicle,
151570549,0,700,1900,3100,Near-Crash,Not a Crash,"Rear-end, striking",Conflict with vehicle in adjacent lane,
151859443,0,3000,4400,6300,Near-Crash,Not a Crash,"Rear-end, striking",Conflict with a lead vehicle,
132522487,0,3100,7600,9500,Near-Crash,Not a Crash,Turn into path (same direction),Conflict with vehicle turning into another vehicle path (same direction),
151609114,0,2200,5200,5700,Near-Crash,Not a Crash,Turn into path (same direction),Conflict with vehicle turning into another vehicle path (same direction),
151859805,0,800,2600,3300,Near-Crash,Not a Crash,"Sideswipe, same direction (left or right)",Conflict with merging vehicle,
128888414,0,1500,4800,5900,Near-Crash,Not a Crash,"Rear-end, striking",Conflict with a lead vehicle,
150716966,0,2000,2700,5100,Near-Crash,Not a Crash,"Sideswipe, same direction (left or right)",Conflict with vehicle in adjacent lane,
61426999,0,0,2200,3200,Near-Crash,Not a Crash,Turn into path (same direction),Conflict with vehicle turning into another vehicle path (same direction),
151595177,0,700,2900,4200,Near-Crash,Not a Crash,"Rear-end, striking",Conflict with a lead vehicle,
151859612,0,1700,4200,5100,Near-Crash,Not a Crash,"Rear-end, striking",Conflict with a lead vehicle,
151573804,0,200,3800,4400,Near-Crash,Not a Crash,"Rear-end, striking",Conflict with vehicle in adjacent lane,
76264643,0,,1300,2500,Near-Crash,Not a Crash,Road departure (left or right),Single vehicle conflict,
61426833,0,1100,1800,5400,Near-Crash,Not a Crash,"Rear-end, striking",Conflict with vehicle in adjacent lane,
138608098,0,1000,1500,3200,Near-Crash,Not a Crash,"Sideswipe, same direction (left or right)",Conflict with vehicle in adjacent lane,
138077576,0,2700,4700,5200,Near-Crash,Not a Crash,Turn into path (same direction),Conflict with vehicle turning into another vehicle path (same direction),
61426788,0,,2600,3800,Crash,IV - Low-risk Tire Strike,Road departure (left or right),Single vehicle conflict,
64553435,0,1500,2000,2700,Near-Crash,Not a Crash,"Sideswipe, same direction (left or right)",Conflict with vehicle in adjacent lane,
31577995,0,3800,3400,8000,Crash,IV - Low-risk Tire Strike,Road departure (left or right),Single vehicle conflict,
151600673,0,700,2800,3300,Near-Crash,Not a Crash,Animal-related,Conflict with animal,
151589636,0,6200,7900,8700,Near-Crash,Not a Crash,"Rear-end, striking",Conflict with a lead vehicle,
151589513,0,1500,2800,3700,Near-Crash,Not a Crash,"Rear-end, striking",Conflict with vehicle in adjacent lane,
61386948,0,600,3700,4200,Near-Crash,Not a Crash,"Rear-end, striking",Conflict with a lead vehicle,
151609046,0,1700,2200,2700,Near-Crash,Not a Crash,"Rear-end, striking",Conflict with a lead vehicle,
151570614,0,2000,4500,5800,Near-Crash,Not a Crash,"Rear-end, striking",Conflict with a lead vehicle,
151878852,0,2000,2800,5200,Near-Crash,Not a Crash,"Sideswipe, same direction (left or right)",Conflict with vehicle in adjacent lane,
61386962,0,3500,5000,5300,Near-Crash,Not a Crash,Pedalcyclist-related,Conflict with pedalcyclist,
151861954,0,300,3200,3600,Near-Crash,Not a Crash,Turn into path (opposite direction),Conflict with vehicle turning into another vehicle path (opposite direction),
138352635,0,,700,2300,Crash,III  - Minor Crash,Other,Conflict with obstacle/object in roadway,
142007966,0,200,1600,2300,Near-Crash,Not a Crash,Animal-related,Conflict with animal,
151569102,0,1300,1500,2100,Near-Crash,Not a Crash,Turn into path (same direction),Conflict with vehicle turning into another vehicle path (same direction),
142029821,0,1000,1300,1700,Near-Crash,Not a Crash,Pedalcyclist-related,Conflict with pedalcyclist,
151573809,0,2500,3000,3500,Near-Crash,Not a Crash,"Rear-end, striking",Conflict with a lead vehicle,
151545425,0,,1400,2800,Crash,IV - Low-risk Tire Strike,Road departure (left or right),Single vehicle conflict,
142018493,0,3700,4100,4900,Near-Crash,Not a Crash,"Rear-end, striking",Conflict with vehicle in adjacent lane,
151864638,0,1000,1400,3000,Near-Crash,Not a Crash,"Sideswipe, same direction (left or right)",Conflict with vehicle in adjacent lane,
138278701,0,1400,3700,3800,Near-Crash,Not a Crash,"Rear-end, striking",Conflict with a lead vehicle,
151581534,0,800,4800,5600,Near-Crash,Not a Crash,"Rear-end, striking",Conflict with a lead vehicle,
151864743,0,800,2500,3500,Near-Crash,Not a Crash,Backing into traffic,Other,
138077572,0,2600,5000,6600,Near-Crash,Not a Crash,"Rear-end, striking",Conflict with a lead vehicle,
138323562,0,3200,4400,5600,Near-Crash,Not a Crash,Turn into path (same direction),Conflict with vehicle turning into another vehicle path (same direction),
138311765,0,200,1400,1500,Near-Crash,Not a Crash,"Rear-end, striking",Conflict with a lead vehicle,
138352977,0,500,4000,5500,Near-Crash,Not a Crash,"Rear-end, striking",Conflict with vehicle in adjacent lane,
138364495,0,3200,3500,4200,Near-Crash,Not a Crash,Turn into path (same direction),Conflict with vehicle turning into another vehicle path (same direction),
142010175,0,2800,5700,5900,Near-Crash,Not a Crash,Pedestrian-related,Conflict with pedestrian,
142010424,0,2400,3400,4900,Near-Crash,Not a Crash,"Sideswipe, same direction (left or right)",Conflict with vehicle in adjacent lane,
138364453,0,1900,3100,3700,Near-Crash,Not a Crash,"Rear-end, striking",Conflict with a lead vehicle,
151859810,0,0,2600,3200,Near-Crash,Not a Crash,"Rear-end, striking",Conflict with a lead vehicle,
151856670,0,400,1700,2900,Near-Crash,Not a Crash,Straight crossing path,Conflict with vehicle moving across another vehicle path (through intersection),
142010353,0,1500,3400,3800,Near-Crash,Not a Crash,"Rear-end, striking",Conflict with a lead vehicle,
151856644,0,,1200,2200,Crash,III  - Minor Crash,Road departure (left or right),Single vehicle conflict,
142005447,0,100,1500,1700,Near-Crash,Not a Crash,Animal-related,Conflict with animal,
151592144,0,1000,1300,1600,Near-Crash,Not a Crash,"Rear-end, striking",Conflict with a lead vehicle,
142005106,0,1900,3500,4600,Near-Crash,Not a Crash,"Rear-end, striking",Conflict with a lead vehicle,
151590947,0,500,1000,3400,Near-Crash,Not a Crash,"Sideswipe, same direction (left or right)",Conflict with vehicle in adjacent lane,
151856698,0,1800,2000,4400,Crash,III  - Minor Crash,Other,Conflict with obstacle/object in roadway,
151570617,0,,2900,5900,Crash,III  - Minor Crash,Road departure (left or right),Single vehicle conflict,
151570574,0,4900,4400,9600,Crash,III  - Minor Crash,Road departure (left or right),Single vehicle conflict,
151878922,0,700,2800,3600,Near-Crash,Not a Crash,Opposite direction (head-on or sideswipe),Conflict with oncoming traffic,
9700611,0,2000,2200,3400,Crash,III  - Minor Crash,"Rear-end, striking",Conflict with a lead vehicle,
150714371,0,1100,4500,8400,Near-Crash,Not a Crash,"Sideswipe, same direction (left or right)",Conflict with vehicle in adjacent lane,
136165954,0,1000,1400,2100,Near-Crash,Not a Crash,"Sideswipe, same direction (left or right)",Conflict with vehicle in adjacent lane,
116147360,0,2900,3600,3900,Near-Crash,Not a Crash,Road departure (end),Single vehicle conflict,
151600669,0,100,700,1700,Near-Crash,Not a Crash,Turn into path (opposite direction),Conflict with vehicle turning into another vehicle path (opposite direction),
151352290,0,3800,4100,4700,Near-Crash,Not a Crash,Road departure (left or right),Single vehicle conflict,
151861960,0,2800,6500,6700,Near-Crash,Not a Crash,"Rear-end, striking",Conflict with a lead vehicle,
61426926,0,1500,2300,3100,Near-Crash,Not a Crash,"Sideswipe, same direction (left or right)",Conflict with vehicle in adjacent lane,
61385335,0,900,1700,1900,Near-Crash,Not a Crash,Turn into path (same direction),Conflict with vehicle turning into another vehicle path (same direction),
151570704,0,,3600,6000,Crash,IV - Low-risk Tire Strike,Road departure (left or right),Single vehicle conflict,
36841166,0,2800,4100,5700,Near-Crash,Not a Crash,"Rear-end, striking",Conflict with a lead vehicle,
150884016,0,1200,1600,4400,Near-Crash,Not a Crash,"Sideswipe, same direction (left or right)",Conflict with vehicle in adjacent lane,
151866559,0,1100,3100,3200,Near-Crash,Not a Crash,"Rear-end, striking",Conflict with a lead vehicle,
36948264,0,600,100,1700,Crash,I - Most Severe,"Rear-end, struck",Conflict with a following vehicle,
151878880,0,1900,3800,4900,Near-Crash,Not a Crash,"Sideswipe, same direction (left or right)",Conflict with vehicle in adjacent lane,
151856785,0,,1300,2400,Crash,IV - Low-risk Tire Strike,Road departure (left or right),Single vehicle conflict,
138353294,0,2800,4900,5000,Near-Crash,Not a Crash,"Rear-end, striking",Conflict with a lead vehicle,
151573876,0,700,6000,6900,Near-Crash,Not a Crash,"Rear-end, striking",Conflict with a lead vehicle,
151558336,0,,2000,6200,Crash,III  - Minor Crash,Other,Conflict with parked vehicle,
151573790,0,700,4700,5600,Near-Crash,Not a Crash,Turn into path (opposite direction),Conflict with vehicle turning into another vehicle path (opposite direction),
61427026,0,2700,5600,6600,Near-Crash,Not a Crash,Turn across path,Conflict with vehicle turning across another vehicle path (opposite direction),
61426839,0,7600,8600,9200,Near-Crash,Not a Crash,"Rear-end, striking",Conflict with a lead vehicle,
151856729,0,,2300,4400,Crash,IV - Low-risk Tire Strike,Road departure (left or right),Single vehicle conflict,
151578944,0,1700,3600,4300,Near-Crash,Not a Crash,"Rear-end, striking",Conflict with a lead vehicle,
64646326,0,900,3500,4100,Near-Crash,Not a Crash,Turn across path,Conflict with vehicle turning across another vehicle path (opposite direction),
151568564,0,3700,4400,5400,Near-Crash,Not a Crash,Backing into traffic,Conflict with a lead vehicle,
142044475,0,2000,2200,3500,Near-Crash,Not a Crash,Turn into path (same direction),Conflict with vehicle turning into another vehicle path (same direction),
151861997,0,200,2200,2500,Near-Crash,Not a Crash,Turn into path (opposite direction),Conflict with vehicle turning into another vehicle path (opposite direction),
142029822,0,200,1500,1900,Near-Crash,Not a Crash,Straight crossing path,Conflict with vehicle moving across another vehicle path (through intersection),
33575118,0,1000,1600,2100,Near-Crash,Not a Crash,"Rear-end, striking",Conflict with a lead vehicle,
138591527,0,,6600,7900,Crash,IV - Low-risk Tire Strike,Road departure (left or right),Single vehicle conflict,
151553204,0,,9100,9900,Crash,III  - Minor Crash,"Backing, fixed object",Conflict with obstacle/object in roadway,
133754609,0,,2500,4600,Crash,IV - Low-risk Tire Strike,Road departure (left or right),Single vehicle conflict,
151574086,0,500,2400,3100,Near-Crash,Not a Crash,"Rear-end, striking",Conflict with vehicle in adjacent lane,
61216640,0,,3500,4100,Crash,III  - Minor Crash,Road departure (end),Single vehicle conflict,
151569077,0,400,1400,1800,Near-Crash,Not a Crash,"Rear-end, striking",Conflict with a lead vehicle,
151579948,0,1000,1800,2500,Near-Crash,Not a Crash,"Rear-end, striking",Conflict with vehicle in adjacent lane,
151600574,0,2300,3500,3800,Near-Crash,Not a Crash,Animal-related,Conflict with animal,
33575090,0,800,2000,2400,Near-Crash,Not a Crash,"Rear-end, striking",Conflict with a lead vehicle,
151859858,0,2200,4700,6600,Near-Crash,Not a Crash,"Sideswipe, same direction (left or right)",Conflict with vehicle in adjacent lane,
61216927,0,500,2000,3800,Near-Crash,Not a Crash,Animal-related,Conflict with animal,
151584407,0,1300,3100,3700,Near-Crash,Not a Crash,"Rear-end, striking",Conflict with vehicle in adjacent lane,
151854725,0,400,1700,2100,Near-Crash,Not a Crash,"Rear-end, striking",Conflict with vehicle in adjacent lane,
151568649,0,100,3400,4400,Near-Crash,Not a Crash,Animal-related,Conflict with animal,
61386953,0,,1300,5500,Crash,IV - Low-risk Tire Strike,Road departure (left or right),Single vehicle conflict,
151597672,0,2000,4800,4800,Near-Crash,Not a Crash,Opposite direction (head-on or sideswipe),Conflict with oncoming traffic,
151607560,0,500,5500,5800,Near-Crash,Not a Crash,"Rear-end, striking",Conflict with a lead vehicle,
131286563,0,1700,1900,3000,Near-Crash,Not a Crash,"Sideswipe, same direction (left or right)",Conflict with vehicle in adjacent lane,
150714477,0,100,1100,2300,Near-Crash,Not a Crash,"Sideswipe, same direction (left or right)",Conflict with vehicle in adjacent lane,
61386942,0,2400,2300,4600,Crash,III  - Minor Crash,Road departure (left or right),Single vehicle conflict,
30880914,0,6300,7200,7900,Near-Crash,Not a Crash,"Rear-end, striking",Conflict with a lead vehicle,
61216920,0,6800,7100,9200,Crash,II - Police-reportable Crash,"Rear-end, struck",Conflict with a following vehicle,
9700585,0,,1300,2500,Crash,III  - Minor Crash,"Rear-end, striking",Conflict with a lead vehicle,
151582038,0,3300,5300,5900,Near-Crash,Not a Crash,"Rear-end, striking",Conflict with vehicle in adjacent lane,
64553421,0,300,1400,2100,Near-Crash,Not a Crash,"Sideswipe, same direction (left or right)",Conflict with vehicle in adjacent lane,
61432353,0,300,2200,2600,Near-Crash,Not a Crash,Turn into path (opposite direction),Conflict with vehicle turning into another vehicle path (opposite direction),
144452702,0,2500,4500,5300,Near-Crash,Not a Crash,"Rear-end, striking",Conflict with a lead vehicle,
151607149,0,400,1300,1500,Near-Crash,Not a Crash,"Rear-end, striking",Conflict with vehicle in adjacent lane,
151603382,0,400,1800,2800,Near-Crash,Not a Crash,"Rear-end, striking",Conflict with a lead vehicle,
144009226,0,500,1400,1700,Near-Crash,Not a Crash,Turn into path (opposite direction),Conflict with vehicle turning into another vehicle path (opposite direction),
61211794,0,700,1800,3000,Near-Crash,Not a Crash,Animal-related,Conflict with animal,
138364446,0,600,2800,4100,Near-Crash,Not a Crash,"Sideswipe, same direction (left or right)",Conflict with vehicle in adjacent lane,
151607561,0,300,900,1400,Near-Crash,Not a Crash,"Rear-end, striking",Conflict with vehicle in adjacent lane,
151595563,0,900,1500,2800,Near-Crash,Not a Crash,Turn into path (opposite direction),Conflict with vehicle turning into another vehicle path (opposite direction),
138353266,0,2200,3300,4400,Near-Crash,Not a Crash,Road departure (end),Single vehicle conflict,
60631652,0,,7200,9600,Crash,III  - Minor Crash,Pedestrian-related,Conflict with pedestrian,
151568552,0,600,1500,2700,Near-Crash,Not a Crash,Turn into path (opposite direction),Conflict with vehicle turning into another vehicle path (opposite direction),
151864927,0,2300,3100,4000,Near-Crash,Not a Crash,Other,Single vehicle conflict,
142017583,0,1400,1500,2200,Near-Crash,Not a Crash,Backing into traffic,Conflict with parked vehicle,
61385927,0,200,1000,2300,Near-Crash,Not a Crash,Turn into path (same direction),Conflict with vehicle turning into another vehicle path (same direction),
61426832,0,2100,2700,3700,Near-Crash,Not a Crash,"Rear-end, striking",Conflict with a lead vehicle,
142043585,0,100,800,1900,Near-Crash,Not a Crash,"Rear-end, struck",Conflict with vehicle in adjacent lane,
61426948,0,2000,3600,5100,Near-Crash,Not a Crash,Turn into path (same direction),Conflict with vehicle turning into another vehicle path (same direction),
132518220,0,,3100,3700,Crash,IV - Low-risk Tire Strike,Road departure (left or right),Single vehicle conflict,
135449469,0,200,1500,1700,Crash,III  - Minor Crash,Animal-related,Conflict with animal,
138364458,0,3900,6100,7200,Near-Crash,Not a Crash,"Rear-end, striking",Conflict with a lead vehicle,
142049698,0,5100,7400,7800,Near-Crash,Not a Crash,"Rear-end, striking",Conflict with a lead vehicle,
61386967,0,400,3300,5000,Near-Crash,Not a Crash,Animal-related,Conflict with animal,
142007898,0,3600,4600,5600,Crash,III  - Minor Crash,"Rear-end, struck",Conflict with a following vehicle,
151582034,0,300,4000,4600,Near-Crash,Not a Crash,"Rear-end, striking",Conflict with a lead vehicle,
151864584,0,200,900,2600,Near-Crash,Not a Crash,Turn across path,Conflict with vehicle turning across another vehicle path (same direction),
64553427,0,300,1900,3000,Near-Crash,Not a Crash,Pedestrian-related,Conflict with pedestrian,
151568602,0,1100,2200,3100,Near-Crash,Not a Crash,"Rear-end, striking",Conflict with a lead vehicle,
130421947,0,2200,3200,3700,Near-Crash,Not a Crash,Pedestrian-related,Conflict with pedestrian,
151591693,0,300,2300,4500,Near-Crash,Not a Crash,"Sideswipe, same direction (left or right)",Conflict with vehicle in adjacent lane,
138352038,0,100,1000,1700,Near-Crash,Not a Crash,"Rear-end, striking",Conflict with vehicle in adjacent lane,
133190049,0,3400,4600,5100,Near-Crash,Not a Crash,"Rear-end, striking",Conflict with a lead vehicle,
69021081,0,3000,3500,6500,Near-Crash,Not a Crash,Turn into path (same direction),Conflict with vehicle turning into another vehicle path (same direction),
151586121,0,5100,7100,8000,Near-Crash,Not a Crash,"Rear-end, striking",Conflict with a lead vehicle,
151587806,0,1800,8500,8800,Near-Crash,Not a Crash,"Rear-end, striking",Conflict with a lead vehicle,
151550377,0,1400,1600,2600,Near-Crash,Not a Crash,"Rear-end, striking",Conflict with a lead vehicle,
61426981,0,500,2300,2900,Near-Crash,Not a Crash,Turn across path,Conflict with vehicle turning across another vehicle path (opposite direction),
61426776,0,300,2100,2900,Near-Crash,Not a Crash,Turn into path (same direction),Conflict with vehicle turning into another vehicle path (same direction),
131785456,0,,3200,4900,Crash,IV - Low-risk Tire Strike,Road departure (left or right),Single vehicle conflict,
142049668,0,2700,3800,5100,Near-Crash,Not a Crash,Pedalcyclist-related,Conflict with pedalcyclist,
151860017,0,1400,4100,4400,Near-Crash,Not a Crash,"Rear-end, striking",Conflict with a lead vehicle,
151856748,0,,4800,7200,Crash,IV - Low-risk Tire Strike,Road departure (left or right),Single vehicle conflict,
151593367,0,1400,2800,2800,Near-Crash,Not a Crash,Turn across path,Conflict with vehicle turning across another vehicle path (opposite direction),
151609055,0,800,4700,7800,Near-Crash,Not a Crash,Animal-related,Conflict with animal,
143062658,0,600,1700,2600,Near-Crash,Not a Crash,Opposite direction (head-on or sideswipe),Conflict with oncoming traffic,
138362772,0,2100,2500,3100,Near-Crash,Not a Crash,"Sideswipe, same direction (left or right)",Conflict with vehicle in adjacent lane,
151550334,0,1300,5000,5400,Near-Crash,Not a Crash,"Rear-end, striking",Conflict with a lead vehicle,
151592967,0,1000,3600,4500,Near-Crash,Not a Crash,"Rear-end, striking",Conflict with a lead vehicle,
135877898,0,3300,4200,4700,Near-Crash,Not a Crash,"Rear-end, striking",Conflict with a lead vehicle,
142043660,0,900,1600,2100,Near-Crash,Not a Crash,"Sideswipe, same direction (left or right)",Conflict with vehicle in adjacent lane,
151550495,0,1400,2100,4300,Near-Crash,Not a Crash,Turn into path (same direction),Conflict with vehicle turning into another vehicle path (same direction),
138364510,0,800,1500,1900,Near-Crash,Not a Crash,"Rear-end, striking",Conflict with vehicle in adjacent lane,
151594450,0,300,800,1900,Near-Crash,Not a Crash,Pedestrian-related,Conflict with pedestrian,
151603380,0,800,2400,3600,Near-Crash,Not a Crash,"Rear-end, striking",Conflict with vehicle in adjacent lane,
151599179,0,4100,7600,8200,Near-Crash,Not a Crash,"Rear-end, striking",Conflict with a lead vehicle,
142043723,0,2600,4700,5900,Near-Crash,Not a Crash,"Sideswipe, same direction (left or right)",Conflict with vehicle in adjacent lane,
151854748,0,1900,2100,3100,Near-Crash,Not a Crash,Backing into traffic,Other,
128888422,0,800,1500,2700,Near-Crash,Not a Crash,"Sideswipe, same direction (left or right)",Conflict with vehicle in adjacent lane,
151600336,0,1000,1900,2700,Near-Crash,Not a Crash,"Rear-end, striking",Conflict with a lead vehicle,
142005264,0,1100,3000,4000,Near-Crash,Not a Crash,Pedestrian-related,Conflict with pedestrian,
151595561,0,1100,2100,3300,Near-Crash,Not a Crash,"Rear-end, striking",Conflict with a lead vehicle,
36812433,0,2800,3200,4600,Crash,II - Police-reportable Crash,Turn into path (same direction),Conflict with vehicle turning into another vehicle path (same direction),
151859780,0,100,1700,3000,Near-Crash,Not a Crash,"Sideswipe, same direction (left or right)",Conflict with vehicle in adjacent lane,
64646328,0,500,2200,2700,Near-Crash,Not a Crash,"Rear-end, striking",Conflict with a lead vehicle,
135946616,0,600,6100,7800,Near-Crash,Not a Crash,"Rear-end, striking",Conflict with a lead vehicle,
61432347,0,200,2100,2200,Near-Crash,Not a Crash,Pedalcyclist-related,Conflict with pedalcyclist,
151861976,0,1500,2200,2600,Near-Crash,Not a Crash,"Rear-end, striking",Conflict with a lead vehicle,
132623746,0,0,700,1300,Crash,III  - Minor Crash,Animal-related,Conflict with animal,
135449362,0,4200,4900,5800,Near-Crash,Not a Crash,Straight crossing path,Conflict with vehicle moving across another vehicle path (through intersection),
151605340,0,1200,2100,4400,Near-Crash,Not a Crash,"Sideswipe, same direction (left or right)",Conflict with vehicle in adjacent lane,
151594692,0,600,1700,4400,Near-Crash,Not a Crash,"Sideswipe, same direction (left or right)",Conflict with vehicle in adjacent lane,
138353217,0,400,5400,5600,Near-Crash,Not a Crash,"Rear-end, striking",Conflict with a lead vehicle,
138351711,0,800,1400,2000,Near-Crash,Not a Crash,"Sideswipe, same direction (left or right)",Conflict with vehicle in adjacent lane,
151568686,0,,5900,7200,Crash,III  - Minor Crash,"Rear-end, struck",Conflict with a following vehicle,
151878838,0,600,1900,3100,Near-Crash,Not a Crash,Straight crossing path,Conflict with vehicle moving across another vehicle path (through intersection),
151593368,0,100,2200,3100,Near-Crash,Not a Crash,"Rear-end, striking",Conflict with vehicle in adjacent lane,
151606602,0,300,2500,3200,Near-Crash,Not a Crash,"Rear-end, striking",Conflict with vehicle in adjacent lane,
142005453,0,0,200,900,Near-Crash,Not a Crash,"Sideswipe, same direction (left or right)",Conflict with vehicle in adjacent lane,
131795641,0,1300,7300,7900,Near-Crash,Not a Crash,"Rear-end, striking",Conflict with a lead vehicle,
135449391,0,1700,2500,3100,Near-Crash,Not a Crash,Turn into path (opposite direction),Conflict with vehicle turning into another vehicle path (opposite direction),
151854759,0,800,1000,1900,Near-Crash,Not a Crash,"Sideswipe, same direction (left or right)",Conflict with vehicle in adjacent lane,
151870578,0,1600,5500,6500,Near-Crash,Not a Crash,"Rear-end, striking",Conflict with a lead vehicle,
151570843,0,600,1700,2200,Near-Crash,Not a Crash,"Sideswipe, same direction (left or right)",Conflict with vehicle in adjacent lane,
151568852,0,,2300,3900,Crash,IV - Low-risk Tire Strike,Road departure (left or right),Single vehicle conflict,
151864636,0,700,1400,1500,Near-Crash,Not a Crash,"Sideswipe, same direction (left or right)",Conflict with vehicle in adjacent lane,
151861948,0,100,2000,2300,Near-Crash,Not a Crash,Turn into path (same direction),Conflict with vehicle turning into another vehicle path (same direction),
134938066,0,2500,3500,6200,Near-Crash,Not a Crash,"Rear-end, striking",Conflict with a lead vehicle,
151581858,0,700,2800,3800,Near-Crash,Not a Crash,"Rear-end, striking",Conflict with vehicle in adjacent lane,
151587530,0,1400,2500,3700,Near-Crash,Not a Crash,"Sideswipe, same direction (left or right)",Conflict with vehicle in adjacent lane,
151590959,0,400,800,2100,Near-Crash,Not a Crash,"Sideswipe, same direction (left or right)",Conflict with vehicle in adjacent lane,
131795646,0,,1500,3400,Crash,III  - Minor Crash,Road departure (left or right),Single vehicle conflict,
51722183,0,1400,1800,3900,Near-Crash,Not a Crash,"Sideswipe, same direction (left or right)",Conflict with vehicle in adjacent lane,
151864735,0,1700,2500,2800,Near-Crash,Not a Crash,"Rear-end, striking",Conflict with a lead vehicle,
151550449,0,100,2700,4300,Near-Crash,Not a Crash,Animal-related,Conflict with animal,
142005109,0,800,2200,3000,Near-Crash,Not a Crash,"Rear-end, striking",Conflict with a lead vehicle,
151568657,0,1700,1900,4000,Crash,III  - Minor Crash,Road departure (left or right),Single vehicle conflict,
35257231,0,600,2900,6000,Crash,II - Police-reportable Crash,Road departure (left or right),Single vehicle conflict,
151587802,0,500,2200,3600,Near-Crash,Not a Crash,"Sideswipe, same direction (left or right)",Conflict with vehicle in adjacent lane,
61385920,0,2500,3200,3500,Near-Crash,Not a Crash,Turn into path (same direction),Conflict with vehicle turning into another vehicle path (same direction),
151856728,0,900,1000,3600,Near-Crash,Not a Crash,Road departure (left or right),Single vehicle conflict,
135877896,0,1500,1800,3200,Near-Crash,Not a Crash,Animal-related,Conflict with animal,
151553206,0,,5900,6500,Crash,III  - Minor Crash,"Backing, fixed object",Conflict with obstacle/object in roadway,
142005194,0,0,1800,2900,Near-Crash,Not a Crash,Turn into path (same direction),Conflict with vehicle turning into another vehicle path (same direction),
136203217,0,3000,3900,3900,Near-Crash,Not a Crash,"Rear-end, striking",Conflict with a lead vehicle,
151856658,0,,4000,5700,Crash,IV - Low-risk Tire Strike,Road departure (left or right),Single vehicle conflict,
142005376,0,1700,2100,3100,Near-Crash,Not a Crash,"Sideswipe, same direction (left or right)",Conflict with vehicle in adjacent lane,
151864572,0,200,500,1600,Near-Crash,Not a Crash,Turn into path (opposite direction),Conflict with vehicle turning into another vehicle path (opposite direction),
144129539,0,3600,4500,5500,Near-Crash,Not a Crash,Turn into path (opposite direction),Conflict with vehicle turning into another vehicle path (opposite direction),
76264649,0,3000,3500,4600,Near-Crash,Not a Crash,Turn into path (opposite direction),Conflict with vehicle turning into another vehicle path (opposite direction),
135905440,0,2500,3200,3400,Near-Crash,Not a Crash,"Rear-end, striking",Conflict with a lead vehicle,
138361424,0,2900,4100,4800,Near-Crash,Not a Crash,"Rear-end, striking",Conflict with a lead vehicle,
136278188,0,1100,2000,2600,Near-Crash,Not a Crash,"Sideswipe, same direction (left or right)",Conflict with vehicle in adjacent lane,
138361687,0,1200,2000,3500,Near-Crash,Not a Crash,Turn into path (same direction),Conflict with vehicle turning into another vehicle path (same direction),
150714298,0,1000,4200,4600,Near-Crash,Not a Crash,"Rear-end, striking",Conflict with a lead vehicle,
151569046,0,5500,6200,7100,Near-Crash,Not a Crash,"Backing, fixed object",Conflict with obstacle/object in roadway,
135449382,0,1400,2700,4600,Near-Crash,Not a Crash,Pedalcyclist-related,Conflict with pedalcyclist,
143289881,0,1200,1900,3200,Near-Crash,Not a Crash,"Sideswipe, same direction (left or right)",Conflict with vehicle in adjacent lane,
151573033,0,1900,3700,4900,Near-Crash,Not a Crash,"Sideswipe, same direction (left or right)",Conflict with vehicle in adjacent lane,
151549180,0,1500,2600,4500,Near-Crash,Not a Crash,"Sideswipe, same direction (left or right)",Conflict with vehicle in adjacent lane,
151864608,0,1700,2300,2900,Near-Crash,Not a Crash,"Rear-end, striking",Conflict with a lead vehicle,
151598177,0,300,1900,2800,Near-Crash,Not a Crash,"Rear-end, striking",Conflict with merging vehicle,
151603381,0,600,1800,2700,Near-Crash,Not a Crash,Animal-related,Conflict with animal,
151589164,0,1000,3000,3800,Near-Crash,Not a Crash,Animal-related,Conflict with animal,
151603444,0,100,1400,3000,Near-Crash,Not a Crash,Animal-related,Conflict with animal,
151568857,0,500,1100,1500,Near-Crash,Not a Crash,Turn into path (same direction),Conflict with vehicle turning into another vehicle path (same direction),
142005173,0,1000,2300,2900,Near-Crash,Not a Crash,"Rear-end, striking",Conflict with a lead vehicle,
61432321,0,,2400,4600,Crash,IV - Low-risk Tire Strike,Road departure (left or right),Single vehicle conflict,
151607636,0,1100,5200,5900,Near-Crash,Not a Crash,Turn into path (same direction),Conflict with vehicle turning into another vehicle path (same direction),
151601474,0,1300,2300,3000,Near-Crash,Not a Crash,"Rear-end, striking",Conflict with a lead vehicle,
64646327,0,5100,6400,6800,Near-Crash,Not a Crash,"Rear-end, striking",Conflict with a lead vehicle,
138350673,0,200,1100,1800,Near-Crash,Not a Crash,Turn across path,Conflict with vehicle turning across another vehicle path (opposite direction),
151568627,0,1600,3300,4300,Near-Crash,Not a Crash,"Sideswipe, same direction (left or right)",Conflict with vehicle in adjacent lane,
142007159,0,400,1400,1800,Near-Crash,Not a Crash,Pedestrian-related,Conflict with pedestrian,
142005169,0,1000,1800,4200,Near-Crash,Not a Crash,"Rear-end, striking",Conflict with a lead vehicle,
151603220,0,500,1600,3000,Near-Crash,Not a Crash,"Rear-end, striking",Conflict with vehicle in adjacent lane,
151568951,0,200,1000,1800,Near-Crash,Not a Crash,"Sideswipe, same direction (left or right)",Conflict with vehicle in adjacent lane,
151570583,0,700,1300,2500,Near-Crash,Not a Crash,"Sideswipe, same direction (left or right)",Conflict with vehicle in adjacent lane,
151864862,0,400,1100,1700,Near-Crash,Not a Crash,Pedestrian-related,Conflict with pedestrian,
151584405,0,1400,3300,4000,Near-Crash,Not a Crash,Pedestrian-related,Conflict with pedestrian,
135449169,0,5900,7700,8800,Near-Crash,Not a Crash,"Rear-end, striking",Conflict with a lead vehicle,
151589638,0,1100,2800,5500,Near-Crash,Not a Crash,"Sideswipe, same direction (left or right)",Conflict with vehicle in adjacent lane,
133190048,0,700,1800,2600,Near-Crash,Not a Crash,Turn into path (opposite direction),Conflict with vehicle turning into another vehicle path (opposite direction),
142005403,0,3200,4300,5100,Near-Crash,Not a Crash,"Rear-end, striking",Conflict with a lead vehicle,
151864740,0,600,1900,2400,Near-Crash,Not a Crash,"Rear-end, striking",Conflict with a lead vehicle,
151091176,0,600,2100,3100,Near-Crash,Not a Crash,Straight crossing path,Conflict with parked vehicle,"A vehicle nearly crashed when it crossed paths with a parked vehicle in a business or industrial area. The incident occurred during daylight hours with no adverse weather conditions and on a dry road surface. The traffic was flowing freely with no lead traffic, indicating a low traffic density. Fortunately, no actual collision occurred, but the situation was close enough to be considered a near-crash incident."
151856655,0,2200,2800,4300,Near-Crash,Not a Crash,"Rear-end, striking",Conflict with a lead vehicle,
151607762,0,1000,1800,2800,Crash,III  - Minor Crash,Animal-related,Conflict with animal,
151600644,0,2600,4200,5000,Near-Crash,Not a Crash,"Rear-end, striking",Conflict with a lead vehicle,
151568891,0,1200,2000,2600,Near-Crash,Not a Crash,"Rear-end, striking",Conflict with vehicle in adjacent lane,
151864742,0,1000,1900,6200,Near-Crash,Not a Crash,"Sideswipe, same direction (left or right)",Conflict with vehicle in adjacent lane,
151859962,0,800,2200,3000,Near-Crash,Not a Crash,"Sideswipe, same direction (left or right)",Conflict with merging vehicle,
61386966,0,200,500,1600,Near-Crash,Not a Crash,Animal-related,Conflict with animal,
151860016,0,1500,3200,3400,Near-Crash,Not a Crash,"Rear-end, striking",Conflict with a lead vehicle,
133755385,0,200,1900,4000,Near-Crash,Not a Crash,"Rear-end, striking",Conflict with a lead vehicle,
61432331,0,500,2400,2900,Near-Crash,Not a Crash,Turn across path,Conflict with vehicle turning across another vehicle path (opposite direction),
151860003,0,3000,4800,4800,Near-Crash,Not a Crash,"Rear-end, striking",Conflict with a lead vehicle,
151553333,0,,3700,5600,Crash,III  - Minor Crash,Road departure (left or right),Single vehicle conflict,
151865181,0,600,1500,2300,Near-Crash,Not a Crash,"Rear-end, striking",Conflict with vehicle in adjacent lane,
151610544,0,600,1000,1700,Near-Crash,Not a Crash,"Sideswipe, same direction (left or right)",Conflict with vehicle in adjacent lane,
151568966,0,1100,2600,3400,Near-Crash,Not a Crash,"Rear-end, striking",Conflict with vehicle in adjacent lane,
151603452,0,3400,4100,4500,Near-Crash,Not a Crash,Pedestrian-related,Conflict with pedestrian,
151573786,0,400,2000,2900,Near-Crash,Not a Crash,"Rear-end, striking",Conflict with a lead vehicle,
151594695,0,900,2300,3500,Near-Crash,Not a Crash,"Rear-end, striking",Conflict with vehicle in adjacent lane,
151549194,0,,7100,7900,Crash,IV - Low-risk Tire Strike,Road departure (end),Single vehicle conflict,
131648680,0,3700,4500,4500,Near-Crash,Not a Crash,"Rear-end, striking",Conflict with a lead vehicle,
150882980,0,300,1000,1000,Crash,III  - Minor Crash,Animal-related,Conflict with animal,
151864610,0,2600,3900,4500,Near-Crash,Not a Crash,Turn into path (opposite direction),Conflict with vehicle turning into another vehicle path (opposite direction),
142010435,0,1700,2700,4100,Near-Crash,Not a Crash,"Sideswipe, same direction (left or right)",Conflict with vehicle in adjacent lane,
151860005,0,2000,4900,6000,Near-Crash,Not a Crash,"Rear-end, striking",Conflict with a lead vehicle,
151550380,0,600,2500,2800,Near-Crash,Not a Crash,"Rear-end, striking",Conflict with a lead vehicle,
138353259,0,1000,4100,4200,Near-Crash,Not a Crash,"Rear-end, striking",Conflict with a lead vehicle,
138203415,0,500,2300,3000,Near-Crash,Not a Crash,"Sideswipe, same direction (left or right)",Conflict with parked vehicle,
151864746,0,900,1800,2400,Near-Crash,Not a Crash,Pedestrian-related,Conflict with pedestrian,
151596592,0,2600,3700,4000,Near-Crash,Not a Crash,"Rear-end, striking",Conflict with a lead vehicle,
151878833,0,1400,1800,2000,Near-Crash,Not a Crash,"Rear-end, striking",Conflict with a lead vehicle,
151878847,0,1100,1900,2200,Near-Crash,Not a Crash,Opposite direction (head-on or sideswipe),Conflict with oncoming traffic,
151595169,0,1200,4500,5200,Near-Crash,Not a Crash,"Rear-end, striking",Conflict with a lead vehicle,
143062694,0,600,2500,3900,Near-Crash,Not a Crash,"Sideswipe, same direction (left or right)",Conflict with vehicle in adjacent lane,
151550472,0,4200,4700,6200,Near-Crash,Not a Crash,"Rear-end, striking",Conflict with a lead vehicle,
151862011,0,3800,4700,5000,Near-Crash,Not a Crash,"Rear-end, striking",Conflict with a lead vehicle,
133753424,0,3400,5800,6700,Near-Crash,Not a Crash,"Rear-end, striking",Conflict with a lead vehicle,
133190074,0,1300,1600,2400,Near-Crash,Not a Crash,Turn into path (same direction),Conflict with parked vehicle,
151864798,0,200,500,1000,Near-Crash,Not a Crash,Backing into traffic,Conflict with parked vehicle,"A driver was backing out of a parking spot in a business or industrial area during daylight hours. The road was wet but there were no adverse weather conditions. Traffic was flowing freely with other vehicles present. However, the driver failed to notice the traffic behind and nearly crashed into another vehicle while backing out. Fortunately, a collision was avoided, but it was a close call that could have resulted in an accident."
135427630,0,700,2700,3600,Near-Crash,Not a Crash,Turn into path (opposite direction),Conflict with vehicle turning into another vehicle path (opposite direction),
151578539,0,500,2400,3300,Near-Crash,Not a Crash,"Rear-end, striking",Conflict with a lead vehicle,
151568645,0,,1800,3800,Crash,III  - Minor Crash,"Backing, fixed object",Conflict with obstacle/object in roadway,
151859865,0,1400,1600,4000,Near-Crash,Not a Crash,"Sideswipe, same direction (left or right)",Conflict with vehicle in adjacent lane,
133190012,0,500,3100,3500,Near-Crash,Not a Crash,Straight crossing path,Conflict with vehicle moving across another vehicle path (through intersection),
131785443,0,600,2300,3200,Near-Crash,Not a Crash,"Rear-end, striking",Conflict with a lead vehicle,
135449248,0,2700,4100,4800,Near-Crash,Not a Crash,"Rear-end, striking",Conflict with a lead vehicle,
138315457,0,100,1800,3200,Near-Crash,Not a Crash,"Rear-end, striking",Conflict with merging vehicle,
151097613,0,3900,4600,5000,Near-Crash,Not a Crash,"Rear-end, striking",Conflict with a lead vehicle,
64646330,0,200,2400,2400,Near-Crash,Not a Crash,"Rear-end, striking",Conflict with a lead vehicle,
151565529,0,800,2200,2800,Near-Crash,Not a Crash,"Sideswipe, same direction (left or right)",Conflict with vehicle in adjacent lane,
151861985,0,1900,4900,5400,Near-Crash,Not a Crash,Pedestrian-related,Conflict with pedestrian,
136173854,0,1400,2000,3500,Near-Crash,Not a Crash,"Rear-end, striking",Conflict with a lead vehicle,
138353230,0,1900,5000,5000,Near-Crash,Not a Crash,"Rear-end, striking",Conflict with a lead vehicle,
151859996,0,900,2500,3000,Near-Crash,Not a Crash,"Rear-end, striking",Conflict with a lead vehicle,
135449389,0,2600,3800,4700,Near-Crash,Not a Crash,"Rear-end, striking",Conflict with a lead vehicle,
142049605,0,4700,5900,7600,Near-Crash,Not a Crash,Straight crossing path,Conflict with vehicle moving across another vehicle path (through intersection),
151600329,0,200,500,700,Near-Crash,Not a Crash,"Rear-end, striking",Conflict with a lead vehicle,
136198365,0,1100,1400,2000,Near-Crash,Not a Crash,Animal-related,Conflict with animal,
151862036,0,800,1500,1900,Near-Crash,Not a Crash,"Rear-end, striking",Conflict with a lead vehicle,
135963594,0,2700,4800,4800,Near-Crash,Not a Crash,"Rear-end, striking",Conflict with a lead vehicle,
142007952,0,400,1300,2800,Crash,III  - Minor Crash,Other,Conflict with obstacle/object in roadway,
36304074,0,1500,4900,5500,Near-Crash,Not a Crash,"Rear-end, striking",Conflict with a lead vehicle,
151569101,0,400,1300,1600,Near-Crash,Not a Crash,Turn across path,Conflict with vehicle turning across another vehicle path (opposite direction),
151610507,0,2200,3100,3800,Near-Crash,Not a Crash,"Rear-end, striking",Conflict with a lead vehicle,
151570619,0,1200,2600,3500,Near-Crash,Not a Crash,"Rear-end, striking",Conflict with merging vehicle,
138364476,0,3400,3600,4800,Crash,IV - Low-risk Tire Strike,Road departure (left or right),Single vehicle conflict,
138362964,0,900,5200,5800,Near-Crash,Not a Crash,"Rear-end, striking",Conflict with a lead vehicle,
138608097,0,600,1100,3100,Near-Crash,Not a Crash,"Sideswipe, same direction (left or right)",Conflict with vehicle in adjacent lane,
150716967,0,6100,5400,7300,Crash,IV - Low-risk Tire Strike,Road departure (left or right),Single vehicle conflict,
135877897,0,1600,3000,3100,Near-Crash,Not a Crash,"Rear-end, striking",Conflict with a lead vehicle,
133401821,0,,1300,2400,Crash,IV - Low-risk Tire Strike,Road departure (left or right),Single vehicle conflict,
136043272,0,,3800,5100,Crash,III  - Minor Crash,Other,Conflict with obstacle/object in roadway,
138350741,0,300,1300,2000,Near-Crash,Not a Crash,Straight crossing path,Conflict with vehicle moving across another vehicle path (through intersection),
7303270,0,1800,1900,2800,Crash,II - Police-reportable Crash,"Rear-end, striking",Conflict with a lead vehicle,
61432342,0,400,2400,2800,Near-Crash,Not a Crash,Straight crossing path,Conflict with vehicle moving across another vehicle path (through intersection),
142010404,0,3300,5900,6100,Near-Crash,Not a Crash,Turn across path,Conflict with vehicle turning across another vehicle path (opposite direction),
136209811,0,5500,6600,6800,Near-Crash,Not a Crash,Turn into path (same direction),Conflict with vehicle turning into another vehicle path (same direction),
151569216,0,600,1500,3300,Near-Crash,Not a Crash,"Sideswipe, same direction (left or right)",Conflict with merging vehicle,
36842962,0,1500,1800,2700,Near-Crash,Not a Crash,"Sideswipe, same direction (left or right)",Conflict with vehicle in adjacent lane,
151610504,0,2200,2800,3100,Near-Crash,Not a Crash,Turn into path (same direction),Conflict with vehicle turning into another vehicle path (same direction),
128906309,0,700,4200,9300,Near-Crash,Not a Crash,"Rear-end, striking",Conflict with a lead vehicle,
131785442,0,7400,8200,8600,Near-Crash,Not a Crash,"Rear-end, striking",Conflict with a lead vehicle,
151609107,0,1500,4100,4400,Near-Crash,Not a Crash,Turn into path (same direction),Conflict with vehicle turning into another vehicle path (same direction),
142005176,0,,5000,6800,Crash,III  - Minor Crash,"Rear-end, struck",Conflict with a following vehicle,
151581042,0,1900,5700,7100,Near-Crash,Not a Crash,"Rear-end, striking",Conflict with a lead vehicle,
151550485,0,700,2100,3000,Near-Crash,Not a Crash,Turn across path,Conflict with vehicle turning across another vehicle path (opposite direction),
61427027,0,3100,4100,5000,Near-Crash,Not a Crash,Pedalcyclist-related,Conflict with pedalcyclist,
151570858,0,3200,4100,5300,Near-Crash,Not a Crash,"Rear-end, striking",Conflict with a lead vehicle,
36812430,0,900,3300,6300,Crash,II - Police-reportable Crash,"Backing, fixed object",Conflict with parked vehicle,
151095407,0,100,2200,5400,Crash,III  - Minor Crash,Road departure (left or right),Single vehicle conflict,
151609323,0,4100,5100,5600,Near-Crash,Not a Crash,Straight crossing path,Conflict with vehicle moving across another vehicle path (through intersection),
151568692,0,,7400,8800,Crash,III  - Minor Crash,"Backing, fixed object",Conflict with obstacle/object in roadway,
132520722,0,,2900,4200,Crash,IV - Low-risk Tire Strike,Road departure (left or right),Single vehicle conflict,
135449239,0,1400,2600,3700,Near-Crash,Not a Crash,"Rear-end, striking",Conflict with a lead vehicle,
142043675,0,2100,3500,4300,Near-Crash,Not a Crash,"Rear-end, striking",Conflict with vehicle in adjacent lane,
132520723,0,,4200,5500,Crash,IV - Low-risk Tire Strike,Road departure (left or right),Single vehicle conflict,
145435307,0,1800,3500,4500,Near-Crash,Not a Crash,Turn into path (same direction),Conflict with vehicle turning into another vehicle path (same direction),
138361953,0,3100,4000,4500,Near-Crash,Not a Crash,Other,Conflict with obstacle/object in roadway,
136041496,0,,4900,7700,Crash,II - Police-reportable Crash,"Rear-end, struck",Conflict with a following vehicle,
135427632,0,600,5000,5300,Near-Crash,Not a Crash,"Rear-end, striking",Conflict with a lead vehicle,
135191718,0,2600,4200,4500,Near-Crash,Not a Crash,"Rear-end, striking",Conflict with a lead vehicle,
143062659,0,4700,5400,8300,Near-Crash,Not a Crash,"Sideswipe, same direction (left or right)",Conflict with vehicle in adjacent lane,
135191726,0,1900,3700,5800,Near-Crash,Not a Crash,Pedestrian-related,Conflict with pedestrian,
151856699,0,,2200,3400,Crash,IV - Low-risk Tire Strike,Road departure (left or right),Single vehicle conflict,
142018668,0,1700,3800,4200,Near-Crash,Not a Crash,Turn across path,Conflict with vehicle turning across another vehicle path (opposite direction),
151864902,0,11400,13700,14200,Crash,IV - Low-risk Tire Strike,Road departure (left or right),Single vehicle conflict,
151568689,0,900,2600,3000,Near-Crash,Not a Crash,"Rear-end, striking",Conflict with vehicle in adjacent lane,
60631663,0,1000,1300,1800,Near-Crash,Not a Crash,"Sideswipe, same direction (left or right)",Conflict with vehicle in adjacent lane,
61386943,0,700,3800,4300,Near-Crash,Not a Crash,"Rear-end, striking",Conflict with a lead vehicle,
151854770,0,500,2100,2900,Near-Crash,Not a Crash,Turn across path,Conflict with vehicle turning across another vehicle path (opposite direction),
116224313,0,100,6300,8600,Near-Crash,Not a Crash,Road departure (left or right),Single vehicle conflict,
151856562,0,1800,4100,6000,Near-Crash,Not a Crash,"Rear-end, striking",Conflict with vehicle in adjacent lane,
151574336,0,3400,4000,5400,Near-Crash,Not a Crash,"Sideswipe, same direction (left or right)",Conflict with vehicle in adjacent lane,
142441148,0,1400,3700,4200,Near-Crash,Not a Crash,"Rear-end, striking",Conflict with a lead vehicle,"A near-crash occurred on a busy interstate highway during daylight hours with no adverse weather conditions and a dry road surface. The traffic was dense and unstable, causing temporary restrictions that significantly slowed down drivers. In this situation, a vehicle almost rear-ended the car in front of it, narrowly avoiding a collision. The incident highlights the dangers of following too closely in heavy traffic conditions, where sudden stops can lead to rear-end accidents. Fortunately, no actual crash occurred, but the event underscores the importance of maintaining safe distances and being vigilant in dense traffic."
138077821,0,2600,3700,5200,Near-Crash,Not a Crash,"Rear-end, striking",Conflict with a lead vehicle,
61426816,0,600,1600,3500,Near-Crash,Not a Crash,"Sideswipe, same direction (left or right)",Conflict with vehicle in adjacent lane,
30882468,0,1500,2800,7300,Near-Crash,Not a Crash,Turn into path (same direction),Conflict with vehicle turning into another vehicle path (same direction),
61216948,0,,2800,5300,Crash,IV - Low-risk Tire Strike,Road departure (left or right),Single vehicle conflict,
142030137,0,0,1400,3000,Near-Crash,Not a Crash,"Rear-end, striking",Conflict with vehicle in adjacent lane,
151568787,0,200,2900,3600,Near-Crash,Not a Crash,"Rear-end, striking",Conflict with vehicle in adjacent lane,
61211799,0,,2500,3700,Crash,III  - Minor Crash,"Rear-end, striking",Conflict with a lead vehicle,
30882462,0,1200,2200,2700,Near-Crash,Not a Crash,"Rear-end, striking",Conflict with a lead vehicle,
151568867,0,,6900,9000,Crash,II - Police-reportable Crash,"Rear-end, struck",Conflict with a following vehicle,
61426940,0,700,1600,2200,Near-Crash,Not a Crash,Animal-related,Conflict with animal,
138361952,0,2500,3500,5000,Near-Crash,Not a Crash,"Rear-end, striking",Conflict with a lead vehicle,
151570857,0,900,1700,2400,Near-Crash,Not a Crash,"Sideswipe, same direction (left or right)",Conflict with vehicle in adjacent lane,
138294775,0,1200,2500,3800,Near-Crash,Not a Crash,"Rear-end, striking",Conflict with merging vehicle,
133297582,0,2300,4200,5000,Near-Crash,Not a Crash,"Rear-end, striking",Conflict with a lead vehicle,
151859972,0,1100,1900,2700,Near-Crash,Not a Crash,"Rear-end, striking",Conflict with a lead vehicle,
61426967,0,500,1200,4200,Near-Crash,Not a Crash,Animal-related,Conflict with animal,
138362404,0,600,2700,3000,Near-Crash,Not a Crash,Turn across path,Conflict with vehicle turning across another vehicle path (opposite direction),
51722205,0,900,2300,4100,Crash,II - Police-reportable Crash,"Rear-end, struck",Conflict with a following vehicle,
151600570,0,1300,2200,2600,Near-Crash,Not a Crash,"Rear-end, striking",Conflict with a lead vehicle,
150884020,0,2000,4900,6200,Near-Crash,Not a Crash,"Rear-end, striking",Conflict with a lead vehicle,
61385890,0,3800,5700,6300,Near-Crash,Not a Crash,Turn across path,Conflict with vehicle turning across another vehicle path (opposite direction),
151578834,0,300,1100,3300,Near-Crash,Not a Crash,"Rear-end, striking",Conflict with a lead vehicle,
151568893,0,,800,900,Crash,III  - Minor Crash,Other,Conflict with obstacle/object in roadway,
133827516,0,1100,2700,3200,Near-Crash,Not a Crash,Turn into path (opposite direction),Conflict with vehicle turning into another vehicle path (opposite direction),
134938019,0,100,1000,2000,Near-Crash,Not a Crash,"Rear-end, striking",Conflict with a lead vehicle,
138361416,0,500,1700,2800,Near-Crash,Not a Crash,"Rear-end, striking",Conflict with a lead vehicle,
151569172,0,600,700,1500,Near-Crash,Not a Crash,"Rear-end, striking",Conflict with a lead vehicle,
151568548,0,,1300,3700,Crash,IV - Low-risk Tire Strike,Road departure (left or right),Single vehicle conflict,
136162508,0,700,1700,2600,Near-Crash,Not a Crash,"Rear-end, striking",Conflict with a lead vehicle,
151589167,0,700,1400,3400,Near-Crash,Not a Crash,"Rear-end, striking",Conflict with vehicle in adjacent lane,
61426830,0,1600,2200,2800,Near-Crash,Not a Crash,Pedestrian-related,Conflict with pedestrian,
76264697,0,900,2000,4700,Crash,III  - Minor Crash,Animal-related,Conflict with animal,
151865101,0,6200,7900,9100,Near-Crash,Not a Crash,"Rear-end, striking",Conflict with a lead vehicle,
151318258,0,3200,4200,5200,Near-Crash,Not a Crash,"Rear-end, striking",Conflict with a lead vehicle,"A near-crash occurred during daylight hours on a dry road in a business or industrial area. The traffic was flowing but with some restrictions. There were no adverse weather conditions. The incident involved a conflict with a lead vehicle, where the following vehicle almost rear-ended the car in front of it but managed to avoid a full collision. Despite the close call, no actual crash occurred, but it was a close and potentially dangerous situation."
61385901,0,3000,1900,3800,Crash,III  - Minor Crash,Road departure (left or right),Single vehicle conflict,
151569089,0,1100,3500,4200,Near-Crash,Not a Crash,Turn across path,Conflict with vehicle turning across another vehicle path (opposite direction),
61426771,0,1000,1600,3400,Near-Crash,Not a Crash,"Rear-end, striking",Conflict with vehicle in adjacent lane,
61426930,0,4200,4600,4600,Near-Crash,Not a Crash,Turn across path,Conflict with vehicle turning across another vehicle path (opposite direction),
61432398,0,600,2200,4400,Near-Crash,Not a Crash,"Rear-end, striking",Conflict with a lead vehicle,
129878683,0,500,1200,2200,Near-Crash,Not a Crash,"Sideswipe, same direction (left or right)",Conflict with vehicle in adjacent lane,
64553420,0,300,2400,2900,Near-Crash,Not a Crash,"Rear-end, striking",Conflict with vehicle in adjacent lane,
61426829,0,1200,1900,2300,Near-Crash,Not a Crash,Animal-related,Conflict with animal,
61426924,0,3200,3900,4800,Near-Crash,Not a Crash,Turn across path,Conflict with vehicle turning across another vehicle path (opposite direction),
151856649,0,800,2500,3600,Near-Crash,Not a Crash,"Rear-end, striking",Conflict with vehicle in adjacent lane,
151878901,0,100,1500,2100,Near-Crash,Not a Crash,"Sideswipe, same direction (left or right)",Conflict with vehicle in adjacent lane,
61216934,0,,800,2700,Crash,IV - Low-risk Tire Strike,Road departure (left or right),Single vehicle conflict,
61216957,0,2900,4000,4600,Near-Crash,Not a Crash,Turn into path (opposite direction),Conflict with vehicle turning into another vehicle path (opposite direction),
128888409,0,700,2300,3000,Near-Crash,Not a Crash,Other,Conflict with obstacle/object in roadway,
151551821,0,2600,2700,4800,Crash,III  - Minor Crash,Road departure (left or right),Single vehicle conflict,
151569175,0,2000,2800,2900,Near-Crash,Not a Crash,"Rear-end, striking",Conflict with vehicle in adjacent lane,
151338010,0,2800,4400,5100,Near-Crash,Not a Crash,"Rear-end, striking",Conflict with a lead vehicle,
151856518,0,500,1300,4200,Near-Crash,Not a Crash,"Rear-end, striking",Conflict with vehicle in adjacent lane,
116592039,0,800,1400,1900,Near-Crash,Not a Crash,"Sideswipe, same direction (left or right)",Conflict with vehicle in adjacent lane,
138316240,0,300,1900,2800,Near-Crash,Not a Crash,Straight crossing path,Conflict with vehicle moving across another vehicle path (through intersection),
130441804,0,,3600,6100,Crash,IV - Low-risk Tire Strike,Road departure (left or right),Single vehicle conflict,
138350559,0,300,1300,2200,Near-Crash,Not a Crash,"Rear-end, striking",Conflict with vehicle in adjacent lane,
138077769,0,100,1600,3000,Near-Crash,Not a Crash,"Rear-end, striking",Conflict with vehicle in adjacent lane,
151568858,0,700,2200,2900,Near-Crash,Not a Crash,Animal-related,Conflict with animal,
151568479,0,1900,2800,3600,Near-Crash,Not a Crash,"Rear-end, striking",Conflict with a lead vehicle,
151568958,0,2400,3200,4200,Near-Crash,Not a Crash,Backing into traffic,Conflict with parked vehicle,
134947932,0,500,2700,3400,Near-Crash,Not a Crash,Other,Conflict with obstacle/object in roadway,
135279653,0,1300,3200,3600,Near-Crash,Not a Crash,"Rear-end, striking",Conflict with a lead vehicle,
151859378,0,1100,3300,3900,Near-Crash,Not a Crash,"Rear-end, striking",Conflict with a lead vehicle,
142043236,0,600,1000,2000,Near-Crash,Not a Crash,"Sideswipe, same direction (left or right)",Conflict with vehicle in adjacent lane,
128888408,0,,5100,6300,Crash,IV - Low-risk Tire Strike,Road departure (end),Single vehicle conflict,
142030125,0,1000,1500,3900,Near-Crash,Not a Crash,"Rear-end, striking",Conflict with vehicle in adjacent lane,
136340014,0,2600,3700,4800,Near-Crash,Not a Crash,"Sideswipe, same direction (left or right)",Conflict with vehicle in adjacent lane,
151856738,0,200,2000,2700,Near-Crash,Not a Crash,"Rear-end, striking",Conflict with vehicle in adjacent lane,
151854735,0,,3500,3500,Crash,III  - Minor Crash,Backing into traffic,Conflict with a following vehicle,
151866556,0,100,1400,2400,Near-Crash,Not a Crash,Animal-related,Conflict with animal,
61427037,0,5300,6100,8500,Near-Crash,Not a Crash,"Sideswipe, same direction (left or right)",Conflict with merging vehicle,
35257228,0,500,1800,3400,Crash,III  - Minor Crash,Animal-related,Conflict with animal,
61426985,0,1500,3400,4500,Near-Crash,Not a Crash,"Rear-end, striking",Conflict with a lead vehicle,
36812432,0,1900,3500,4600,Near-Crash,Not a Crash,Turn into path (opposite direction),Conflict with vehicle turning into another vehicle path (opposite direction),
151859551,0,300,1600,2600,Near-Crash,Not a Crash,"Sideswipe, same direction (left or right)",Conflict with vehicle in adjacent lane,
7879703,0,100,2800,3600,Crash,II - Police-reportable Crash,Turn into path (opposite direction),Conflict with vehicle turning into another vehicle path (opposite direction),
61426978,0,2400,3000,3800,Near-Crash,Not a Crash,"Rear-end, striking",Conflict with a lead vehicle,
61426819,0,5600,7900,8500,Near-Crash,Not a Crash,"Rear-end, striking",Conflict with a lead vehicle,
116163023,0,,4500,5700,Crash,IV - Low-risk Tire Strike,Road departure (end),Single vehicle conflict,
61432376,0,1500,2300,3400,Near-Crash,Not a Crash,Pedestrian-related,Conflict with pedestrian,
138352102,0,5400,6400,8200,Near-Crash,Not a Crash,"Rear-end, striking",Conflict with a lead vehicle,
36842963,0,2200,3500,4400,Near-Crash,Not a Crash,"Rear-end, striking",Conflict with a lead vehicle,
133753380,0,1500,2100,2400,Near-Crash,Not a Crash,Animal-related,Conflict with animal,
130441811,0,900,2000,2400,Near-Crash,Not a Crash,"Rear-end, striking",Conflict with a lead vehicle,
151856711,0,300,1200,1700,Near-Crash,Not a Crash,Opposite direction (head-on or sideswipe),Conflict with oncoming traffic,
128906347,0,1900,3200,4500,Near-Crash,Not a Crash,Turn across path,Conflict with vehicle turning across another vehicle path (opposite direction),
36948266,0,5300,7100,7700,Near-Crash,Not a Crash,"Sideswipe, same direction (left or right)",Conflict with vehicle in adjacent lane,
61426814,0,1000,2900,5500,Near-Crash,Not a Crash,Straight crossing path,Conflict with vehicle moving across another vehicle path (through intersection),
151568589,0,2000,2400,3300,Near-Crash,Not a Crash,"Sideswipe, same direction (left or right)",Conflict with vehicle in adjacent lane,
128888732,0,1100,4100,4600,Near-Crash,Not a Crash,"Rear-end, striking",Conflict with a lead vehicle,
151856535,0,1000,1300,1900,Near-Crash,Not a Crash,"Rear-end, striking",Conflict with a lead vehicle,
150882989,0,,2700,3600,Crash,IV - Low-risk Tire Strike,Road departure (left or right),Single vehicle conflict,
151568666,0,100,1300,1800,Near-Crash,Not a Crash,Turn across path,Conflict with vehicle turning across another vehicle path (same direction),
151569269,0,4100,5100,5800,Near-Crash,Not a Crash,"Sideswipe, same direction (left or right)",Conflict with vehicle in adjacent lane,
36841173,0,,3100,4700,Crash,IV - Low-risk Tire Strike,Road departure (left or right),Single vehicle conflict,
33575108,0,900,2200,5200,Near-Crash,Not a Crash,"Rear-end, striking",Conflict with vehicle in adjacent lane,
143058369,0,1400,3500,4800,Near-Crash,Not a Crash,Animal-related,Conflict with animal,
151863130,0,600,1100,1200,Near-Crash,Not a Crash,Animal-related,Conflict with animal,
151589632,0,2700,4500,5300,Near-Crash,Not a Crash,"Rear-end, striking",Conflict with a lead vehicle,
33574934,0,3200,3600,4300,Near-Crash,Not a Crash,"Sideswipe, same direction (left or right)",Conflict with vehicle in adjacent lane,
36948420,0,,6800,7500,Crash,IV - Low-risk Tire Strike,Road departure (left or right),Single vehicle conflict,
151854733,0,,1000,2200,Crash,II - Police-reportable Crash,"Rear-end, struck",Conflict with a following vehicle,
151598311,0,1300,2300,3100,Near-Crash,Not a Crash,"Rear-end, striking",Conflict with a lead vehicle,
96898041,0,,3400,4800,Crash,IV - Low-risk Tire Strike,Road departure (left or right),Single vehicle conflict,
138351786,0,900,4200,7900,Near-Crash,Not a Crash,"Sideswipe, same direction (left or right)",Conflict with merging vehicle,
61426813,0,800,1800,1800,Near-Crash,Not a Crash,Straight crossing path,Conflict with vehicle moving across another vehicle path (through intersection),
151568870,0,1900,4000,4900,Crash,III  - Minor Crash,Other,Conflict with obstacle/object in roadway,
151859788,0,1900,4600,5100,Near-Crash,Not a Crash,"Rear-end, striking",Conflict with a lead vehicle,
138337608,0,1400,3500,3800,Near-Crash,Not a Crash,Turn into path (opposite direction),Conflict with vehicle turning into another vehicle path (opposite direction),
142044170,0,1000,3000,3500,Near-Crash,Not a Crash,Turn across path,Conflict with vehicle turning across another vehicle path (same direction),
151568631,0,,700,1800,Crash,III  - Minor Crash,"Rear-end, struck",Conflict with a following vehicle,
135427624,0,400,1500,4600,Near-Crash,Not a Crash,Animal-related,Conflict with animal,
61216925,0,4300,5400,6600,Crash,IV - Low-risk Tire Strike,Road departure (left or right),Single vehicle conflict,
61432368,0,1100,3400,4300,Near-Crash,Not a Crash,"Rear-end, striking",Conflict with a lead vehicle,
151569107,0,4000,4600,5600,Near-Crash,Not a Crash,Turn into path (same direction),Conflict with vehicle turning into another vehicle path (same direction),
133753421,0,400,3400,4200,Near-Crash,Not a Crash,"Rear-end, striking",Conflict with a lead vehicle,
151568949,0,1300,3900,4900,Near-Crash,Not a Crash,"Rear-end, striking",Conflict with a lead vehicle,
151569052,0,1400,1800,3000,Near-Crash,Not a Crash,"Rear-end, striking",Conflict with a lead vehicle,
131846360,0,2000,2600,3400,Near-Crash,Not a Crash,"Rear-end, striking",Conflict with a lead vehicle,
151856653,0,400,1300,2600,Near-Crash,Not a Crash,"Rear-end, striking",Conflict with a lead vehicle,
131795647,0,1400,2800,4900,Near-Crash,Not a Crash,"Rear-end, striking",Conflict with a lead vehicle,
138592257,0,900,1600,2000,Near-Crash,Not a Crash,"Rear-end, striking",Conflict with a lead vehicle,
151086501,0,800,1400,1900,Near-Crash,Not a Crash,Turn into path (same direction),Conflict with vehicle turning into another vehicle path (same direction),
151569013,0,1100,1900,2400,Near-Crash,Not a Crash,"Sideswipe, same direction (left or right)",Conflict with vehicle in adjacent lane,
61211933,0,,700,2500,Crash,IV - Low-risk Tire Strike,Road departure (left or right),Single vehicle conflict,
151592979,0,1900,3000,3800,Near-Crash,Not a Crash,"Rear-end, striking",Conflict with a lead vehicle,
145435323,0,300,1700,2400,Near-Crash,Not a Crash,"Rear-end, striking",Conflict with vehicle in adjacent lane,
150716768,0,1700,6900,9100,Near-Crash,Not a Crash,Turn into path (same direction),Conflict with vehicle turning into another vehicle path (same direction),
144381032,0,2100,3100,3400,Near-Crash,Not a Crash,"Rear-end, striking",Conflict with a lead vehicle,
151878830,0,500,3800,3800,Near-Crash,Not a Crash,"Rear-end, striking",Conflict with a lead vehicle,
151856783,0,,1100,2900,Crash,IV - Low-risk Tire Strike,Road departure (left or right),Single vehicle conflict,
150884022,0,800,1300,2400,Near-Crash,Not a Crash,"Rear-end, striking",Conflict with vehicle in adjacent lane,
61426827,0,2000,2400,3200,Near-Crash,Not a Crash,"Sideswipe, same direction (left or right)",Conflict with vehicle in adjacent lane,
151558162,0,7400,8400,9800,Crash,III  - Minor Crash,Backing into traffic,Conflict with parked vehicle,
138364465,0,,2300,3900,Crash,IV - Low-risk Tire Strike,Road departure (left or right),Single vehicle conflict,
142053290,0,1000,2300,2900,Near-Crash,Not a Crash,Backing into traffic,Conflict with a lead vehicle,
135191521,0,,1700,3300,Crash,IV - Low-risk Tire Strike,Road departure (left or right),Single vehicle conflict,
145435340,0,3900,7100,8000,Near-Crash,Not a Crash,"Rear-end, striking",Conflict with a lead vehicle,
138246109,0,,2700,6900,Crash,IV - Low-risk Tire Strike,Road departure (left or right),Single vehicle conflict,
135191771,0,,4500,8700,Crash,IV - Low-risk Tire Strike,Road departure (left or right),Single vehicle conflict,
151607569,0,500,3800,3900,Near-Crash,Not a Crash,"Rear-end, striking",Conflict with a lead vehicle,
151573031,0,2300,4200,4800,Near-Crash,Not a Crash,"Rear-end, striking",Conflict with a lead vehicle,
138361771,0,1600,2800,3800,Near-Crash,Not a Crash,"Rear-end, striking",Conflict with vehicle in adjacent lane,
151550486,0,1600,2400,3100,Near-Crash,Not a Crash,Opposite direction (head-on or sideswipe),Conflict with oncoming traffic,
151550414,0,1200,4000,5100,Near-Crash,Not a Crash,"Rear-end, striking",Conflict with a lead vehicle,
138362035,0,4800,6300,8200,Near-Crash,Not a Crash,"Rear-end, striking",Conflict with a lead vehicle,
151609734,0,1100,3400,4400,Near-Crash,Not a Crash,"Rear-end, striking",Conflict with a lead vehicle,
142005159,0,200,1600,2200,Near-Crash,Not a Crash,Opposite direction (head-on or sideswipe),Conflict with oncoming traffic,
129878721,0,2600,3300,5500,Near-Crash,Not a Crash,Road departure (left or right),Single vehicle conflict,
76264665,0,,3600,5900,Crash,IV - Low-risk Tire Strike,Road departure (left or right),Single vehicle conflict,
151859480,0,1500,2500,3900,Near-Crash,Not a Crash,"Rear-end, striking",Conflict with a lead vehicle,
142044171,0,100,1800,2700,Near-Crash,Not a Crash,Turn into path (opposite direction),Conflict with vehicle turning into another vehicle path (opposite direction),
130475663,0,,4300,5200,Crash,IV - Low-risk Tire Strike,Road departure (left or right),Single vehicle conflict,
131821501,0,1100,5300,5900,Near-Crash,Not a Crash,"Rear-end, striking",Conflict with a lead vehicle,
131846362,0,100,2400,4100,Near-Crash,Not a Crash,"Rear-end, striking",Conflict with vehicle in adjacent lane,
35258190,0,3100,6700,7900,Near-Crash,Not a Crash,Turn into path (same direction),Conflict with vehicle turning into another vehicle path (same direction),
151569083,0,1900,2600,3200,Near-Crash,Not a Crash,"Rear-end, striking",Conflict with a lead vehicle,
36304073,0,1700,1900,7300,Crash,III  - Minor Crash,Other,Conflict with obstacle/object in roadway,
35258325,0,2000,2900,5900,Crash,II - Police-reportable Crash,Turn across path,Conflict with vehicle turning across another vehicle path (opposite direction),
151591143,0,500,4600,5300,Near-Crash,Not a Crash,"Rear-end, striking",Conflict with a lead vehicle,
151568859,0,500,3200,4600,Near-Crash,Not a Crash,"Rear-end, striking",Conflict with a lead vehicle,
151591692,0,500,2600,5000,Near-Crash,Not a Crash,"Rear-end, striking",Conflict with a lead vehicle,
138591525,0,,4400,5700,Crash,IV - Low-risk Tire Strike,Road departure (left or right),Single vehicle conflict,
134036183,0,1500,3400,4300,Near-Crash,Not a Crash,"Rear-end, striking",Conflict with a lead vehicle,
151878864,0,700,3800,5500,Near-Crash,Not a Crash,Straight crossing path,Conflict with vehicle moving across another vehicle path (through intersection),
142017290,0,300,9600,12300,Near-Crash,Not a Crash,"Rear-end, striking",Conflict with a lead vehicle,
136343991,0,4500,4700,6200,Crash,III  - Minor Crash,Road departure (left or right),Single vehicle conflict,
151878869,0,200,1900,2200,Near-Crash,Not a Crash,Turn across path,Conflict with vehicle turning across another vehicle path (opposite direction),
61211854,0,,4400,7200,Crash,I - Most Severe,"Rear-end, struck",Conflict with a following vehicle,
35257223,0,2400,3100,6300,Near-Crash,Not a Crash,Pedestrian-related,Conflict with pedestrian,
142043218,0,200,4700,5400,Near-Crash,Not a Crash,"Rear-end, striking",Conflict with merging vehicle,
151550404,0,1600,3100,3700,Near-Crash,Not a Crash,"Rear-end, striking",Conflict with vehicle in adjacent lane,
61386959,0,100,1200,1900,Near-Crash,Not a Crash,Animal-related,Conflict with animal,
138077582,0,700,1700,2200,Near-Crash,Not a Crash,"Rear-end, striking",Conflict with a lead vehicle,
61432394,0,800,1500,3000,Near-Crash,Not a Crash,Turn into path (same direction),Conflict with vehicle turning into another vehicle path (same direction),
151573871,0,0,1600,2500,Crash,III  - Minor Crash,Animal-related,Conflict with animal,
64574225,0,1200,1800,3400,Near-Crash,Not a Crash,Animal-related,Conflict with animal,
61426791,0,200,1000,2500,Near-Crash,Not a Crash,"Sideswipe, same direction (left or right)",Conflict with vehicle in adjacent lane,
151569667,0,1900,2800,4800,Near-Crash,Not a Crash,"Rear-end, striking",Conflict with vehicle in adjacent lane,
151856703,0,,800,2300,Crash,III  - Minor Crash,Road departure (left or right),Single vehicle conflict,
151591699,0,3000,5000,5300,Near-Crash,Not a Crash,Turn into path (same direction),Conflict with vehicle turning into another vehicle path (same direction),
132520939,0,5500,5300,6500,Crash,IV - Low-risk Tire Strike,Road departure (left or right),Single vehicle conflict,
138364391,0,400,800,1000,Near-Crash,Not a Crash,"Sideswipe, same direction (left or right)",Conflict with vehicle in adjacent lane,
151352636,0,500,900,1400,Near-Crash,Not a Crash,Animal-related,Conflict with animal,
151086392,0,200,2000,2400,Near-Crash,Not a Crash,Turn across path,Conflict with vehicle turning across another vehicle path (opposite direction),
151860013,0,1800,2800,3300,Near-Crash,Not a Crash,"Rear-end, striking",Conflict with a lead vehicle,
130473604,0,2700,3100,3600,Near-Crash,Not a Crash,"Sideswipe, same direction (left or right)",Conflict with vehicle in adjacent lane,
151581529,0,1700,2500,3500,Near-Crash,Not a Crash,"Sideswipe, same direction (left or right)",Conflict with vehicle in adjacent lane,
131821507,0,200,1700,2400,Near-Crash,Not a Crash,"Rear-end, striking",Conflict with a lead vehicle,
135946520,0,,2400,4200,Crash,III  - Minor Crash,"Rear-end, struck",Conflict with a following vehicle,
151568911,0,1400,3600,3800,Near-Crash,Not a Crash,Turn into path (opposite direction),Conflict with vehicle turning into another vehicle path (opposite direction),
151337418,0,3500,5200,6300,Near-Crash,Not a Crash,"Rear-end, striking",Conflict with a lead vehicle,
151864919,0,2000,2400,2700,Near-Crash,Not a Crash,"Rear-end, striking",Conflict with a lead vehicle,
35258186,0,2500,3100,6400,Crash,I - Most Severe,Straight crossing path,Conflict with vehicle moving across another vehicle path (through intersection),
61427034,0,2400,6000,6800,Near-Crash,Not a Crash,"Rear-end, striking",Conflict with a lead vehicle,
35258328,0,400,1700,6300,Crash,I - Most Severe,"Sideswipe, same direction (left or right)",Conflict with vehicle in adjacent lane,
142030155,0,900,2200,3700,Near-Crash,Not a Crash,Turn into path (same direction),Conflict with vehicle turning into another vehicle path (same direction),
151866554,0,1500,1600,2400,Crash,IV - Low-risk Tire Strike,Road departure (left or right),Single vehicle conflict,
151568712,0,,4100,6500,Crash,IV - Low-risk Tire Strike,Road departure (left or right),Single vehicle conflict,
61426955,0,,2600,5000,Crash,IV - Low-risk Tire Strike,Road departure (end),Single vehicle conflict,
138362562,0,400,700,1200,Near-Crash,Not a Crash,"Rear-end, striking",Conflict with a lead vehicle,
151574079,0,300,1800,2300,Near-Crash,Not a Crash,"Rear-end, striking",Conflict with vehicle in adjacent lane,
116168897,0,3800,4500,5000,Near-Crash,Not a Crash,Other,Conflict with parked vehicle,
151859431,0,0,3700,5500,Near-Crash,Not a Crash,Other,Conflict with obstacle/object in roadway,
151601478,0,400,2300,2500,Near-Crash,Not a Crash,Turn across path,Conflict with vehicle turning across another vehicle path (opposite direction),
151578952,0,200,4900,5800,Near-Crash,Not a Crash,"Rear-end, striking",Conflict with a lead vehicle,
138335146,0,100,1400,1500,Near-Crash,Not a Crash,"Rear-end, striking",Conflict with vehicle in adjacent lane,
151864916,0,1600,2300,3200,Near-Crash,Not a Crash,"Rear-end, striking",Conflict with a lead vehicle,
138325261,0,1800,3000,3300,Near-Crash,Not a Crash,"Rear-end, striking",Conflict with a lead vehicle,
151878863,0,300,1500,1900,Near-Crash,Not a Crash,Opposite direction (head-on or sideswipe),Conflict with oncoming traffic,
151592267,0,3300,4400,6100,Near-Crash,Not a Crash,"Rear-end, striking",Conflict with a lead vehicle,
138361346,0,0,3100,4300,Near-Crash,Not a Crash,Other,Conflict with obstacle/object in roadway,
130441813,0,1700,3600,4100,Near-Crash,Not a Crash,Turn across path,Conflict with vehicle turning across another vehicle path (opposite direction),
128906462,0,,3200,4600,Crash,IV - Low-risk Tire Strike,Road departure (left or right),Single vehicle conflict,
96898042,0,2500,3600,4900,Near-Crash,Not a Crash,Turn into path (opposite direction),Conflict with vehicle turning into another vehicle path (opposite direction),
128906317,0,400,1400,1700,Near-Crash,Not a Crash,Animal-related,Conflict with animal,
151579580,0,400,2200,2600,Near-Crash,Not a Crash,"Rear-end, striking",Conflict with a lead vehicle,
138350555,0,1300,2500,5400,Near-Crash,Not a Crash,Backing into traffic,Conflict with parked vehicle,
116163020,0,3300,4300,4800,Near-Crash,Not a Crash,"Rear-end, striking",Conflict with a lead vehicle,
151592269,0,1700,2900,3600,Near-Crash,Not a Crash,"Sideswipe, same direction (left or right)",Conflict with vehicle in adjacent lane,
131821503,0,,3900,5100,Crash,IV - Low-risk Tire Strike,Road departure (left or right),Single vehicle conflict,
130421944,0,3400,4700,5800,Near-Crash,Not a Crash,"Rear-end, striking",Conflict with a lead vehicle,
131286564,0,2200,3900,4100,Near-Crash,Not a Crash,"Rear-end, striking",Conflict with a lead vehicle,
116163142,0,1000,2300,3300,Near-Crash,Not a Crash,"Sideswipe, same direction (left or right)",Conflict with vehicle in adjacent lane,
151864882,0,,1600,2400,Near-Crash,Not a Crash,"Rear-end, striking",Conflict with vehicle in adjacent lane,
142449817,0,1600,2400,3500,Near-Crash,Not a Crash,"Rear-end, striking",Conflict with vehicle in adjacent lane,
76264699,0,2600,2400,4100,Crash,IV - Low-risk Tire Strike,Road departure (left or right),Single vehicle conflict,
151591147,0,900,1200,4300,Near-Crash,Not a Crash,"Sideswipe, same direction (left or right)",Conflict with vehicle in adjacent lane,
142044570,0,1800,2600,3400,Near-Crash,Not a Crash,Turn into path (same direction),Conflict with vehicle turning into another vehicle path (same direction),
151859890,0,1100,1300,2200,Near-Crash,Not a Crash,"Rear-end, striking",Conflict with vehicle in adjacent lane,
116163021,0,4100,4700,5700,Crash,III  - Minor Crash,Road departure (end),Single vehicle conflict,
151568742,0,300,1900,2300,Near-Crash,Not a Crash,"Rear-end, striking",Conflict with a lead vehicle,
116163146,0,2100,3900,4700,Near-Crash,Not a Crash,"Rear-end, striking",Conflict with a lead vehicle,
130441812,0,1600,3700,4500,Near-Crash,Not a Crash,"Rear-end, striking",Conflict with a lead vehicle,
2934487,0,3100,3900,5900,Crash,I - Most Severe,"Rear-end, striking",Conflict with a lead vehicle,
135277335,0,3000,3600,3700,Near-Crash,Not a Crash,"Rear-end, striking",Conflict with a lead vehicle,
116147383,0,1700,3300,4000,Near-Crash,Not a Crash,Turn into path (opposite direction),Conflict with vehicle turning into another vehicle path (opposite direction),
76264652,0,900,1400,3700,Crash,III  - Minor Crash,Animal-related,Conflict with animal,
151573035,0,1100,1700,2500,Near-Crash,Not a Crash,"Sideswipe, same direction (left or right)",Conflict with vehicle in adjacent lane,
151575012,0,1500,1800,2300,Near-Crash,Not a Crash,"Rear-end, striking",Conflict with a lead vehicle,
116147341,0,1200,4100,5300,Near-Crash,Not a Crash,"Rear-end, striking",Conflict with a lead vehicle,
151598161,0,1000,2400,5800,Near-Crash,Not a Crash,"Sideswipe, same direction (left or right)",Conflict with vehicle in adjacent lane,
151581050,0,3000,6100,6600,Near-Crash,Not a Crash,Backing into traffic,Conflict with vehicle turning into another vehicle path (same direction),
132364438,0,,3100,5300,Crash,IV - Low-risk Tire Strike,Road departure (left or right),Single vehicle conflict,
130441803,0,,6600,7400,Crash,III  - Minor Crash,Road departure (left or right),Single vehicle conflict,
116163184,0,1700,5000,6500,Crash,III  - Minor Crash,Road departure (left or right),Single vehicle conflict,
116147325,0,400,2100,2700,Near-Crash,Not a Crash,"Rear-end, striking",Conflict with a lead vehicle,
116147340,0,500,2100,3500,Near-Crash,Not a Crash,Turn across path,Conflict with vehicle turning across another vehicle path (same direction),
138608235,0,2300,2600,3800,Near-Crash,Not a Crash,Straight crossing path,Conflict with vehicle moving across another vehicle path (through intersection),
151592154,0,300,1000,1900,Near-Crash,Not a Crash,"Sideswipe, same direction (left or right)",Conflict with vehicle in adjacent lane,
151866535,0,1900,2800,3500,Near-Crash,Not a Crash,"Rear-end, striking",Conflict with vehicle in adjacent lane,
133190068,0,,3900,5200,Crash,IV - Low-risk Tire Strike,Road departure (left or right),Single vehicle conflict,
143062598,0,300,1200,2700,Near-Crash,Not a Crash,Other,Conflict with obstacle/object in roadway,
151864873,0,200,1100,3100,Near-Crash,Not a Crash,Pedestrian-related,Conflict with pedestrian,
151573882,0,800,1100,1500,Near-Crash,Not a Crash,Straight crossing path,Conflict with vehicle moving across another vehicle path (through intersection),
135123003,0,1400,2300,3000,Crash,III  - Minor Crash,Road departure (left or right),Single vehicle conflict,
151352184,0,,7500,7800,Crash,III  - Minor Crash,"Backing, fixed object",Conflict with obstacle/object in roadway,
151865013,0,2300,0,3600,Crash,III  - Minor Crash,Road departure (left or right),Single vehicle conflict,
132620443,0,2900,4600,5000,Near-Crash,Not a Crash,Turn across path,Conflict with vehicle turning across another vehicle path (opposite direction),
151596591,0,700,2500,4000,Near-Crash,Not a Crash,Turn into path (opposite direction),Conflict with vehicle turning into another vehicle path (opposite direction),
132371104,0,1800,1800,3500,Crash,III  - Minor Crash,Road departure (left or right),Single vehicle conflict,
138353243,0,200,1500,3000,Near-Crash,Not a Crash,"Rear-end, striking",Conflict with vehicle in adjacent lane,
116163026,0,,6800,7800,Crash,III  - Minor Crash,"Rear-end, striking",Conflict with a lead vehicle,
151573862,0,4700,6100,6700,Near-Crash,Not a Crash,"Rear-end, striking",Conflict with a lead vehicle,
142030042,0,200,300,1100,Near-Crash,Not a Crash,"Sideswipe, same direction (left or right)",Conflict with vehicle in adjacent lane,
151595163,0,1400,2800,3000,Near-Crash,Not a Crash,Turn across path,Conflict with vehicle turning across another vehicle path (opposite direction),
135947090,0,800,1300,2500,Near-Crash,Not a Crash,"Sideswipe, same direction (left or right)",Conflict with vehicle in adjacent lane,
130935020,0,800,1700,3100,Near-Crash,Not a Crash,"Sideswipe, same direction (left or right)",Conflict with vehicle in adjacent lane,
142050717,0,,1900,2900,Crash,IV - Low-risk Tire Strike,Road departure (left or right),Single vehicle conflict,
151856720,0,,1700,2900,Crash,IV - Low-risk Tire Strike,Road departure (left or right),Single vehicle conflict,
151865021,0,100,1300,2000,Near-Crash,Not a Crash,"Rear-end, striking",Conflict with vehicle in adjacent lane,
142005142,0,4300,5200,7300,Near-Crash,Not a Crash,"Rear-end, striking",Conflict with vehicle in adjacent lane,
136043662,0,,800,4300,Crash,IV - Low-risk Tire Strike,Road departure (left or right),Single vehicle conflict,
138221725,0,4500,6200,6800,Near-Crash,Not a Crash,"Rear-end, striking",Conflict with a lead vehicle,
116592033,0,700,2500,3000,Crash,IV - Low-risk Tire Strike,Road departure (left or right),Single vehicle conflict,
133754824,0,,2400,4300,Crash,IV - Low-risk Tire Strike,Road departure (left or right),Single vehicle conflict,
128888401,0,,1900,3300,Crash,IV - Low-risk Tire Strike,Road departure (left or right),Single vehicle conflict,
151573797,0,900,2400,3100,Near-Crash,Not a Crash,"Rear-end, striking",Conflict with a lead vehicle,
76264670,0,1100,2200,3400,Near-Crash,Not a Crash,Turn into path (same direction),Conflict with vehicle turning into another vehicle path (same direction),
135449393,0,,2000,3600,Crash,III  - Minor Crash,"Rear-end, struck",Conflict with a following vehicle,
137024100,0,500,1200,1800,Near-Crash,Not a Crash,"Sideswipe, same direction (left or right)",Conflict with vehicle in adjacent lane,
142043321,0,4500,4500,6300,Near-Crash,Not a Crash,"Sideswipe, same direction (left or right)",Conflict with vehicle in adjacent lane,
151568568,0,500,2700,3100,Near-Crash,Not a Crash,Other,Conflict with obstacle/object in roadway,
151603389,0,1200,2500,3300,Near-Crash,Not a Crash,"Rear-end, striking",Conflict with a lead vehicle,
128906330,0,2300,2800,3900,Near-Crash,Not a Crash,Pedestrian-related,Conflict with pedestrian,
116168896,0,2700,3300,4700,Crash,II - Police-reportable Crash,Turn into path (opposite direction),Conflict with vehicle turning into another vehicle path (opposite direction),
33575058,0,300,1200,2100,Near-Crash,Not a Crash,"Sideswipe, same direction (left or right)",Conflict with vehicle in adjacent lane,
61427035,0,500,3700,4600,Near-Crash,Not a Crash,Animal-related,Conflict with animal,
35257206,0,2500,3400,8200,Crash,II - Police-reportable Crash,"Rear-end, striking",Conflict with a lead vehicle,
151854753,0,6700,8600,8800,Near-Crash,Not a Crash,"Rear-end, striking",Conflict with a lead vehicle,
151578956,0,2000,3700,4400,Near-Crash,Not a Crash,"Rear-end, striking",Conflict with vehicle in adjacent lane,
96898040,0,,1100,2600,Crash,IV - Low-risk Tire Strike,Road departure (left or right),Single vehicle conflict,
138213338,0,300,4300,4400,Near-Crash,Not a Crash,"Rear-end, striking",Conflict with a lead vehicle,
64553428,0,900,700,17100,Near-Crash,Not a Crash,Other,Single vehicle conflict,
135128413,0,1800,5600,5800,Near-Crash,Not a Crash,"Rear-end, striking",Conflict with a lead vehicle,
61426927,0,,5200,5800,Crash,III  - Minor Crash,Road departure (end),Single vehicle conflict,
138077592,0,1700,3800,4000,Near-Crash,Not a Crash,"Rear-end, striking",Conflict with a lead vehicle,
33575119,0,,1600,3300,Crash,II - Police-reportable Crash,"Rear-end, struck",Conflict with a following vehicle,
135977964,0,,2200,3600,Crash,IV - Low-risk Tire Strike,Road departure (left or right),Single vehicle conflict,
151590870,0,,900,3300,Near-Crash,Not a Crash,"Sideswipe, same direction (left or right)",Conflict with vehicle in adjacent lane,
151568876,0,2000,2700,2800,Crash,III  - Minor Crash,Other,Conflict with obstacle/object in roadway,
61216642,0,,1700,3600,Crash,IV - Low-risk Tire Strike,Road departure (left or right),Single vehicle conflict,
133754076,0,,1800,3800,Crash,IV - Low-risk Tire Strike,Road departure (left or right),Single vehicle conflict,
61426964,0,200,900,1700,Near-Crash,Not a Crash,Road departure (left or right),Single vehicle conflict,
76264664,0,1700,1400,2500,Crash,IV - Low-risk Tire Strike,Road departure (left or right),Single vehicle conflict,
151574960,0,200,4600,6100,Near-Crash,Not a Crash,"Rear-end, striking",Conflict with a lead vehicle,
61426820,0,800,2700,5000,Near-Crash,Not a Crash,"Rear-end, striking",Conflict with a lead vehicle,
151569212,0,1100,2200,2900,Near-Crash,Not a Crash,"Sideswipe, same direction (left or right)",Conflict with vehicle in adjacent lane,
132620452,0,1600,3300,4800,Near-Crash,Not a Crash,Turn into path (same direction),Conflict with vehicle turning into another vehicle path (same direction),
142044258,0,500,1500,2900,Near-Crash,Not a Crash,Turn into path (opposite direction),Conflict with vehicle turning into another vehicle path (opposite direction),
61432344,0,600,1100,2100,Near-Crash,Not a Crash,"Rear-end, striking",Conflict with a lead vehicle,
61432349,0,400,1900,2800,Near-Crash,Not a Crash,"Rear-end, striking",Conflict with a lead vehicle,
61432395,0,400,1300,2600,Near-Crash,Not a Crash,"Rear-end, striking",Conflict with vehicle in adjacent lane,
64574220,0,500,4000,9000,Near-Crash,Not a Crash,"Rear-end, striking",Conflict with a lead vehicle,
143588060,0,500,1900,4000,Near-Crash,Not a Crash,"Sideswipe, same direction (left or right)",Conflict with vehicle in adjacent lane,
151568813,0,900,1200,3100,Near-Crash,Not a Crash,"Sideswipe, same direction (left or right)",Conflict with vehicle in adjacent lane,
151598163,0,2300,3800,4500,Near-Crash,Not a Crash,Turn into path (same direction),Conflict with vehicle turning into another vehicle path (same direction),
151594440,0,1100,3100,3900,Near-Crash,Not a Crash,"Rear-end, striking",Conflict with vehicle in adjacent lane,
33994015,0,700,2400,4900,Crash,I - Most Severe,Turn across path,Conflict with vehicle turning across another vehicle path (opposite direction),
151600670,0,1500,2500,3100,Near-Crash,Not a Crash,Turn into path (opposite direction),Conflict with vehicle turning into another vehicle path (opposite direction),
61426769,0,3400,4500,11300,Near-Crash,Not a Crash,Road departure (left or right),Single vehicle conflict,
61432346,0,1000,2600,3000,Near-Crash,Not a Crash,"Rear-end, striking",Conflict with a lead vehicle,
151581539,0,100,1900,2700,Near-Crash,Not a Crash,"Rear-end, striking",Conflict with a lead vehicle,
61216926,0,,6000,8800,Crash,IV - Low-risk Tire Strike,Road departure (end),Single vehicle conflict,
135086117,0,2000,3200,5300,Near-Crash,Not a Crash,"Rear-end, striking",Conflict with a lead vehicle,
142044425,0,800,1400,2200,Near-Crash,Not a Crash,Turn across path,Conflict with vehicle turning across another vehicle path (opposite direction),
131785451,0,3000,4700,5900,Near-Crash,Not a Crash,Turn into path (same direction),Conflict with vehicle turning into another vehicle path (same direction),
151573799,0,2000,3900,4400,Near-Crash,Not a Crash,"Rear-end, striking",Conflict with a lead vehicle,
61426760,0,,3500,5700,Crash,IV - Low-risk Tire Strike,Road departure (left or right),Single vehicle conflict,
61432367,0,500,2200,3400,Near-Crash,Not a Crash,Turn into path (same direction),Conflict with vehicle turning into another vehicle path (same direction),
64574228,0,2600,3500,4400,Near-Crash,Not a Crash,"Sideswipe, same direction (left or right)",Conflict with vehicle in adjacent lane,
151856316,0,900,1800,4200,Near-Crash,Not a Crash,Turn across path,Conflict with vehicle turning across another vehicle path (opposite direction),
142047963,0,3000,3900,4400,Near-Crash,Not a Crash,"Rear-end, striking",Conflict with a lead vehicle,
61427016,0,1100,2400,3200,Near-Crash,Not a Crash,Animal-related,Conflict with animal,
61386958,0,1400,1400,3300,Crash,III  - Minor Crash,Road departure (left or right),Single vehicle conflict,
142049764,0,3000,4300,4900,Near-Crash,Not a Crash,"Rear-end, striking",Conflict with a lead vehicle,
135188814,0,5000,5200,6800,Crash,I - Most Severe,"Rear-end, striking",Conflict with a lead vehicle,
151856762,0,,2100,4400,Crash,III  - Minor Crash,Road departure (left or right),Single vehicle conflict,
145435324,0,900,2300,2400,Near-Crash,Not a Crash,"Rear-end, striking",Conflict with a lead vehicle,
138592419,0,700,2800,4900,Near-Crash,Not a Crash,Turn into path (same direction),Conflict with vehicle turning into another vehicle path (same direction),
151870564,0,600,1800,2100,Near-Crash,Not a Crash,Turn into path (opposite direction),Conflict with vehicle turning into another vehicle path (opposite direction),
151570695,0,2700,4400,4900,Near-Crash,Not a Crash,"Rear-end, striking",Conflict with a lead vehicle,
151568505,0,3600,4000,4300,Near-Crash,Not a Crash,"Rear-end, striking",Conflict with a lead vehicle,
151592975,0,700,2900,3600,Near-Crash,Not a Crash,"Rear-end, striking",Conflict with a lead vehicle,
151568821,0,2200,3500,5000,Near-Crash,Not a Crash,"Rear-end, striking",Conflict with a lead vehicle,
128906332,0,100,2300,3900,Near-Crash,Not a Crash,"Rear-end, striking",Conflict with vehicle in adjacent lane,
151579958,0,900,1100,1900,Near-Crash,Not a Crash,"Sideswipe, same direction (left or right)",Conflict with vehicle in adjacent lane,
151598430,0,1400,1800,2000,Near-Crash,Not a Crash,"Rear-end, striking",Conflict with vehicle in adjacent lane,
61385911,0,700,1300,2300,Near-Crash,Not a Crash,"Sideswipe, same direction (left or right)",Conflict with vehicle in adjacent lane,
116163144,0,3400,3500,5200,Crash,II - Police-reportable Crash,"Rear-end, striking",Conflict with a lead vehicle,
151856537,0,1200,3500,3800,Near-Crash,Not a Crash,Turn into path (opposite direction),Conflict with vehicle turning into another vehicle path (opposite direction),
151592960,0,500,1100,1600,Near-Crash,Not a Crash,Animal-related,Conflict with animal,
135130153,0,1500,3800,4800,Near-Crash,Not a Crash,"Rear-end, striking",Conflict with a lead vehicle,
151600654,0,700,2700,3100,Near-Crash,Not a Crash,Turn into path (same direction),Conflict with vehicle turning into another vehicle path (same direction),
151568928,0,900,2600,5800,Near-Crash,Not a Crash,"Rear-end, striking",Conflict with a lead vehicle,
60631668,0,2900,3500,4300,Near-Crash,Not a Crash,Road departure (left or right),Single vehicle conflict,
61211927,0,3800,4100,4900,Crash,III  - Minor Crash,"Rear-end, striking",Conflict with a lead vehicle,
64553429,0,400,700,1300,Near-Crash,Not a Crash,Pedestrian-related,Conflict with pedestrian,
130473603,0,4900,4600,6600,Crash,IV - Low-risk Tire Strike,Road departure (left or right),Single vehicle conflict,
151569256,0,3400,3800,4800,Near-Crash,Not a Crash,"Sideswipe, same direction (left or right)",Conflict with vehicle in adjacent lane,
151568832,0,1400,2300,2900,Near-Crash,Not a Crash,"Sideswipe, same direction (left or right)",Conflict with vehicle in adjacent lane,
151859424,0,1800,5200,6200,Near-Crash,Not a Crash,"Rear-end, struck",Conflict with a following vehicle,
129878684,0,,3200,5400,Crash,IV - Low-risk Tire Strike,Road departure (left or right),Single vehicle conflict,
61385323,0,600,1900,3000,Near-Crash,Not a Crash,"Rear-end, striking",Conflict with a lead vehicle,
142351418,0,700,1900,4500,Near-Crash,Not a Crash,Turn across path,Conflict with vehicle turning across another vehicle path (opposite direction),
151870576,0,1300,3700,4100,Near-Crash,Not a Crash,"Sideswipe, same direction (left or right)",Conflict with vehicle in adjacent lane,
36841177,0,3800,4800,5800,Near-Crash,Not a Crash,Turn into path (opposite direction),Conflict with vehicle turning into another vehicle path (opposite direction),
151859578,0,100,3400,4100,Near-Crash,Not a Crash,"Rear-end, striking",Conflict with a lead vehicle,
130441802,0,,3200,4400,Crash,IV - Low-risk Tire Strike,Road departure (left or right),Single vehicle conflict,
151859441,0,1000,3100,4300,Near-Crash,Not a Crash,"Rear-end, striking",Conflict with a lead vehicle,
61426810,0,200,1000,1600,Near-Crash,Not a Crash,"Sideswipe, same direction (left or right)",Conflict with vehicle in adjacent lane,
151586135,0,2200,4200,5200,Near-Crash,Not a Crash,"Rear-end, striking",Conflict with vehicle in adjacent lane,
61385910,0,2300,2900,3700,Near-Crash,Not a Crash,"Rear-end, striking",Conflict with a lead vehicle,
151569697,0,500,2700,3700,Near-Crash,Not a Crash,Other,Conflict with obstacle/object in roadway,
151568806,0,300,3000,4100,Near-Crash,Not a Crash,"Rear-end, striking",Conflict with a lead vehicle,
143062726,0,,2100,3400,Crash,IV - Low-risk Tire Strike,Road departure (left or right),Single vehicle conflict,
61385936,0,1600,2300,3100,Near-Crash,Not a Crash,"Sideswipe, same direction (left or right)",Conflict with merging vehicle,
151856700,0,500,7700,8300,Near-Crash,Not a Crash,"Rear-end, striking",Conflict with a lead vehicle,
134049268,0,2800,3200,3800,Near-Crash,Not a Crash,"Rear-end, striking",Conflict with a lead vehicle,
135946649,0,800,1500,1900,Near-Crash,Not a Crash,"Rear-end, striking",Conflict with a lead vehicle,
151878861,0,900,2100,2600,Near-Crash,Not a Crash,Turn into path (opposite direction),Conflict with vehicle turning into another vehicle path (opposite direction),
151582035,0,2200,5600,7800,Near-Crash,Not a Crash,"Rear-end, striking",Conflict with vehicle in adjacent lane,
135946499,0,1600,4700,4700,Near-Crash,Not a Crash,"Rear-end, striking",Conflict with a lead vehicle,
35826912,0,4000,5600,6800,Near-Crash,Not a Crash,"Sideswipe, same direction (left or right)",Conflict with parked vehicle,
116224318,0,900,4100,6100,Near-Crash,Not a Crash,Turn into path (same direction),Conflict with vehicle turning into another vehicle path (same direction),
142044600,0,700,3000,4500,Near-Crash,Not a Crash,Turn into path (same direction),Conflict with vehicle turning into another vehicle path (same direction),
151878907,0,1900,3800,5400,Near-Crash,Not a Crash,"Rear-end, striking",Conflict with a lead vehicle,
131785440,0,,1000,2800,Crash,I - Most Severe,"Rear-end, struck",Conflict with a following vehicle,
138077763,0,500,2300,3000,Near-Crash,Not a Crash,"Rear-end, striking",Conflict with a lead vehicle,
150883906,0,700,1800,2800,Near-Crash,Not a Crash,"Rear-end, striking",Conflict with a lead vehicle,
138630073,0,,3600,5900,Crash,IV - Low-risk Tire Strike,Road departure (left or right),Single vehicle conflict,
151568673,0,1000,3200,3600,Near-Crash,Not a Crash,"Rear-end, striking",Conflict with a lead vehicle,
151856643,0,,600,3400,Crash,IV - Low-risk Tire Strike,Road departure (left or right),Single vehicle conflict,
132884823,0,100,1100,3800,Near-Crash,Not a Crash,"Sideswipe, same direction (left or right)",Conflict with vehicle in adjacent lane,
67465643,0,4700,4500,6900,Crash,IV - Low-risk Tire Strike,Road departure (left or right),Single vehicle conflict,
61426793,0,3000,2800,4400,Crash,IV - Low-risk Tire Strike,Road departure (left or right),Single vehicle conflict,
61432357,0,1700,4900,5300,Near-Crash,Not a Crash,"Rear-end, striking",Conflict with a lead vehicle,
9943418,0,,200,3000,Crash,III  - Minor Crash,"Rear-end, struck",Conflict with a following vehicle,
151598435,0,3400,4900,5400,Near-Crash,Not a Crash,"Rear-end, striking",Conflict with a lead vehicle,
128903611,0,2100,2600,3200,Near-Crash,Not a Crash,"Sideswipe, same direction (left or right)",Conflict with vehicle in adjacent lane,
151579942,0,200,2300,3200,Near-Crash,Not a Crash,Other,Conflict with obstacle/object in roadway,
151865040,0,200,1300,1600,Near-Crash,Not a Crash,Turn across path,Conflict with vehicle turning across another vehicle path (opposite direction),
132522489,0,,4400,5700,Crash,IV - Low-risk Tire Strike,Road departure (left or right),Single vehicle conflict,
61211930,0,2800,2800,4700,Crash,I - Most Severe,"Rear-end, struck",Conflict with a following vehicle,
151587805,0,800,3300,3900,Near-Crash,Not a Crash,"Rear-end, striking",Conflict with merging vehicle,
64646322,0,100,1500,1800,Near-Crash,Not a Crash,"Sideswipe, same direction (left or right)",Conflict with vehicle in adjacent lane,
61211855,0,1900,3000,4400,Crash,I - Most Severe,"Rear-end, striking",Conflict with a lead vehicle,
151574547,0,100,5400,5800,Near-Crash,Not a Crash,"Rear-end, striking",Conflict with a lead vehicle,
151568603,0,1400,2500,4200,Near-Crash,Not a Crash,Other,Conflict with obstacle/object in roadway,
61427012,0,300,2000,5500,Near-Crash,Not a Crash,Turn into path (same direction),Conflict with vehicle turning into another vehicle path (same direction),
61211795,0,5200,6000,7200,Crash,III  - Minor Crash,Road departure (left or right),Single vehicle conflict,
61385918,0,1200,1000,2100,Crash,IV - Low-risk Tire Strike,Road departure (left or right),Single vehicle conflict,
151591696,0,5900,7600,8300,Near-Crash,Not a Crash,"Rear-end, striking",Conflict with a lead vehicle,
29857502,0,700,1500,3300,Near-Crash,Not a Crash,"Sideswipe, same direction (left or right)",Conflict with vehicle in adjacent lane,
30882467,0,4000,4300,7800,Near-Crash,Not a Crash,"Sideswipe, same direction (left or right)",Conflict with vehicle in adjacent lane,
151601466,0,700,1100,2000,Near-Crash,Not a Crash,"Rear-end, striking",Conflict with vehicle in adjacent lane,
138361767,0,1100,2200,3700,Near-Crash,Not a Crash,Opposite direction (head-on or sideswipe),Conflict with oncoming traffic,
151856654,0,1400,2300,2900,Near-Crash,Not a Crash,"Rear-end, striking",Conflict with vehicle in adjacent lane,
131846361,0,2600,4800,5300,Near-Crash,Not a Crash,"Rear-end, striking",Conflict with a lead vehicle,
132907255,0,4000,4400,5500,Crash,IV - Low-risk Tire Strike,Road departure (left or right),Single vehicle conflict,
151856751,0,,3300,4400,Crash,IV - Low-risk Tire Strike,Road departure (left or right),Single vehicle conflict,
151866540,0,200,1600,3000,Near-Crash,Not a Crash,"Rear-end, striking",Conflict with a lead vehicle,
151578942,0,900,2200,3400,Near-Crash,Not a Crash,"Sideswipe, same direction (left or right)",Conflict with vehicle in adjacent lane,
61216921,0,,3300,4100,Crash,IV - Low-risk Tire Strike,Road departure (end),Single vehicle conflict,
151865085,0,300,1500,2100,Near-Crash,Not a Crash,"Sideswipe, same direction (left or right)",Conflict with vehicle in adjacent lane,
138364459,0,400,2300,2900,Near-Crash,Not a Crash,Turn into path (same direction),Conflict with vehicle turning into another vehicle path (same direction),
151859560,0,1400,3800,4600,Near-Crash,Not a Crash,"Rear-end, striking",Conflict with a lead vehicle,
61211925,0,,5100,6900,Crash,III  - Minor Crash,Road departure (left or right),Single vehicle conflict,
135130262,0,200,4100,5300,Near-Crash,Not a Crash,Turn into path (opposite direction),Conflict with vehicle turning into another vehicle path (opposite direction),
61427039,0,500,1900,2500,Near-Crash,Not a Crash,"Sideswipe, same direction (left or right)",Conflict with vehicle in adjacent lane,
151568474,0,500,1200,1800,Near-Crash,Not a Crash,Animal-related,Conflict with animal,
61386964,0,3700,5000,7700,Near-Crash,Not a Crash,"Sideswipe, same direction (left or right)",Conflict with vehicle in adjacent lane,
131846371,0,100,3800,4300,Near-Crash,Not a Crash,"Rear-end, striking",Conflict with a lead vehicle,
151589153,0,500,2400,5900,Near-Crash,Not a Crash,"Rear-end, striking",Conflict with merging vehicle,
151866536,0,100,600,1500,Near-Crash,Not a Crash,Pedestrian-related,Conflict with pedestrian,
61432391,0,500,2700,3500,Near-Crash,Not a Crash,Straight crossing path,Conflict with vehicle moving across another vehicle path (through intersection),
61426837,0,300,2400,2400,Near-Crash,Not a Crash,Turn into path (opposite direction),Conflict with vehicle turning into another vehicle path (opposite direction),
61426974,0,4700,5300,5900,Near-Crash,Not a Crash,"Rear-end, striking",Conflict with a lead vehicle,
36842964,0,2300,3800,4700,Near-Crash,Not a Crash,Pedalcyclist-related,Conflict with pedalcyclist,
138364410,0,2200,3900,4800,Near-Crash,Not a Crash,"Rear-end, striking",Conflict with a lead vehicle,
151568799,0,2800,3600,4400,Near-Crash,Not a Crash,"Rear-end, striking",Conflict with a lead vehicle,
51722140,0,4800,5000,6000,Near-Crash,Not a Crash,"Sideswipe, same direction (left or right)",Conflict with vehicle in adjacent lane,
61385333,0,1100,3200,3700,Near-Crash,Not a Crash,"Rear-end, striking",Conflict with a lead vehicle,
128906372,0,1200,1600,2800,Near-Crash,Not a Crash,"Sideswipe, same direction (left or right)",Conflict with vehicle in adjacent lane,
151581046,0,800,1200,2400,Near-Crash,Not a Crash,"Sideswipe, same direction (left or right)",Conflict with vehicle in adjacent lane,
151568869,0,700,3700,4700,Near-Crash,Not a Crash,"Rear-end, striking",Conflict with a lead vehicle,
6760679,0,2600,3100,6300,Crash,I - Most Severe,"Rear-end, striking",Conflict with a lead vehicle,
151568817,0,2700,3000,6300,Near-Crash,Not a Crash,"Sideswipe, same direction (left or right)",Conflict with vehicle in adjacent lane,
35257200,0,,8100,9300,Crash,IV - Low-risk Tire Strike,Road departure (end),Single vehicle conflict,
33574939,0,1600,2700,3400,Near-Crash,Not a Crash,"Rear-end, striking",Conflict with a lead vehicle,
143329190,0,4900,7500,9000,Near-Crash,Not a Crash,"Rear-end, striking",Conflict with a lead vehicle,
151852183,0,,500,1500,Crash,IV - Low-risk Tire Strike,Road departure (end),Single vehicle conflict,
61426973,0,12900,13200,14300,Near-Crash,Not a Crash,"Rear-end, striking",Conflict with a lead vehicle,
151591691,0,1700,2300,2700,Near-Crash,Not a Crash,Other,Single vehicle conflict,
151337499,0,900,1200,2100,Near-Crash,Not a Crash,"Sideswipe, same direction (left or right)",Conflict with vehicle in adjacent lane,
128888410,0,0,2100,3300,Near-Crash,Not a Crash,Turn across path,Conflict with vehicle turning across another vehicle path (opposite direction),
132371103,0,,400,2700,Crash,IV - Low-risk Tire Strike,Road departure (left or right),Single vehicle conflict,
135280184,0,3800,6200,6800,Near-Crash,Not a Crash,"Rear-end, striking",Conflict with a lead vehicle,
151589154,0,2100,3300,4300,Near-Crash,Not a Crash,"Sideswipe, same direction (left or right)",Conflict with parked vehicle,
142049684,0,2500,3100,4100,Near-Crash,Not a Crash,"Rear-end, striking",Conflict with a lead vehicle,
151574329,0,2000,3300,5300,Near-Crash,Not a Crash,"Sideswipe, same direction (left or right)",Conflict with vehicle in adjacent lane,
151570815,0,600,800,2600,Near-Crash,Not a Crash,"Sideswipe, same direction (left or right)",Conflict with vehicle in adjacent lane,
61426824,0,300,3400,5500,Near-Crash,Not a Crash,"Rear-end, striking",Conflict with a lead vehicle,
61426787,0,200,800,1900,Near-Crash,Not a Crash,"Rear-end, striking",Conflict with a lead vehicle,
61216641,0,,7400,8300,Near-Crash,Not a Crash,Turn into path (opposite direction),Conflict with vehicle turning into another vehicle path (opposite direction),
61216947,0,0,900,2500,Near-Crash,Not a Crash,"Sideswipe, same direction (left or right)",Conflict with vehicle in adjacent lane,
151574060,0,1400,1600,2900,Near-Crash,Not a Crash,"Sideswipe, same direction (left or right)",Conflict with vehicle in adjacent lane,
76264676,0,1500,3900,6400,Near-Crash,Not a Crash,Turn across path,Conflict with vehicle turning across another vehicle path (opposite direction),
151581051,0,3400,8700,9300,Near-Crash,Not a Crash,"Rear-end, striking",Conflict with a lead vehicle,
151864642,0,2500,3600,4300,Near-Crash,Not a Crash,"Rear-end, striking",Conflict with a lead vehicle,
133190069,0,400,1600,2800,Near-Crash,Not a Crash,"Rear-end, striking",Conflict with a lead vehicle,
151586137,0,500,1300,2000,Near-Crash,Not a Crash,"Rear-end, striking",Conflict with a lead vehicle,
151570804,0,2600,7400,7700,Near-Crash,Not a Crash,"Rear-end, striking",Conflict with vehicle in adjacent lane,
151865053,0,800,3800,4600,Near-Crash,Not a Crash,"Rear-end, striking",Conflict with a lead vehicle,
151859453,0,1500,3500,5100,Near-Crash,Not a Crash,"Rear-end, striking",Conflict with a lead vehicle,
151866504,0,2000,4000,4400,Near-Crash,Not a Crash,"Rear-end, striking",Conflict with a lead vehicle,
61426770,0,600,1500,3100,Near-Crash,Not a Crash,Turn across path,Conflict with vehicle turning across another vehicle path (opposite direction),
61432363,0,1100,3000,3600,Near-Crash,Not a Crash,Animal-related,Conflict with animal,
151569051,0,1600,3700,4000,Near-Crash,Not a Crash,"Rear-end, striking",Conflict with a lead vehicle,
35257222,0,2300,3900,4800,Near-Crash,Not a Crash,"Rear-end, striking",Conflict with a lead vehicle,
131846363,0,,2700,4600,Crash,III  - Minor Crash,Road departure (left or right),Single vehicle conflict,
128906467,0,,3500,4200,Crash,III  - Minor Crash,Road departure (left or right),Single vehicle conflict,
151861951,0,800,1300,1500,Near-Crash,Not a Crash,Backing into traffic,Conflict with parked vehicle,
151569056,0,600,2700,4500,Near-Crash,Not a Crash,Turn into path (same direction),Conflict with vehicle turning into another vehicle path (same direction),
151573038,0,3700,5100,5400,Near-Crash,Not a Crash,"Rear-end, striking",Conflict with a lead vehicle,
138077820,0,800,2500,3600,Near-Crash,Not a Crash,"Rear-end, striking",Conflict with a lead vehicle,
151569055,0,1900,2400,3200,Near-Crash,Not a Crash,"Rear-end, striking",Conflict with a lead vehicle,
151862654,0,900,4100,4600,Near-Crash,Not a Crash,"Rear-end, striking",Conflict with a lead vehicle,
61385921,0,,4500,6900,Crash,III  - Minor Crash,Road departure (left or right),Single vehicle conflict,
128906301,0,2400,3200,3900,Near-Crash,Not a Crash,Turn across path,Conflict with vehicle turning across another vehicle path (opposite direction),
138353070,0,800,1100,1800,Near-Crash,Not a Crash,"Rear-end, striking",Conflict with vehicle in adjacent lane,
133321843,0,1200,2300,2900,Near-Crash,Not a Crash,"Rear-end, striking",Conflict with a lead vehicle,
116163147,0,,5400,6200,Crash,IV - Low-risk Tire Strike,Road departure (end),Single vehicle conflict,
151579597,0,1000,1700,2800,Near-Crash,Not a Crash,"Rear-end, striking",Conflict with vehicle in adjacent lane,
151610543,0,900,900,2300,Near-Crash,Not a Crash,"Rear-end, striking",Conflict with vehicle in adjacent lane,
151598315,0,2900,4000,4300,Near-Crash,Not a Crash,"Rear-end, striking",Conflict with a lead vehicle,
151568795,0,500,1700,2700,Near-Crash,Not a Crash,"Sideswipe, same direction (left or right)",Conflict with vehicle in adjacent lane,
151864968,0,2300,4200,4700,Near-Crash,Not a Crash,"Rear-end, striking",Conflict with a lead vehicle,
151606794,0,600,1100,1800,Near-Crash,Not a Crash,"Rear-end, striking",Conflict with a lead vehicle,
138352563,0,4500,6700,6800,Near-Crash,Not a Crash,"Rear-end, striking",Conflict with a lead vehicle,
138352995,0,,600,1700,Crash,IV - Low-risk Tire Strike,Road departure (left or right),Single vehicle conflict,
142005151,0,1800,5100,5900,Near-Crash,Not a Crash,Turn into path (same direction),Conflict with vehicle turning into another vehicle path (same direction),
61216928,0,200,1600,3500,Crash,III  - Minor Crash,Other,Conflict with obstacle/object in roadway,
151568400,0,4800,5500,5800,Crash,IV - Low-risk Tire Strike,Road departure (left or right),Single vehicle conflict,
61211931,0,,11900,14600,Crash,I - Most Severe,"Rear-end, striking",Conflict with a lead vehicle,
151551789,0,,1600,2000,Crash,IV - Low-risk Tire Strike,Road departure (left or right),Single vehicle conflict,
151859910,0,700,1900,3300,Near-Crash,Not a Crash,Turn into path (opposite direction),Conflict with vehicle turning into another vehicle path (opposite direction),
151597678,0,4100,5300,5800,Near-Crash,Not a Crash,"Rear-end, striking",Conflict with a lead vehicle,
151864619,0,2500,3400,6200,Near-Crash,Not a Crash,"Sideswipe, same direction (left or right)",Conflict with vehicle in adjacent lane,
151864858,0,,800,1700,Crash,IV - Low-risk Tire Strike,Road departure (left or right),Single vehicle conflict,
151864576,0,100,1200,1800,Near-Crash,Not a Crash,Straight crossing path,Conflict with vehicle moving across another vehicle path (through intersection),
151091180,0,1000,3500,5200,Near-Crash,Not a Crash,"Rear-end, striking",Conflict with vehicle in adjacent lane,
150714660,0,500,1400,2900,Near-Crash,Not a Crash,"Sideswipe, same direction (left or right)",Conflict with vehicle in adjacent lane,
7261453,0,,3400,6700,Crash,III  - Minor Crash,Other,Conflict with parked vehicle,
150880975,0,1100,2900,3700,Near-Crash,Not a Crash,Turn into path (same direction),Conflict with vehicle turning into another vehicle path (same direction),
148097211,0,2200,4200,4800,Near-Crash,Not a Crash,"Rear-end, striking",Conflict with a lead vehicle,
151611684,0,600,1900,2100,Near-Crash,Not a Crash,Animal-related,Conflict with animal,
151609044,0,1200,2100,3100,Near-Crash,Not a Crash,Backing into traffic,Conflict with parked vehicle,
150714475,0,300,2300,3100,Near-Crash,Not a Crash,Turn into path (opposite direction),Conflict with vehicle turning into another vehicle path (opposite direction),
151859819,0,1100,2900,4100,Near-Crash,Not a Crash,Turn into path (same direction),Conflict with vehicle turning into another vehicle path (same direction),
150780265,0,2900,4100,6500,Near-Crash,Not a Crash,"Rear-end, striking",Conflict with a lead vehicle,
151589155,0,,2400,3000,Crash,III  - Minor Crash,Other,Conflict with obstacle/object in roadway,
151591142,0,1500,4400,5900,Near-Crash,Not a Crash,"Rear-end, striking",Conflict with a lead vehicle,
150780319,0,1200,2200,3400,Near-Crash,Not a Crash,Backing into traffic,Conflict with parked vehicle,
142044073,0,3800,3300,5500,Crash,I - Most Severe,"Rear-end, struck",Conflict with a following vehicle,
151861945,0,200,900,1400,Near-Crash,Not a Crash,"Rear-end, striking",Conflict with a lead vehicle,
143288737,0,4500,4400,6800,Crash,III  - Minor Crash,Road departure (left or right),Single vehicle conflict,
151568994,0,,5800,6300,Crash,III  - Minor Crash,"Backing, fixed object",Conflict with parked vehicle,
151859932,0,1100,2000,2400,Near-Crash,Not a Crash,Backing into traffic,Conflict with parked vehicle,
36948267,0,4300,4000,5500,Crash,I - Most Severe,"Rear-end, struck",Conflict with a following vehicle,
151568775,0,4600,6100,6800,Near-Crash,Not a Crash,"Rear-end, striking",Conflict with vehicle in adjacent lane,
151607857,0,1500,2100,3100,Near-Crash,Not a Crash,Pedestrian-related,Conflict with pedestrian,
151856798,0,200,2100,2200,Near-Crash,Not a Crash,"Rear-end, striking",Conflict with vehicle in adjacent lane,
151607632,0,3600,3800,4400,Near-Crash,Not a Crash,Straight crossing path,Conflict with vehicle moving across another vehicle path (through intersection),
151865068,0,3600,3800,4800,Near-Crash,Not a Crash,"Rear-end, striking",Conflict with vehicle in adjacent lane,
151859967,0,1200,1500,2500,Near-Crash,Not a Crash,Opposite direction (head-on or sideswipe),Conflict with oncoming traffic,
151568466,0,800,1400,2500,Near-Crash,Not a Crash,"Rear-end, striking",Conflict with vehicle in adjacent lane,
151859909,0,1100,3100,3700,Near-Crash,Not a Crash,"Rear-end, striking",Conflict with a lead vehicle,
151587463,0,1000,3400,4900,Near-Crash,Not a Crash,Turn across path,Conflict with vehicle turning across another vehicle path (opposite direction),
149046731,0,1800,4000,5300,Near-Crash,Not a Crash,Turn into path (opposite direction),Conflict with vehicle turning into another vehicle path (opposite direction),
150780315,0,5100,5900,7200,Near-Crash,Not a Crash,Other,Conflict with parked vehicle,
151866511,0,500,1700,1800,Near-Crash,Not a Crash,Pedestrian-related,Conflict with pedestrian,
142043499,0,2800,5700,7700,Crash,IV - Low-risk Tire Strike,Road departure (left or right),Single vehicle conflict,
143083747,0,3000,3200,4600,Near-Crash,Not a Crash,Other,Other,
151596597,0,700,2200,2400,Near-Crash,Not a Crash,Turn into path (opposite direction),Conflict with vehicle turning into another vehicle path (opposite direction),
151860036,0,1000,3300,4000,Near-Crash,Not a Crash,"Rear-end, striking",Conflict with a lead vehicle,
151311041,0,,1300,3400,Crash,III  - Minor Crash,Road departure (left or right),Single vehicle conflict,
151605342,0,3000,4300,4600,Near-Crash,Not a Crash,"Rear-end, striking",Conflict with a lead vehicle,
60631643,0,1300,2200,4200,Near-Crash,Not a Crash,Opposite direction (head-on or sideswipe),Conflict with oncoming traffic,
151611682,0,600,2600,3100,Near-Crash,Not a Crash,Turn into path (same direction),Conflict with vehicle turning into another vehicle path (same direction),
142183169,0,2000,4300,5700,Near-Crash,Not a Crash,"Rear-end, striking",Conflict with a lead vehicle,
151607855,0,2500,3100,3900,Near-Crash,Not a Crash,Backing into traffic,Conflict with parked vehicle,
150714564,0,1300,3800,4500,Near-Crash,Not a Crash,"Rear-end, striking",Conflict with a lead vehicle,
151570615,0,2000,3300,4200,Near-Crash,Not a Crash,"Sideswipe, same direction (left or right)",Conflict with vehicle in adjacent lane,"A near-crash occurred on a busy interstate highway during daylight hours with no adverse weather conditions. The road surface was dry, and traffic was flowing steadily but with some restrictions on maneuverability and speed. The incident involved a conflict with a vehicle in an adjacent lane, resulting in a sideswipe where two vehicles traveling in the same direction made contact with each other, either on the left or right side. Fortunately, it was a near-crash, meaning that while there was a close call, no actual collision occurred. However, the situation highlighted the risks of sideswipe accidents, which can be particularly hazardous on high-speed highways."
148120194,0,400,2000,3900,Near-Crash,Not a Crash,Turn into path (opposite direction),Conflict with vehicle turning into another vehicle path (opposite direction),
150714421,0,1300,2000,2800,Near-Crash,Not a Crash,"Rear-end, striking",Conflict with a lead vehicle,
151545451,0,1700,4300,7200,Crash,III  - Minor Crash,Road departure (left or right),Single vehicle conflict,
10528087,0,1700,2400,3900,Crash,II - Police-reportable Crash,"Rear-end, striking",Conflict with a lead vehicle,
151589159,0,2600,5400,6600,Near-Crash,Not a Crash,Turn into path (same direction),Conflict with vehicle turning into another vehicle path (same direction),
143897677,0,600,3800,5300,Near-Crash,Not a Crash,"Rear-end, striking",Conflict with a lead vehicle,
150884038,0,2400,4000,5900,Near-Crash,Not a Crash,"Rear-end, striking",Conflict with a lead vehicle,
151852191,0,,1300,3600,Crash,IV - Low-risk Tire Strike,Road departure (left or right),Single vehicle conflict,
143320707,0,500,5000,6200,Near-Crash,Not a Crash,"Rear-end, striking",Conflict with a lead vehicle,
151859826,0,300,1600,2900,Near-Crash,Not a Crash,"Rear-end, striking",Conflict with vehicle in adjacent lane,
150716745,0,4600,5200,5900,Near-Crash,Not a Crash,Turn into path (same direction),Conflict with vehicle turning into another vehicle path (same direction),
151609721,0,300,2300,2800,Near-Crash,Not a Crash,Turn into path (opposite direction),Conflict with vehicle turning into another vehicle path (opposite direction),
144956159,0,500,1300,2200,Near-Crash,Not a Crash,Turn into path (opposite direction),Conflict with vehicle turning into another vehicle path (opposite direction),
151859902,0,2300,5000,6100,Near-Crash,Not a Crash,"Rear-end, striking",Conflict with a lead vehicle,
151569174,0,4500,5400,6200,Near-Crash,Not a Crash,"Sideswipe, same direction (left or right)",Conflict with merging vehicle,
151582642,0,1400,4200,4700,Near-Crash,Not a Crash,"Rear-end, striking",Conflict with a lead vehicle,
150715532,0,600,3100,3800,Near-Crash,Not a Crash,"Rear-end, striking",Conflict with a lead vehicle,
150717190,0,400,900,1600,Near-Crash,Not a Crash,"Sideswipe, same direction (left or right)",Conflict with vehicle in adjacent lane,
150716611,0,800,2800,4200,Near-Crash,Not a Crash,"Rear-end, striking",Conflict with vehicle in adjacent lane,
151859948,0,500,1600,2200,Near-Crash,Not a Crash,Turn into path (opposite direction),Conflict with vehicle turning into another vehicle path (opposite direction),
151594685,0,1200,4700,5200,Near-Crash,Not a Crash,"Rear-end, striking",Conflict with a lead vehicle,
150717189,0,500,1500,3000,Near-Crash,Not a Crash,"Sideswipe, same direction (left or right)",Conflict with vehicle in adjacent lane,
145435326,0,2600,3700,4700,Near-Crash,Not a Crash,"Rear-end, striking",Conflict with a lead vehicle,
150715428,0,900,1900,2300,Near-Crash,Not a Crash,"Sideswipe, same direction (left or right)",Conflict with vehicle in adjacent lane,
147938783,0,1700,3300,4300,Near-Crash,Not a Crash,"Rear-end, striking",Conflict with vehicle in adjacent lane,
151578830,0,700,1300,2100,Near-Crash,Not a Crash,"Sideswipe, same direction (left or right)",Conflict with vehicle in adjacent lane,
151864600,0,3200,3900,4500,Near-Crash,Not a Crash,Pedestrian-related,Conflict with pedestrian,"A near-crash occurred during the daytime in a business or industrial area when a vehicle and a pedestrian almost collided. The traffic was flowing with some restrictions, but there were no adverse weather conditions, and the road surface was dry. This incident highlights the potential danger of pedestrian-related conflicts in areas with moderate traffic density, even under favorable environmental conditions."
148700937,0,1500,3400,5000,Near-Crash,Not a Crash,"Rear-end, striking",Conflict with a lead vehicle,
150714403,0,700,1000,1800,Near-Crash,Not a Crash,"Sideswipe, same direction (left or right)",Conflict with vehicle in adjacent lane,
151859874,0,2300,4300,4600,Near-Crash,Not a Crash,"Rear-end, striking",Conflict with a lead vehicle,
151607852,0,1400,2600,3500,Near-Crash,Not a Crash,"Rear-end, striking",Conflict with a lead vehicle,
151607776,0,5200,6000,7400,Near-Crash,Not a Crash,"Rear-end, striking",Conflict with a lead vehicle,
151859966,0,800,1800,2600,Near-Crash,Not a Crash,"Rear-end, striking",Conflict with a lead vehicle,
151610549,0,100,5300,5700,Near-Crash,Not a Crash,"Rear-end, striking",Conflict with a lead vehicle,
151609043,0,3500,5400,6600,Near-Crash,Not a Crash,"Rear-end, striking",Conflict with a lead vehicle,
151582021,0,800,3000,4200,Near-Crash,Not a Crash,"Rear-end, striking",Conflict with a lead vehicle,
151859997,0,4900,5300,6000,Near-Crash,Not a Crash,Turn into path (same direction),Conflict with vehicle turning into another vehicle path (same direction),
151859955,0,200,1700,2300,Near-Crash,Not a Crash,"Rear-end, striking",Conflict with a lead vehicle,
151859906,0,300,1200,2100,Near-Crash,Not a Crash,"Sideswipe, same direction (left or right)",Conflict with vehicle in adjacent lane,
151091288,0,1500,1700,2700,Near-Crash,Not a Crash,Straight crossing path,Conflict with vehicle moving across another vehicle path (through intersection),
151597667,0,2700,4100,4800,Near-Crash,Not a Crash,"Rear-end, striking",Conflict with vehicle in adjacent lane,
151861962,0,900,1400,2400,Near-Crash,Not a Crash,Straight crossing path,Conflict with vehicle moving across another vehicle path (through intersection),
151603399,0,1600,3100,3800,Near-Crash,Not a Crash,"Rear-end, striking",Conflict with a lead vehicle,
151859617,0,1900,4600,5400,Near-Crash,Not a Crash,"Rear-end, striking",Conflict with a lead vehicle,
151864828,0,1000,3500,4000,Near-Crash,Not a Crash,"Rear-end, striking",Conflict with a lead vehicle,
151864860,0,600,1900,4100,Near-Crash,Not a Crash,"Rear-end, striking",Conflict with a lead vehicle,
150717115,0,400,1600,2400,Near-Crash,Not a Crash,Straight crossing path,Conflict with vehicle moving across another vehicle path (through intersection),
151864731,0,1900,2400,2700,Near-Crash,Not a Crash,"Rear-end, striking",Conflict with a lead vehicle,
151859862,0,1800,5100,5900,Near-Crash,Not a Crash,"Rear-end, striking",Conflict with a lead vehicle,
144937382,0,700,2800,3600,Near-Crash,Not a Crash,"Rear-end, striking",Conflict with a lead vehicle,
142644774,0,2700,2400,5800,Crash,IV - Low-risk Tire Strike,Road departure (left or right),Single vehicle conflict,
151878829,0,1400,2600,3600,Near-Crash,Not a Crash,Turn into path (opposite direction),Conflict with vehicle turning into another vehicle path (opposite direction),
151859981,0,400,5200,5900,Near-Crash,Not a Crash,"Rear-end, striking",Conflict with a lead vehicle,
151609040,0,2800,4200,5500,Near-Crash,Not a Crash,"Rear-end, striking",Conflict with a lead vehicle,
144804951,0,1300,3000,4100,Near-Crash,Not a Crash,Turn into path (opposite direction),Conflict with vehicle turning into another vehicle path (opposite direction),
151609723,0,1300,2600,3300,Near-Crash,Not a Crash,Animal-related,Conflict with animal,
151859963,0,1900,4500,5300,Near-Crash,Not a Crash,"Rear-end, striking",Conflict with a lead vehicle,
151607148,0,1600,2400,2900,Near-Crash,Not a Crash,Straight crossing path,Conflict with vehicle moving across another vehicle path (through intersection),
145435309,0,1000,2700,4800,Near-Crash,Not a Crash,Pedestrian-related,Conflict with pedestrian,
151859553,0,3300,4200,4800,Near-Crash,Not a Crash,"Rear-end, striking",Conflict with a lead vehicle,
151878879,0,1000,4000,4600,Near-Crash,Not a Crash,"Rear-end, striking",Conflict with a lead vehicle,
142049714,0,700,100,4000,Crash,III  - Minor Crash,Road departure (left or right),Single vehicle conflict,
151607774,0,5300,5500,6600,Crash,III  - Minor Crash,"Rear-end, striking",Conflict with a lead vehicle,
151859375,0,500,1600,1700,Near-Crash,Not a Crash,"Rear-end, striking",Conflict with vehicle in adjacent lane,
151859878,0,600,6200,8900,Near-Crash,Not a Crash,"Rear-end, striking",Conflict with a lead vehicle,
151859848,0,1700,2800,3500,Near-Crash,Not a Crash,Turn into path (same direction),Conflict with vehicle turning into another vehicle path (same direction),
151856668,0,300,1500,2900,Near-Crash,Not a Crash,Animal-related,Conflict with animal,
151859876,0,1600,5400,5800,Near-Crash,Not a Crash,"Rear-end, striking",Conflict with a lead vehicle,
151878940,0,200,2400,2700,Near-Crash,Not a Crash,"Rear-end, striking",Conflict with vehicle in adjacent lane,
36948421,0,,1600,3500,Crash,IV - Low-risk Tire Strike,Road departure (left or right),Single vehicle conflict,
151607574,0,2900,3900,4900,Near-Crash,Not a Crash,"Rear-end, striking",Conflict with a lead vehicle,
151611070,0,2300,3200,4500,Near-Crash,Not a Crash,"Rear-end, striking",Conflict with a lead vehicle,
151598528,0,400,1400,2100,Near-Crash,Not a Crash,"Sideswipe, same direction (left or right)",Conflict with vehicle in adjacent lane,
151603238,0,1100,2000,2600,Near-Crash,Not a Crash,Backing into traffic,Conflict with parked vehicle,
151609113,0,500,2400,3200,Near-Crash,Not a Crash,"Rear-end, striking",Conflict with a lead vehicle,
151569059,0,600,2500,5400,Near-Crash,Not a Crash,"Rear-end, striking",Conflict with a lead vehicle,
151859840,0,1400,5800,6400,Near-Crash,Not a Crash,"Rear-end, striking",Conflict with a lead vehicle,
151859468,0,700,2100,2600,Near-Crash,Not a Crash,"Rear-end, striking",Conflict with vehicle in adjacent lane,
151582990,0,700,1900,3100,Near-Crash,Not a Crash,"Sideswipe, same direction (left or right)",Conflict with vehicle in adjacent lane,
151586572,0,600,1100,3100,Near-Crash,Not a Crash,"Sideswipe, same direction (left or right)",Conflict with vehicle in adjacent lane,
8093663,0,1200,1900,5900,Crash,I - Most Severe,Straight crossing path,Conflict with vehicle moving across another vehicle path (through intersection),
151568714,0,800,1800,2800,Near-Crash,Not a Crash,"Sideswipe, same direction (left or right)",Conflict with vehicle in adjacent lane,
150882820,0,200,1600,4700,Near-Crash,Not a Crash,Turn into path (opposite direction),Conflict with vehicle turning into another vehicle path (opposite direction),
151568956,0,500,2300,3800,Near-Crash,Not a Crash,Other,Conflict with obstacle/object in roadway,
151600327,0,600,2000,3000,Near-Crash,Not a Crash,Turn across path,Conflict with vehicle turning across another vehicle path (same direction),
143062576,0,2900,4300,4900,Near-Crash,Not a Crash,"Sideswipe, same direction (left or right)",Conflict with vehicle in adjacent lane,
151605341,0,900,3000,6100,Near-Crash,Not a Crash,"Rear-end, striking",Conflict with a lead vehicle,
151569277,0,1900,2800,3700,Near-Crash,Not a Crash,"Rear-end, striking",Conflict with vehicle in adjacent lane,
151568609,0,300,3700,4300,Near-Crash,Not a Crash,"Rear-end, striking",Conflict with a lead vehicle,
151863133,0,1100,2500,2800,Near-Crash,Not a Crash,"Rear-end, striking",Conflict with a lead vehicle,
151607760,0,300,1200,3600,Near-Crash,Not a Crash,"Rear-end, struck",Conflict with a following vehicle,
151598167,0,2600,4300,5100,Near-Crash,Not a Crash,Turn into path (same direction),Conflict with vehicle turning into another vehicle path (same direction),
151549094,0,2900,4700,6900,Near-Crash,Not a Crash,"Sideswipe, same direction (left or right)",Conflict with vehicle in adjacent lane,
151598166,0,700,1000,1700,Near-Crash,Not a Crash,Animal-related,Conflict with animal,
142049762,0,2900,3900,5300,Crash,IV - Low-risk Tire Strike,Road departure (end),Single vehicle conflict,
151567140,0,,4400,5500,Crash,IV - Low-risk Tire Strike,Road departure (left or right),Single vehicle conflict,
142351425,0,0,2100,2800,Near-Crash,Not a Crash,Turn into path (opposite direction),Conflict with vehicle turning into another vehicle path (opposite direction),
142053536,0,2000,9500,9900,Near-Crash,Not a Crash,"Rear-end, striking",Conflict with a lead vehicle,
151859983,0,,3100,4300,Near-Crash,Not a Crash,"Rear-end, struck",Conflict with a following vehicle,
151865125,0,700,1500,2900,Near-Crash,Not a Crash,"Rear-end, struck",Conflict with a following vehicle,
151607858,0,2300,3200,3800,Near-Crash,Not a Crash,"Rear-end, striking",Conflict with a lead vehicle,
151859776,0,2400,6000,6500,Near-Crash,Not a Crash,"Rear-end, striking",Conflict with a lead vehicle,
151856723,0,600,1200,2300,Near-Crash,Not a Crash,Other,Conflict with obstacle/object in roadway,
143043199,0,1700,3100,3800,Near-Crash,Not a Crash,Road departure (left or right),Single vehicle conflict,
143083689,0,2600,4200,6300,Near-Crash,Not a Crash,Road departure (left or right),Single vehicle conflict,
151863132,0,2000,3600,3900,Near-Crash,Not a Crash,Animal-related,Conflict with animal,
143083787,0,400,1700,2800,Near-Crash,Not a Crash,Pedestrian-related,Conflict with pedestrian,
142121000,0,,5300,6900,Crash,III  - Minor Crash,Road departure (left or right),Single vehicle conflict,
150717131,0,1800,3300,4800,Near-Crash,Not a Crash,Straight crossing path,Conflict with vehicle moving across another vehicle path (through intersection),
151609112,0,400,1200,2200,Near-Crash,Not a Crash,Pedestrian-related,Conflict with pedestrian,
151607771,0,3500,6500,7000,Near-Crash,Not a Crash,"Rear-end, striking",Conflict with a lead vehicle,
143159436,0,2500,3200,6200,Near-Crash,Not a Crash,Turn into path (same direction),Conflict with vehicle turning into another vehicle path (same direction),
151603442,0,1900,4100,4700,Near-Crash,Not a Crash,"Rear-end, striking",Conflict with a lead vehicle,
151859860,0,1500,4200,4800,Near-Crash,Not a Crash,"Rear-end, striking",Conflict with a lead vehicle,
150882103,0,2400,3500,4600,Near-Crash,Not a Crash,Turn across path,Conflict with vehicle turning across another vehicle path (same direction),
151598175,0,2200,2800,3600,Near-Crash,Not a Crash,"Rear-end, striking",Conflict with a lead vehicle,
151856768,0,700,2200,3000,Near-Crash,Not a Crash,Animal-related,Conflict with animal,
10858441,0,,5100,12300,Crash,II - Police-reportable Crash,"Sideswipe, same direction (left or right)",Conflict with vehicle in adjacent lane,
143083697,0,3500,5000,5600,Near-Crash,Not a Crash,Opposite direction (head-on or sideswipe),Conflict with oncoming traffic,
150714418,0,1500,2300,3000,Near-Crash,Not a Crash,Turn into path (opposite direction),Conflict with vehicle turning into another vehicle path (opposite direction),
60631692,0,200,2900,9100,Near-Crash,Not a Crash,"Sideswipe, same direction (left or right)",Conflict with vehicle in adjacent lane,
142018528,0,1400,3100,3300,Near-Crash,Not a Crash,Turn into path (opposite direction),Conflict with vehicle turning into another vehicle path (opposite direction),
151854773,0,400,3500,4700,Near-Crash,Not a Crash,"Rear-end, striking",Conflict with a lead vehicle,
151856556,0,3300,5400,5600,Near-Crash,Not a Crash,"Rear-end, striking",Conflict with a lead vehicle,
151568504,0,500,1500,2400,Near-Crash,Not a Crash,"Rear-end, striking",Conflict with vehicle in adjacent lane,
143062672,0,1300,4300,5000,Near-Crash,Not a Crash,"Rear-end, striking",Conflict with a lead vehicle,
142049711,0,1700,2900,4100,Near-Crash,Not a Crash,"Rear-end, striking",Conflict with a lead vehicle,
60631632,0,1100,2300,2600,Near-Crash,Not a Crash,"Sideswipe, same direction (left or right)",Conflict with vehicle in adjacent lane,
151856520,0,2400,6800,7000,Near-Crash,Not a Crash,"Rear-end, striking",Conflict with a lead vehicle,
151570576,0,400,3800,4800,Crash,III  - Minor Crash,Animal-related,Conflict with animal,
151589510,0,4000,6000,6200,Near-Crash,Not a Crash,"Rear-end, striking",Conflict with merging vehicle,
151859838,0,2000,2800,3900,Near-Crash,Not a Crash,Turn across path,Conflict with vehicle turning across another vehicle path (same direction),
151864570,0,1200,4000,4600,Near-Crash,Not a Crash,"Rear-end, striking",Conflict with a lead vehicle,
151865132,0,,101800,103100,Crash,III  - Minor Crash,Other,Conflict with parked vehicle,
151864605,0,1000,2100,2500,Near-Crash,Not a Crash,"Rear-end, striking",Conflict with merging vehicle,
142050052,0,,6300,7700,Crash,IV - Low-risk Tire Strike,Road departure (left or right),Single vehicle conflict,
143083783,0,3800,5500,6200,Near-Crash,Not a Crash,Turn into path (same direction),Conflict with vehicle turning into another vehicle path (same direction),
145435342,0,1800,3900,5200,Near-Crash,Not a Crash,"Rear-end, striking",Conflict with a lead vehicle,
151569178,0,3400,4100,5000,Near-Crash,Not a Crash,"Rear-end, striking",Conflict with vehicle in adjacent lane,
142049938,0,,4200,6100,Crash,IV - Low-risk Tire Strike,Road departure (left or right),Single vehicle conflict,
151568731,0,300,4100,5200,Near-Crash,Not a Crash,"Rear-end, striking",Conflict with a lead vehicle,
151860045,0,1800,3100,3900,Near-Crash,Not a Crash,"Rear-end, striking",Conflict with a lead vehicle,
151582651,0,1000,4400,5500,Near-Crash,Not a Crash,"Rear-end, striking",Conflict with vehicle in adjacent lane,
151861967,0,1400,3800,4400,Near-Crash,Not a Crash,Turn across path,Conflict with vehicle turning across another vehicle path (opposite direction),
151860006,0,0,2500,3000,Near-Crash,Not a Crash,"Rear-end, striking",Conflict with vehicle in adjacent lane,
142050910,0,,1900,3000,Crash,IV - Low-risk Tire Strike,Road departure (left or right),Single vehicle conflict,
150883904,0,,1900,4000,Crash,III  - Minor Crash,Road departure (left or right),Single vehicle conflict,
151352247,0,,3600,5000,Crash,IV - Low-risk Tire Strike,Road departure (left or right),Single vehicle conflict,
151859964,0,3100,3500,4100,Near-Crash,Not a Crash,Turn across path,Conflict with vehicle turning across another vehicle path (opposite direction),
151864627,0,2300,3100,3300,Near-Crash,Not a Crash,"Rear-end, striking",Conflict with a lead vehicle,
151603398,0,1100,2200,2700,Near-Crash,Not a Crash,"Sideswipe, same direction (left or right)",Conflict with vehicle in adjacent lane,
151607850,0,700,2300,3400,Near-Crash,Not a Crash,Straight crossing path,Conflict with vehicle moving across another vehicle path (through intersection),
151859947,0,100,1600,2500,Near-Crash,Not a Crash,Pedalcyclist-related,Conflict with pedalcyclist,
143062651,0,,1800,2700,Crash,III  - Minor Crash,Road departure (left or right),Single vehicle conflict,
151859923,0,4000,5500,6200,Near-Crash,Not a Crash,"Rear-end, striking",Conflict with a lead vehicle,
151606787,0,400,1200,1500,Near-Crash,Not a Crash,"Sideswipe, same direction (left or right)",Conflict with vehicle in adjacent lane,
151589509,0,2500,3700,4600,Near-Crash,Not a Crash,Animal-related,Conflict with animal,
151610542,0,1200,1300,3300,Near-Crash,Not a Crash,"Sideswipe, same direction (left or right)",Conflict with vehicle in adjacent lane,
151859994,0,1000,3500,3600,Near-Crash,Not a Crash,"Rear-end, striking",Conflict with a lead vehicle,
145435257,0,400,1200,4300,Near-Crash,Not a Crash,"Sideswipe, same direction (left or right)",Conflict with vehicle in adjacent lane,"A near-crash occurred when a vehicle almost collided with another vehicle in the adjacent lane while traveling in the same direction. The incident was a sideswipe, where the vehicles nearly touched on the left or right side. This happened during daylight hours on a rainy day, with the road surface being wet. The traffic was flowing freely, with leading traffic present, indicating that there were other vehicles ahead but not causing congestion. The incident took place in a moderate residential area, suggesting a neighborhood with a mix of houses and possibly some commercial properties. Fortunately, the vehicles managed to avoid a full collision, but the situation was close enough to be classified as a near-crash."
151606793,0,2100,2200,3000,Near-Crash,Not a Crash,"Sideswipe, same direction (left or right)",Conflict with vehicle in adjacent lane,
151605352,0,600,1200,1900,Near-Crash,Not a Crash,"Rear-end, striking",Conflict with vehicle in adjacent lane,
151603448,0,3200,4300,5900,Near-Crash,Not a Crash,"Rear-end, striking",Conflict with a lead vehicle,
151864581,0,900,2000,3000,Near-Crash,Not a Crash,"Rear-end, striking",Conflict with a lead vehicle,
151568987,0,1500,2800,3600,Near-Crash,Not a Crash,"Sideswipe, same direction (left or right)",Conflict with merging vehicle,
151568957,0,2500,3200,4900,Crash,IV - Low-risk Tire Strike,Road departure (left or right),Single vehicle conflict,
151603230,0,200,1900,2500,Near-Crash,Not a Crash,Turn into path (opposite direction),Conflict with vehicle turning into another vehicle path (opposite direction),
151859903,0,1200,2000,2600,Near-Crash,Not a Crash,"Rear-end, striking",Conflict with a lead vehicle,
151859773,0,1800,3200,5600,Near-Crash,Not a Crash,"Rear-end, striking",Conflict with a lead vehicle,
150714437,0,2500,3500,4400,Near-Crash,Not a Crash,"Rear-end, striking",Conflict with a lead vehicle,
142029839,0,7400,7200,12600,Crash,III  - Minor Crash,Road departure (end),Single vehicle conflict,
151864612,0,1500,2300,2900,Near-Crash,Not a Crash,Turn into path (opposite direction),Conflict with vehicle turning into another vehicle path (opposite direction),
151605345,0,300,1100,2200,Near-Crash,Not a Crash,Turn into path (opposite direction),Conflict with vehicle turning into another vehicle path (opposite direction),
151548957,0,,2400,4000,Crash,IV - Low-risk Tire Strike,Road departure (left or right),Single vehicle conflict,
151859965,0,1900,2700,3600,Near-Crash,Not a Crash,"Sideswipe, same direction (left or right)",Conflict with vehicle in adjacent lane,
143391074,0,2500,2500,3500,Crash,III  - Minor Crash,Road departure (left or right),Single vehicle conflict,
151609731,0,1500,2700,3800,Near-Crash,Not a Crash,Road departure (left or right),Single vehicle conflict,
150714462,0,0,1600,2500,Near-Crash,Not a Crash,"Rear-end, striking",Conflict with vehicle in adjacent lane,
151864587,0,1700,3000,3000,Near-Crash,Not a Crash,"Rear-end, striking",Conflict with a lead vehicle,
151578958,0,1300,6100,7000,Near-Crash,Not a Crash,"Rear-end, striking",Conflict with a lead vehicle,
151607140,0,3200,4500,5500,Near-Crash,Not a Crash,Turn into path (same direction),Conflict with vehicle turning into another vehicle path (same direction),
151605343,0,1700,3000,4000,Near-Crash,Not a Crash,"Rear-end, striking",Conflict with a lead vehicle,
151859905,0,500,1900,3500,Near-Crash,Not a Crash,Turn into path (same direction),Conflict with vehicle turning into another vehicle path (same direction),
151609339,0,2700,3100,3800,Near-Crash,Not a Crash,"Rear-end, striking",Conflict with a lead vehicle,
151573872,0,1600,3200,3600,Near-Crash,Not a Crash,"Rear-end, striking",Conflict with merging vehicle,
151865025,0,400,1800,4800,Crash,III  - Minor Crash,Road departure (left or right),Single vehicle conflict,
150780373,0,100,1800,2700,Near-Crash,Not a Crash,Animal-related,Conflict with animal,
142049765,0,,6400,8200,Crash,III  - Minor Crash,Road departure (left or right),Single vehicle conflict,
151609100,0,200,700,1100,Near-Crash,Not a Crash,Animal-related,Conflict with animal,
151553373,0,,4500,6500,Crash,III  - Minor Crash,Backing into traffic,Conflict with parked vehicle,
151864578,0,400,1700,2200,Near-Crash,Not a Crash,Opposite direction (head-on or sideswipe),Conflict with oncoming traffic,
151865023,0,,3900,5000,Crash,IV - Low-risk Tire Strike,Road departure (left or right),Single vehicle conflict,
151862645,0,1600,2800,2900,Near-Crash,Not a Crash,Road departure (left or right),Single vehicle conflict,
143062663,0,,5300,6800,Crash,III  - Minor Crash,Road departure (left or right),Single vehicle conflict,
151352031,0,,6200,6900,Crash,IV - Low-risk Tire Strike,Road departure (end),Single vehicle conflict,
143141153,0,2300,3600,4200,Near-Crash,Not a Crash,Turn into path (opposite direction),Conflict with vehicle turning into another vehicle path (opposite direction),
142030102,0,900,1200,2100,Near-Crash,Not a Crash,Turn across path,Conflict with vehicle turning across another vehicle path (opposite direction),
144428478,0,900,2600,3400,Near-Crash,Not a Crash,Opposite direction (head-on or sideswipe),Conflict with oncoming traffic,
151603231,0,3100,3500,4500,Near-Crash,Not a Crash,"Rear-end, striking",Conflict with a lead vehicle,
151859388,0,500,1700,1900,Near-Crash,Not a Crash,"Sideswipe, same direction (left or right)",Conflict with merging vehicle,
151859444,0,100,1500,4300,Near-Crash,Not a Crash,"Sideswipe, same direction (left or right)",Conflict with vehicle in adjacent lane,
151856690,0,300,2600,3000,Near-Crash,Not a Crash,Opposite direction (head-on or sideswipe),Conflict with oncoming traffic,
151573888,0,600,1600,2000,Near-Crash,Not a Crash,"Sideswipe, same direction (left or right)",Conflict with vehicle in adjacent lane,
144585536,0,1300,3500,6400,Near-Crash,Not a Crash,"Sideswipe, same direction (left or right)",Conflict with vehicle in adjacent lane,
143156124,0,2300,2800,2900,Near-Crash,Not a Crash,Turn into path (same direction),Conflict with vehicle turning into another vehicle path (same direction),
151550371,0,,7500,8900,Crash,IV - Low-risk Tire Strike,Road departure (left or right),Single vehicle conflict,
151568833,0,,2000,2800,Crash,IV - Low-risk Tire Strike,Road departure (left or right),Single vehicle conflict,
151859384,0,100,1000,1000,Near-Crash,Not a Crash,"Rear-end, striking",Conflict with a lead vehicle,
35257214,0,1300,800,3300,Crash,II - Police-reportable Crash,"Rear-end, struck",Conflict with a following vehicle,
151609331,0,2000,3000,3700,Near-Crash,Not a Crash,Straight crossing path,Conflict with vehicle moving across another vehicle path (through intersection),
151859413,0,500,4200,4600,Near-Crash,Not a Crash,"Rear-end, striking",Conflict with a lead vehicle,
143277511,0,1000,2100,3400,Near-Crash,Not a Crash,"Sideswipe, same direction (left or right)",Conflict with vehicle in adjacent lane,
151609041,0,400,1800,2600,Near-Crash,Not a Crash,Turn across path,Conflict with vehicle turning across another vehicle path (opposite direction),
151859822,0,3200,5000,5700,Near-Crash,Not a Crash,"Rear-end, striking",Conflict with a lead vehicle,
151607769,0,2300,4800,4800,Near-Crash,Not a Crash,"Rear-end, striking",Conflict with a lead vehicle,
151579951,0,600,2100,2800,Near-Crash,Not a Crash,"Sideswipe, same direction (left or right)",Conflict with vehicle in adjacent lane,
151859399,0,500,6000,6800,Near-Crash,Not a Crash,"Rear-end, striking",Conflict with a lead vehicle,
150780955,0,400,1400,1800,Near-Crash,Not a Crash,Turn into path (same direction),Conflict with vehicle turning into another vehicle path (same direction),
151859970,0,2100,3200,5600,Near-Crash,Not a Crash,"Rear-end, striking",Conflict with a lead vehicle,
151573793,0,900,3700,5200,Near-Crash,Not a Crash,"Rear-end, striking",Conflict with a lead vehicle,
151607575,0,400,1000,1600,Near-Crash,Not a Crash,"Rear-end, striking",Conflict with a lead vehicle,
151570560,0,1700,5200,6200,Near-Crash,Not a Crash,"Rear-end, striking",Conflict with a lead vehicle,
151596588,0,200,2200,2200,Near-Crash,Not a Crash,"Rear-end, striking",Conflict with a lead vehicle,
151606790,0,5100,5900,6900,Near-Crash,Not a Crash,Turn across path,Conflict with vehicle turning across another vehicle path (opposite direction),
151607577,0,2100,4700,5300,Near-Crash,Not a Crash,"Rear-end, striking",Conflict with a lead vehicle,
151096365,0,600,3600,4400,Near-Crash,Not a Crash,"Rear-end, striking",Conflict with vehicle in adjacent lane,
151609102,0,600,1500,2500,Near-Crash,Not a Crash,"Sideswipe, same direction (left or right)",Conflict with vehicle in adjacent lane,
151553242,0,,3900,5500,Crash,II - Police-reportable Crash,"Rear-end, struck",Conflict with a following vehicle,
151607637,0,1200,2000,3200,Near-Crash,Not a Crash,Backing into traffic,Conflict with a lead vehicle,
145435312,0,300,2100,3400,Near-Crash,Not a Crash,Backing into traffic,Conflict with parked vehicle,
151553243,0,,5000,5600,Crash,III  - Minor Crash,"Backing, fixed object",Conflict with obstacle/object in roadway,
146089221,0,1200,3600,4800,Near-Crash,Not a Crash,Turn into path (opposite direction),Conflict with vehicle turning into another vehicle path (opposite direction),
151866551,0,2500,5800,7200,Near-Crash,Not a Crash,"Rear-end, striking",Conflict with a lead vehicle,
151569032,0,3200,3600,4300,Crash,IV - Low-risk Tire Strike,Road departure (left or right),Single vehicle conflict,
151607639,0,1400,2200,3100,Near-Crash,Not a Crash,"Rear-end, striking",Conflict with a lead vehicle,
151854767,0,,4500,5400,Crash,IV - Low-risk Tire Strike,Road departure (left or right),Single vehicle conflict,
151859995,0,1800,2200,2900,Near-Crash,Not a Crash,Straight crossing path,Conflict with vehicle moving across another vehicle path (through intersection),
151551630,0,1000,1000,2000,Crash,III  - Minor Crash,Road departure (left or right),Single vehicle conflict,
151863126,0,600,2800,3700,Near-Crash,Not a Crash,Road departure (left or right),Single vehicle conflict,
150717124,0,4400,6100,7600,Near-Crash,Not a Crash,Pedestrian-related,Conflict with pedestrian,
151609047,0,1500,2900,5400,Near-Crash,Not a Crash,"Rear-end, striking",Conflict with a lead vehicle,
151859765,0,4200,4300,5900,Near-Crash,Not a Crash,Turn into path (same direction),Conflict with vehicle turning into another vehicle path (same direction),
151569004,0,1500,1700,4500,Near-Crash,Not a Crash,"Sideswipe, same direction (left or right)",Conflict with vehicle in adjacent lane,
151859881,0,1700,2300,2800,Near-Crash,Not a Crash,Turn into path (opposite direction),Conflict with vehicle turning into another vehicle path (opposite direction),
36841176,0,2400,2600,4700,Near-Crash,Not a Crash,"Sideswipe, same direction (left or right)",Conflict with vehicle in adjacent lane,
151098018,0,0,1200,2000,Near-Crash,Not a Crash,Straight crossing path,Conflict with vehicle moving across another vehicle path (through intersection),
151878878,0,800,1500,2100,Near-Crash,Not a Crash,"Rear-end, striking",Conflict with a lead vehicle,
151586570,0,100,1500,2800,Near-Crash,Not a Crash,"Rear-end, striking",Conflict with vehicle in adjacent lane,
151607579,0,2300,2800,3700,Near-Crash,Not a Crash,"Rear-end, striking",Conflict with a lead vehicle,
151091145,0,600,1200,2000,Near-Crash,Not a Crash,Pedalcyclist-related,Conflict with pedalcyclist,
151568934,0,1400,3400,3900,Near-Crash,Not a Crash,"Rear-end, striking",Conflict with a lead vehicle,
151610512,0,1700,2200,3100,Near-Crash,Not a Crash,Pedestrian-related,Conflict with pedestrian,
150881260,0,800,2800,3700,Near-Crash,Not a Crash,Animal-related,Conflict with animal,
151603391,0,,3300,4800,Near-Crash,Not a Crash,"Rear-end, struck",Conflict with a following vehicle,
151856674,0,600,900,2700,Near-Crash,Not a Crash,"Backing, fixed object",Conflict with parked vehicle,
151545427,0,,7500,8500,Crash,III  - Minor Crash,"Backing, fixed object",Conflict with obstacle/object in roadway,
151598164,0,2300,7600,8500,Near-Crash,Not a Crash,"Rear-end, striking",Conflict with a lead vehicle,
142050932,0,1500,1100,3200,Crash,III  - Minor Crash,Road departure (left or right),Single vehicle conflict,
151568632,0,2600,3800,5400,Near-Crash,Not a Crash,"Sideswipe, same direction (left or right)",Conflict with vehicle in adjacent lane,
151568993,0,500,2100,2700,Near-Crash,Not a Crash,"Rear-end, striking",Conflict with a lead vehicle,
150882318,0,6200,7400,8200,Near-Crash,Not a Crash,"Rear-end, striking",Conflict with a lead vehicle,
151607770,0,3400,5200,6000,Near-Crash,Not a Crash,"Rear-end, striking",Conflict with a lead vehicle,
151864588,0,1200,3100,3900,Near-Crash,Not a Crash,"Rear-end, striking",Conflict with a lead vehicle,
150882298,0,1900,2400,2700,Near-Crash,Not a Crash,"Rear-end, striking",Conflict with a lead vehicle,
151086569,0,,4800,9800,Crash,IV - Low-risk Tire Strike,Road departure (end),Single vehicle conflict,
151859869,0,500,2300,5000,Near-Crash,Not a Crash,Backing into traffic,Conflict with parked vehicle,
142050913,0,,1600,3200,Crash,IV - Low-risk Tire Strike,Road departure (left or right),Single vehicle conflict,
143062745,0,,2700,4500,Crash,IV - Low-risk Tire Strike,Road departure (left or right),Single vehicle conflict,
151859886,0,2600,5500,6900,Near-Crash,Not a Crash,"Rear-end, striking",Conflict with a lead vehicle,
151859930,0,2700,3500,4300,Near-Crash,Not a Crash,"Rear-end, striking",Conflict with a lead vehicle,
151607578,0,200,700,1100,Near-Crash,Not a Crash,Animal-related,Conflict with animal,
151609737,0,1600,2100,2500,Near-Crash,Not a Crash,"Rear-end, striking",Conflict with vehicle in adjacent lane,
151878913,0,1600,4300,4500,Near-Crash,Not a Crash,"Rear-end, striking",Conflict with a lead vehicle,
143320632,0,500,5700,6700,Near-Crash,Not a Crash,"Rear-end, striking",Conflict with a lead vehicle,
143309757,0,1400,6500,6600,Near-Crash,Not a Crash,"Rear-end, striking",Conflict with a lead vehicle,
144640630,0,1200,3000,3800,Near-Crash,Not a Crash,Turn into path (same direction),Conflict with vehicle turning into another vehicle path (same direction),
144044803,0,,3100,4100,Crash,IV - Low-risk Tire Strike,Road departure (left or right),Single vehicle conflict,
151570682,0,,1500,2700,Crash,III  - Minor Crash,Road departure (left or right),Single vehicle conflict,
151600667,0,5300,7500,7900,Near-Crash,Not a Crash,"Rear-end, striking",Conflict with a lead vehicle,
151579949,0,1400,5800,6800,Near-Crash,Not a Crash,Other,Conflict with obstacle/object in roadway,
151606600,0,3200,4000,4800,Near-Crash,Not a Crash,Backing into traffic,Conflict with parked vehicle,
150716912,0,1200,1900,2400,Near-Crash,Not a Crash,"Sideswipe, same direction (left or right)",Conflict with vehicle in adjacent lane,
142341670,0,3100,2900,4200,Crash,IV - Low-risk Tire Strike,Road departure (left or right),Single vehicle conflict,
60631657,0,2300,4200,7200,Crash,I - Most Severe,"Rear-end, striking",Conflict with a lead vehicle,
151864896,0,1200,1900,2400,Near-Crash,Not a Crash,Turn into path (opposite direction),Conflict with vehicle turning into another vehicle path (opposite direction),
151603232,0,600,2800,3900,Near-Crash,Not a Crash,"Rear-end, striking",Conflict with a lead vehicle,
151603233,0,500,3200,4200,Near-Crash,Not a Crash,Turn into path (opposite direction),Conflict with vehicle turning into another vehicle path (opposite direction),
151568490,0,700,1400,2000,Near-Crash,Not a Crash,Straight crossing path,Conflict with vehicle moving across another vehicle path (through intersection),
151605346,0,900,2100,3400,Near-Crash,Not a Crash,"Rear-end, striking",Conflict with vehicle in adjacent lane,
150716977,0,2800,2700,3300,Crash,IV - Low-risk Tire Strike,Road departure (left or right),Single vehicle conflict,
151859993,0,300,1900,2100,Near-Crash,Not a Crash,Turn across path,Conflict with vehicle turning across another vehicle path (opposite direction),
151861944,0,4800,5400,6100,Near-Crash,Not a Crash,"Rear-end, striking",Conflict with a lead vehicle,
151587522,0,5100,7500,9200,Near-Crash,Not a Crash,"Rear-end, striking",Conflict with a lead vehicle,
151856744,0,,400,1800,Crash,IV - Low-risk Tire Strike,Road departure (left or right),Single vehicle conflict,
151568656,0,,2200,3000,Crash,IV - Low-risk Tire Strike,Road departure (left or right),Single vehicle conflict,
151859943,0,200,900,2200,Near-Crash,Not a Crash,"Sideswipe, same direction (left or right)",Conflict with vehicle in adjacent lane,
151607638,0,300,1700,2900,Near-Crash,Not a Crash,Straight crossing path,Conflict with vehicle moving across another vehicle path (through intersection),
142049715,0,1800,1900,5000,Crash,III  - Minor Crash,Road departure (left or right),Single vehicle conflict,
150882744,0,2800,3700,4400,Near-Crash,Not a Crash,"Rear-end, striking",Conflict with a lead vehicle,
151864859,0,,1200,2200,Crash,IV - Low-risk Tire Strike,Road departure (left or right),Single vehicle conflict,
151097695,0,100,2200,3100,Crash,III  - Minor Crash,Animal-related,Conflict with animal,
151878911,0,1800,3500,4100,Near-Crash,Not a Crash,"Rear-end, striking",Conflict with a lead vehicle,
151568722,0,700,2600,3000,Near-Crash,Not a Crash,"Rear-end, striking",Conflict with a lead vehicle,
151568996,0,,900,3500,Crash,IV - Low-risk Tire Strike,Road departure (left or right),Single vehicle conflict,
150780268,0,1000,2000,4000,Near-Crash,Not a Crash,"Sideswipe, same direction (left or right)",Conflict with vehicle in adjacent lane,
151607572,0,600,1500,2200,Near-Crash,Not a Crash,Straight crossing path,Conflict with vehicle moving across another vehicle path (through intersection),
151598309,0,2000,5100,5700,Near-Crash,Not a Crash,"Rear-end, striking",Conflict with a lead vehicle,
151865006,0,100,900,2300,Crash,III  - Minor Crash,Road departure (end),Single vehicle conflict,
151859907,0,1000,1900,2800,Near-Crash,Not a Crash,"Sideswipe, same direction (left or right)",Conflict with vehicle in adjacent lane,
151610555,0,800,3600,3800,Near-Crash,Not a Crash,"Rear-end, striking",Conflict with a lead vehicle,
151859944,0,800,8500,9500,Near-Crash,Not a Crash,"Rear-end, striking",Conflict with a lead vehicle,
151862650,0,1200,2400,3000,Near-Crash,Not a Crash,"Rear-end, striking",Conflict with a lead vehicle,
151859851,0,1000,2500,8200,Near-Crash,Not a Crash,"Rear-end, striking",Conflict with a lead vehicle,
150780178,0,1900,2500,3400,Near-Crash,Not a Crash,"Rear-end, striking",Conflict with a lead vehicle,
151862033,0,4100,4500,5300,Near-Crash,Not a Crash,Straight crossing path,Conflict with vehicle moving across another vehicle path (through intersection),
151862647,0,200,1400,2300,Near-Crash,Not a Crash,"Sideswipe, same direction (left or right)",Conflict with vehicle in adjacent lane,
37034265,0,0,1900,2700,Near-Crash,Not a Crash,"Sideswipe, same direction (left or right)",Conflict with vehicle in adjacent lane,
150780288,0,1000,1700,2300,Near-Crash,Not a Crash,Other,Conflict with parked vehicle,
143949590,0,4400,8300,9300,Near-Crash,Not a Crash,"Rear-end, striking",Conflict with a lead vehicle,
151600655,0,1700,3600,4200,Near-Crash,Not a Crash,"Rear-end, striking",Conflict with a lead vehicle,
151609048,0,4300,6700,6900,Near-Crash,Not a Crash,"Rear-end, striking",Conflict with a lead vehicle,
151861969,0,1000,2000,2700,Near-Crash,Not a Crash,"Rear-end, striking",Conflict with vehicle in adjacent lane,
151570841,0,1500,2900,3500,Near-Crash,Not a Crash,"Rear-end, striking",Conflict with a lead vehicle,
151609110,0,900,2600,3500,Near-Crash,Not a Crash,"Rear-end, striking",Conflict with a lead vehicle,
151575000,0,1500,2500,3700,Near-Crash,Not a Crash,"Sideswipe, same direction (left or right)",Conflict with vehicle in adjacent lane,
151574089,0,400,900,2300,Near-Crash,Not a Crash,"Sideswipe, same direction (left or right)",Conflict with vehicle in adjacent lane,
151570807,0,900,3500,4500,Near-Crash,Not a Crash,"Rear-end, striking",Conflict with a lead vehicle,
151870536,0,800,1900,2200,Near-Crash,Not a Crash,"Rear-end, striking",Conflict with a lead vehicle,
151569155,0,500,3000,3500,Near-Crash,Not a Crash,"Rear-end, striking",Conflict with a lead vehicle,
151600330,0,4100,5000,6100,Near-Crash,Not a Crash,"Rear-end, striking",Conflict with a lead vehicle,
151859540,0,4400,5800,7100,Near-Crash,Not a Crash,"Rear-end, striking",Conflict with a lead vehicle,
10554388,0,2100,4900,6400,Crash,I - Most Severe,"Rear-end, striking",Conflict with a lead vehicle,
151590868,0,1800,3100,4300,Near-Crash,Not a Crash,"Rear-end, striking",Conflict with vehicle in adjacent lane,
151570555,0,1200,2800,3200,Near-Crash,Not a Crash,"Sideswipe, same direction (left or right)",Conflict with merging vehicle,
151609042,0,100,2600,3900,Near-Crash,Not a Crash,Animal-related,Conflict with animal,
151590942,0,3300,5600,6200,Near-Crash,Not a Crash,"Rear-end, striking",Conflict with a lead vehicle,
150780313,0,500,1400,1900,Near-Crash,Not a Crash,Animal-related,Conflict with animal,
143083677,0,2100,6600,7000,Near-Crash,Not a Crash,"Rear-end, striking",Conflict with a lead vehicle,
151864631,0,900,1800,3000,Near-Crash,Not a Crash,Turn into path (opposite direction),Conflict with vehicle turning into another vehicle path (opposite direction),
143309750,0,2400,4200,7600,Crash,III  - Minor Crash,Road departure (left or right),Single vehicle conflict,
143897318,0,2800,4300,5400,Near-Crash,Not a Crash,"Rear-end, striking",Conflict with a lead vehicle,
151861982,0,3500,5400,5800,Near-Crash,Not a Crash,"Rear-end, striking",Conflict with a lead vehicle,
151601469,0,500,1600,2600,Near-Crash,Not a Crash,Animal-related,Conflict with animal,
151607576,0,800,1600,2600,Near-Crash,Not a Crash,Animal-related,Conflict with animal,
151856715,0,600,2300,3200,Near-Crash,Not a Crash,Turn into path (same direction),Conflict with vehicle turning into another vehicle path (same direction),
151593377,0,2000,4400,4700,Near-Crash,Not a Crash,"Rear-end, striking",Conflict with a lead vehicle,
151859406,0,700,2900,3700,Near-Crash,Not a Crash,"Rear-end, striking",Conflict with vehicle in adjacent lane,
151859445,0,300,1500,2400,Near-Crash,Not a Crash,"Rear-end, striking",Conflict with vehicle in adjacent lane,
151859402,0,500,4200,4900,Near-Crash,Not a Crash,"Sideswipe, same direction (left or right)",Conflict with vehicle in adjacent lane,
151568728,0,400,5600,7100,Near-Crash,Not a Crash,"Rear-end, striking",Conflict with a lead vehicle,
144830488,0,3700,5600,6600,Near-Crash,Not a Crash,Turn into path (same direction),Conflict with vehicle turning into another vehicle path (same direction),
151859969,0,1100,2400,3400,Near-Crash,Not a Crash,"Rear-end, striking",Conflict with a lead vehicle,
143140008,0,1300,3000,4000,Near-Crash,Not a Crash,Turn into path (same direction),Conflict with vehicle turning into another vehicle path (same direction),
143062644,0,900,1300,2500,Near-Crash,Not a Crash,"Sideswipe, same direction (left or right)",Conflict with vehicle in adjacent lane,
151607153,0,300,2700,2900,Near-Crash,Not a Crash,"Sideswipe, same direction (left or right)",Conflict with vehicle in adjacent lane,
151607146,0,1300,3500,3700,Near-Crash,Not a Crash,"Rear-end, striking",Conflict with a lead vehicle,
16662174,0,1300,4300,8500,Near-Crash,Not a Crash,"Rear-end, striking",Conflict with a lead vehicle,
29714700,0,3000,3700,4900,Crash,II - Police-reportable Crash,Backing into traffic,Conflict with a lead vehicle,
145785792,0,1600,3400,4600,Near-Crash,Not a Crash,Turn into path (same direction),Conflict with vehicle turning into another vehicle path (same direction),
31281085,0,1400,1600,2600,Crash,IV - Low-risk Tire Strike,Road departure (left or right),Single vehicle conflict,
151578826,0,5100,5400,6900,Near-Crash,Not a Crash,"Sideswipe, same direction (left or right)",Conflict with vehicle in adjacent lane,
151862008,0,1400,1500,2100,Near-Crash,Not a Crash,"Rear-end, struck",Conflict with vehicle in adjacent lane,
151605350,0,500,800,1600,Near-Crash,Not a Crash,"Rear-end, striking",Conflict with vehicle in adjacent lane,
150780376,0,300,2300,2600,Near-Crash,Not a Crash,Pedestrian-related,Conflict with pedestrian,
151594446,0,100,1200,2500,Near-Crash,Not a Crash,"Rear-end, striking",Conflict with vehicle in adjacent lane,
134938067,0,1700,3500,6800,Near-Crash,Not a Crash,Other,Single vehicle conflict,
31297565,0,4100,4300,5300,Crash,III  - Minor Crash,Road departure (left or right),Single vehicle conflict,
151568782,0,,7500,8500,Crash,III  - Minor Crash,"Backing, fixed object",Conflict with obstacle/object in roadway,
35258181,0,2400,3500,4600,Near-Crash,Not a Crash,"Rear-end, striking",Conflict with a lead vehicle,
10858129,0,1600,1600,4600,Crash,III  - Minor Crash,"Rear-end, striking",Conflict with a lead vehicle,
151097673,0,3900,3800,5500,Crash,IV - Low-risk Tire Strike,Road departure (left or right),Single vehicle conflict,
51722185,0,700,2300,3000,Near-Crash,Not a Crash,Turn across path,Conflict with vehicle turning across another vehicle path (opposite direction),
151598521,0,1500,3700,4000,Near-Crash,Not a Crash,Pedalcyclist-related,Conflict with pedalcyclist,
151587474,0,6000,7000,7900,Near-Crash,Not a Crash,"Rear-end, striking",Conflict with a lead vehicle,
116591901,0,3800,3700,4700,Crash,IV - Low-risk Tire Strike,Road departure (left or right),Single vehicle conflict,
129878681,0,,2400,6700,Crash,IV - Low-risk Tire Strike,Road departure (left or right),Single vehicle conflict,
151859418,0,900,6600,7400,Near-Crash,Not a Crash,"Rear-end, striking",Conflict with a lead vehicle,
151860043,0,300,1600,3100,Near-Crash,Not a Crash,"Rear-end, striking",Conflict with a lead vehicle,
30883533,0,,3500,4300,Crash,IV - Low-risk Tire Strike,Road departure (left or right),Single vehicle conflict,
31281087,0,,3300,4900,Crash,IV - Low-risk Tire Strike,Road departure (left or right),Single vehicle conflict,
36948269,0,1500,1900,4900,Near-Crash,Not a Crash,"Sideswipe, same direction (left or right)",Conflict with vehicle in adjacent lane,
29858045,0,1400,3400,5300,Near-Crash,Not a Crash,"Rear-end, striking",Conflict with a lead vehicle,
151568827,0,500,4800,5700,Near-Crash,Not a Crash,"Rear-end, striking",Conflict with a lead vehicle,
151569117,0,1900,3500,6000,Near-Crash,Not a Crash,"Sideswipe, same direction (left or right)",Conflict with vehicle in adjacent lane,
151591697,0,300,1600,2200,Near-Crash,Not a Crash,"Rear-end, striking",Conflict with vehicle in adjacent lane,
151568776,0,2300,2600,4400,Near-Crash,Not a Crash,"Rear-end, striking",Conflict with a lead vehicle,
151586568,0,3300,6600,7000,Near-Crash,Not a Crash,"Rear-end, striking",Conflict with a lead vehicle,
138362022,0,,3000,6500,Crash,IV - Low-risk Tire Strike,Road departure (left or right),Single vehicle conflict,
151568624,0,3400,3400,4500,Near-Crash,Not a Crash,Road departure (left or right),Single vehicle conflict,
138077517,0,700,3300,4300,Near-Crash,Not a Crash,"Rear-end, striking",Conflict with a lead vehicle,
134034306,0,300,2300,7800,Near-Crash,Not a Crash,Turn into path (same direction),Conflict with vehicle turning into another vehicle path (same direction),
135427512,0,500,3000,3600,Near-Crash,Not a Crash,"Rear-end, striking",Conflict with a lead vehicle,
151553245,0,,7300,8700,Crash,III  - Minor Crash,Other,Single vehicle conflict,
138361417,0,4400,4800,5500,Crash,IV - Low-risk Tire Strike,Road departure (left or right),Single vehicle conflict,
151568820,0,3700,6000,6600,Near-Crash,Not a Crash,"Rear-end, striking",Conflict with a lead vehicle,
132359842,0,800,5500,8600,Near-Crash,Not a Crash,Animal-related,Conflict with animal,
31577986,0,600,3300,4500,Near-Crash,Not a Crash,"Rear-end, striking",Conflict with a lead vehicle,
134948202,0,2100,3300,4400,Near-Crash,Not a Crash,"Rear-end, striking",Conflict with a lead vehicle,
138353264,0,700,2000,2700,Near-Crash,Not a Crash,Turn into path (opposite direction),Conflict with vehicle turning into another vehicle path (opposite direction),
134948262,0,1100,4600,5300,Near-Crash,Not a Crash,"Rear-end, striking",Conflict with a lead vehicle,
29880064,0,1200,2100,2900,Near-Crash,Not a Crash,"Sideswipe, same direction (left or right)",Conflict with vehicle in adjacent lane,
116163143,0,900,3300,5300,Near-Crash,Not a Crash,Turn into path (opposite direction),Conflict with vehicle turning into another vehicle path (opposite direction),
151338015,0,4100,4500,5700,Near-Crash,Not a Crash,"Rear-end, striking",Conflict with a lead vehicle,
135947162,0,1200,2500,2600,Near-Crash,Not a Crash,"Rear-end, striking",Conflict with a lead vehicle,
61432337,0,3400,6000,6800,Near-Crash,Not a Crash,"Rear-end, striking",Conflict with a lead vehicle,
151593378,0,700,3400,4800,Near-Crash,Not a Crash,"Rear-end, striking",Conflict with a lead vehicle,
151864995,0,,2600,3300,Crash,IV - Low-risk Tire Strike,Road departure (left or right),Single vehicle conflict,
138288233,0,,1900,2800,Crash,IV - Low-risk Tire Strike,Road departure (left or right),Single vehicle conflict,
128906366,0,1200,1500,2400,Near-Crash,Not a Crash,"Rear-end, striking",Conflict with a lead vehicle,
135125933,0,,2400,4300,Crash,IV - Low-risk Tire Strike,Road departure (left or right),Single vehicle conflict,
31297536,0,1900,2500,3100,Near-Crash,Not a Crash,"Rear-end, striking",Conflict with a lead vehicle,
151864771,0,0,3000,5400,Near-Crash,Not a Crash,Animal-related,Conflict with animal,
151551953,0,2900,3900,4600,Near-Crash,Not a Crash,"Rear-end, striking",Conflict with a lead vehicle,
151551876,0,2400,4000,4200,Near-Crash,Not a Crash,"Rear-end, striking",Conflict with a lead vehicle,
151598179,0,600,1200,1900,Near-Crash,Not a Crash,"Sideswipe, same direction (left or right)",Conflict with vehicle in adjacent lane,
151568943,0,6400,7700,9200,Near-Crash,Not a Crash,"Rear-end, striking",Conflict with a lead vehicle,
143062710,0,1300,2300,3100,Near-Crash,Not a Crash,Turn across path,Conflict with vehicle turning across another vehicle path (opposite direction),
31297523,0,,2400,4200,Crash,IV - Low-risk Tire Strike,Road departure (left or right),Single vehicle conflict,
133754425,0,300,1300,1700,Near-Crash,Not a Crash,Animal-related,Conflict with animal,
30883573,0,1700,2400,3100,Crash,III  - Minor Crash,Animal-related,Conflict with animal,
151551932,0,2200,5400,5600,Near-Crash,Not a Crash,Turn into path (same direction),Conflict with vehicle turning into another vehicle path (same direction),
61386968,0,1500,2400,4200,Near-Crash,Not a Crash,Backing into traffic,Conflict with parked vehicle,
29884192,0,1100,3200,8400,Near-Crash,Not a Crash,Animal-related,Conflict with animal,
151859455,0,3900,4100,7000,Near-Crash,Not a Crash,Road departure (left or right),Single vehicle conflict,
10858440,0,5400,6600,7800,Near-Crash,Not a Crash,Pedestrian-related,Conflict with pedestrian,
31281098,0,1100,3400,5100,Near-Crash,Not a Crash,"Sideswipe, same direction (left or right)",Conflict with vehicle in adjacent lane,
151568905,0,,4800,6500,Crash,IV - Low-risk Tire Strike,Road departure (left or right),Single vehicle conflict,
30883530,0,,4900,6600,Crash,IV - Low-risk Tire Strike,Road departure (left or right),Single vehicle conflict,
151582655,0,400,1000,2100,Near-Crash,Not a Crash,"Sideswipe, same direction (left or right)",Conflict with vehicle in adjacent lane,
135128781,0,1000,2000,2400,Near-Crash,Not a Crash,"Rear-end, striking",Conflict with a lead vehicle,
30881810,0,7400,7200,8800,Crash,III  - Minor Crash,Road departure (left or right),Single vehicle conflict,
151093420,0,,1200,3200,Crash,III  - Minor Crash,Road departure (left or right),Single vehicle conflict,
151856676,0,,3200,4100,Crash,III  - Minor Crash,Road departure (left or right),Single vehicle conflict,
151553194,0,,1400,3800,Crash,III  - Minor Crash,"Rear-end, struck",Conflict with a following vehicle,
61426768,0,700,3000,4200,Near-Crash,Not a Crash,Turn across path,Conflict with vehicle turning across another vehicle path (same direction),
151573030,0,500,1500,2700,Near-Crash,Not a Crash,Turn into path (same direction),Conflict with vehicle turning into another vehicle path (same direction),
151568912,0,1000,1400,2800,Near-Crash,Not a Crash,"Sideswipe, same direction (left or right)",Conflict with merging vehicle,
22303758,0,1200,1600,2400,Near-Crash,Not a Crash,"Rear-end, striking",Conflict with a lead vehicle,
151878902,0,1200,1900,3100,Near-Crash,Not a Crash,"Rear-end, striking",Conflict with vehicle in adjacent lane,
138353020,0,300,1000,1600,Near-Crash,Not a Crash,"Rear-end, striking",Conflict with vehicle in adjacent lane,
17753192,0,3100,3800,4500,Near-Crash,Not a Crash,"Rear-end, striking",Conflict with a lead vehicle,
61432323,0,1900,3300,3300,Near-Crash,Not a Crash,"Rear-end, striking",Conflict with a lead vehicle,
133755424,0,800,2000,3000,Near-Crash,Not a Crash,"Sideswipe, same direction (left or right)",Conflict with vehicle in adjacent lane,
135348865,0,2700,4200,4900,Near-Crash,Not a Crash,Turn across path,Conflict with vehicle turning across another vehicle path (opposite direction),
131821502,0,,5100,9400,Crash,IV - Low-risk Tire Strike,Road departure (left or right),Single vehicle conflict,
134033003,0,800,3100,3800,Near-Crash,Not a Crash,"Rear-end, striking",Conflict with a lead vehicle,
132706588,0,1100,2300,2700,Near-Crash,Not a Crash,Other,Conflict with parked vehicle,
29730856,0,3600,4000,4400,Near-Crash,Not a Crash,Turn into path (same direction),Conflict with vehicle turning into another vehicle path (same direction),
10858446,0,800,2400,5000,Near-Crash,Not a Crash,Pedestrian-related,Conflict with pedestrian,
29730849,0,,5000,6000,Crash,III  - Minor Crash,Road departure (end),Single vehicle conflict,
142049749,0,1900,2700,4800,Near-Crash,Not a Crash,Turn into path (same direction),Conflict with vehicle turning into another vehicle path (same direction),
29884805,0,700,1400,2600,Near-Crash,Not a Crash,"Sideswipe, same direction (left or right)",Conflict with vehicle in adjacent lane,
151551878,0,1000,2700,5900,Near-Crash,Not a Crash,"Rear-end, striking",Conflict with a lead vehicle,
151600649,0,2500,4500,5900,Near-Crash,Not a Crash,Turn into path (same direction),Conflict with vehicle turning into another vehicle path (same direction),
151864756,0,1200,3100,3400,Near-Crash,Not a Crash,"Sideswipe, same direction (left or right)",Conflict with merging vehicle,
151591689,0,600,1300,2400,Near-Crash,Not a Crash,Turn into path (same direction),Conflict with vehicle turning into another vehicle path (same direction),
60632624,0,3300,3600,4200,Crash,II - Police-reportable Crash,"Sideswipe, same direction (left or right)",Conflict with vehicle in adjacent lane,
151859541,0,900,4100,5800,Near-Crash,Not a Crash,"Sideswipe, same direction (left or right)",Conflict with vehicle in adjacent lane,
151599164,0,800,4500,4600,Near-Crash,Not a Crash,"Rear-end, striking",Conflict with a lead vehicle,
10858445,0,700,3600,5300,Near-Crash,Not a Crash,Pedestrian-related,Conflict with pedestrian,
151854743,0,3100,4500,5100,Near-Crash,Not a Crash,"Rear-end, striking",Conflict with a lead vehicle,
142005434,0,1200,3000,4200,Near-Crash,Not a Crash,"Rear-end, striking",Conflict with a lead vehicle,
10528085,0,0,800,1700,Near-Crash,Not a Crash,"Rear-end, striking",Conflict with vehicle in adjacent lane,
151574099,0,3700,3700,5400,Near-Crash,Not a Crash,"Sideswipe, same direction (left or right)",Conflict with vehicle in adjacent lane,
142005409,0,300,1600,2900,Near-Crash,Not a Crash,"Rear-end, striking",Conflict with vehicle in adjacent lane,
142053584,0,3600,9100,12000,Crash,II - Police-reportable Crash,"Sideswipe, same direction (left or right)",Conflict with vehicle in adjacent lane,
132908800,0,1600,1400,2700,Crash,IV - Low-risk Tire Strike,Road departure (left or right),Single vehicle conflict,
132520921,0,900,2900,3400,Near-Crash,Not a Crash,Turn across path,Conflict with vehicle turning across another vehicle path (opposite direction),
135427623,0,400,1000,2900,Near-Crash,Not a Crash,Turn across path,Conflict with vehicle turning across another vehicle path (opposite direction),
61427017,0,300,2500,4000,Near-Crash,Not a Crash,Turn into path (same direction),Conflict with vehicle turning into another vehicle path (same direction),
64574223,0,100,400,1200,Near-Crash,Not a Crash,"Rear-end, striking",Conflict with vehicle in adjacent lane,
31281083,0,3000,3700,4500,Near-Crash,Not a Crash,"Rear-end, striking",Conflict with a lead vehicle,
10528086,0,2300,2400,3900,Crash,II - Police-reportable Crash,"Rear-end, striking",Conflict with a lead vehicle,
150883034,0,1200,2600,3200,Near-Crash,Not a Crash,"Rear-end, striking",Conflict with a lead vehicle,
15363640,0,400,3200,6500,Near-Crash,Not a Crash,"Rear-end, striking",Conflict with a lead vehicle,
151570801,0,400,1800,2600,Near-Crash,Not a Crash,"Rear-end, striking",Conflict with a lead vehicle,
151856551,0,1200,1700,2300,Near-Crash,Not a Crash,"Sideswipe, same direction (left or right)",Conflict with vehicle in adjacent lane,
142005168,0,2300,3400,4800,Near-Crash,Not a Crash,"Rear-end, striking",Conflict with a lead vehicle,
151606792,0,2300,6400,6700,Near-Crash,Not a Crash,"Rear-end, striking",Conflict with a lead vehicle,
151864990,0,100,1600,1800,Near-Crash,Not a Crash,Animal-related,Conflict with animal,
138353215,0,2000,3500,4400,Near-Crash,Not a Crash,"Rear-end, striking",Conflict with a lead vehicle,
31680403,0,600,1400,3300,Near-Crash,Not a Crash,Turn into path (same direction),Conflict with vehicle turning into another vehicle path (same direction),
9886408,0,,2400,4700,Crash,III  - Minor Crash,"Rear-end, struck",Conflict with a following vehicle,
151854705,0,4000,4300,5000,Near-Crash,Not a Crash,"Rear-end, striking",Conflict with a lead vehicle,
22592580,0,7700,9500,9700,Near-Crash,Not a Crash,"Rear-end, striking",Conflict with a lead vehicle,
133827518,0,600,2000,2300,Near-Crash,Not a Crash,Animal-related,Conflict with animal,
151568460,0,500,1100,1900,Near-Crash,Not a Crash,Turn into path (opposite direction),Conflict with vehicle turning into another vehicle path (opposite direction),
30883101,0,,4000,6000,Crash,IV - Low-risk Tire Strike,Road departure (left or right),Single vehicle conflict,
142005461,0,2500,4200,6100,Near-Crash,Not a Crash,"Rear-end, striking",Conflict with a lead vehicle,
151569246,0,600,1900,2900,Near-Crash,Not a Crash,"Rear-end, striking",Conflict with vehicle in adjacent lane,
51722169,0,400,2200,3500,Near-Crash,Not a Crash,Turn into path (opposite direction),Conflict with vehicle turning into another vehicle path (opposite direction),
135895443,0,2000,4600,4800,Near-Crash,Not a Crash,Pedestrian-related,Conflict with pedestrian,
31280789,0,2400,4100,4100,Near-Crash,Not a Crash,Straight crossing path,Conflict with vehicle moving across another vehicle path (through intersection),
33575083,0,1800,3000,6000,Near-Crash,Not a Crash,Straight crossing path,Conflict with vehicle moving across another vehicle path (through intersection),
151565352,0,500,2200,2700,Near-Crash,Not a Crash,Turn into path (same direction),Conflict with vehicle turning into another vehicle path (same direction),
151568755,0,,7300,8500,Crash,III  - Minor Crash,"Backing, fixed object",Conflict with parked vehicle,
33575042,0,1400,3400,3900,Near-Crash,Not a Crash,Straight crossing path,Conflict with vehicle moving across another vehicle path (through intersection),
61386969,0,,1800,3300,Crash,III  - Minor Crash,Road departure (left or right),Single vehicle conflict,
76264660,0,2000,4200,5100,Near-Crash,Not a Crash,"Rear-end, striking",Conflict with a lead vehicle,
10862454,0,2900,3800,5400,Near-Crash,Not a Crash,Pedestrian-related,Conflict with pedestrian,
142043217,0,2500,3500,4300,Near-Crash,Not a Crash,"Rear-end, striking",Conflict with a lead vehicle,
128906329,0,700,3800,5800,Near-Crash,Not a Crash,"Rear-end, striking",Conflict with a lead vehicle,
142005456,0,3600,5200,5900,Near-Crash,Not a Crash,Other,Conflict with parked vehicle,
151864788,0,1300,2700,3200,Near-Crash,Not a Crash,"Rear-end, striking",Conflict with a lead vehicle,
143062573,0,400,2100,4100,Near-Crash,Not a Crash,Pedestrian-related,Conflict with pedestrian,
151568391,0,700,1100,1500,Near-Crash,Not a Crash,Animal-related,Conflict with animal,
151572342,0,1900,3500,4300,Near-Crash,Not a Crash,"Rear-end, striking",Conflict with vehicle in adjacent lane,
151573866,0,400,1300,1900,Near-Crash,Not a Crash,"Rear-end, striking",Conflict with a lead vehicle,
151570683,0,700,2900,4200,Near-Crash,Not a Crash,"Rear-end, striking",Conflict with a lead vehicle,
151859764,0,1400,4900,5200,Near-Crash,Not a Crash,"Rear-end, striking",Conflict with a lead vehicle,
143062655,0,,1800,2200,Crash,III  - Minor Crash,Other,Single vehicle conflict,
36948270,0,4400,5500,6300,Near-Crash,Not a Crash,Straight crossing path,Conflict with vehicle moving across another vehicle path (through intersection),
36948271,0,2500,4700,6800,Near-Crash,Not a Crash,Backing into traffic,Conflict with parked vehicle,
30883554,0,1400,5400,5400,Near-Crash,Not a Crash,"Rear-end, striking",Conflict with a lead vehicle,
151569029,0,2800,3400,4800,Near-Crash,Not a Crash,"Sideswipe, same direction (left or right)",Conflict with vehicle in adjacent lane,
23675202,0,800,1400,3500,Crash,II - Police-reportable Crash,Turn across path,Conflict with vehicle turning across another vehicle path (same direction),
151859961,0,200,1600,2200,Near-Crash,Not a Crash,Turn across path,Conflict with vehicle turning across another vehicle path (opposite direction),
151337828,0,4000,5800,6500,Near-Crash,Not a Crash,"Rear-end, striking",Conflict with a lead vehicle,
151568834,0,400,4700,5300,Near-Crash,Not a Crash,Other,Conflict with obstacle/object in roadway,
151592654,0,500,2200,4100,Near-Crash,Not a Crash,Animal-related,Conflict with animal,
151593425,0,900,1700,2600,Near-Crash,Not a Crash,Straight crossing path,Conflict with vehicle moving across another vehicle path (through intersection),
60631624,0,300,3400,4000,Near-Crash,Not a Crash,"Rear-end, striking",Conflict with vehicle in adjacent lane,
135947135,0,8200,8800,9200,Near-Crash,Not a Crash,"Rear-end, striking",Conflict with a lead vehicle,
10528273,0,3800,4500,6000,Near-Crash,Not a Crash,"Rear-end, striking",Conflict with a lead vehicle,
10858448,0,500,1500,2100,Near-Crash,Not a Crash,Animal-related,Conflict with animal,
30883531,0,,7600,8900,Crash,IV - Low-risk Tire Strike,Road departure (left or right),Single vehicle conflict,
128906351,0,400,2100,2700,Near-Crash,Not a Crash,"Rear-end, striking",Conflict with a lead vehicle,
29859079,0,700,1200,2600,Near-Crash,Not a Crash,"Sideswipe, same direction (left or right)",Conflict with vehicle in adjacent lane,
15363639,0,1400,3500,5700,Near-Crash,Not a Crash,"Rear-end, striking",Conflict with a lead vehicle,
143058373,0,3500,4600,5900,Near-Crash,Not a Crash,"Rear-end, striking",Conflict with a lead vehicle,
29859073,0,2500,2900,4500,Near-Crash,Not a Crash,"Sideswipe, same direction (left or right)",Conflict with vehicle in adjacent lane,
151597676,0,3200,6500,6500,Near-Crash,Not a Crash,"Rear-end, striking",Conflict with a lead vehicle,
151552179,0,3000,4400,7000,Near-Crash,Not a Crash,"Rear-end, striking",Conflict with a lead vehicle,
135126443,0,1000,2200,4400,Near-Crash,Not a Crash,"Rear-end, striking",Conflict with a lead vehicle,
143083726,0,500,1300,2100,Near-Crash,Not a Crash,Opposite direction (head-on or sideswipe),Conflict with oncoming traffic,
151549009,0,3400,8800,9300,Near-Crash,Not a Crash,"Rear-end, striking",Conflict with a lead vehicle,
29880024,0,,3500,5700,Crash,III  - Minor Crash,Road departure (left or right),Single vehicle conflict,
135128253,0,1700,5000,6600,Near-Crash,Not a Crash,"Rear-end, striking",Conflict with a lead vehicle,
64574221,0,200,1300,2600,Near-Crash,Not a Crash,Animal-related,Conflict with animal,
31577997,0,2900,5600,5900,Near-Crash,Not a Crash,"Rear-end, striking",Conflict with a lead vehicle,
151859772,0,100,2200,2700,Near-Crash,Not a Crash,"Rear-end, striking",Conflict with a lead vehicle,
22593031,0,1400,4700,5000,Near-Crash,Not a Crash,"Rear-end, striking",Conflict with a lead vehicle,
30880912,0,2400,2900,6900,Crash,III  - Minor Crash,Road departure (left or right),Single vehicle conflict,
30883537,0,,6300,6900,Crash,IV - Low-risk Tire Strike,Road departure (left or right),Single vehicle conflict,
31297575,0,500,1200,1900,Near-Crash,Not a Crash,"Sideswipe, same direction (left or right)",Conflict with vehicle in adjacent lane,
138350660,0,,3500,4200,Crash,III  - Minor Crash,"Backing, fixed object",Single vehicle conflict,
151568425,0,200,800,2900,Near-Crash,Not a Crash,"Sideswipe, same direction (left or right)",Conflict with vehicle in adjacent lane,
151568509,0,300,1400,2700,Near-Crash,Not a Crash,"Sideswipe, same direction (left or right)",Conflict with vehicle in adjacent lane,
61216951,0,,1000,1900,Crash,III  - Minor Crash,Road departure (left or right),Single vehicle conflict,
10528276,0,1000,2100,3900,Near-Crash,Not a Crash,"Rear-end, striking",Conflict with a lead vehicle,
36948422,0,2300,5100,6800,Near-Crash,Not a Crash,"Sideswipe, same direction (left or right)",Conflict with vehicle in adjacent lane,
151578827,0,300,2100,3200,Near-Crash,Not a Crash,"Rear-end, striking",Conflict with a lead vehicle,
150714483,0,1300,3900,4300,Near-Crash,Not a Crash,"Rear-end, striking",Conflict with a lead vehicle,
29877178,0,1100,2400,2700,Near-Crash,Not a Crash,"Rear-end, striking",Conflict with a lead vehicle,
31297584,0,1800,3100,4600,Near-Crash,Not a Crash,"Rear-end, striking",Conflict with a lead vehicle,
151551922,0,1200,1800,3200,Near-Crash,Not a Crash,Animal-related,Conflict with animal,
151856541,0,3200,3400,4100,Near-Crash,Not a Crash,"Rear-end, striking",Conflict with a lead vehicle,
7428364,0,1800,2300,3400,Crash,I - Most Severe,Turn across path,Conflict with vehicle turning across another vehicle path (opposite direction),
30883559,0,,6400,8200,Crash,IV - Low-risk Tire Strike,Road departure (left or right),Single vehicle conflict,
22593922,0,0,4600,4700,Near-Crash,Not a Crash,"Rear-end, striking",Conflict with a lead vehicle,
151311482,0,2500,3000,3700,Near-Crash,Not a Crash,"Rear-end, striking",Conflict with a lead vehicle,
151581853,0,1700,3400,4100,Near-Crash,Not a Crash,"Rear-end, striking",Conflict with vehicle in adjacent lane,
36948273,0,3500,4100,7300,Near-Crash,Not a Crash,Animal-related,Conflict with animal,
151591688,0,300,1200,2200,Near-Crash,Not a Crash,"Sideswipe, same direction (left or right)",Conflict with vehicle in adjacent lane,
151568792,0,,6100,6800,Crash,III  - Minor Crash,"Rear-end, struck",Conflict with a following vehicle,
151312635,0,2500,3900,6100,Near-Crash,Not a Crash,"Rear-end, striking",Conflict with a lead vehicle,
151865074,0,,2300,4000,Crash,III  - Minor Crash,"Rear-end, striking",Conflict with a lead vehicle,
142049752,0,700,2100,3400,Near-Crash,Not a Crash,Backing into traffic,Other,
36948423,0,1000,2700,7100,Near-Crash,Not a Crash,"Sideswipe, same direction (left or right)",Conflict with vehicle in adjacent lane,
10528084,0,3100,4400,6100,Near-Crash,Not a Crash,"Rear-end, striking",Conflict with vehicle in adjacent lane,
10528255,0,4300,5700,6900,Near-Crash,Not a Crash,"Rear-end, striking",Conflict with a lead vehicle,
76264661,0,3300,3500,5800,Near-Crash,Not a Crash,"Sideswipe, same direction (left or right)",Conflict with vehicle in adjacent lane,
35333345,0,2200,2800,5200,Near-Crash,Not a Crash,"Sideswipe, same direction (left or right)",Conflict with vehicle in adjacent lane,
51722171,0,800,2400,3000,Near-Crash,Not a Crash,"Rear-end, striking",Conflict with vehicle in adjacent lane,
151578955,0,4100,5600,6600,Near-Crash,Not a Crash,"Rear-end, striking",Conflict with a lead vehicle,
29878408,0,,3100,5300,Crash,IV - Low-risk Tire Strike,Road departure (left or right),Single vehicle conflict,
143058368,0,1300,2600,4400,Near-Crash,Not a Crash,"Rear-end, striking",Conflict with vehicle in adjacent lane,
51722208,0,200,1600,2200,Near-Crash,Not a Crash,"Sideswipe, same direction (left or right)",Conflict with vehicle in adjacent lane,
14869506,0,2400,4200,6300,Near-Crash,Not a Crash,"Rear-end, striking",Conflict with a lead vehicle,
151865058,0,3300,4700,5000,Near-Crash,Not a Crash,"Rear-end, striking",Conflict with a lead vehicle,
151588180,0,700,2000,3700,Near-Crash,Not a Crash,"Rear-end, striking",Conflict with vehicle in adjacent lane,
151551950,0,2700,4800,5400,Near-Crash,Not a Crash,Turn into path (same direction),Conflict with vehicle turning into another vehicle path (same direction),
151569011,0,4400,4800,5800,Near-Crash,Not a Crash,Backing into traffic,Other,
151865034,0,2200,4200,4700,Near-Crash,Not a Crash,"Rear-end, striking",Conflict with a lead vehicle,
151859391,0,5600,6100,6600,Near-Crash,Not a Crash,"Rear-end, striking",Conflict with a lead vehicle,
29859099,0,800,1500,3100,Near-Crash,Not a Crash,"Sideswipe, same direction (left or right)",Conflict with vehicle in adjacent lane,
151859951,0,2300,3200,3700,Near-Crash,Not a Crash,"Rear-end, striking",Conflict with a lead vehicle,
151316696,0,1600,3600,5200,Near-Crash,Not a Crash,Straight crossing path,Conflict with vehicle moving across another vehicle path (through intersection),
131785458,0,700,1000,2100,Near-Crash,Not a Crash,"Sideswipe, same direction (left or right)",Conflict with vehicle in adjacent lane,
61385900,0,1500,1400,2500,Crash,III  - Minor Crash,Road departure (left or right),Single vehicle conflict,
151870565,0,1800,3600,4000,Near-Crash,Not a Crash,"Rear-end, striking",Conflict with a lead vehicle,
61385919,0,900,5400,5600,Near-Crash,Not a Crash,"Rear-end, striking",Conflict with a lead vehicle,
29859084,0,2700,3400,5500,Near-Crash,Not a Crash,"Sideswipe, same direction (left or right)",Conflict with vehicle in adjacent lane,
128888728,0,,3000,3900,Crash,II - Police-reportable Crash,"Rear-end, striking",Conflict with a lead vehicle,
61427022,0,800,1400,2000,Near-Crash,Not a Crash,"Rear-end, striking",Conflict with a lead vehicle,
30880851,0,900,2200,2700,Near-Crash,Not a Crash,"Rear-end, striking",Conflict with a lead vehicle,
151606560,0,2000,4000,5400,Near-Crash,Not a Crash,"Sideswipe, same direction (left or right)",Conflict with vehicle in adjacent lane,
151607564,0,300,1800,3000,Near-Crash,Not a Crash,Turn into path (opposite direction),Conflict with vehicle turning into another vehicle path (opposite direction),
61216644,0,5400,8800,11600,Crash,IV - Low-risk Tire Strike,Road departure (left or right),Single vehicle conflict,
61426986,0,5200,6000,6400,Near-Crash,Not a Crash,"Rear-end, striking",Conflict with a lead vehicle,
128906321,0,800,2800,3900,Near-Crash,Not a Crash,Turn into path (opposite direction),Conflict with vehicle turning into another vehicle path (opposite direction),
151878831,0,700,2100,2600,Near-Crash,Not a Crash,"Rear-end, striking",Conflict with a lead vehicle,
9701675,0,,1300,4600,Crash,I - Most Severe,"Rear-end, struck",Conflict with a following vehicle,
31281070,0,,7300,8800,Crash,IV - Low-risk Tire Strike,Road departure (left or right),Single vehicle conflict,
151591680,0,400,1900,5900,Near-Crash,Not a Crash,"Sideswipe, same direction (left or right)",Conflict with vehicle in adjacent lane,
30881814,0,400,1100,3000,Near-Crash,Not a Crash,"Sideswipe, same direction (left or right)",Conflict with vehicle in adjacent lane,
61426778,0,100,2300,7200,Near-Crash,Not a Crash,"Rear-end, striking",Conflict with a lead vehicle,
135124455,0,,2700,4300,Crash,IV - Low-risk Tire Strike,Road departure (left or right),Single vehicle conflict,
151574546,0,3200,5700,6000,Near-Crash,Not a Crash,"Rear-end, striking",Conflict with a lead vehicle,
151878877,0,700,1700,2000,Near-Crash,Not a Crash,Backing into traffic,Conflict with parked vehicle,
29877332,0,0,1700,2800,Near-Crash,Not a Crash,"Sideswipe, same direction (left or right)",Conflict with vehicle in adjacent lane,
151568648,0,1900,2800,3000,Near-Crash,Not a Crash,"Rear-end, striking",Conflict with a lead vehicle,
151878900,0,300,1200,2000,Near-Crash,Not a Crash,"Rear-end, striking",Conflict with a lead vehicle,
30883527,0,1100,2800,3100,Near-Crash,Not a Crash,"Rear-end, striking",Conflict with vehicle in adjacent lane,
151584417,0,1700,3100,4000,Near-Crash,Not a Crash,"Rear-end, striking",Conflict with vehicle in adjacent lane,
33575047,0,1400,3900,7300,Crash,I - Most Severe,"Rear-end, striking",Conflict with vehicle in adjacent lane,
151570584,0,2500,4300,5300,Near-Crash,Not a Crash,"Rear-end, striking",Conflict with vehicle in adjacent lane,
151865075,0,400,1400,2100,Near-Crash,Not a Crash,"Sideswipe, same direction (left or right)",Conflict with vehicle in adjacent lane,
30882463,0,1900,2100,3000,Near-Crash,Not a Crash,"Sideswipe, same direction (left or right)",Conflict with vehicle in adjacent lane,
61385883,0,,1200,2100,Crash,IV - Low-risk Tire Strike,Road departure (left or right),Single vehicle conflict,
151859833,0,1100,1400,2800,Near-Crash,Not a Crash,"Sideswipe, same direction (left or right)",Conflict with vehicle in adjacent lane,
151864959,0,,1100,3100,Crash,IV - Low-risk Tire Strike,Road departure (left or right),Single vehicle conflict,
31280786,0,,1800,3000,Crash,IV - Low-risk Tire Strike,Road departure (left or right),Single vehicle conflict,
30883550,0,4200,5400,8300,Near-Crash,Not a Crash,Road departure (left or right),Single vehicle conflict,
151597666,0,400,1000,3000,Near-Crash,Not a Crash,"Sideswipe, same direction (left or right)",Conflict with vehicle in adjacent lane,
142005155,0,0,300,1300,Near-Crash,Not a Crash,"Sideswipe, same direction (left or right)",Conflict with vehicle in adjacent lane,
151550313,0,1300,2800,3000,Near-Crash,Not a Crash,"Rear-end, striking",Conflict with a lead vehicle,
142005344,0,800,2800,3000,Near-Crash,Not a Crash,Straight crossing path,Conflict with vehicle moving across another vehicle path (through intersection),
151553147,0,,7500,8200,Crash,III  - Minor Crash,"Backing, fixed object",Conflict with obstacle/object in roadway,
143062679,0,700,1400,2700,Near-Crash,Not a Crash,"Sideswipe, same direction (left or right)",Conflict with vehicle in adjacent lane,
151610548,0,200,4800,5200,Near-Crash,Not a Crash,"Rear-end, striking",Conflict with a lead vehicle,
132520930,0,3000,3500,4300,Near-Crash,Not a Crash,"Rear-end, striking",Conflict with a lead vehicle,
135085999,0,200,2500,4400,Near-Crash,Not a Crash,"Rear-end, striking",Conflict with vehicle in adjacent lane,
135184997,0,2300,3300,4500,Near-Crash,Not a Crash,Straight crossing path,Conflict with vehicle moving across another vehicle path (through intersection),
151856727,0,300,800,2100,Near-Crash,Not a Crash,Opposite direction (head-on or sideswipe),Conflict with oncoming traffic,
61426952,0,2000,3100,4400,Near-Crash,Not a Crash,Turn into path (same direction),Conflict with vehicle turning into another vehicle path (same direction),
76264680,0,0,2500,7200,Near-Crash,Not a Crash,"Rear-end, striking",Conflict with a lead vehicle,
151859533,0,2100,6400,6700,Near-Crash,Not a Crash,"Rear-end, striking",Conflict with a lead vehicle,
143062698,0,800,2700,3200,Near-Crash,Not a Crash,"Rear-end, striking",Conflict with a lead vehicle,
138198395,0,3000,4200,4600,Near-Crash,Not a Crash,"Rear-end, striking",Conflict with a lead vehicle,
151570855,0,400,900,2000,Near-Crash,Not a Crash,"Sideswipe, same direction (left or right)",Conflict with vehicle in adjacent lane,
151865032,0,,1500,2400,Crash,IV - Low-risk Tire Strike,Road departure (left or right),Single vehicle conflict,
116168862,0,1300,3200,3900,Near-Crash,Not a Crash,"Rear-end, striking",Conflict with a lead vehicle,
151589150,0,2000,6300,7600,Near-Crash,Not a Crash,"Rear-end, striking",Conflict with vehicle in adjacent lane,
136237949,0,2300,4600,5400,Near-Crash,Not a Crash,"Rear-end, striking",Conflict with a lead vehicle,
16662175,0,1900,3900,4500,Near-Crash,Not a Crash,"Rear-end, striking",Conflict with a lead vehicle,
138077533,0,2800,3400,4300,Near-Crash,Not a Crash,"Rear-end, striking",Conflict with a lead vehicle,
151570712,0,2300,3800,4400,Near-Crash,Not a Crash,"Rear-end, striking",Conflict with vehicle in adjacent lane,
31297535,0,1700,2400,3300,Near-Crash,Not a Crash,"Rear-end, striking",Conflict with a lead vehicle,
31280790,0,2600,3800,5500,Near-Crash,Not a Crash,"Rear-end, striking",Conflict with a lead vehicle,
151570707,0,3700,6600,7600,Near-Crash,Not a Crash,"Rear-end, striking",Conflict with vehicle in adjacent lane,
151586352,0,300,1200,2500,Near-Crash,Not a Crash,"Sideswipe, same direction (left or right)",Conflict with vehicle in adjacent lane,
31280781,0,2200,3400,3800,Near-Crash,Not a Crash,Turn across path,Conflict with vehicle turning across another vehicle path (opposite direction),
29884193,0,3100,4100,4900,Near-Crash,Not a Crash,"Sideswipe, same direction (left or right)",Conflict with parked vehicle,
151568488,0,200,3400,3600,Near-Crash,Not a Crash,Animal-related,Conflict with animal,
31297524,0,,2100,4000,Crash,IV - Low-risk Tire Strike,Road departure (left or right),Single vehicle conflict,
151592266,0,100,2000,3300,Near-Crash,Not a Crash,Animal-related,Conflict with animal,
151607624,0,,3300,4100,Crash,IV - Low-risk Tire Strike,Road departure (end),Single vehicle conflict,
151586129,0,5400,7700,8400,Near-Crash,Not a Crash,"Rear-end, striking",Conflict with a lead vehicle,
29858024,0,800,1200,2800,Near-Crash,Not a Crash,"Sideswipe, same direction (left or right)",Conflict with vehicle in adjacent lane,
131286561,0,1200,2100,2700,Near-Crash,Not a Crash,"Rear-end, striking",Conflict with a lead vehicle,
128906306,0,4500,5800,6800,Near-Crash,Not a Crash,"Rear-end, striking",Conflict with a lead vehicle,
29878380,0,1300,1300,3200,Crash,III  - Minor Crash,Road departure (left or right),Single vehicle conflict,
7878642,0,,2400,4400,Crash,III  - Minor Crash,Road departure (left or right),Single vehicle conflict,
23773078,0,,2400,3800,Crash,IV - Low-risk Tire Strike,Road departure (left or right),Single vehicle conflict,
151584419,0,2400,2400,3600,Near-Crash,Not a Crash,"Sideswipe, same direction (left or right)",Conflict with vehicle in adjacent lane,
142007645,0,,1200,4600,Crash,III  - Minor Crash,"Rear-end, struck",Conflict with a following vehicle,
151859880,0,100,2400,2900,Near-Crash,Not a Crash,Pedestrian-related,Conflict with pedestrian,
151565601,0,1800,3900,4200,Near-Crash,Not a Crash,"Rear-end, striking",Conflict with a lead vehicle,
151866528,0,2400,5800,6100,Near-Crash,Not a Crash,"Rear-end, striking",Conflict with a lead vehicle,
151878883,0,500,1500,2100,Near-Crash,Not a Crash,Turn into path (opposite direction),Conflict with vehicle turning into another vehicle path (opposite direction),
29858048,0,1800,2600,3400,Near-Crash,Not a Crash,"Rear-end, striking",Conflict with a lead vehicle,
29884806,0,1400,2000,3300,Near-Crash,Not a Crash,"Rear-end, striking",Conflict with a lead vehicle,
151568845,0,3100,6700,7200,Near-Crash,Not a Crash,"Rear-end, striking",Conflict with a lead vehicle,
135185013,0,,1800,5200,Crash,II - Police-reportable Crash,"Rear-end, struck",Conflict with a following vehicle,
151568936,0,3900,3800,5500,Crash,IV - Low-risk Tire Strike,Road departure (left or right),Single vehicle conflict,
116168863,0,500,3300,3700,Near-Crash,Not a Crash,"Rear-end, striking",Conflict with a lead vehicle,
60631667,0,1000,3300,4200,Near-Crash,Not a Crash,Turn into path (same direction),Conflict with vehicle turning into another vehicle path (same direction),
60631671,0,2900,4400,5300,Near-Crash,Not a Crash,"Rear-end, striking",Conflict with a lead vehicle,
134897480,0,1200,4500,5500,Near-Crash,Not a Crash,Road departure (left or right),Single vehicle conflict,
151601461,0,0,200,1900,Near-Crash,Not a Crash,Animal-related,Conflict with animal,
10528088,0,1200,2900,4400,Near-Crash,Not a Crash,"Rear-end, striking",Conflict with a lead vehicle,
142005480,0,100,1100,2800,Near-Crash,Not a Crash,"Rear-end, striking",Conflict with vehicle in adjacent lane,
151864872,0,0,2000,2000,Near-Crash,Not a Crash,Turn into path (opposite direction),Conflict with vehicle turning into another vehicle path (opposite direction),
36841178,0,600,1700,2000,Near-Crash,Not a Crash,Animal-related,Conflict with animal,
151570553,0,1100,5000,5400,Near-Crash,Not a Crash,"Rear-end, striking",Conflict with a lead vehicle,
151311260,0,900,1800,2800,Near-Crash,Not a Crash,"Rear-end, striking",Conflict with a lead vehicle,
151312949,0,1100,2300,4700,Near-Crash,Not a Crash,"Rear-end, striking",Conflict with a lead vehicle,
151312829,0,1200,1700,2800,Near-Crash,Not a Crash,"Rear-end, striking",Conflict with a lead vehicle,
151312657,0,1900,3800,4700,Near-Crash,Not a Crash,"Rear-end, striking",Conflict with a lead vehicle,
151313156,0,2200,4600,4800,Near-Crash,Not a Crash,"Rear-end, striking",Conflict with a lead vehicle,
133753400,0,600,1500,2900,Near-Crash,Not a Crash,"Rear-end, striking",Conflict with a lead vehicle,
10528278,0,1300,3800,5900,Near-Crash,Not a Crash,"Rear-end, striking",Conflict with a lead vehicle,
10862493,0,400,1200,3100,Near-Crash,Not a Crash,Animal-related,Conflict with animal,
151314321,0,800,4600,7100,Near-Crash,Not a Crash,"Rear-end, striking",Conflict with a lead vehicle,
22303757,0,2100,4100,4700,Near-Crash,Not a Crash,"Rear-end, striking",Conflict with a lead vehicle,
30879240,0,,1900,6100,Crash,III  - Minor Crash,"Rear-end, struck",Conflict with a following vehicle,
36304065,0,3800,4600,5400,Near-Crash,Not a Crash,Turn across path,Conflict with vehicle turning across another vehicle path (opposite direction),
151878898,0,1100,1600,1900,Near-Crash,Not a Crash,"Rear-end, striking",Conflict with vehicle in adjacent lane,
151569127,0,2000,4000,5000,Near-Crash,Not a Crash,"Sideswipe, same direction (left or right)",Conflict with vehicle in adjacent lane,
151575006,0,700,6500,7600,Near-Crash,Not a Crash,"Rear-end, striking",Conflict with a lead vehicle,
151601477,0,1600,1700,3200,Near-Crash,Not a Crash,"Sideswipe, same direction (left or right)",Conflict with vehicle in adjacent lane,
151590862,0,400,2200,2400,Near-Crash,Not a Crash,Turn across path,Conflict with vehicle turning across another vehicle path (opposite direction),
151611681,0,300,1400,1800,Near-Crash,Not a Crash,Turn into path (same direction),Conflict with vehicle turning into another vehicle path (same direction),
138364508,0,,2500,3700,Crash,IV - Low-risk Tire Strike,Road departure (left or right),Single vehicle conflict,
151598174,0,1900,2900,3600,Near-Crash,Not a Crash,"Sideswipe, same direction (left or right)",Conflict with vehicle in adjacent lane,
151589163,0,3000,5200,6000,Near-Crash,Not a Crash,Road departure (left or right),Single vehicle conflict,
151610545,0,500,1500,2100,Near-Crash,Not a Crash,"Rear-end, striking",Conflict with vehicle in adjacent lane,
10598418,0,500,1300,1900,Near-Crash,Not a Crash,"Rear-end, striking",Conflict with a lead vehicle,
30883529,0,,2800,4400,Crash,IV - Low-risk Tire Strike,Road departure (left or right),Single vehicle conflict,
151859502,0,2100,3600,4000,Near-Crash,Not a Crash,"Rear-end, striking",Conflict with vehicle in adjacent lane,
151609118,0,4900,6700,7100,Near-Crash,Not a Crash,"Rear-end, striking",Conflict with a lead vehicle,
7428102,0,1700,2000,3700,Crash,III  - Minor Crash,Road departure (left or right),Single vehicle conflict,
61386952,0,2400,2100,4700,Crash,III  - Minor Crash,Road departure (left or right),Single vehicle conflict,
151352466,0,400,1400,2300,Near-Crash,Not a Crash,Road departure (left or right),Single vehicle conflict,
30880853,0,700,1200,1600,Near-Crash,Not a Crash,"Rear-end, striking",Conflict with a lead vehicle,
7877771,0,,5200,7300,Crash,II - Police-reportable Crash,"Rear-end, struck",Conflict with a following vehicle,
30882470,0,,1900,4900,Crash,IV - Low-risk Tire Strike,Road departure (left or right),Single vehicle conflict,
33575117,0,,3500,5400,Crash,IV - Low-risk Tire Strike,Road departure (end),Single vehicle conflict,
151865008,0,700,2300,3100,Near-Crash,Not a Crash,Straight crossing path,Conflict with vehicle moving across another vehicle path (through intersection),
151607766,0,1700,4300,5000,Near-Crash,Not a Crash,"Rear-end, striking",Conflict with a lead vehicle,
16992780,0,,4000,6900,Crash,II - Police-reportable Crash,"Rear-end, striking",Conflict with a lead vehicle,
36841179,0,700,1400,3700,Near-Crash,Not a Crash,"Sideswipe, same direction (left or right)",Conflict with vehicle in adjacent lane,
135427628,0,3000,3400,4800,Crash,II - Police-reportable Crash,"Rear-end, striking",Conflict with a lead vehicle,
151547006,0,1300,1700,2400,Near-Crash,Not a Crash,"Rear-end, striking",Conflict with a lead vehicle,
151551838,0,4000,5300,6300,Near-Crash,Not a Crash,"Rear-end, striking",Conflict with a lead vehicle,
29714775,0,900,3500,7500,Crash,II - Police-reportable Crash,Animal-related,Conflict with animal,
151550523,0,1100,2600,3700,Near-Crash,Not a Crash,"Rear-end, striking",Conflict with a lead vehicle,
35826913,0,2000,2700,3000,Near-Crash,Not a Crash,Turn across path,Conflict with vehicle turning across another vehicle path (opposite direction),
135427585,0,1700,3700,4300,Near-Crash,Not a Crash,Turn into path (same direction),Conflict with vehicle turning into another vehicle path (same direction),
142049783,0,1300,2700,3700,Near-Crash,Not a Crash,Turn into path (same direction),Conflict with vehicle turning into another vehicle path (same direction),
151313543,0,3400,3800,4900,Near-Crash,Not a Crash,"Rear-end, striking",Conflict with a lead vehicle,
10595708,0,600,1700,2700,Near-Crash,Not a Crash,"Rear-end, striking",Conflict with vehicle in adjacent lane,
10814074,0,1300,4300,5200,Near-Crash,Not a Crash,"Rear-end, striking",Conflict with a lead vehicle,
151586345,0,200,2000,3300,Near-Crash,Not a Crash,"Rear-end, striking",Conflict with vehicle in adjacent lane,
151313324,0,3900,7000,9400,Near-Crash,Not a Crash,"Rear-end, striking",Conflict with a lead vehicle,
151085066,0,2300,3300,3800,Near-Crash,Not a Crash,"Rear-end, striking",Conflict with a lead vehicle,
151315345,0,0,1000,1200,Near-Crash,Not a Crash,"Rear-end, striking",Conflict with vehicle in adjacent lane,
151859491,0,1300,3600,4700,Near-Crash,Not a Crash,"Rear-end, striking",Conflict with a lead vehicle,
151865039,0,300,3900,4200,Near-Crash,Not a Crash,"Rear-end, striking",Conflict with a lead vehicle,
151086601,0,2100,4700,4800,Near-Crash,Not a Crash,"Rear-end, striking",Conflict with a lead vehicle,
151859583,0,1500,4600,5300,Near-Crash,Not a Crash,Turn into path (same direction),Conflict with vehicle turning into another vehicle path (same direction),
10528279,0,500,1800,2800,Near-Crash,Not a Crash,"Rear-end, striking",Conflict with a lead vehicle,
10598639,0,1300,4100,5300,Near-Crash,Not a Crash,"Rear-end, striking",Conflict with a lead vehicle,
10528272,0,1300,2000,3700,Near-Crash,Not a Crash,"Rear-end, striking",Conflict with a lead vehicle,
36812434,0,400,2000,3100,Near-Crash,Not a Crash,"Rear-end, striking",Conflict with a lead vehicle,
151568856,0,,15000,15900,Crash,IV - Low-risk Tire Strike,Road departure (left or right),Single vehicle conflict,
151569167,0,3500,3700,4500,Near-Crash,Not a Crash,Backing into traffic,Conflict with a following vehicle,
60631666,0,500,1500,3700,Near-Crash,Not a Crash,"Rear-end, striking",Conflict with vehicle in adjacent lane,
151865070,0,1600,3600,4300,Near-Crash,Not a Crash,"Rear-end, striking",Conflict with vehicle in adjacent lane,
142007577,0,1600,1900,2500,Near-Crash,Not a Crash,"Sideswipe, same direction (left or right)",Conflict with vehicle in adjacent lane,
151591684,0,600,1200,2000,Near-Crash,Not a Crash,"Rear-end, striking",Conflict with vehicle in adjacent lane,
131785446,0,1500,3100,4000,Near-Crash,Not a Crash,"Rear-end, striking",Conflict with a lead vehicle,
151865036,0,1600,3800,4200,Near-Crash,Not a Crash,"Rear-end, striking",Conflict with a lead vehicle,
133190016,0,,2900,4100,Crash,IV - Low-risk Tire Strike,Road departure (left or right),Single vehicle conflict,
29878384,0,1500,3400,3700,Near-Crash,Not a Crash,Turn into path (opposite direction),Conflict with vehicle turning into another vehicle path (opposite direction),
143062599,0,1500,1800,3200,Near-Crash,Not a Crash,"Sideswipe, same direction (left or right)",Conflict with vehicle in adjacent lane,
151865104,0,,7300,7700,Crash,IV - Low-risk Tire Strike,"Backing, fixed object",Single vehicle conflict,
151568741,0,1200,7800,9000,Near-Crash,Not a Crash,"Rear-end, striking",Conflict with a lead vehicle,
135324072,0,1200,2600,2800,Crash,III  - Minor Crash,Other,Conflict with obstacle/object in roadway,
151600337,0,3500,5500,6800,Near-Crash,Not a Crash,"Rear-end, striking",Conflict with a lead vehicle,
132520924,0,2200,2400,4100,Near-Crash,Not a Crash,"Sideswipe, same direction (left or right)",Conflict with vehicle in adjacent lane,
151545544,0,600,1500,2400,Near-Crash,Not a Crash,"Rear-end, striking",Conflict with a lead vehicle,
142049769,0,2100,3100,4200,Near-Crash,Not a Crash,Turn into path (opposite direction),Conflict with vehicle turning into another vehicle path (opposite direction),
143062582,0,2100,2800,4700,Near-Crash,Not a Crash,"Sideswipe, same direction (left or right)",Conflict with vehicle in adjacent lane,
151558422,0,3500,8300,9000,Near-Crash,Not a Crash,Animal-related,Conflict with animal,
151546920,0,1800,2400,3000,Near-Crash,Not a Crash,"Rear-end, striking",Conflict with a lead vehicle,
151315046,0,1300,3100,4500,Near-Crash,Not a Crash,"Rear-end, striking",Conflict with a lead vehicle,
36841165,0,,1900,3300,Crash,II - Police-reportable Crash,"Rear-end, striking",Conflict with a lead vehicle,
135947086,0,1000,1100,3000,Near-Crash,Not a Crash,Animal-related,Conflict with animal,
151568442,0,4400,4900,6700,Near-Crash,Not a Crash,"Sideswipe, same direction (left or right)",Conflict with vehicle in adjacent lane,
29884173,0,3600,5600,7600,Near-Crash,Not a Crash,Animal-related,Conflict with animal,"A vehicle nearly crashed in an open residential area at night when it encountered an animal on the road. The road was free of traffic, and there were no adverse weather conditions or lighting issues. The surface of the road was dry. Despite these favorable conditions, the unexpected presence of an animal led to a near-miss incident, highlighting the risks of animal-related conflicts in residential areas, especially in the dark."
151568829,0,2300,4500,5600,Near-Crash,Not a Crash,"Rear-end, striking",Conflict with vehicle in adjacent lane,
151568387,0,1000,1600,3000,Near-Crash,Not a Crash,"Sideswipe, same direction (left or right)",Conflict with vehicle in adjacent lane,
151586348,0,3300,8400,9300,Near-Crash,Not a Crash,"Sideswipe, same direction (left or right)",Conflict with vehicle in adjacent lane,
10560148,0,2200,2800,3700,Crash,II - Police-reportable Crash,"Rear-end, striking",Conflict with a lead vehicle,
134056126,0,2100,3000,4300,Near-Crash,Not a Crash,Road departure (left or right),Single vehicle conflict,
15363637,0,1500,2500,6000,Near-Crash,Not a Crash,"Rear-end, striking",Conflict with a lead vehicle,
29880074,0,600,2300,3600,Near-Crash,Not a Crash,Turn across path,Conflict with vehicle turning across another vehicle path (same direction),
151568383,0,3000,3800,4100,Near-Crash,Not a Crash,"Rear-end, striking",Conflict with a lead vehicle,
151568420,0,1100,2700,3600,Near-Crash,Not a Crash,"Rear-end, striking",Conflict with a lead vehicle,
15363638,0,2100,5200,5900,Near-Crash,Not a Crash,"Rear-end, striking",Conflict with a lead vehicle,
61216933,0,,1100,1900,Crash,III  - Minor Crash,Road departure (left or right),Single vehicle conflict,
151568585,0,3100,4000,5600,Near-Crash,Not a Crash,"Rear-end, striking",Conflict with a lead vehicle,
128906376,0,,4400,6300,Crash,IV - Low-risk Tire Strike,Road departure (left or right),Single vehicle conflict,
31281095,0,400,1000,2100,Near-Crash,Not a Crash,"Sideswipe, same direction (left or right)",Conflict with vehicle in adjacent lane,
151568713,0,3800,4400,5000,Near-Crash,Not a Crash,Other,Conflict with parked vehicle,
151592150,0,600,1300,2100,Near-Crash,Not a Crash,Animal-related,Conflict with animal,
76264682,0,3600,3900,5900,Crash,III  - Minor Crash,Road departure (left or right),Single vehicle conflict,
151549040,0,1600,3600,4400,Near-Crash,Not a Crash,"Rear-end, striking",Conflict with a lead vehicle,
142049801,0,2300,3800,4300,Near-Crash,Not a Crash,Pedestrian-related,Conflict with pedestrian,
51722153,0,1000,1600,2200,Near-Crash,Not a Crash,"Sideswipe, same direction (left or right)",Conflict with vehicle in adjacent lane,
151569094,0,1700,2300,3300,Near-Crash,Not a Crash,"Rear-end, striking",Conflict with vehicle in adjacent lane,
36948424,0,100,500,1300,Near-Crash,Not a Crash,"Sideswipe, same direction (left or right)",Conflict with vehicle in adjacent lane,
35333346,0,600,2600,2900,Near-Crash,Not a Crash,Turn across path,Conflict with vehicle turning across another vehicle path (opposite direction),
29884170,0,4300,5200,6400,Near-Crash,Not a Crash,"Rear-end, striking",Conflict with a lead vehicle,
151866531,0,1000,2400,3700,Near-Crash,Not a Crash,"Rear-end, striking",Conflict with a lead vehicle,
61385912,0,600,3600,4400,Near-Crash,Not a Crash,"Rear-end, striking",Conflict with a lead vehicle,
151573884,0,1400,3300,4000,Near-Crash,Not a Crash,"Rear-end, striking",Conflict with a lead vehicle,
143058370,0,2200,3600,4400,Near-Crash,Not a Crash,"Rear-end, striking",Conflict with a lead vehicle,
143043184,0,400,1400,2500,Near-Crash,Not a Crash,"Rear-end, striking",Conflict with vehicle in adjacent lane,
143062555,0,400,1900,3300,Near-Crash,Not a Crash,"Rear-end, striking",Conflict with a lead vehicle,
143062557,0,600,2100,4300,Near-Crash,Not a Crash,"Rear-end, striking",Conflict with a lead vehicle,
60631620,0,600,2300,2300,Near-Crash,Not a Crash,"Rear-end, striking",Conflict with a lead vehicle,
143043186,0,600,2400,3800,Near-Crash,Not a Crash,"Sideswipe, same direction (left or right)",Conflict with merging vehicle,
151609116,0,2100,3500,4600,Near-Crash,Not a Crash,Turn into path (same direction),Conflict with vehicle turning into another vehicle path (same direction),
151568662,0,3500,5600,7500,Near-Crash,Not a Crash,"Rear-end, striking",Conflict with a lead vehicle,
151860041,0,100,3300,4300,Near-Crash,Not a Crash,Turn into path (same direction),Conflict with vehicle turning into another vehicle path (same direction),
29859102,0,600,1400,2000,Near-Crash,Not a Crash,"Rear-end, striking",Conflict with vehicle in adjacent lane,
151548890,0,2200,2700,4400,Near-Crash,Not a Crash,"Sideswipe, same direction (left or right)",Conflict with vehicle in adjacent lane,
151569137,0,1600,2900,3500,Near-Crash,Not a Crash,"Rear-end, striking",Conflict with a lead vehicle,
151568947,0,,1300,2100,Near-Crash,Not a Crash,"Sideswipe, same direction (left or right)",Conflict with vehicle in adjacent lane,
138077541,0,,6300,7500,Near-Crash,Not a Crash,"Rear-end, struck",Conflict with vehicle in adjacent lane,
142050449,0,,6500,7400,Crash,IV - Low-risk Tire Strike,Road departure (left or right),Single vehicle conflict,
29858025,0,4800,5900,6600,Near-Crash,Not a Crash,"Rear-end, striking",Conflict with a lead vehicle,
17749358,0,4100,6000,7600,Near-Crash,Not a Crash,"Rear-end, striking",Conflict with a lead vehicle,
151578833,0,2400,2900,3600,Near-Crash,Not a Crash,Road departure (left or right),Single vehicle conflict,
151878839,0,300,1200,1400,Near-Crash,Not a Crash,Straight crossing path,Conflict with vehicle moving across another vehicle path (through intersection),
151086468,0,2000,2600,3500,Near-Crash,Not a Crash,"Rear-end, striking",Conflict with a lead vehicle,
151569189,0,900,2800,5000,Near-Crash,Not a Crash,"Rear-end, striking",Conflict with a lead vehicle,
36812435,0,4600,4800,7100,Near-Crash,Not a Crash,Turn into path (same direction),Conflict with vehicle turning into another vehicle path (same direction),
35257202,0,2400,3000,3900,Near-Crash,Not a Crash,"Rear-end, striking",Conflict with a lead vehicle,
151859365,0,800,3400,3900,Near-Crash,Not a Crash,"Rear-end, striking",Conflict with a lead vehicle,
151592143,0,100,2100,3200,Near-Crash,Not a Crash,"Sideswipe, same direction (left or right)",Conflict with vehicle in adjacent lane,
151569092,0,1600,2600,3600,Near-Crash,Not a Crash,"Rear-end, striking",Conflict with vehicle in adjacent lane,
142043283,0,1000,3300,4400,Near-Crash,Not a Crash,"Rear-end, striking",Conflict with a lead vehicle,
142043268,0,5100,6800,7100,Near-Crash,Not a Crash,"Rear-end, striking",Conflict with a lead vehicle,
30880852,0,1300,5000,7100,Near-Crash,Not a Crash,"Rear-end, struck",Conflict with a following vehicle,
151570550,0,800,2300,3900,Near-Crash,Not a Crash,"Rear-end, striking",Conflict with vehicle in adjacent lane,
151569266,0,2100,2400,3600,Near-Crash,Not a Crash,"Sideswipe, same direction (left or right)",Conflict with vehicle in adjacent lane,
16661704,0,900,1900,3600,Near-Crash,Not a Crash,"Rear-end, striking",Conflict with a lead vehicle,
33575040,0,200,2400,3600,Near-Crash,Not a Crash,Turn into path (opposite direction),Conflict with vehicle turning into another vehicle path (opposite direction),
60631661,0,,6100,6600,Crash,III  - Minor Crash,Road departure (left or right),Single vehicle conflict,
29878401,0,2700,3700,8000,Near-Crash,Not a Crash,"Sideswipe, same direction (left or right)",Conflict with vehicle in adjacent lane,
151859383,0,3400,6200,6300,Near-Crash,Not a Crash,"Rear-end, striking",Conflict with a lead vehicle,
151878816,0,100,1200,1800,Near-Crash,Not a Crash,Animal-related,Conflict with animal,
151553239,0,,600,1500,Crash,III  - Minor Crash,"Rear-end, struck",Conflict with a following vehicle,
30883591,0,500,3300,3900,Near-Crash,Not a Crash,Turn into path (opposite direction),Conflict with vehicle turning into another vehicle path (opposite direction),
138361139,0,1300,4100,5100,Near-Crash,Not a Crash,"Rear-end, striking",Conflict with a lead vehicle,
151552266,0,3500,4400,5000,Near-Crash,Not a Crash,"Rear-end, striking",Conflict with a lead vehicle,
151552168,0,500,1500,2900,Near-Crash,Not a Crash,"Sideswipe, same direction (left or right)",Conflict with merging vehicle,
151870532,0,2100,2700,3700,Crash,III  - Minor Crash,Other,Conflict with obstacle/object in roadway,
136043613,0,2900,3100,4200,Near-Crash,Not a Crash,Backing into traffic,Conflict with parked vehicle,
151574962,0,700,2800,4500,Near-Crash,Not a Crash,"Rear-end, striking",Conflict with a lead vehicle,
151859538,0,200,1700,3000,Near-Crash,Not a Crash,Straight crossing path,Conflict with vehicle moving across another vehicle path (through intersection),
29857503,0,400,1400,3600,Near-Crash,Not a Crash,Turn into path (opposite direction),Conflict with vehicle turning into another vehicle path (opposite direction),
151352309,0,,4800,6200,Crash,IV - Low-risk Tire Strike,Road departure (left or right),Single vehicle conflict,
151569260,0,500,700,2200,Near-Crash,Not a Crash,"Sideswipe, same direction (left or right)",Conflict with vehicle in adjacent lane,
151878944,0,300,1900,2300,Near-Crash,Not a Crash,Turn into path (same direction),Conflict with vehicle turning into another vehicle path (same direction),
151866537,0,1100,2400,3300,Near-Crash,Not a Crash,"Rear-end, striking",Conflict with a lead vehicle,
151594451,0,100,2300,3300,Near-Crash,Not a Crash,"Rear-end, striking",Conflict with vehicle in adjacent lane,
135947084,0,1600,2300,2600,Near-Crash,Not a Crash,"Sideswipe, same direction (left or right)",Conflict with vehicle in adjacent lane,
151569036,0,2200,4200,5100,Near-Crash,Not a Crash,Turn into path (opposite direction),Conflict with vehicle turning into another vehicle path (opposite direction),
145435310,0,1800,2700,4000,Near-Crash,Not a Crash,"Rear-end, striking",Conflict with a lead vehicle,
31297581,0,,2400,4100,Crash,IV - Low-risk Tire Strike,Road departure (left or right),Single vehicle conflict,
31281065,0,,1500,3500,Crash,IV - Low-risk Tire Strike,Road departure (left or right),Single vehicle conflict,
151859450,0,1900,2800,3600,Near-Crash,Not a Crash,"Rear-end, striking",Conflict with a lead vehicle,
31297537,0,2400,2700,4400,Near-Crash,Not a Crash,"Sideswipe, same direction (left or right)",Conflict with vehicle in adjacent lane,
151570580,0,4300,4900,5900,Near-Crash,Not a Crash,"Sideswipe, same direction (left or right)",Conflict with vehicle in adjacent lane,
29880027,0,1000,4900,9400,Near-Crash,Not a Crash,"Sideswipe, same direction (left or right)",Conflict with vehicle in adjacent lane,
151568704,0,,3000,4200,Crash,IV - Low-risk Tire Strike,Road departure (left or right),Single vehicle conflict,
151578940,0,200,1400,2600,Near-Crash,Not a Crash,Other,Conflict with obstacle/object in roadway,
143062664,0,700,2400,2800,Near-Crash,Not a Crash,Straight crossing path,Conflict with vehicle moving across another vehicle path (through intersection),
29712181,0,100,900,2800,Near-Crash,Not a Crash,"Rear-end, struck",Conflict with a following vehicle,
29714731,0,,4300,4900,Near-Crash,Not a Crash,"Rear-end, struck",Conflict with vehicle in adjacent lane,
151856566,0,600,2300,3800,Near-Crash,Not a Crash,"Rear-end, striking",Conflict with a lead vehicle,
151864842,0,600,1500,3800,Near-Crash,Not a Crash,"Rear-end, striking",Conflict with a lead vehicle,
143043190,0,700,3500,4400,Near-Crash,Not a Crash,Turn into path (same direction),Conflict with vehicle turning into another vehicle path (same direction),
151545550,0,1800,3300,3600,Near-Crash,Not a Crash,Turn into path (opposite direction),Conflict with vehicle turning into another vehicle path (opposite direction),
31577989,0,2000,3300,4300,Near-Crash,Not a Crash,"Rear-end, striking",Conflict with merging vehicle,
132620456,0,,4500,5400,Crash,IV - Low-risk Tire Strike,Road departure (left or right),Single vehicle conflict,
138361403,0,1100,1300,6000,Near-Crash,Not a Crash,"Sideswipe, same direction (left or right)",Conflict with vehicle in adjacent lane,
151569049,0,900,5300,6000,Near-Crash,Not a Crash,"Rear-end, striking",Conflict with a lead vehicle,
60631654,0,,3600,5800,Crash,II - Police-reportable Crash,"Rear-end, struck",Conflict with a following vehicle,
29884174,0,100,2300,4000,Near-Crash,Not a Crash,Animal-related,Conflict with animal,
31680405,0,500,1900,3400,Near-Crash,Not a Crash,Pedestrian-related,Conflict with pedestrian,
151859482,0,2400,5900,6400,Near-Crash,Not a Crash,"Rear-end, striking",Conflict with a lead vehicle,
29714720,0,300,1600,1800,Crash,III  - Minor Crash,Animal-related,Conflict with animal,
31297533,0,500,3500,5100,Near-Crash,Not a Crash,Turn into path (same direction),Conflict with vehicle turning into another vehicle path (same direction),
151865019,0,4500,6000,6700,Near-Crash,Not a Crash,"Rear-end, striking",Conflict with a lead vehicle,
128888729,0,2200,3000,5200,Near-Crash,Not a Crash,"Rear-end, striking",Conflict with a lead vehicle,
151859852,0,400,400,1300,Near-Crash,Not a Crash,"Sideswipe, same direction (left or right)",Conflict with vehicle in adjacent lane,
142005144,0,200,2600,3300,Near-Crash,Not a Crash,Animal-related,Conflict with animal,
142005180,0,100,1600,2000,Near-Crash,Not a Crash,Other,Conflict with obstacle/object in roadway,
145435259,0,800,1900,2800,Near-Crash,Not a Crash,Animal-related,Conflict with animal,
10598764,0,2000,3900,4100,Near-Crash,Not a Crash,"Rear-end, striking",Conflict with a lead vehicle,
150883031,0,2000,2800,3200,Near-Crash,Not a Crash,"Rear-end, striking",Conflict with a lead vehicle,
151859377,0,600,4300,5300,Near-Crash,Not a Crash,"Rear-end, striking",Conflict with a lead vehicle,
10598631,0,3800,5100,6700,Near-Crash,Not a Crash,"Rear-end, striking",Conflict with a lead vehicle,
151859544,0,3400,6300,7500,Near-Crash,Not a Crash,"Rear-end, striking",Conflict with a lead vehicle,
151864774,0,1500,3300,4700,Near-Crash,Not a Crash,"Rear-end, striking",Conflict with a lead vehicle,
44267321,0,,1000,2300,Crash,III  - Minor Crash,"Rear-end, struck",Conflict with a following vehicle,
29859118,0,,3300,5400,Crash,IV - Low-risk Tire Strike,Road departure (left or right),Single vehicle conflict,
134938050,0,,5500,10300,Crash,IV - Low-risk Tire Strike,Road departure (left or right),Single vehicle conflict,
132520572,0,800,1900,2900,Near-Crash,Not a Crash,Turn into path (opposite direction),Conflict with vehicle turning into another vehicle path (opposite direction),
8093662,0,,6700,7800,Crash,III  - Minor Crash,Backing into traffic,Conflict with parked vehicle,
151600640,0,900,1800,3500,Near-Crash,Not a Crash,Animal-related,Conflict with animal,
151574541,0,600,1400,2400,Near-Crash,Not a Crash,"Sideswipe, same direction (left or right)",Conflict with vehicle in adjacent lane,
30883536,0,,3400,5000,Crash,IV - Low-risk Tire Strike,Road departure (left or right),Single vehicle conflict,
151352295,0,1300,1600,2700,Near-Crash,Not a Crash,"Rear-end, striking",Conflict with a lead vehicle,
151568397,0,500,1200,2500,Crash,III  - Minor Crash,Other,Conflict with obstacle/object in roadway,
31567677,0,600,3000,3800,Near-Crash,Not a Crash,"Rear-end, striking",Conflict with a lead vehicle,
151588192,0,,2100,4700,Crash,IV - Low-risk Tire Strike,Road departure (left or right),Single vehicle conflict,
23671177,0,2300,3000,8000,Crash,I - Most Severe,Turn across path,Conflict with vehicle turning across another vehicle path (opposite direction),
51722168,0,0,4200,6900,Near-Crash,Not a Crash,"Rear-end, striking",Conflict with a lead vehicle,
142940810,0,1800,2600,3700,Near-Crash,Not a Crash,"Sideswipe, same direction (left or right)",Conflict with vehicle in adjacent lane,
151084970,0,800,2300,5300,Near-Crash,Not a Crash,Turn into path (opposite direction),Conflict with vehicle turning into another vehicle path (opposite direction),
35826910,0,1300,2800,3900,Near-Crash,Not a Crash,Straight crossing path,Conflict with vehicle moving across another vehicle path (through intersection),
151864789,0,200,1000,1600,Near-Crash,Not a Crash,Turn into path (same direction),Conflict with vehicle turning into another vehicle path (same direction),
143062648,0,3800,5600,6600,Near-Crash,Not a Crash,"Rear-end, striking",Conflict with a lead vehicle,
151859781,0,700,2300,2700,Near-Crash,Not a Crash,"Rear-end, striking",Conflict with vehicle in adjacent lane,
31297587,0,3700,4300,6000,Near-Crash,Not a Crash,"Rear-end, striking",Conflict with a lead vehicle,
151866542,0,800,2000,2900,Near-Crash,Not a Crash,"Sideswipe, same direction (left or right)",Conflict with vehicle in adjacent lane,
151084941,0,1400,2100,3000,Near-Crash,Not a Crash,"Rear-end, striking",Conflict with a lead vehicle,
29878383,0,800,1800,2800,Near-Crash,Not a Crash,Turn into path (opposite direction),Conflict with vehicle turning into another vehicle path (opposite direction),
151337498,0,800,2800,4900,Near-Crash,Not a Crash,"Rear-end, striking",Conflict with vehicle in adjacent lane,
151607147,0,2100,3100,3500,Near-Crash,Not a Crash,"Rear-end, striking",Conflict with vehicle in adjacent lane,
151549025,0,,1900,3000,Crash,IV - Low-risk Tire Strike,Road departure (left or right),Single vehicle conflict,
29859123,0,3000,3200,3500,Near-Crash,Not a Crash,Straight crossing path,Conflict with vehicle moving across another vehicle path (through intersection),
151084901,0,3400,4400,5100,Near-Crash,Not a Crash,"Rear-end, striking",Conflict with a lead vehicle,
10598642,0,1400,2400,3000,Near-Crash,Not a Crash,"Rear-end, striking",Conflict with a lead vehicle,
29859080,0,1500,2300,3800,Near-Crash,Not a Crash,"Sideswipe, same direction (left or right)",Conflict with vehicle in adjacent lane,
151593431,0,1800,2900,3700,Near-Crash,Not a Crash,"Rear-end, striking",Conflict with a lead vehicle,
10598809,0,3900,5700,7000,Near-Crash,Not a Crash,"Rear-end, striking",Conflict with a lead vehicle,
151569161,0,600,1600,2600,Near-Crash,Not a Crash,Turn into path (opposite direction),Conflict with vehicle turning into another vehicle path (opposite direction),
60631647,0,100,4100,4700,Near-Crash,Not a Crash,"Rear-end, striking",Conflict with a lead vehicle,
10598417,0,6300,6800,7000,Near-Crash,Not a Crash,"Rear-end, striking",Conflict with a lead vehicle,
151545667,0,300,2400,2600,Near-Crash,Not a Crash,Animal-related,Conflict with animal,
151856688,0,,5300,7200,Crash,III  - Minor Crash,Road departure (left or right),Single vehicle conflict,
151603225,0,700,2700,4400,Near-Crash,Not a Crash,"Rear-end, striking",Conflict with a lead vehicle,
138167443,0,4500,4300,6100,Crash,IV - Low-risk Tire Strike,Road departure (left or right),Single vehicle conflict,
151856725,0,,1800,2900,Crash,IV - Low-risk Tire Strike,Road departure (left or right),Single vehicle conflict,
61385892,0,1000,1600,2500,Near-Crash,Not a Crash,"Rear-end, striking",Conflict with vehicle in adjacent lane,
136043616,0,5100,6400,8800,Near-Crash,Not a Crash,"Rear-end, striking",Conflict with a lead vehicle,
151870539,0,300,1400,1700,Near-Crash,Not a Crash,Animal-related,Conflict with animal,
10598655,0,2900,3900,4400,Near-Crash,Not a Crash,"Rear-end, striking",Conflict with a lead vehicle,
29858050,0,1800,2300,3500,Near-Crash,Not a Crash,"Rear-end, striking",Conflict with a lead vehicle,
138077589,0,4000,4600,5500,Near-Crash,Not a Crash,"Rear-end, striking",Conflict with a lead vehicle,
151576353,0,1500,3900,4600,Near-Crash,Not a Crash,Turn into path (opposite direction),Conflict with vehicle turning into another vehicle path (opposite direction),
143062703,0,900,900,1700,Near-Crash,Not a Crash,"Sideswipe, same direction (left or right)",Conflict with vehicle in adjacent lane,
147499154,0,,2600,3700,Crash,IV - Low-risk Tire Strike,Road departure (left or right),Single vehicle conflict,
10742547,0,2800,3600,7200,Near-Crash,Not a Crash,"Sideswipe, same direction (left or right)",Conflict with vehicle in adjacent lane,
35333354,0,7700,8800,9400,Near-Crash,Not a Crash,"Rear-end, struck",Conflict with a following vehicle,
138320490,0,900,1900,2500,Near-Crash,Not a Crash,"Rear-end, striking",Conflict with a lead vehicle,
142049442,0,2700,5000,5300,Near-Crash,Not a Crash,Turn into path (same direction),Conflict with vehicle turning into another vehicle path (same direction),
151859464,0,1000,4700,5200,Near-Crash,Not a Crash,"Rear-end, striking",Conflict with a lead vehicle,
151581528,0,2000,3300,3900,Near-Crash,Not a Crash,"Rear-end, striking",Conflict with merging vehicle,
31577991,0,1500,4900,5600,Near-Crash,Not a Crash,"Rear-end, striking",Conflict with a lead vehicle,
142007621,0,1400,1500,2900,Near-Crash,Not a Crash,"Sideswipe, same direction (left or right)",Conflict with vehicle in adjacent lane,
145481265,0,1400,3000,4100,Near-Crash,Not a Crash,Turn into path (same direction),Conflict with vehicle turning into another vehicle path (same direction),
142007589,0,1600,5100,5600,Near-Crash,Not a Crash,"Rear-end, striking",Conflict with a lead vehicle,
142005408,0,100,4000,6500,Near-Crash,Not a Crash,Pedestrian-related,Conflict with pedestrian,
151606575,0,800,1700,1800,Near-Crash,Not a Crash,Turn across path,Conflict with vehicle turning across another vehicle path (opposite direction),
31281081,0,3200,3000,5000,Crash,III  - Minor Crash,Road departure (left or right),Single vehicle conflict,
151598306,0,2100,6700,7300,Near-Crash,Not a Crash,"Rear-end, striking",Conflict with a lead vehicle,
151578951,0,5300,7200,9800,Near-Crash,Not a Crash,Turn into path (same direction),Conflict with vehicle turning into another vehicle path (same direction),
151859490,0,600,1200,3800,Near-Crash,Not a Crash,"Rear-end, striking",Conflict with a lead vehicle,
151568860,0,100,1300,2600,Near-Crash,Not a Crash,"Rear-end, striking",Conflict with vehicle in adjacent lane,
60632622,0,3300,4000,5500,Crash,II - Police-reportable Crash,Straight crossing path,Conflict with vehicle moving across another vehicle path (through intersection),
61426786,0,600,2200,3700,Near-Crash,Not a Crash,"Sideswipe, same direction (left or right)",Conflict with vehicle in adjacent lane,
29858003,0,900,1500,2700,Near-Crash,Not a Crash,Straight crossing path,Conflict with vehicle moving across another vehicle path (through intersection),
151863122,0,900,2100,2300,Near-Crash,Not a Crash,"Rear-end, striking",Conflict with a lead vehicle,
151859407,0,1200,1300,3400,Near-Crash,Not a Crash,"Sideswipe, same direction (left or right)",Conflict with vehicle in adjacent lane,
151590954,0,500,2100,2300,Near-Crash,Not a Crash,"Rear-end, striking",Conflict with vehicle in adjacent lane,
151862030,0,1200,2000,3700,Near-Crash,Not a Crash,"Rear-end, striking",Conflict with a lead vehicle,
138209390,0,5400,5500,6400,Crash,IV - Low-risk Tire Strike,Road departure (left or right),Single vehicle conflict,
142018679,0,1500,2500,3000,Near-Crash,Not a Crash,"Sideswipe, same direction (left or right)",Conflict with vehicle in adjacent lane,
151859478,0,2900,6300,7100,Near-Crash,Not a Crash,"Rear-end, striking",Conflict with a lead vehicle,
10858436,0,900,5100,6300,Near-Crash,Not a Crash,"Rear-end, striking",Conflict with a lead vehicle,
29859124,0,300,1600,1800,Near-Crash,Not a Crash,Turn into path (opposite direction),Conflict with vehicle turning into another vehicle path (opposite direction),
136415372,0,2800,3700,4400,Near-Crash,Not a Crash,"Rear-end, striking",Conflict with a lead vehicle,
143587754,0,300,3000,3200,Near-Crash,Not a Crash,"Rear-end, striking",Conflict with a lead vehicle,
142007256,0,2400,3700,4700,Near-Crash,Not a Crash,"Rear-end, striking",Conflict with vehicle in adjacent lane,
151856705,0,,1300,5000,Crash,IV - Low-risk Tire Strike,Road departure (left or right),Single vehicle conflict,
142005190,0,1000,1800,2100,Near-Crash,Not a Crash,Turn into path (opposite direction),Conflict with vehicle turning into another vehicle path (opposite direction),
134933566,0,4000,4500,5200,Near-Crash,Not a Crash,"Sideswipe, same direction (left or right)",Conflict with vehicle in adjacent lane,
10528093,0,400,900,2800,Near-Crash,Not a Crash,"Rear-end, striking",Conflict with a lead vehicle,
151574970,0,1600,4400,5800,Near-Crash,Not a Crash,"Sideswipe, same direction (left or right)",Conflict with vehicle in adjacent lane,
133753361,0,,4300,7300,Crash,III  - Minor Crash,Road departure (left or right),Single vehicle conflict,
138351035,0,2000,2600,3300,Near-Crash,Not a Crash,"Rear-end, striking",Conflict with a lead vehicle,
151569143,0,500,1700,2600,Near-Crash,Not a Crash,"Rear-end, striking",Conflict with vehicle in adjacent lane,
151856781,0,2200,3000,3700,Near-Crash,Not a Crash,"Rear-end, striking",Conflict with a lead vehicle,
20715060,0,500,1500,6100,Near-Crash,Not a Crash,"Rear-end, striking",Conflict with a lead vehicle,
133190700,0,2200,3700,5100,Near-Crash,Not a Crash,"Rear-end, striking",Conflict with a lead vehicle,
10739822,0,3500,5600,5800,Near-Crash,Not a Crash,"Rear-end, striking",Conflict with a lead vehicle,
76264691,0,1000,4100,5600,Near-Crash,Not a Crash,"Rear-end, striking",Conflict with a lead vehicle,
10595838,0,900,3000,3200,Near-Crash,Not a Crash,"Rear-end, striking",Conflict with a lead vehicle,
10528092,0,3400,3800,6800,Near-Crash,Not a Crash,"Rear-end, striking",Conflict with a lead vehicle,
151856797,0,1900,2900,3100,Near-Crash,Not a Crash,"Sideswipe, same direction (left or right)",Conflict with vehicle in adjacent lane,
151600328,0,500,2600,3300,Near-Crash,Not a Crash,"Rear-end, striking",Conflict with vehicle in adjacent lane,
35826909,0,700,1600,2400,Near-Crash,Not a Crash,"Sideswipe, same direction (left or right)",Conflict with vehicle in adjacent lane,
135985955,0,,6700,7600,Crash,IV - Low-risk Tire Strike,Road departure (left or right),Single vehicle conflict,
22586759,0,2900,5300,9800,Near-Crash,Not a Crash,"Rear-end, striking",Conflict with a lead vehicle,
10681379,0,7500,10000,10000,Near-Crash,Not a Crash,"Rear-end, striking",Conflict with a lead vehicle,
151568685,0,2800,3100,3600,Near-Crash,Not a Crash,Road departure (left or right),Single vehicle conflict,
142049298,0,300,3400,3400,Near-Crash,Not a Crash,"Rear-end, striking",Conflict with a lead vehicle,
10598611,0,0,1200,2800,Near-Crash,Not a Crash,"Sideswipe, same direction (left or right)",Conflict with vehicle in adjacent lane,
135185012,0,,900,3600,Crash,II - Police-reportable Crash,"Rear-end, struck",Conflict with a following vehicle,
33575091,0,600,3700,5600,Near-Crash,Not a Crash,Pedestrian-related,Conflict with pedestrian,
151553154,0,,5600,7300,Crash,III  - Minor Crash,"Backing, fixed object",Conflict with obstacle/object in roadway,
151568843,0,600,1600,2900,Near-Crash,Not a Crash,"Sideswipe, same direction (left or right)",Conflict with vehicle in adjacent lane,
30883544,0,500,2600,3600,Near-Crash,Not a Crash,"Rear-end, striking",Conflict with a lead vehicle,
30883567,0,,2800,4600,Crash,IV - Low-risk Tire Strike,Road departure (left or right),Single vehicle conflict,
60632644,0,,200,1100,Crash,IV - Low-risk Tire Strike,Road departure (left or right),Single vehicle conflict,
61427032,0,2700,6800,8500,Near-Crash,Not a Crash,Turn into path (same direction),Conflict with vehicle turning into another vehicle path (same direction),
33575041,0,2100,3400,4800,Near-Crash,Not a Crash,"Rear-end, striking",Conflict with a lead vehicle,
151878844,0,600,1700,3000,Near-Crash,Not a Crash,"Sideswipe, same direction (left or right)",Conflict with vehicle in adjacent lane,
151864932,0,900,2000,2500,Near-Crash,Not a Crash,"Rear-end, striking",Conflict with a lead vehicle,
60631678,0,500,1000,2800,Crash,III  - Minor Crash,Animal-related,Conflict with animal,
10528274,0,700,2100,3300,Near-Crash,Not a Crash,"Rear-end, striking",Conflict with a lead vehicle,
138630074,0,900,1300,2400,Near-Crash,Not a Crash,Animal-related,Conflict with animal,
135965796,0,5000,6200,7600,Near-Crash,Not a Crash,"Rear-end, striking",Conflict with a lead vehicle,
150883971,0,1400,2000,3500,Near-Crash,Not a Crash,Turn into path (same direction),Conflict with vehicle turning into another vehicle path (same direction),
151865047,0,1600,8100,8800,Near-Crash,Not a Crash,"Rear-end, striking",Conflict with a lead vehicle,
7877429,0,,3000,4200,Crash,III  - Minor Crash,"Rear-end, struck",Conflict with a following vehicle,
31297592,0,1700,4300,6200,Near-Crash,Not a Crash,Turn into path (same direction),Conflict with vehicle turning into another vehicle path (same direction),
10612763,0,2100,3200,4300,Near-Crash,Not a Crash,"Rear-end, striking",Conflict with a lead vehicle,
30883547,0,1000,3500,3500,Near-Crash,Not a Crash,Turn across path,Conflict with vehicle turning across another vehicle path (opposite direction),
150883958,0,,2100,3300,Crash,IV - Low-risk Tire Strike,Road departure (left or right),Single vehicle conflict,
35333341,0,,5200,8800,Crash,IV - Low-risk Tire Strike,Road departure (end),Single vehicle conflict,
10814069,0,1600,2800,3400,Near-Crash,Not a Crash,"Rear-end, striking",Conflict with a lead vehicle,
35258193,0,,2800,6600,Crash,IV - Low-risk Tire Strike,Road departure (end),Single vehicle conflict,
7426413,0,,2600,3600,Crash,III  - Minor Crash,Other,Conflict with parked vehicle,
29884784,0,2900,5900,6400,Near-Crash,Not a Crash,Backing into traffic,Conflict with a lead vehicle,
35258196,0,4500,4700,8400,Crash,IV - Low-risk Tire Strike,Road departure (left or right),Single vehicle conflict,
10612866,0,1800,2800,4300,Near-Crash,Not a Crash,"Rear-end, striking",Conflict with a lead vehicle,
151084861,0,4400,5500,6700,Near-Crash,Not a Crash,"Rear-end, striking",Conflict with a lead vehicle,
31297557,0,1900,3200,3500,Near-Crash,Not a Crash,"Rear-end, striking",Conflict with a lead vehicle,
134947920,0,,2600,4600,Crash,III  - Minor Crash,Road departure (left or right),Single vehicle conflict,
142049704,0,500,1700,2900,Near-Crash,Not a Crash,"Rear-end, striking",Conflict with a lead vehicle,
76264642,0,900,1400,2000,Crash,III  - Minor Crash,Animal-related,Conflict with animal,
10556972,0,2500,3100,6000,Crash,I - Most Severe,"Rear-end, striking",Conflict with a lead vehicle,
35258194,0,,8500,9100,Crash,IV - Low-risk Tire Strike,Road departure (end),Single vehicle conflict,
35449246,0,400,1900,2900,Near-Crash,Not a Crash,Turn across path,Conflict with vehicle turning across another vehicle path (same direction),
151581411,0,300,4100,5100,Near-Crash,Not a Crash,"Rear-end, striking",Conflict with vehicle in adjacent lane,
151859821,0,400,3100,5400,Near-Crash,Not a Crash,"Sideswipe, same direction (left or right)",Conflict with vehicle in adjacent lane,
151607145,0,600,2500,3200,Near-Crash,Not a Crash,"Rear-end, striking",Conflict with merging vehicle,
33574938,0,1900,3100,5900,Near-Crash,Not a Crash,"Rear-end, striking",Conflict with a lead vehicle,
151866557,0,800,1700,3300,Near-Crash,Not a Crash,Turn into path (opposite direction),Conflict with vehicle turning into another vehicle path (opposite direction),
151594680,0,3000,5600,6800,Near-Crash,Not a Crash,"Rear-end, striking",Conflict with a lead vehicle,
142029712,0,1200,2500,3300,Near-Crash,Not a Crash,Opposite direction (head-on or sideswipe),Conflict with oncoming traffic,
142010354,0,600,4400,4700,Near-Crash,Not a Crash,Pedestrian-related,Conflict with pedestrian,
133827498,0,1100,3100,5600,Near-Crash,Not a Crash,"Sideswipe, same direction (left or right)",Conflict with vehicle in adjacent lane,
151865037,0,800,1000,2000,Near-Crash,Not a Crash,"Sideswipe, same direction (left or right)",Conflict with vehicle in adjacent lane,
29859130,0,2900,3300,9300,Near-Crash,Not a Crash,"Rear-end, striking",Conflict with a lead vehicle,
151864559,0,0,4200,5100,Near-Crash,Not a Crash,Animal-related,Conflict with animal,
151598432,0,800,3600,3900,Near-Crash,Not a Crash,"Rear-end, striking",Conflict with a lead vehicle,
151859816,0,1000,3400,4200,Near-Crash,Not a Crash,"Rear-end, striking",Conflict with a lead vehicle,
133755902,0,2800,4400,4700,Near-Crash,Not a Crash,"Rear-end, striking",Conflict with a lead vehicle,
151569675,0,2900,3400,4000,Near-Crash,Not a Crash,"Rear-end, striking",Conflict with a lead vehicle,
151865356,0,5200,5800,6800,Near-Crash,Not a Crash,Other,Single vehicle conflict,
36948425,0,,2200,3300,Crash,III  - Minor Crash,"Rear-end, struck",Conflict with a following vehicle,
151578534,0,2200,3400,4600,Near-Crash,Not a Crash,"Rear-end, striking",Conflict with vehicle in adjacent lane,
30882469,0,2000,3900,4700,Near-Crash,Not a Crash,Turn into path (same direction),Conflict with vehicle turning into another vehicle path (same direction),
31577985,0,,4600,6700,Crash,IV - Low-risk Tire Strike,Road departure (left or right),Single vehicle conflict,
35258336,0,1900,2100,3000,Near-Crash,Not a Crash,"Rear-end, striking",Conflict with a lead vehicle,
150883070,0,2700,3300,4500,Near-Crash,Not a Crash,"Rear-end, striking",Conflict with a lead vehicle,
151592158,0,1800,2300,2900,Near-Crash,Not a Crash,Straight crossing path,Conflict with vehicle moving across another vehicle path (through intersection),
10681571,0,200,2700,3700,Near-Crash,Not a Crash,"Rear-end, striking",Conflict with a lead vehicle,
10858423,0,2200,3300,5400,Near-Crash,Not a Crash,Pedalcyclist-related,Conflict with pedalcyclist,
35333348,0,1700,2200,3400,Near-Crash,Not a Crash,"Sideswipe, same direction (left or right)",Conflict with vehicle in adjacent lane,
10611396,0,400,2400,2900,Near-Crash,Not a Crash,"Rear-end, striking",Conflict with a lead vehicle,
142049299,0,200,2400,3500,Near-Crash,Not a Crash,"Rear-end, striking",Conflict with a lead vehicle,
132620441,0,800,2000,2900,Near-Crash,Not a Crash,"Sideswipe, same direction (left or right)",Conflict with vehicle in adjacent lane,
151586574,0,300,1200,1900,Near-Crash,Not a Crash,"Rear-end, striking",Conflict with a lead vehicle,
128888431,0,,5100,6900,Crash,II - Police-reportable Crash,"Rear-end, striking",Conflict with a lead vehicle,
151599163,0,500,1400,2400,Near-Crash,Not a Crash,"Rear-end, striking",Conflict with vehicle in adjacent lane,
151576344,0,1900,3600,4200,Near-Crash,Not a Crash,"Rear-end, striking",Conflict with a lead vehicle,
142018729,0,4400,5300,5500,Near-Crash,Not a Crash,Pedestrian-related,Conflict with pedestrian,
151587470,0,1000,2600,2600,Near-Crash,Not a Crash,"Rear-end, striking",Conflict with a lead vehicle,
131286562,0,3800,3700,4800,Crash,IV - Low-risk Tire Strike,Road departure (left or right),Single vehicle conflict,
136458026,0,900,2000,2100,Near-Crash,Not a Crash,Animal-related,Conflict with animal,
60632623,0,1800,3500,4000,Near-Crash,Not a Crash,Road departure (left or right),Single vehicle conflict,
22598457,0,1000,2700,4400,Near-Crash,Not a Crash,"Rear-end, striking",Conflict with a lead vehicle,
31281075,0,1000,2400,3300,Near-Crash,Not a Crash,Road departure (left or right),Single vehicle conflict,
151352366,0,2000,3400,4400,Near-Crash,Not a Crash,"Rear-end, striking",Conflict with a lead vehicle,
151611071,0,700,1900,2700,Near-Crash,Not a Crash,"Rear-end, striking",Conflict with a lead vehicle,
151592155,0,700,1500,2400,Near-Crash,Not a Crash,"Rear-end, striking",Conflict with vehicle in adjacent lane,
142049574,0,100,4400,5100,Near-Crash,Not a Crash,"Rear-end, striking",Conflict with a lead vehicle,
10858450,0,800,3200,3400,Near-Crash,Not a Crash,Animal-related,Conflict with animal,
142049331,0,800,3100,3200,Near-Crash,Not a Crash,Turn into path (same direction),Conflict with vehicle turning into another vehicle path (same direction),
150883019,0,4800,5400,6000,Near-Crash,Not a Crash,"Rear-end, striking",Conflict with a lead vehicle,
10611393,0,1200,1700,4300,Near-Crash,Not a Crash,"Rear-end, striking",Conflict with a lead vehicle,
151865056,0,1900,5300,7900,Near-Crash,Not a Crash,"Rear-end, striking",Conflict with a lead vehicle,
30883556,0,1600,1900,3000,Near-Crash,Not a Crash,"Sideswipe, same direction (left or right)",Conflict with vehicle in adjacent lane,
29714765,0,,6300,7300,Crash,III  - Minor Crash,Road departure (end),Single vehicle conflict,
151609338,0,300,2000,2700,Near-Crash,Not a Crash,Opposite direction (head-on or sideswipe),Conflict with oncoming traffic,
151574554,0,1600,1800,1900,Crash,III  - Minor Crash,Other,Conflict with obstacle/object in roadway,
151592645,0,2000,2500,3800,Near-Crash,Not a Crash,Road departure (left or right),Single vehicle conflict,
151598170,0,600,2200,2900,Near-Crash,Not a Crash,"Sideswipe, same direction (left or right)",Conflict with merging vehicle,
151568823,0,4900,5800,7200,Near-Crash,Not a Crash,"Sideswipe, same direction (left or right)",Conflict with vehicle in adjacent lane,
10611394,0,4400,5600,6000,Near-Crash,Not a Crash,"Rear-end, striking",Conflict with a lead vehicle,
10611415,0,6200,7200,7300,Near-Crash,Not a Crash,"Rear-end, striking",Conflict with a lead vehicle,
5592007,0,3400,4200,5300,Crash,I - Most Severe,"Rear-end, striking",Conflict with a lead vehicle,"A car crash occurred during daylight hours in a business or industrial area. The traffic was flowing but with some restrictions, and the road surface was dry with no adverse weather conditions. The incident involved a rear-end collision where one vehicle struck the back of another vehicle that was leading. This type of accident typically happens when the following driver fails to maintain a safe distance or is distracted, leading to a collision with the vehicle in front."
151569670,0,2400,5700,6200,Near-Crash,Not a Crash,"Rear-end, striking",Conflict with a lead vehicle,
135449392,0,,3700,6700,Crash,I - Most Severe,"Rear-end, struck",Conflict with a following vehicle,
35333359,0,1100,2900,3500,Near-Crash,Not a Crash,Straight crossing path,Conflict with vehicle moving across another vehicle path (through intersection),
150883044,0,1800,3100,4600,Near-Crash,Not a Crash,Animal-related,Conflict with animal,
60632647,0,,1400,3500,Crash,III  - Minor Crash,Road departure (left or right),Single vehicle conflict,
143062559,0,1900,4100,4200,Near-Crash,Not a Crash,Straight crossing path,Conflict with vehicle moving across another vehicle path (through intersection),
29859129,0,2100,2500,3100,Near-Crash,Not a Crash,"Sideswipe, same direction (left or right)",Conflict with vehicle in adjacent lane,
151551929,0,2000,2500,4000,Near-Crash,Not a Crash,"Rear-end, striking",Conflict with vehicle in adjacent lane,
151551832,0,1100,2400,3000,Near-Crash,Not a Crash,"Rear-end, striking",Conflict with a lead vehicle,
151568702,0,,600,1400,Crash,IV - Low-risk Tire Strike,Road departure (left or right),Single vehicle conflict,
131795644,0,200,3400,4900,Crash,IV - Low-risk Tire Strike,Other,Conflict with obstacle/object in roadway,
151547044,0,500,1500,5000,Near-Crash,Not a Crash,"Rear-end, struck",Conflict with a following vehicle,
61216940,0,,7200,9800,Crash,IV - Low-risk Tire Strike,Road departure (end),Single vehicle conflict,
35826905,0,5000,7100,8700,Near-Crash,Not a Crash,Turn into path (same direction),Conflict with vehicle turning into another vehicle path (same direction),
132698865,0,2900,4400,4500,Near-Crash,Not a Crash,Turn into path (opposite direction),Conflict with vehicle turning into another vehicle path (opposite direction),
10612868,0,1100,2400,3400,Near-Crash,Not a Crash,"Rear-end, striking",Conflict with a lead vehicle,
35449259,0,9000,9300,9800,Near-Crash,Not a Crash,"Rear-end, striking",Conflict with a lead vehicle,
35449258,0,5600,6700,7900,Near-Crash,Not a Crash,"Rear-end, striking",Conflict with vehicle in adjacent lane,
36841160,0,3400,3400,6100,Near-Crash,Not a Crash,"Sideswipe, same direction (left or right)",Conflict with vehicle in adjacent lane,
142005375,0,2200,3300,3600,Near-Crash,Not a Crash,"Rear-end, striking",Conflict with a lead vehicle,
150884034,0,300,3400,4400,Near-Crash,Not a Crash,"Rear-end, striking",Conflict with a lead vehicle,"A near-crash occurred during daylight hours on a dry road in a business or industrial area. The traffic was moderately heavy, with stable flow but restricted maneuverability and speed. A vehicle almost collided with the car in front of it, narrowly avoiding a rear-end crash. The conditions were favorable, with no adverse weather and good visibility, but the driver still came close to striking the lead vehicle from behind. Fortunately, a full collision was averted, but the incident highlights the importance of maintaining safe following distances, especially in areas with heavier traffic."
142973003,0,500,2700,4700,Near-Crash,Not a Crash,Turn across path,Conflict with vehicle turning across another vehicle path (opposite direction),
151603222,0,3600,5200,6400,Near-Crash,Not a Crash,"Rear-end, striking",Conflict with a lead vehicle,
151569741,0,300,1400,1900,Near-Crash,Not a Crash,"Rear-end, striking",Conflict with vehicle in adjacent lane,
151551894,0,600,2500,3800,Near-Crash,Not a Crash,Turn into path (opposite direction),Conflict with vehicle turning into another vehicle path (opposite direction),
151568470,0,2000,4500,4800,Near-Crash,Not a Crash,"Rear-end, striking",Conflict with a lead vehicle,
151856533,0,4800,5700,9500,Near-Crash,Not a Crash,Road departure (left or right),Single vehicle conflict,
116168860,0,500,1200,1800,Near-Crash,Not a Crash,"Sideswipe, same direction (left or right)",Conflict with vehicle in adjacent lane,
142029656,0,200,600,1300,Near-Crash,Not a Crash,Animal-related,Conflict with animal,
151856761,0,600,1200,2200,Crash,III  - Minor Crash,Animal-related,Conflict with animal,
151594442,0,1300,1900,3000,Near-Crash,Not a Crash,"Rear-end, striking",Conflict with a lead vehicle,
151609332,0,,700,1700,Crash,IV - Low-risk Tire Strike,Road departure (left or right),Single vehicle conflict,
151870543,0,4100,4300,5200,Crash,III  - Minor Crash,Road departure (end),Single vehicle conflict,
151352666,0,,7400,8000,Crash,III  - Minor Crash,Road departure (end),Single vehicle conflict,
116168881,0,2100,3100,3600,Near-Crash,Not a Crash,Straight crossing path,Conflict with vehicle moving across another vehicle path (through intersection),
151352316,0,0,1900,3800,Near-Crash,Not a Crash,Animal-related,Conflict with animal,
151569684,0,3000,4400,5500,Near-Crash,Not a Crash,"Sideswipe, same direction (left or right)",Conflict with vehicle in adjacent lane,
151568992,0,1300,2500,3000,Near-Crash,Not a Crash,"Rear-end, striking",Conflict with vehicle in adjacent lane,
35449252,0,2100,4200,5300,Near-Crash,Not a Crash,Turn into path (same direction),Conflict with vehicle turning into another vehicle path (same direction),
151856695,0,1100,2900,3000,Near-Crash,Not a Crash,"Rear-end, striking",Conflict with a lead vehicle,
151568427,0,200,700,1600,Near-Crash,Not a Crash,"Rear-end, striking",Conflict with vehicle in adjacent lane,
10528277,0,1700,4500,5900,Near-Crash,Not a Crash,"Rear-end, striking",Conflict with a lead vehicle,
35826901,0,1900,3200,3500,Near-Crash,Not a Crash,Turn across path,Conflict with parked vehicle,
29878398,0,3200,4200,5700,Near-Crash,Not a Crash,Road departure (left or right),Single vehicle conflict,
33994018,0,2800,3800,5800,Near-Crash,Not a Crash,"Sideswipe, same direction (left or right)",Conflict with vehicle in adjacent lane,
29859083,0,1600,4300,4800,Near-Crash,Not a Crash,"Rear-end, striking",Conflict with vehicle in adjacent lane,
35449245,0,2100,4000,5000,Near-Crash,Not a Crash,Turn across path,Conflict with vehicle turning across another vehicle path (opposite direction),
10612503,0,2000,2500,4100,Near-Crash,Not a Crash,"Rear-end, striking",Conflict with a lead vehicle,
35258338,0,4500,5800,7200,Near-Crash,Not a Crash,"Sideswipe, same direction (left or right)",Conflict with merging vehicle,
138281692,0,5500,8300,8500,Near-Crash,Not a Crash,"Rear-end, striking",Conflict with a lead vehicle,
35257217,0,1200,1400,3600,Crash,II - Police-reportable Crash,Backing into traffic,Other,
151598165,0,1200,2100,3100,Near-Crash,Not a Crash,"Rear-end, striking",Conflict with vehicle in adjacent lane,
151864808,0,1400,2500,2800,Near-Crash,Not a Crash,"Rear-end, striking",Conflict with a lead vehicle,
29859121,0,1400,3600,4200,Near-Crash,Not a Crash,Turn into path (same direction),Conflict with vehicle turning into another vehicle path (same direction),
151859982,0,4200,7200,7200,Near-Crash,Not a Crash,"Rear-end, striking",Conflict with a lead vehicle,
151086604,0,1800,1500,5600,Crash,IV - Low-risk Tire Strike,Road departure (left or right),Single vehicle conflict,
29858012,0,300,900,1800,Near-Crash,Not a Crash,"Sideswipe, same direction (left or right)",Conflict with vehicle in adjacent lane,
10612324,0,1800,5100,5500,Near-Crash,Not a Crash,"Rear-end, striking",Conflict with a lead vehicle,
35333355,0,3900,5400,5800,Near-Crash,Not a Crash,Turn into path (opposite direction),Conflict with vehicle turning into another vehicle path (opposite direction),
30883557,0,1500,1400,3500,Crash,III  - Minor Crash,Road departure (left or right),Single vehicle conflict,
151859607,0,900,3800,4000,Near-Crash,Not a Crash,"Rear-end, striking",Conflict with a lead vehicle,
31297576,0,1400,3500,7400,Near-Crash,Not a Crash,"Sideswipe, same direction (left or right)",Conflict with vehicle in adjacent lane,
29859134,0,,2600,4000,Crash,IV - Low-risk Tire Strike,Road departure (left or right),Single vehicle conflict,
151568457,0,100,2200,3200,Near-Crash,Not a Crash,Turn into path (same direction),Conflict with vehicle turning into another vehicle path (same direction),
143320704,0,1000,2800,4200,Near-Crash,Not a Crash,"Rear-end, striking",Conflict with vehicle in adjacent lane,
15396990,0,400,5400,7000,Near-Crash,Not a Crash,"Rear-end, striking",Conflict with a lead vehicle,
15396991,0,300,3600,4000,Near-Crash,Not a Crash,"Rear-end, striking",Conflict with a lead vehicle,
10611418,0,4100,5000,5200,Near-Crash,Not a Crash,"Rear-end, striking",Conflict with a lead vehicle,
151864997,0,700,3300,3500,Near-Crash,Not a Crash,Other,Conflict with obstacle/object in roadway,
10528091,0,800,1400,2500,Near-Crash,Not a Crash,"Rear-end, striking",Conflict with a lead vehicle,
151870533,0,300,2000,3300,Near-Crash,Not a Crash,"Rear-end, striking",Conflict with vehicle in adjacent lane,
151878843,0,300,1900,2100,Near-Crash,Not a Crash,"Rear-end, striking",Conflict with a lead vehicle,
10528094,0,700,3000,6500,Near-Crash,Not a Crash,"Rear-end, striking",Conflict with a lead vehicle,
10742583,0,100,800,3600,Near-Crash,Not a Crash,"Rear-end, striking",Conflict with vehicle in adjacent lane,
151598310,0,700,2100,2300,Near-Crash,Not a Crash,"Rear-end, striking",Conflict with a lead vehicle,
10528095,0,1800,2500,4100,Near-Crash,Not a Crash,"Rear-end, striking",Conflict with vehicle in adjacent lane,
30883001,0,3200,3500,4100,Near-Crash,Not a Crash,"Rear-end, striking",Conflict with vehicle in adjacent lane,
31281086,0,,2200,3800,Crash,IV - Low-risk Tire Strike,Road departure (left or right),Single vehicle conflict,
30881816,0,3400,4400,4600,Near-Crash,Not a Crash,Straight crossing path,Conflict with vehicle moving across another vehicle path (through intersection),
151573795,0,400,600,1200,Near-Crash,Not a Crash,Road departure (left or right),Single vehicle conflict,
151573886,0,1300,2800,4100,Near-Crash,Not a Crash,"Sideswipe, same direction (left or right)",Conflict with vehicle in adjacent lane,
151591153,0,1600,2600,3100,Near-Crash,Not a Crash,"Sideswipe, same direction (left or right)",Conflict with vehicle in adjacent lane,
30883596,0,3500,4000,8200,Near-Crash,Not a Crash,"Sideswipe, same direction (left or right)",Conflict with vehicle in adjacent lane,
29884160,0,600,1800,3600,Near-Crash,Not a Crash,"Sideswipe, same direction (left or right)",Conflict with vehicle in adjacent lane,
151859836,0,1200,3800,7400,Near-Crash,Not a Crash,"Sideswipe, same direction (left or right)",Conflict with vehicle in adjacent lane,
151859380,0,1200,2400,2600,Near-Crash,Not a Crash,"Rear-end, striking",Conflict with a lead vehicle,
31280793,0,4100,4200,6000,Crash,III  - Minor Crash,Road departure (left or right),Single vehicle conflict,
10598766,0,2900,5500,5800,Near-Crash,Not a Crash,"Rear-end, striking",Conflict with a lead vehicle,
151592159,0,900,2800,4400,Near-Crash,Not a Crash,Animal-related,Conflict with animal,
76264646,0,2000,2500,3800,Near-Crash,Not a Crash,"Rear-end, striking",Conflict with a lead vehicle,
151864758,0,800,2200,3100,Near-Crash,Not a Crash,"Sideswipe, same direction (left or right)",Conflict with vehicle in adjacent lane,
151859521,0,600,1300,2000,Near-Crash,Not a Crash,"Sideswipe, same direction (left or right)",Conflict with vehicle in adjacent lane,
151859466,0,1300,3700,5400,Near-Crash,Not a Crash,"Rear-end, striking",Conflict with a lead vehicle,
134176589,0,3300,4000,4300,Near-Crash,Not a Crash,Road departure (left or right),Single vehicle conflict,
143062689,0,2600,3900,7800,Near-Crash,Not a Crash,"Rear-end, striking",Conflict with vehicle in adjacent lane,
151856564,0,1100,5000,6100,Near-Crash,Not a Crash,"Rear-end, striking",Conflict with vehicle in adjacent lane,
151859372,0,800,6400,6800,Near-Crash,Not a Crash,"Rear-end, striking",Conflict with a lead vehicle,
31281062,0,,2200,3300,Crash,IV - Low-risk Tire Strike,Road departure (left or right),Single vehicle conflict,
116168861,0,2400,3700,4000,Near-Crash,Not a Crash,Turn across path,Conflict with vehicle turning across another vehicle path (opposite direction),
116168900,0,4000,4600,5300,Near-Crash,Not a Crash,"Rear-end, striking",Conflict with a lead vehicle,
151573868,0,1700,2400,3000,Near-Crash,Not a Crash,"Rear-end, striking",Conflict with a lead vehicle,
150780316,0,3600,5200,7100,Near-Crash,Not a Crash,Other,Other,
151859385,0,3900,6100,6300,Near-Crash,Not a Crash,"Rear-end, striking",Conflict with vehicle in adjacent lane,
151569677,0,1300,5400,6500,Near-Crash,Not a Crash,"Rear-end, striking",Conflict with a lead vehicle,
150883869,0,2400,3000,4300,Near-Crash,Not a Crash,Turn into path (same direction),Conflict with vehicle turning into another vehicle path (same direction),
151609739,0,2000,4400,4700,Near-Crash,Not a Crash,"Rear-end, striking",Conflict with a lead vehicle,
130421946,0,2800,2600,3400,Crash,IV - Low-risk Tire Strike,Road departure (left or right),Single vehicle conflict,
6511355,0,,1000,1800,Crash,II - Police-reportable Crash,Turn into path (same direction),Conflict with vehicle turning into another vehicle path (same direction),
29858037,0,1100,2200,4000,Near-Crash,Not a Crash,Turn into path (same direction),Conflict with vehicle turning into another vehicle path (same direction),
35449253,0,1400,2900,4400,Near-Crash,Not a Crash,Turn into path (same direction),Conflict with vehicle turning into another vehicle path (same direction),
31567664,0,700,2700,5700,Near-Crash,Not a Crash,Turn across path,Conflict with vehicle turning across another vehicle path (opposite direction),
151568614,0,,2600,4200,Crash,IV - Low-risk Tire Strike,Road departure (left or right),Single vehicle conflict,
29859060,0,1500,3000,4900,Near-Crash,Not a Crash,Straight crossing path,Conflict with vehicle moving across another vehicle path (through intersection),
151856604,0,3300,3700,4500,Crash,IV - Low-risk Tire Strike,Road departure (left or right),Single vehicle conflict,
151592274,0,600,2300,3300,Near-Crash,Not a Crash,Animal-related,Conflict with animal,
151553372,0,,4000,5900,Crash,II - Police-reportable Crash,"Rear-end, struck",Conflict with a following vehicle,
142049709,0,200,2100,2100,Near-Crash,Not a Crash,Backing into traffic,Conflict with parked vehicle,
60632561,0,1500,2100,2900,Crash,III  - Minor Crash,Animal-related,Conflict with animal,
133190073,0,1100,2100,2500,Near-Crash,Not a Crash,"Sideswipe, same direction (left or right)",Conflict with vehicle in adjacent lane,
151552171,0,2800,4300,5400,Near-Crash,Not a Crash,"Rear-end, striking",Conflict with a lead vehicle,
150780336,0,600,2100,3400,Near-Crash,Not a Crash,"Rear-end, striking",Conflict with a lead vehicle,
150883045,0,900,4700,6100,Near-Crash,Not a Crash,"Rear-end, striking",Conflict with a lead vehicle,
10598424,0,1700,3200,5300,Near-Crash,Not a Crash,"Rear-end, striking",Conflict with a lead vehicle,
151549011,0,600,2500,3600,Near-Crash,Not a Crash,Opposite direction (head-on or sideswipe),Conflict with oncoming traffic,
151550700,0,900,4100,5700,Near-Crash,Not a Crash,Turn into path (opposite direction),Conflict with vehicle turning into another vehicle path (opposite direction),
151865004,0,200,800,1400,Near-Crash,Not a Crash,Turn into path (opposite direction),Conflict with vehicle turning into another vehicle path (opposite direction),
151862035,0,600,1100,1800,Near-Crash,Not a Crash,"Rear-end, striking",Conflict with a lead vehicle,
19980695,0,1400,2400,5000,Near-Crash,Not a Crash,"Rear-end, striking",Conflict with a lead vehicle,
60632627,0,2700,2500,4200,Crash,IV - Low-risk Tire Strike,Road departure (left or right),Single vehicle conflict,
135427573,0,400,2000,4200,Near-Crash,Not a Crash,"Rear-end, striking",Conflict with vehicle in adjacent lane,
151569674,0,3300,4700,5000,Near-Crash,Not a Crash,"Rear-end, striking",Conflict with a lead vehicle,
151854752,0,700,2600,3400,Near-Crash,Not a Crash,"Rear-end, striking",Conflict with a lead vehicle,
151856527,0,800,3800,4500,Near-Crash,Not a Crash,"Rear-end, striking",Conflict with a lead vehicle,
35258329,0,,4100,5600,Crash,III  - Minor Crash,Road departure (left or right),Single vehicle conflict,
142049793,0,2400,4000,5000,Near-Crash,Not a Crash,Pedestrian-related,Conflict with pedestrian,
151859497,0,500,2000,3300,Near-Crash,Not a Crash,"Sideswipe, same direction (left or right)",Conflict with vehicle in adjacent lane,
115730561,0,2000,2900,3500,Near-Crash,Not a Crash,"Rear-end, striking",Conflict with a lead vehicle,
10862436,0,500,600,1100,Near-Crash,Not a Crash,Animal-related,Conflict with animal,
10612874,0,4700,6300,9300,Near-Crash,Not a Crash,"Rear-end, striking",Conflict with a lead vehicle,
151573867,0,2100,3600,4200,Near-Crash,Not a Crash,"Rear-end, striking",Conflict with a lead vehicle,
60631645,0,1000,2500,6200,Near-Crash,Not a Crash,"Sideswipe, same direction (left or right)",Conflict with vehicle in adjacent lane,
31281067,0,,2200,4000,Crash,IV - Low-risk Tire Strike,Road departure (left or right),Single vehicle conflict,
24519529,0,6400,6500,8900,Crash,III  - Minor Crash,Road departure (end),Single vehicle conflict,
138361261,0,500,3200,5300,Near-Crash,Not a Crash,"Rear-end, striking",Conflict with vehicle in adjacent lane,
133753426,0,500,1200,2200,Near-Crash,Not a Crash,Animal-related,Conflict with animal,
60633146,0,,2300,4500,Crash,IV - Low-risk Tire Strike,Road departure (left or right),Single vehicle conflict,
142049214,0,300,2400,4800,Near-Crash,Not a Crash,"Rear-end, striking",Conflict with a lead vehicle,
10528089,0,3600,4500,7700,Near-Crash,Not a Crash,"Rear-end, striking",Conflict with a lead vehicle,
151568426,0,2400,3400,4000,Near-Crash,Not a Crash,Turn across path,Conflict with vehicle turning across another vehicle path (opposite direction),
15363630,0,1800,3500,5800,Near-Crash,Not a Crash,"Rear-end, striking",Conflict with a lead vehicle,
151592276,0,200,2300,2700,Near-Crash,Not a Crash,Animal-related,Conflict with animal,
151856786,0,,1100,2700,Crash,IV - Low-risk Tire Strike,Road departure (left or right),Single vehicle conflict,
10598346,0,1900,3000,5200,Near-Crash,Not a Crash,"Rear-end, striking",Conflict with a lead vehicle,
136041499,0,3000,2800,3700,Crash,IV - Low-risk Tire Strike,Road departure (left or right),Single vehicle conflict,
151570813,0,1500,3200,4400,Near-Crash,Not a Crash,Turn into path (same direction),Conflict with vehicle turning into another vehicle path (same direction),
29730840,0,,4200,7600,Crash,IV - Low-risk Tire Strike,Road departure (end),Single vehicle conflict,
143062687,0,800,6100,6600,Near-Crash,Not a Crash,"Rear-end, striking",Conflict with a lead vehicle,
10858433,0,,4700,5500,Crash,III  - Minor Crash,"Rear-end, struck",Conflict with a following vehicle,
135126587,0,8100,10000,10700,Near-Crash,Not a Crash,"Rear-end, striking",Conflict with a lead vehicle,
151552198,0,400,1800,2000,Near-Crash,Not a Crash,Turn into path (opposite direction),Conflict with vehicle turning into another vehicle path (opposite direction),
151553146,0,,1000,1900,Crash,III  - Minor Crash,"Rear-end, struck",Conflict with a following vehicle,
150780287,0,,1800,2600,Crash,IV - Low-risk Tire Strike,Road departure (left or right),Single vehicle conflict,
138364473,0,1700,3300,3900,Near-Crash,Not a Crash,"Rear-end, striking",Conflict with a lead vehicle,
136402839,0,600,1600,2900,Near-Crash,Not a Crash,"Sideswipe, same direction (left or right)",Conflict with vehicle in adjacent lane,
30883582,0,400,1300,2500,Near-Crash,Not a Crash,"Sideswipe, same direction (left or right)",Conflict with vehicle in adjacent lane,
30883120,0,,2700,4000,Crash,IV - Low-risk Tire Strike,Road departure (left or right),Single vehicle conflict,
150883041,0,1200,2400,2900,Near-Crash,Not a Crash,"Rear-end, striking",Conflict with a lead vehicle,
61427031,0,400,1900,2700,Near-Crash,Not a Crash,Animal-related,Conflict with animal,
30879203,0,,5200,5900,Crash,IV - Low-risk Tire Strike,Road departure (end),Single vehicle conflict,
142049653,0,3800,6900,7500,Near-Crash,Not a Crash,"Rear-end, striking",Conflict with a lead vehicle,
151573885,0,600,1700,2600,Near-Crash,Not a Crash,Straight crossing path,Conflict with vehicle moving across another vehicle path (through intersection),
135126592,0,900,2100,3600,Near-Crash,Not a Crash,"Rear-end, striking",Conflict with a lead vehicle,
151592961,0,500,900,2200,Near-Crash,Not a Crash,"Sideswipe, same direction (left or right)",Conflict with vehicle in adjacent lane,
151568440,0,2200,4100,5700,Near-Crash,Not a Crash,"Rear-end, striking",Conflict with a lead vehicle,
142007750,0,,4600,5000,Crash,III  - Minor Crash,Other,Conflict with parked vehicle,
35449249,0,4500,5800,7000,Near-Crash,Not a Crash,Straight crossing path,Conflict with vehicle moving across another vehicle path (through intersection),
150883778,0,400,1700,2800,Near-Crash,Not a Crash,Turn across path,Conflict with vehicle turning across another vehicle path (same direction),
10858447,0,200,4000,4600,Near-Crash,Not a Crash,Animal-related,Conflict with animal,
36304070,0,300,1500,2500,Near-Crash,Not a Crash,"Sideswipe, same direction (left or right)",Conflict with vehicle in adjacent lane,
10611395,0,1400,2600,3000,Near-Crash,Not a Crash,"Rear-end, striking",Conflict with a lead vehicle,
142029943,0,700,5500,5500,Near-Crash,Not a Crash,"Rear-end, striking",Conflict with a lead vehicle,
10595703,0,400,1600,1800,Near-Crash,Not a Crash,"Rear-end, striking",Conflict with vehicle in adjacent lane,
143062667,0,1100,1700,2500,Near-Crash,Not a Crash,"Sideswipe, same direction (left or right)",Conflict with vehicle in adjacent lane,
10528275,0,5800,6200,7300,Near-Crash,Not a Crash,"Rear-end, striking",Conflict with a lead vehicle,
151569698,0,2200,2900,3600,Near-Crash,Not a Crash,"Sideswipe, same direction (left or right)",Conflict with vehicle in adjacent lane,
151864966,0,400,2400,3100,Near-Crash,Not a Crash,"Rear-end, struck",Conflict with a following vehicle,
36812436,0,3400,4500,6600,Near-Crash,Not a Crash,Turn across path,Conflict with vehicle turning across another vehicle path (opposite direction),
151607562,0,1700,6300,7200,Near-Crash,Not a Crash,"Sideswipe, same direction (left or right)",Conflict with vehicle in adjacent lane,
10598420,0,1900,3800,4300,Near-Crash,Not a Crash,"Rear-end, striking",Conflict with a lead vehicle,
151581419,0,500,2400,3100,Near-Crash,Not a Crash,"Rear-end, striking",Conflict with a lead vehicle,
151589151,0,800,2000,2900,Near-Crash,Not a Crash,"Rear-end, striking",Conflict with vehicle in adjacent lane,
17753629,0,5000,7700,7900,Near-Crash,Not a Crash,"Rear-end, striking",Conflict with a lead vehicle,
151610550,0,1300,3600,4100,Near-Crash,Not a Crash,Turn into path (opposite direction),Conflict with vehicle turning into another vehicle path (opposite direction),
151565422,0,800,2300,3300,Near-Crash,Not a Crash,Turn into path (opposite direction),Conflict with vehicle turning into another vehicle path (opposite direction),
142049775,0,1000,2200,3300,Near-Crash,Not a Crash,Opposite direction (head-on or sideswipe),Conflict with oncoming traffic,
30883584,0,800,1300,3300,Near-Crash,Not a Crash,"Sideswipe, same direction (left or right)",Conflict with vehicle in adjacent lane,
31280797,0,,1700,3500,Crash,IV - Low-risk Tire Strike,Road departure (left or right),Single vehicle conflict,
151568390,0,800,1200,2000,Near-Crash,Not a Crash,"Sideswipe, same direction (left or right)",Conflict with vehicle in adjacent lane,
132528456,0,3800,5200,6200,Near-Crash,Not a Crash,"Rear-end, striking",Conflict with a lead vehicle,
29859109,0,1000,1500,4700,Near-Crash,Not a Crash,"Sideswipe, same direction (left or right)",Conflict with vehicle in adjacent lane,
151586125,0,600,1700,3500,Near-Crash,Not a Crash,"Sideswipe, same direction (left or right)",Conflict with vehicle in adjacent lane,
151588181,0,1100,1800,3800,Near-Crash,Not a Crash,"Sideswipe, same direction (left or right)",Conflict with vehicle in adjacent lane,
135427622,0,500,1300,2200,Near-Crash,Not a Crash,Animal-related,Conflict with animal,
35257239,0,,3600,4500,Near-Crash,Not a Crash,Road departure (left or right),Single vehicle conflict,
10742573,0,1300,1800,2100,Near-Crash,Not a Crash,"Rear-end, striking",Conflict with a lead vehicle,
31297540,0,,2700,4000,Crash,IV - Low-risk Tire Strike,Road departure (left or right),Single vehicle conflict,
60633144,0,2800,2600,4600,Crash,IV - Low-risk Tire Strike,Road departure (left or right),Single vehicle conflict,
151572352,0,800,3800,5300,Near-Crash,Not a Crash,"Rear-end, striking",Conflict with a lead vehicle,
151878943,0,2500,3700,4200,Near-Crash,Not a Crash,"Rear-end, striking",Conflict with a lead vehicle,
151568836,0,2700,6400,7000,Near-Crash,Not a Crash,"Rear-end, striking",Conflict with a lead vehicle,
151584412,0,1700,2200,3000,Near-Crash,Not a Crash,"Rear-end, striking",Conflict with vehicle in adjacent lane,
10528090,0,1300,2400,4000,Near-Crash,Not a Crash,"Rear-end, striking",Conflict with vehicle in adjacent lane,
151569125,0,3800,5100,5700,Near-Crash,Not a Crash,"Rear-end, striking",Conflict with a lead vehicle,
31297558,0,1700,3000,3600,Near-Crash,Not a Crash,"Rear-end, striking",Conflict with a lead vehicle,
35449241,0,600,900,1800,Near-Crash,Not a Crash,"Sideswipe, same direction (left or right)",Conflict with vehicle in adjacent lane,
151861963,0,1600,3300,3700,Near-Crash,Not a Crash,"Rear-end, striking",Conflict with a lead vehicle,
20714951,0,2000,4000,4900,Near-Crash,Not a Crash,"Rear-end, striking",Conflict with a lead vehicle,
151569666,0,100,3900,4600,Near-Crash,Not a Crash,Other,Conflict with obstacle/object in roadway,
151859782,0,1900,4700,4800,Near-Crash,Not a Crash,"Rear-end, striking",Conflict with a lead vehicle,
142005175,0,300,1800,2900,Near-Crash,Not a Crash,"Rear-end, striking",Conflict with a lead vehicle,
142050040,0,3800,5000,6400,Near-Crash,Not a Crash,"Sideswipe, same direction (left or right)",Conflict with vehicle in adjacent lane,
151860021,0,800,2300,3000,Near-Crash,Not a Crash,Turn into path (same direction),Conflict with vehicle turning into another vehicle path (same direction),
151568972,0,,6400,7300,Crash,III  - Minor Crash,"Backing, fixed object",Conflict with obstacle/object in roadway,
17749341,0,1200,2900,4000,Near-Crash,Not a Crash,"Rear-end, striking",Conflict with a lead vehicle,
135128285,0,1700,3900,5900,Near-Crash,Not a Crash,Turn into path (opposite direction),Conflict with vehicle turning into another vehicle path (opposite direction),
151581849,0,1500,5900,7200,Near-Crash,Not a Crash,Other,Conflict with obstacle/object in roadway,
151864783,0,200,1200,1900,Near-Crash,Not a Crash,Animal-related,Conflict with animal,
151568923,0,600,2000,2500,Near-Crash,Not a Crash,Turn into path (same direction),Conflict with vehicle turning into another vehicle path (same direction),
30883599,0,,2300,3800,Crash,IV - Low-risk Tire Strike,Road departure (left or right),Single vehicle conflict,
35258335,0,1900,2600,4800,Near-Crash,Not a Crash,"Sideswipe, same direction (left or right)",Conflict with vehicle in adjacent lane,
10682270,0,800,4900,5200,Near-Crash,Not a Crash,Turn into path (same direction),Conflict with vehicle turning into another vehicle path (same direction),
61426765,0,500,700,1800,Crash,III  - Minor Crash,Road departure (left or right),Single vehicle conflict,
151581405,0,2000,3200,4500,Near-Crash,Not a Crash,"Sideswipe, same direction (left or right)",Conflict with vehicle in adjacent lane,
151587479,0,700,1800,2700,Near-Crash,Not a Crash,"Rear-end, striking",Conflict with a lead vehicle,
10862470,0,400,1800,3100,Near-Crash,Not a Crash,Animal-related,Conflict with animal,
36304063,0,400,2800,3100,Near-Crash,Not a Crash,Turn into path (opposite direction),Conflict with vehicle turning into another vehicle path (opposite direction),
151578828,0,2600,3300,4200,Near-Crash,Not a Crash,Turn across path,Conflict with vehicle turning across another vehicle path (opposite direction),
151878820,0,1700,3100,3600,Near-Crash,Not a Crash,"Rear-end, striking",Conflict with a lead vehicle,
151570809,0,1900,3400,4300,Near-Crash,Not a Crash,"Rear-end, striking",Conflict with a lead vehicle,
151545636,0,900,2100,2600,Near-Crash,Not a Crash,"Sideswipe, same direction (left or right)",Conflict with vehicle in adjacent lane,
151601464,0,2800,4300,4900,Near-Crash,Not a Crash,"Rear-end, striking",Conflict with vehicle in adjacent lane,
136043277,0,2500,3500,4600,Near-Crash,Not a Crash,Turn across path,Conflict with vehicle turning across another vehicle path (opposite direction),
128903612,0,1600,2600,3700,Near-Crash,Not a Crash,Turn into path (opposite direction),Conflict with vehicle turning into another vehicle path (opposite direction),
31680400,0,1700,2800,5000,Near-Crash,Not a Crash,"Rear-end, striking",Conflict with a lead vehicle,
151570805,0,1500,2100,3100,Near-Crash,Not a Crash,Animal-related,Conflict with animal,
151864897,0,1000,2300,3200,Near-Crash,Not a Crash,"Rear-end, striking",Conflict with a lead vehicle,
151546988,0,900,1900,2800,Near-Crash,Not a Crash,"Rear-end, striking",Conflict with vehicle in adjacent lane,
26235290,0,400,1400,1900,Crash,III  - Minor Crash,Animal-related,Conflict with animal,
31297593,0,2000,3900,5400,Near-Crash,Not a Crash,"Rear-end, striking",Conflict with a lead vehicle,
151611072,0,1300,2500,3500,Crash,III  - Minor Crash,Other,Conflict with obstacle/object in roadway,
22598458,0,1800,2700,3800,Near-Crash,Not a Crash,"Rear-end, striking",Conflict with a lead vehicle,
7274555,0,1700,2300,4000,Crash,II - Police-reportable Crash,"Sideswipe, same direction (left or right)",Conflict with vehicle in adjacent lane,
10611392,0,1600,2000,2500,Near-Crash,Not a Crash,"Rear-end, striking",Conflict with a lead vehicle,
5591654,0,2500,3800,6000,Crash,II - Police-reportable Crash,"Rear-end, striking",Conflict with a lead vehicle,
151572350,0,1800,2500,3400,Near-Crash,Not a Crash,"Rear-end, striking",Conflict with a lead vehicle,
143320654,0,1000,2900,3700,Near-Crash,Not a Crash,Turn across path,Conflict with vehicle turning across another vehicle path (same direction),
151578947,0,2000,3700,4700,Near-Crash,Not a Crash,Turn into path (opposite direction),Conflict with vehicle turning into another vehicle path (opposite direction),
151578945,0,800,3300,4800,Near-Crash,Not a Crash,Animal-related,Conflict with animal,
151553329,0,,5500,6900,Crash,III  - Minor Crash,"Backing, fixed object",Conflict with obstacle/object in roadway,
151549145,0,2200,4500,5600,Near-Crash,Not a Crash,Turn into path (opposite direction),Conflict with vehicle turning into another vehicle path (opposite direction),
33574923,0,3200,5900,7000,Near-Crash,Not a Crash,"Rear-end, striking",Conflict with a lead vehicle,
31297578,0,400,400,2000,Near-Crash,Not a Crash,"Sideswipe, same direction (left or right)",Conflict with vehicle in adjacent lane,"A near-crash occurred on a bypass/divided highway with traffic signals during daylight hours when the weather was clear and the road surface was dry. The incident involved a conflict with a vehicle in an adjacent lane, resulting in a sideswipe where the vehicles made contact while traveling in the same direction. The traffic was light, with no lead traffic, allowing for free flow. Fortunately, the situation did not escalate into a full collision, but it was a close call."
151864904,0,400,1200,2100,Near-Crash,Not a Crash,Turn into path (opposite direction),Conflict with vehicle turning into another vehicle path (opposite direction),
151600324,0,2000,4600,6000,Near-Crash,Not a Crash,Other,Conflict with obstacle/object in roadway,
151864784,0,100,800,2000,Near-Crash,Not a Crash,"Sideswipe, same direction (left or right)",Conflict with vehicle in adjacent lane,
31567667,0,6200,6400,7300,Near-Crash,Not a Crash,"Sideswipe, same direction (left or right)",Conflict with vehicle in adjacent lane,
151607155,0,300,2900,4200,Near-Crash,Not a Crash,"Sideswipe, same direction (left or right)",Conflict with merging vehicle,
132522434,0,,1300,2700,Crash,IV - Low-risk Tire Strike,Road departure (left or right),Single vehicle conflict,
24521314,0,,5400,6500,Crash,IV - Low-risk Tire Strike,Road departure (end),Single vehicle conflict,
151611063,0,4500,4900,5600,Near-Crash,Not a Crash,Turn into path (same direction),Conflict with vehicle turning into another vehicle path (same direction),
30883576,0,600,900,3000,Crash,III  - Minor Crash,Other,Conflict with obstacle/object in roadway,
151599177,0,2300,3800,5000,Near-Crash,Not a Crash,Turn into path (same direction),Conflict with vehicle turning into another vehicle path (same direction),
134096163,0,4400,4700,5800,Near-Crash,Not a Crash,Road departure (left or right),Single vehicle conflict,
151864905,0,800,2900,3800,Near-Crash,Not a Crash,"Rear-end, striking",Conflict with a lead vehicle,
134900222,0,2500,3500,4400,Near-Crash,Not a Crash,"Rear-end, striking",Conflict with a lead vehicle,
151552186,0,1200,3300,4500,Near-Crash,Not a Crash,"Rear-end, striking",Conflict with a lead vehicle,
60632606,0,,2700,4500,Crash,IV - Low-risk Tire Strike,Road departure (left or right),Single vehicle conflict,
132522483,0,,1700,2500,Crash,III  - Minor Crash,Road departure (left or right),Single vehicle conflict,
143062650,0,,5100,7200,Crash,IV - Low-risk Tire Strike,Road departure (left or right),Single vehicle conflict,
7347423,0,1600,1800,4000,Crash,II - Police-reportable Crash,"Rear-end, striking",Conflict with a lead vehicle,
151568501,0,600,800,1600,Near-Crash,Not a Crash,Pedestrian-related,Conflict with pedestrian,
29859136,0,2300,4400,6700,Near-Crash,Not a Crash,Turn into path (opposite direction),Conflict with vehicle turning into another vehicle path (opposite direction),
136258668,0,1000,2600,3300,Near-Crash,Not a Crash,"Rear-end, striking",Conflict with a lead vehicle,
143062676,0,700,1700,2600,Near-Crash,Not a Crash,"Rear-end, striking",Conflict with a lead vehicle,
143062558,0,1500,1600,2200,Near-Crash,Not a Crash,"Sideswipe, same direction (left or right)",Conflict with vehicle in adjacent lane,
151603445,0,2800,4700,5300,Near-Crash,Not a Crash,"Rear-end, striking",Conflict with a lead vehicle,
142050126,0,600,1900,3000,Near-Crash,Not a Crash,"Sideswipe, same direction (left or right)",Conflict with vehicle in adjacent lane,
143058375,0,1200,2100,3100,Near-Crash,Not a Crash,"Rear-end, striking",Conflict with vehicle in adjacent lane,
151573808,0,5700,7700,8600,Near-Crash,Not a Crash,"Rear-end, striking",Conflict with a lead vehicle,
151581536,0,900,3000,3400,Near-Crash,Not a Crash,"Rear-end, striking",Conflict with vehicle in adjacent lane,
35826918,0,800,3200,5300,Near-Crash,Not a Crash,Turn across path,Conflict with vehicle turning across another vehicle path (opposite direction),
150884037,0,600,1700,2800,Near-Crash,Not a Crash,"Sideswipe, same direction (left or right)",Conflict with vehicle in adjacent lane,
132522488,0,2200,3900,4400,Near-Crash,Not a Crash,Turn into path (same direction),Conflict with vehicle turning into another vehicle path (same direction),
10612912,0,3100,4200,5700,Near-Crash,Not a Crash,"Rear-end, striking",Conflict with a lead vehicle,
151859999,0,900,1000,1800,Near-Crash,Not a Crash,"Sideswipe, same direction (left or right)",Conflict with vehicle in adjacent lane,
142005148,0,4900,6800,8500,Near-Crash,Not a Crash,"Rear-end, striking",Conflict with a lead vehicle,
151574966,0,1700,3300,3900,Near-Crash,Not a Crash,"Rear-end, striking",Conflict with vehicle in adjacent lane,
143062572,0,100,1300,2000,Near-Crash,Not a Crash,"Sideswipe, same direction (left or right)",Conflict with vehicle in adjacent lane,
151565539,0,900,1300,2600,Near-Crash,Not a Crash,"Sideswipe, same direction (left or right)",Conflict with vehicle in adjacent lane,
31297541,0,,1900,3300,Crash,III  - Minor Crash,"Sideswipe, same direction (left or right)",Conflict with vehicle in adjacent lane,
142050170,0,1700,3300,4400,Near-Crash,Not a Crash,"Rear-end, striking",Conflict with a lead vehicle,
151609333,0,1000,1500,1800,Near-Crash,Not a Crash,"Rear-end, striking",Conflict with a lead vehicle,
151588187,0,900,1100,2300,Near-Crash,Not a Crash,"Sideswipe, same direction (left or right)",Conflict with vehicle in adjacent lane,
151900635,0,,1900,3500,Near-Crash,Not a Crash,"Sideswipe, same direction (left or right)",Conflict with vehicle in adjacent lane,
151900636,0,700,2000,2600,Near-Crash,Not a Crash,"Rear-end, striking",Conflict with a lead vehicle,
150883025,0,800,2500,4700,Near-Crash,Not a Crash,"Rear-end, striking",Conflict with a lead vehicle,
151550372,0,300,1500,1900,Near-Crash,Not a Crash,"Rear-end, striking",Conflict with a lead vehicle,
35449254,0,5300,6300,6800,Near-Crash,Not a Crash,Backing into traffic,Conflict with parked vehicle,
133321842,0,600,1500,2000,Near-Crash,Not a Crash,"Sideswipe, same direction (left or right)",Conflict with vehicle in adjacent lane,
64574236,0,,2000,3500,Crash,IV - Low-risk Tire Strike,Road departure (left or right),Single vehicle conflict,
151576341,0,800,2300,3600,Near-Crash,Not a Crash,Opposite direction (head-on or sideswipe),Conflict with oncoming traffic,
24522683,0,2700,2700,3600,Crash,III  - Minor Crash,Road departure (left or right),Single vehicle conflict,
151864924,0,500,2200,2500,Near-Crash,Not a Crash,Turn across path,Conflict with vehicle turning across another vehicle path (opposite direction),
151316596,0,200,1300,1800,Near-Crash,Not a Crash,"Sideswipe, same direction (left or right)",Conflict with vehicle in adjacent lane,
142044506,0,300,1800,3400,Near-Crash,Not a Crash,Turn into path (same direction),Conflict with vehicle turning into another vehicle path (same direction),
151859842,0,600,1200,2000,Near-Crash,Not a Crash,"Sideswipe, same direction (left or right)",Conflict with vehicle in adjacent lane,
10857993,0,900,1600,2900,Near-Crash,Not a Crash,"Rear-end, striking",Conflict with a lead vehicle,
151084858,0,900,1500,4000,Near-Crash,Not a Crash,"Sideswipe, same direction (left or right)",Conflict with vehicle in adjacent lane,
142050217,0,100,2500,3700,Near-Crash,Not a Crash,Turn into path (same direction),Conflict with vehicle turning into another vehicle path (same direction),
142049687,0,200,1600,2000,Near-Crash,Not a Crash,Pedalcyclist-related,Conflict with pedalcyclist,
31297528,0,500,1900,7200,Near-Crash,Not a Crash,Turn into path (opposite direction),Conflict with vehicle turning into another vehicle path (opposite direction),
10862426,0,3200,6200,7900,Near-Crash,Not a Crash,"Rear-end, striking",Conflict with a lead vehicle,
150882952,0,1100,1900,2900,Near-Crash,Not a Crash,Backing into traffic,Conflict with parked vehicle,
10862427,0,200,1000,1500,Near-Crash,Not a Crash,Animal-related,Conflict with animal,
151568459,0,1900,2500,3100,Near-Crash,Not a Crash,"Rear-end, striking",Conflict with vehicle in adjacent lane,
35258199,0,200,1300,2600,Near-Crash,Not a Crash,"Sideswipe, same direction (left or right)",Conflict with vehicle in adjacent lane,
151084946,0,800,2900,4100,Near-Crash,Not a Crash,"Rear-end, striking",Conflict with a lead vehicle,
35333349,0,1200,3600,4200,Near-Crash,Not a Crash,Turn into path (same direction),Conflict with vehicle turning into another vehicle path (same direction),
29877321,0,,1500,4600,Crash,IV - Low-risk Tire Strike,Road departure (left or right),Single vehicle conflict,
30883585,0,3800,4500,5600,Near-Crash,Not a Crash,Pedestrian-related,Conflict with pedestrian,
142029637,0,1500,2100,3500,Near-Crash,Not a Crash,Turn into path (same direction),Conflict with vehicle turning into another vehicle path (same direction),
61427011,0,400,1700,2600,Near-Crash,Not a Crash,Turn into path (same direction),Conflict with vehicle turning into another vehicle path (same direction),
151579957,0,3500,5200,5900,Near-Crash,Not a Crash,Turn into path (opposite direction),Conflict with vehicle turning into another vehicle path (opposite direction),
17515256,0,2100,3900,6400,Near-Crash,Not a Crash,"Rear-end, striking",Conflict with a lead vehicle,
151864769,0,500,2000,2700,Near-Crash,Not a Crash,Animal-related,Conflict with animal,
36948274,0,,7000,7700,Crash,III  - Minor Crash,Other,Conflict with parked vehicle,
151549029,0,,2300,3400,Crash,IV - Low-risk Tire Strike,Road departure (left or right),Single vehicle conflict,
151570599,0,,4300,5700,Crash,IV - Low-risk Tire Strike,Road departure (left or right),Single vehicle conflict,
151551869,0,400,800,4200,Near-Crash,Not a Crash,"Sideswipe, same direction (left or right)",Conflict with vehicle in adjacent lane,
151574327,0,6200,7900,9000,Near-Crash,Not a Crash,"Rear-end, striking",Conflict with a lead vehicle,
151859953,0,2000,2800,3200,Near-Crash,Not a Crash,"Rear-end, striking",Conflict with a lead vehicle,
147838986,0,2600,3500,4300,Near-Crash,Not a Crash,"Rear-end, striking",Conflict with vehicle in adjacent lane,
151864594,0,6400,7800,7800,Near-Crash,Not a Crash,Turn across path,Conflict with vehicle turning across another vehicle path (same direction),
151568881,0,600,3700,4600,Near-Crash,Not a Crash,"Rear-end, striking",Conflict with a lead vehicle,
150882819,0,,1300,3700,Crash,IV - Low-risk Tire Strike,Road departure (left or right),Single vehicle conflict,
151862012,0,1100,3400,3700,Near-Crash,Not a Crash,"Rear-end, striking",Conflict with a lead vehicle,
151862641,0,2200,5300,5900,Near-Crash,Not a Crash,"Rear-end, striking",Conflict with a lead vehicle,
151859861,0,100,1900,3000,Near-Crash,Not a Crash,"Rear-end, striking",Conflict with a lead vehicle,
142029666,0,4400,5400,7500,Near-Crash,Not a Crash,"Rear-end, striking",Conflict with a lead vehicle,
151859973,0,100,1500,3800,Near-Crash,Not a Crash,"Rear-end, striking",Conflict with a lead vehicle,
151864615,0,2400,3300,4100,Near-Crash,Not a Crash,"Rear-end, striking",Conflict with a lead vehicle,
151863129,0,300,1400,1500,Near-Crash,Not a Crash,Opposite direction (head-on or sideswipe),Conflict with oncoming traffic,
10862496,0,100,1900,3000,Near-Crash,Not a Crash,Animal-related,Conflict with animal,
151610514,0,300,1700,2200,Near-Crash,Not a Crash,"Rear-end, striking",Conflict with a lead vehicle,
136454660,0,2000,4600,4600,Near-Crash,Not a Crash,"Rear-end, striking",Conflict with a lead vehicle,
36948275,0,1300,2300,4100,Near-Crash,Not a Crash,"Sideswipe, same direction (left or right)",Conflict with a lead vehicle,
151597669,0,3700,4800,5400,Near-Crash,Not a Crash,"Rear-end, striking",Conflict with a lead vehicle,
142030120,0,,4700,5800,Crash,III  - Minor Crash,Other,Conflict with parked vehicle,
142010487,0,1200,2800,3700,Near-Crash,Not a Crash,Turn into path (same direction),Conflict with vehicle turning into another vehicle path (same direction),
151558161,0,,9200,10000,Crash,IV - Low-risk Tire Strike,Road departure (end),Single vehicle conflict,
8093681,0,,1800,3500,Crash,III  - Minor Crash,Other,Conflict with parked vehicle,
151866547,0,800,2900,4700,Near-Crash,Not a Crash,"Rear-end, striking",Conflict with a lead vehicle,
151578821,0,1500,5000,5700,Near-Crash,Not a Crash,"Rear-end, striking",Conflict with merging vehicle,
151864601,0,400,1600,1800,Near-Crash,Not a Crash,Animal-related,Conflict with animal,
151352498,0,2000,2000,3100,Crash,IV - Low-risk Tire Strike,Road departure (left or right),Single vehicle conflict,
151864592,0,2100,2700,3400,Near-Crash,Not a Crash,Backing into traffic,Conflict with parked vehicle,
151864787,0,200,2200,2700,Near-Crash,Not a Crash,"Sideswipe, same direction (left or right)",Conflict with vehicle in adjacent lane,
10556976,0,1400,3800,7000,Crash,II - Police-reportable Crash,"Rear-end, striking",Conflict with a lead vehicle,
151603441,0,2100,3300,4200,Near-Crash,Not a Crash,"Sideswipe, same direction (left or right)",Conflict with vehicle in adjacent lane,
35826906,0,1800,3900,4900,Near-Crash,Not a Crash,Opposite direction (head-on or sideswipe),Conflict with oncoming traffic,
142050266,0,1000,2100,2800,Near-Crash,Not a Crash,Turn into path (opposite direction),Conflict with vehicle turning into another vehicle path (opposite direction),
142053507,0,700,2900,4000,Near-Crash,Not a Crash,"Sideswipe, same direction (left or right)",Conflict with vehicle in adjacent lane,
135110858,0,500,200,4100,Near-Crash,Not a Crash,Other,Single vehicle conflict,
15363636,0,200,6700,7500,Near-Crash,Not a Crash,"Rear-end, striking",Conflict with a lead vehicle,
29878416,0,,1600,4700,Crash,IV - Low-risk Tire Strike,Road departure (left or right),Single vehicle conflict,
151568450,0,5000,6700,7700,Near-Crash,Not a Crash,"Rear-end, striking",Conflict with a lead vehicle,
151568455,0,1500,3300,3600,Near-Crash,Not a Crash,"Rear-end, striking",Conflict with a lead vehicle,
151568687,0,,7200,8400,Crash,IV - Low-risk Tire Strike,Road departure (end),Single vehicle conflict,
134897008,0,100,3500,4300,Near-Crash,Not a Crash,Road departure (left or right),Single vehicle conflict,
134033006,0,900,2900,3800,Near-Crash,Not a Crash,"Rear-end, striking",Conflict with a lead vehicle,
151572357,0,2500,4700,5200,Near-Crash,Not a Crash,"Rear-end, striking",Conflict with a lead vehicle,
30883526,0,300,500,1500,Near-Crash,Not a Crash,"Sideswipe, same direction (left or right)",Conflict with merging vehicle,
138077588,0,400,1400,3300,Crash,III  - Minor Crash,Other,Conflict with obstacle/object in roadway,
151568414,0,4500,5300,5600,Near-Crash,Not a Crash,"Sideswipe, same direction (left or right)",Conflict with merging vehicle,
33537140,0,1600,3800,4300,Near-Crash,Not a Crash,"Rear-end, striking",Conflict with a lead vehicle,
29858062,0,100,1400,1500,Near-Crash,Not a Crash,Turn across path,Conflict with vehicle turning across another vehicle path (same direction),
151611065,0,200,1700,2100,Near-Crash,Not a Crash,Animal-related,Conflict with animal,
61432330,0,,1800,4100,Crash,IV - Low-risk Tire Strike,Road departure (left or right),Single vehicle conflict,
151854707,0,400,6600,8300,Near-Crash,Not a Crash,"Rear-end, striking",Conflict with a lead vehicle,
60631646,0,,6500,9500,Crash,IV - Low-risk Tire Strike,Road departure (left or right),Single vehicle conflict,
60631686,0,1000,1300,2400,Crash,III  - Minor Crash,Road departure (left or right),Single vehicle conflict,
60631687,0,3000,3700,4900,Crash,III  - Minor Crash,Road departure (left or right),Single vehicle conflict,
10564365,0,400,1500,4100,Near-Crash,Not a Crash,"Rear-end, striking",Conflict with vehicle in adjacent lane,
60632646,0,2600,2500,6400,Crash,II - Police-reportable Crash,"Sideswipe, same direction (left or right)",Conflict with vehicle in adjacent lane,
23772166,0,,7500,8700,Crash,III  - Minor Crash,Road departure (left or right),Single vehicle conflict,
151569045,0,,1400,1800,Crash,IV - Low-risk Tire Strike,"Backing, fixed object",Single vehicle conflict,
151856672,0,200,700,1400,Near-Crash,Not a Crash,"Sideswipe, same direction (left or right)",Conflict with vehicle turning across another vehicle path (same direction),
138362977,0,1100,1800,2400,Near-Crash,Not a Crash,"Rear-end, striking",Conflict with a lead vehicle,
132698524,0,500,2800,3900,Near-Crash,Not a Crash,Animal-related,Conflict with animal,
136178457,0,2600,3500,6000,Near-Crash,Not a Crash,"Rear-end, striking",Conflict with a lead vehicle,
138350538,0,400,1000,1700,Near-Crash,Not a Crash,"Rear-end, striking",Conflict with vehicle in adjacent lane,
142017523,0,1400,5600,6200,Near-Crash,Not a Crash,Turn into path (opposite direction),Conflict with vehicle turning into another vehicle path (opposite direction),
138077567,0,1100,3500,4800,Near-Crash,Not a Crash,"Rear-end, striking",Conflict with a lead vehicle,
151859446,0,2200,4600,5200,Near-Crash,Not a Crash,"Rear-end, striking",Conflict with a lead vehicle,
10612326,0,1400,3700,4100,Near-Crash,Not a Crash,"Rear-end, striking",Conflict with a lead vehicle,
151550408,0,900,2800,3400,Near-Crash,Not a Crash,Turn into path (opposite direction),Conflict with vehicle turning into another vehicle path (opposite direction),
142457469,0,2400,4700,5300,Near-Crash,Not a Crash,"Rear-end, striking",Conflict with a lead vehicle,
138362860,0,200,1600,3300,Near-Crash,Not a Crash,"Rear-end, striking",Conflict with a lead vehicle,
151337415,0,1700,2800,3300,Near-Crash,Not a Crash,Turn across path,Conflict with vehicle turning across another vehicle path (opposite direction),
29878400,0,1000,900,2900,Crash,IV - Low-risk Tire Strike,Road departure (left or right),Single vehicle conflict,
151580968,0,1000,1800,3100,Near-Crash,Not a Crash,"Sideswipe, same direction (left or right)",Conflict with vehicle in adjacent lane,
36304061,0,4500,5000,5900,Near-Crash,Not a Crash,Turn into path (same direction),Conflict with vehicle turning into another vehicle path (same direction),
136424537,0,800,4000,4200,Near-Crash,Not a Crash,"Rear-end, striking",Conflict with a lead vehicle,
151878904,0,800,1300,2000,Near-Crash,Not a Crash,Turn into path (same direction),Conflict with vehicle turning into another vehicle path (same direction),
151864987,0,1300,3700,3900,Near-Crash,Not a Crash,"Rear-end, striking",Conflict with a lead vehicle,
151581054,0,2400,3100,3900,Near-Crash,Not a Crash,Backing into traffic,Conflict with parked vehicle,
151568596,0,1400,2600,4400,Near-Crash,Not a Crash,Turn into path (same direction),Conflict with vehicle turning into another vehicle path (same direction),
10598936,0,600,2600,5500,Near-Crash,Not a Crash,"Rear-end, striking",Conflict with a lead vehicle,
15363641,0,800,2600,3900,Near-Crash,Not a Crash,"Rear-end, striking",Conflict with a lead vehicle,
151568456,0,500,4200,5300,Near-Crash,Not a Crash,Animal-related,Conflict with animal,
138077508,0,200,6300,8000,Near-Crash,Not a Crash,"Rear-end, striking",Conflict with a lead vehicle,
20715059,0,400,1700,2900,Near-Crash,Not a Crash,"Rear-end, striking",Conflict with a lead vehicle,
151568422,0,400,1700,2400,Near-Crash,Not a Crash,Pedestrian-related,Conflict with pedestrian,
151568493,0,300,2100,4000,Near-Crash,Not a Crash,"Sideswipe, same direction (left or right)",Conflict with vehicle in adjacent lane,
8093683,0,500,1000,3000,Crash,I - Most Severe,Road departure (end),Single vehicle conflict,
35826903,0,4500,5900,8000,Near-Crash,Not a Crash,Turn into path (same direction),Conflict with vehicle turning into another vehicle path (same direction),
142053570,0,1400,3600,5500,Near-Crash,Not a Crash,Turn into path (same direction),Conflict with vehicle turning into another vehicle path (same direction),
128906345,0,600,2400,2800,Near-Crash,Not a Crash,Turn into path (opposite direction),Conflict with vehicle turning into another vehicle path (opposite direction),
151856526,0,1500,3400,5400,Near-Crash,Not a Crash,"Rear-end, striking",Conflict with a lead vehicle,
150883013,0,1900,3100,4000,Near-Crash,Not a Crash,"Rear-end, striking",Conflict with a lead vehicle,
128888730,0,2500,6000,7000,Near-Crash,Not a Crash,"Rear-end, striking",Conflict with a lead vehicle,
142049678,0,2100,3800,4500,Near-Crash,Not a Crash,"Rear-end, striking",Conflict with a lead vehicle,
35826900,0,3300,4300,4700,Near-Crash,Not a Crash,Turn into path (opposite direction),Conflict with vehicle turning into another vehicle path (opposite direction),
138248007,0,,2100,3200,Crash,III  - Minor Crash,Road departure (left or right),Single vehicle conflict,
150882988,0,500,2700,3900,Near-Crash,Not a Crash,Turn into path (same direction),Conflict with vehicle turning into another vehicle path (same direction),
22303756,0,600,2300,3000,Near-Crash,Not a Crash,"Rear-end, striking",Conflict with a lead vehicle,
151569695,0,3000,4600,5600,Near-Crash,Not a Crash,"Rear-end, striking",Conflict with a lead vehicle,
29884801,0,2200,3600,5500,Near-Crash,Not a Crash,"Rear-end, striking",Conflict with a lead vehicle,
151568625,0,,3400,4100,Near-Crash,Not a Crash,"Rear-end, struck",Conflict with a following vehicle,
61427015,0,200,2300,5100,Near-Crash,Not a Crash,Opposite direction (head-on or sideswipe),Conflict with oncoming traffic,
151598307,0,500,1700,3100,Near-Crash,Not a Crash,"Sideswipe, same direction (left or right)",Conflict with vehicle in adjacent lane,
151599175,0,800,1600,1800,Near-Crash,Not a Crash,"Sideswipe, same direction (left or right)",Conflict with vehicle in adjacent lane,
151859571,0,400,1700,1900,Near-Crash,Not a Crash,"Sideswipe, same direction (left or right)",Conflict with vehicle in adjacent lane,
151864773,0,1100,3400,4400,Near-Crash,Not a Crash,"Rear-end, striking",Conflict with a lead vehicle,
151553152,0,,3900,4600,Crash,III  - Minor Crash,"Backing, fixed object",Single vehicle conflict,
10612965,0,2500,3900,4200,Near-Crash,Not a Crash,"Rear-end, striking",Conflict with a lead vehicle,
22303752,0,800,1700,3100,Near-Crash,Not a Crash,"Rear-end, striking",Conflict with a lead vehicle,
151865000,0,900,2700,2800,Near-Crash,Not a Crash,Turn into path (opposite direction),Conflict with vehicle turning into another vehicle path (opposite direction),
151549148,0,200,1600,2200,Near-Crash,Not a Crash,Turn into path (opposite direction),Conflict with vehicle turning into another vehicle path (opposite direction),
151578532,0,2600,4900,5800,Near-Crash,Not a Crash,"Sideswipe, same direction (left or right)",Conflict with vehicle in adjacent lane,
5998348,0,1400,1300,2000,Crash,III  - Minor Crash,Road departure (left or right),Single vehicle conflict,
142029960,0,900,5200,5500,Near-Crash,Not a Crash,"Rear-end, striking",Conflict with a lead vehicle,
151856603,0,1600,3700,4900,Near-Crash,Not a Crash,"Rear-end, striking",Conflict with a lead vehicle,
143062665,0,600,1600,2600,Near-Crash,Not a Crash,"Sideswipe, same direction (left or right)",Conflict with vehicle in adjacent lane,
143062583,0,400,3600,3900,Near-Crash,Not a Crash,"Rear-end, striking",Conflict with vehicle in adjacent lane,
17749339,0,1500,4600,5900,Near-Crash,Not a Crash,"Rear-end, striking",Conflict with a lead vehicle,
151581841,0,300,6100,6500,Near-Crash,Not a Crash,"Rear-end, striking",Conflict with a lead vehicle,
10612370,0,400,3000,5700,Near-Crash,Not a Crash,"Rear-end, striking",Conflict with a lead vehicle,
142050232,0,1000,3800,4300,Near-Crash,Not a Crash,Turn across path,Conflict with vehicle turning across another vehicle path (opposite direction),
151859451,0,3300,5200,6600,Near-Crash,Not a Crash,"Rear-end, striking",Conflict with a lead vehicle,
143062569,0,1500,7900,8300,Near-Crash,Not a Crash,"Rear-end, striking",Conflict with a lead vehicle,
60631683,0,2500,4000,4400,Near-Crash,Not a Crash,"Rear-end, striking",Conflict with a lead vehicle,
151856534,0,700,2700,3300,Near-Crash,Not a Crash,"Rear-end, striking",Conflict with a lead vehicle,
151865035,0,1900,3100,4000,Near-Crash,Not a Crash,"Rear-end, striking",Conflict with merging vehicle,
143043193,0,4400,5400,6400,Near-Crash,Not a Crash,"Rear-end, striking",Conflict with vehicle in adjacent lane,
76264687,0,1600,2200,3300,Near-Crash,Not a Crash,"Rear-end, striking",Conflict with a lead vehicle,
143062643,0,4400,5400,6300,Near-Crash,Not a Crash,"Rear-end, striking",Conflict with a lead vehicle,
151578530,0,700,1700,3000,Near-Crash,Not a Crash,"Sideswipe, same direction (left or right)",Conflict with vehicle in adjacent lane,
10862437,0,2600,4400,6400,Near-Crash,Not a Crash,Pedestrian-related,Conflict with pedestrian,
151570595,0,900,1700,3500,Near-Crash,Not a Crash,"Sideswipe, same direction (left or right)",Conflict with vehicle in adjacent lane,
31297602,0,600,3600,6600,Near-Crash,Not a Crash,"Sideswipe, same direction (left or right)",Conflict with vehicle in adjacent lane,
151105811,0,3200,4500,7100,Near-Crash,Not a Crash,"Rear-end, striking",Conflict with a lead vehicle,
151085043,0,2600,4200,6100,Near-Crash,Not a Crash,Pedestrian-related,Conflict with pedestrian,
151864879,0,2600,8100,8800,Near-Crash,Not a Crash,"Rear-end, striking",Conflict with a lead vehicle,
10742587,0,1400,2200,3000,Near-Crash,Not a Crash,"Sideswipe, same direction (left or right)",Conflict with vehicle in adjacent lane,
128888400,0,1300,1600,2800,Near-Crash,Not a Crash,"Sideswipe, same direction (left or right)",Conflict with vehicle in adjacent lane,
151878859,0,200,3600,3700,Near-Crash,Not a Crash,Turn across path,Conflict with vehicle turning across another vehicle path (opposite direction),
31297571,0,600,2300,3000,Near-Crash,Not a Crash,Turn across path,Conflict with vehicle turning across another vehicle path (opposite direction),
151575005,0,1200,2300,3000,Near-Crash,Not a Crash,"Sideswipe, same direction (left or right)",Conflict with vehicle in adjacent lane,
61216654,0,600,800,1900,Crash,III  - Minor Crash,Other,Conflict with obstacle/object in roadway,
132539057,0,300,1500,2200,Near-Crash,Not a Crash,"Rear-end, striking",Conflict with vehicle in adjacent lane,
115728480,0,9600,10100,12100,Near-Crash,Not a Crash,"Sideswipe, same direction (left or right)",Conflict with vehicle in adjacent lane,
31297560,0,1200,2300,3700,Near-Crash,Not a Crash,"Rear-end, striking",Conflict with a lead vehicle,
143062596,0,200,2400,3600,Near-Crash,Not a Crash,Animal-related,Conflict with animal,
143062568,0,2300,2500,3400,Near-Crash,Not a Crash,"Sideswipe, same direction (left or right)",Conflict with vehicle in adjacent lane,
151568410,0,1000,2800,3400,Near-Crash,Not a Crash,"Rear-end, striking",Conflict with a lead vehicle,
30883579,0,,6100,7500,Crash,IV - Low-risk Tire Strike,Road departure (left or right),Single vehicle conflict,
31280782,0,,3300,6800,Crash,IV - Low-risk Tire Strike,Road departure (left or right),Single vehicle conflict,
35449251,0,1400,1800,2200,Near-Crash,Not a Crash,Turn into path (same direction),Conflict with vehicle turning into another vehicle path (same direction),
10612558,0,1700,4700,5300,Near-Crash,Not a Crash,"Rear-end, striking",Conflict with a lead vehicle,
35449242,0,5600,6900,7400,Near-Crash,Not a Crash,"Sideswipe, same direction (left or right)",Conflict with vehicle in adjacent lane,
151865042,0,,2600,3200,Crash,IV - Low-risk Tire Strike,Road departure (left or right),Single vehicle conflict,
36304062,0,1900,3500,3800,Near-Crash,Not a Crash,Turn into path (opposite direction),Conflict with vehicle turning into another vehicle path (opposite direction),
35258191,0,2400,2100,4400,Crash,IV - Low-risk Tire Strike,Road departure (left or right),Single vehicle conflict,
10598707,0,1300,1900,3200,Near-Crash,Not a Crash,"Rear-end, striking",Conflict with a lead vehicle,
151547181,0,1700,2800,5000,Near-Crash,Not a Crash,"Rear-end, striking",Conflict with a lead vehicle,
134902340,0,2800,6400,8700,Near-Crash,Not a Crash,"Rear-end, striking",Conflict with a lead vehicle,
30883551,0,2800,3900,4900,Near-Crash,Not a Crash,Backing into traffic,Conflict with parked vehicle,
8093682,0,400,500,1300,Crash,II - Police-reportable Crash,Animal-related,Conflict with animal,
142050511,0,300,2800,4100,Near-Crash,Not a Crash,Straight crossing path,Conflict with vehicle moving across another vehicle path (through intersection),
30883521,0,,3000,5400,Near-Crash,Not a Crash,"Sideswipe, same direction (left or right)",Conflict with a following vehicle,
151859820,0,200,1400,1800,Near-Crash,Not a Crash,"Rear-end, striking",Conflict with vehicle in adjacent lane,
151587462,0,100,1300,2900,Near-Crash,Not a Crash,"Rear-end, striking",Conflict with vehicle in adjacent lane,
151569100,0,3000,4300,4800,Near-Crash,Not a Crash,"Rear-end, striking",Conflict with a lead vehicle,
151859534,0,400,6000,7000,Crash,III  - Minor Crash,Other,Conflict with obstacle/object in roadway,
151581407,0,1500,3200,3900,Near-Crash,Not a Crash,"Sideswipe, same direction (left or right)",Conflict with vehicle in adjacent lane,
142050967,0,,5300,7400,Crash,IV - Low-risk Tire Strike,Road departure (left or right),Single vehicle conflict,
128888510,0,500,1800,2900,Near-Crash,Not a Crash,"Rear-end, striking",Conflict with a lead vehicle,
31281076,0,1600,2300,3900,Near-Crash,Not a Crash,"Rear-end, striking",Conflict with a lead vehicle,
61109402,0,,2900,4100,Crash,IV - Low-risk Tire Strike,Road departure (left or right),Single vehicle conflict,
142050513,0,200,600,1700,Near-Crash,Not a Crash,Animal-related,Conflict with animal,
29859086,0,200,2400,2600,Near-Crash,Not a Crash,Turn across path,Conflict with vehicle turning across another vehicle path (opposite direction),
35449248,0,1200,2200,2700,Near-Crash,Not a Crash,Turn into path (opposite direction),Conflict with vehicle turning into another vehicle path (opposite direction),
151568898,0,,7700,8700,Crash,III  - Minor Crash,"Backing, fixed object",Conflict with parked vehicle,
151865086,0,700,1900,2600,Near-Crash,Not a Crash,Backing into traffic,Conflict with parked vehicle,
5592471,0,1000,1900,3400,Crash,I - Most Severe,"Rear-end, striking",Conflict with a lead vehicle,
138077544,0,200,4900,8900,Near-Crash,Not a Crash,"Rear-end, striking",Conflict with vehicle in adjacent lane,
151570609,0,3000,7600,9000,Near-Crash,Not a Crash,"Rear-end, striking",Conflict with a lead vehicle,
142050636,0,400,1700,2600,Near-Crash,Not a Crash,Turn into path (same direction),Conflict with vehicle turning into another vehicle path (same direction),
151878884,0,600,2700,3400,Near-Crash,Not a Crash,Turn across path,Conflict with parked vehicle,
29880070,0,2000,3600,4100,Near-Crash,Not a Crash,Turn into path (same direction),Conflict with vehicle turning into another vehicle path (same direction),
23246569,0,4000,4300,5700,Crash,I - Most Severe,"Rear-end, struck",Conflict with a following vehicle,
35257235,0,100,2300,9800,Crash,III  - Minor Crash,Road departure (left or right),Single vehicle conflict,
151551887,0,1200,2600,4200,Near-Crash,Not a Crash,"Rear-end, striking",Conflict with a lead vehicle,
151609059,0,2800,4200,5300,Near-Crash,Not a Crash,"Rear-end, striking",Conflict with a lead vehicle,
151568855,0,,1900,2900,Crash,III  - Minor Crash,"Backing, fixed object",Conflict with parked vehicle,
151609334,0,4000,5400,5900,Near-Crash,Not a Crash,"Rear-end, striking",Conflict with a lead vehicle,
151573805,0,800,1900,5000,Near-Crash,Not a Crash,"Sideswipe, same direction (left or right)",Conflict with vehicle in adjacent lane,
29714763,0,10000,10000,11900,Crash,III  - Minor Crash,Road departure (left or right),Single vehicle conflict,
151584403,0,1100,3400,5300,Near-Crash,Not a Crash,Other,Conflict with obstacle/object in roadway,
29884181,0,1000,1300,1700,Near-Crash,Not a Crash,"Sideswipe, same direction (left or right)",Conflict with vehicle in adjacent lane,
138361441,0,0,1900,3900,Near-Crash,Not a Crash,"Rear-end, striking",Conflict with vehicle in adjacent lane,
151552344,0,400,2300,3100,Near-Crash,Not a Crash,Animal-related,Conflict with animal,
138352328,0,1400,2800,2800,Near-Crash,Not a Crash,Pedestrian-related,Conflict with pedestrian,
151894401,0,,2400,4200,Crash,I - Most Severe,Pedestrian-related,Conflict with pedestrian,
132522472,0,900,2400,4600,Near-Crash,Not a Crash,"Sideswipe, same direction (left or right)",Conflict with vehicle in adjacent lane,
151552149,0,1800,2500,3000,Near-Crash,Not a Crash,"Rear-end, striking",Conflict with a lead vehicle,
135126465,0,1100,3200,4700,Near-Crash,Not a Crash,"Rear-end, striking",Conflict with a lead vehicle,
150883072,0,1300,2000,2600,Near-Crash,Not a Crash,"Rear-end, striking",Conflict with a lead vehicle,
128888433,0,1600,1800,2700,Crash,III  - Minor Crash,Road departure (left or right),Single vehicle conflict,
5592240,0,3600,2900,6500,Crash,III  - Minor Crash,Road departure (left or right),Single vehicle conflict,
133190702,0,,4900,6700,Crash,III  - Minor Crash,Road departure (left or right),Single vehicle conflict,
151859469,0,400,2400,3400,Near-Crash,Not a Crash,"Rear-end, striking",Conflict with a lead vehicle,
35826902,0,300,2400,2500,Near-Crash,Not a Crash,Straight crossing path,Conflict with vehicle moving across another vehicle path (through intersection),
151553149,0,,4200,4700,Crash,III  - Minor Crash,"Backing, fixed object",Conflict with obstacle/object in roadway,
60632608,0,,4800,7000,Crash,III  - Minor Crash,Road departure (left or right),Single vehicle conflict,
134095622,0,800,2700,4100,Near-Crash,Not a Crash,"Sideswipe, same direction (left or right)",Conflict with vehicle in adjacent lane,
15363633,0,1900,3700,4300,Near-Crash,Not a Crash,"Rear-end, striking",Conflict with a lead vehicle,
151547182,0,800,1700,2500,Near-Crash,Not a Crash,"Rear-end, striking",Conflict with vehicle in adjacent lane,
29877327,0,1100,2800,5900,Near-Crash,Not a Crash,Turn into path (same direction),Conflict with vehicle turning into another vehicle path (same direction),
60631664,0,800,1300,2200,Near-Crash,Not a Crash,"Rear-end, striking",Conflict with vehicle in adjacent lane,
143062741,0,800,2200,2500,Near-Crash,Not a Crash,"Rear-end, striking",Conflict with a lead vehicle,
151859425,0,4100,6000,6800,Near-Crash,Not a Crash,"Rear-end, striking",Conflict with a lead vehicle,
151859423,0,3400,7900,8600,Near-Crash,Not a Crash,"Rear-end, struck",Conflict with a following vehicle,
151865049,0,1700,3400,4000,Near-Crash,Not a Crash,"Rear-end, striking",Conflict with a lead vehicle,
128888735,0,600,3100,4100,Near-Crash,Not a Crash,Animal-related,Conflict with animal,
17513827,0,2100,2700,3900,Near-Crash,Not a Crash,"Rear-end, striking",Conflict with a lead vehicle,
151569190,0,1200,2900,3900,Near-Crash,Not a Crash,"Rear-end, striking",Conflict with vehicle in adjacent lane,
14869510,0,2200,2800,4000,Near-Crash,Not a Crash,"Rear-end, striking",Conflict with a lead vehicle,
151568582,0,2000,3300,5600,Near-Crash,Not a Crash,"Sideswipe, same direction (left or right)",Conflict with vehicle in adjacent lane,
29891543,0,3500,4100,5200,Near-Crash,Not a Crash,"Rear-end, striking",Conflict with a lead vehicle,
151085046,0,300,2900,3700,Near-Crash,Not a Crash,Opposite direction (head-on or sideswipe),Conflict with oncoming traffic,
151870541,0,1500,3400,3900,Near-Crash,Not a Crash,"Rear-end, striking",Conflict with a lead vehicle,
151864948,0,1400,3900,4600,Near-Crash,Not a Crash,"Rear-end, striking",Conflict with a lead vehicle,
151859834,0,3000,6900,8200,Near-Crash,Not a Crash,"Rear-end, striking",Conflict with a lead vehicle,
10612566,0,1600,3500,4200,Near-Crash,Not a Crash,"Rear-end, striking",Conflict with a lead vehicle,
15396977,0,2600,3400,4700,Near-Crash,Not a Crash,"Rear-end, striking",Conflict with a lead vehicle,
151591152,0,700,2100,2600,Near-Crash,Not a Crash,"Rear-end, striking",Conflict with vehicle in adjacent lane,
151568402,0,900,3400,4300,Near-Crash,Not a Crash,"Rear-end, striking",Conflict with a lead vehicle,
138352161,0,1700,3700,4800,Near-Crash,Not a Crash,Opposite direction (head-on or sideswipe),Conflict with oncoming traffic,
151856747,0,,2800,4400,Crash,IV - Low-risk Tire Strike,Road departure (left or right),Single vehicle conflict,
151569722,0,1000,1700,3000,Near-Crash,Not a Crash,"Sideswipe, same direction (left or right)",Conflict with vehicle in adjacent lane,
138199913,0,700,3300,4500,Near-Crash,Not a Crash,"Rear-end, striking",Conflict with a lead vehicle,
151870550,0,2300,3500,3900,Near-Crash,Not a Crash,Turn into path (opposite direction),Conflict with vehicle turning into another vehicle path (opposite direction),
151593372,0,6000,8100,8500,Near-Crash,Not a Crash,"Rear-end, striking",Conflict with a lead vehicle,
151568401,0,,3900,5600,Crash,IV - Low-risk Tire Strike,Road departure (end),Single vehicle conflict,
151864939,0,1600,3300,3800,Near-Crash,Not a Crash,"Rear-end, striking",Conflict with a lead vehicle,
132520936,0,1500,3800,4300,Near-Crash,Not a Crash,"Rear-end, striking",Conflict with a lead vehicle,
9886407,0,,2700,4200,Crash,III  - Minor Crash,"Rear-end, struck",Conflict with a following vehicle,
132522485,0,800,1600,2200,Near-Crash,Not a Crash,Opposite direction (head-on or sideswipe),Conflict with oncoming traffic,
7352109,0,1300,1600,3700,Crash,III  - Minor Crash,Road departure (left or right),Single vehicle conflict,
131286501,0,200,3100,4000,Near-Crash,Not a Crash,Animal-related,Conflict with animal,
151861981,0,2200,2500,3300,Near-Crash,Not a Crash,"Rear-end, striking",Conflict with a lead vehicle,
151864618,0,1100,3500,4000,Near-Crash,Not a Crash,Turn into path (same direction),Conflict with vehicle turning into another vehicle path (same direction),
151568604,0,3100,7700,9000,Near-Crash,Not a Crash,"Rear-end, striking",Conflict with a lead vehicle,
31297618,0,100,1500,2200,Near-Crash,Not a Crash,"Rear-end, striking",Conflict with a lead vehicle,
151594691,0,500,1700,3100,Near-Crash,Not a Crash,Turn into path (opposite direction),Conflict with vehicle turning into another vehicle path (opposite direction),
132520559,0,,2700,3900,Crash,IV - Low-risk Tire Strike,Road departure (left or right),Single vehicle conflict,
23675224,0,300,1800,4300,Crash,II - Police-reportable Crash,Turn into path (opposite direction),Conflict with vehicle turning into another vehicle path (opposite direction),
29730846,0,3600,3800,6000,Crash,III  - Minor Crash,Road departure (left or right),Single vehicle conflict,
61385922,0,900,2700,3600,Near-Crash,Not a Crash,Turn across path,Conflict with vehicle turning across another vehicle path (opposite direction),
31297617,0,4800,5300,6300,Near-Crash,Not a Crash,Backing into traffic,Conflict with parked vehicle,
61426815,0,,1500,3100,Crash,IV - Low-risk Tire Strike,Road departure (left or right),Single vehicle conflict,
151568970,0,400,2600,3400,Crash,III  - Minor Crash,Animal-related,Conflict with animal,
151568388,0,700,3400,5300,Near-Crash,Not a Crash,"Rear-end, striking",Conflict with a lead vehicle,
24521266,0,1900,3000,4200,Crash,III  - Minor Crash,Road departure (left or right),Single vehicle conflict,
151864761,0,700,4500,5600,Near-Crash,Not a Crash,"Rear-end, striking",Conflict with a lead vehicle,
14869512,0,3100,4400,5000,Near-Crash,Not a Crash,"Rear-end, striking",Conflict with a lead vehicle,
151859499,0,3900,5400,6700,Near-Crash,Not a Crash,"Rear-end, striking",Conflict with a lead vehicle,
151570810,0,2300,3900,4700,Near-Crash,Not a Crash,"Rear-end, striking",Conflict with a lead vehicle,
29880079,0,500,2200,3100,Near-Crash,Not a Crash,Pedestrian-related,Conflict with pedestrian,
29884185,0,1300,1900,3300,Near-Crash,Not a Crash,"Sideswipe, same direction (left or right)",Conflict with vehicle in adjacent lane,
29859064,0,2400,3400,6300,Near-Crash,Not a Crash,"Rear-end, striking",Conflict with a lead vehicle,
31567665,0,400,1700,2900,Near-Crash,Not a Crash,Turn into path (same direction),Conflict with vehicle turning into another vehicle path (same direction),
10639781,0,2600,3600,4100,Near-Crash,Not a Crash,"Rear-end, striking",Conflict with a lead vehicle,
10598660,0,4200,6000,7800,Near-Crash,Not a Crash,"Rear-end, striking",Conflict with a lead vehicle,
133190067,0,700,1100,1800,Near-Crash,Not a Crash,Animal-related,Conflict with animal,
10596832,0,1200,4100,4600,Near-Crash,Not a Crash,"Rear-end, striking",Conflict with a lead vehicle,
30880859,0,2200,5400,6600,Near-Crash,Not a Crash,Turn into path (same direction),Conflict with vehicle turning into another vehicle path (same direction),
10639783,0,3000,4200,5000,Near-Crash,Not a Crash,"Rear-end, striking",Conflict with a lead vehicle,
151552121,0,1500,1900,3200,Near-Crash,Not a Crash,Turn into path (opposite direction),Conflict with vehicle turning into another vehicle path (opposite direction),
151552202,0,1100,3800,4600,Near-Crash,Not a Crash,"Rear-end, striking",Conflict with a lead vehicle,
15396986,0,1100,7500,8400,Near-Crash,Not a Crash,"Rear-end, striking",Conflict with a lead vehicle,
22586761,0,3000,3700,5600,Near-Crash,Not a Crash,"Rear-end, striking",Conflict with a lead vehicle,
24519871,0,,7100,7600,Crash,IV - Low-risk Tire Strike,Road departure (end),Single vehicle conflict,
128906343,0,100,1700,2500,Near-Crash,Not a Crash,Turn across path,Conflict with vehicle turning across another vehicle path (opposite direction),
151864898,0,2100,2700,3500,Near-Crash,Not a Crash,"Rear-end, striking",Conflict with a lead vehicle,
151568798,0,900,2000,3300,Near-Crash,Not a Crash,"Sideswipe, same direction (left or right)",Conflict with vehicle in adjacent lane,
142005446,0,1600,2700,3100,Near-Crash,Not a Crash,"Rear-end, striking",Conflict with vehicle in adjacent lane,"A near-crash occurred when a vehicle almost rear-ended another car in an adjacent lane. The incident happened during dusk in a business or industrial area with moderate traffic flow, where vehicles were moving with some restrictions. The road surface was dry, and there were no adverse weather conditions. The situation was risky but fortunately did not result in a full collision."
60632651,0,500,2000,3100,Near-Crash,Not a Crash,Road departure (left or right),Single vehicle conflict,
10639785,0,1000,1700,2600,Near-Crash,Not a Crash,"Rear-end, striking",Conflict with a lead vehicle,
29714768,0,2500,2600,4500,Near-Crash,Not a Crash,"Rear-end, struck",Conflict with vehicle in adjacent lane,
10814071,0,100,3000,3800,Near-Crash,Not a Crash,"Rear-end, striking",Conflict with vehicle in adjacent lane,
14869511,0,1300,2900,6600,Near-Crash,Not a Crash,"Rear-end, striking",Conflict with a lead vehicle,
36304072,0,1700,4300,5200,Near-Crash,Not a Crash,"Sideswipe, same direction (left or right)",Conflict with vehicle in adjacent lane,
152091467,0,,1700,2900,Near-Crash,Not a Crash,"Rear-end, struck",Conflict with a following vehicle,
23771192,0,,6100,7700,Crash,III  - Minor Crash,Road departure (left or right),Single vehicle conflict,
10794259,0,2200,3500,6000,Near-Crash,Not a Crash,"Rear-end, striking",Conflict with vehicle in adjacent lane,
29857504,0,,1400,9800,Near-Crash,Not a Crash,"Sideswipe, same direction (left or right)",Conflict with vehicle in adjacent lane,
29884182,0,1300,2200,2500,Near-Crash,Not a Crash,"Rear-end, striking",Conflict with a lead vehicle,
36842960,0,3200,3200,5400,Near-Crash,Not a Crash,"Sideswipe, same direction (left or right)",Conflict with vehicle in adjacent lane,
151084859,0,400,1200,3000,Near-Crash,Not a Crash,"Rear-end, striking",Conflict with a lead vehicle,
151084865,0,300,400,2800,Near-Crash,Not a Crash,"Sideswipe, same direction (left or right)",Conflict with vehicle in adjacent lane,
151084886,0,900,1500,3200,Near-Crash,Not a Crash,"Rear-end, struck",Conflict with a following vehicle,
10814072,0,2000,2900,5000,Near-Crash,Not a Crash,"Rear-end, striking",Conflict with vehicle in adjacent lane,
10814073,0,3000,4500,5900,Near-Crash,Not a Crash,"Rear-end, striking",Conflict with merging vehicle,
29712180,0,1900,2200,3200,Near-Crash,Not a Crash,"Rear-end, struck",Conflict with a following vehicle,
30881815,0,500,2000,5300,Near-Crash,Not a Crash,"Sideswipe, same direction (left or right)",Conflict with merging vehicle,
143493748,0,200,700,1100,Near-Crash,Not a Crash,"Rear-end, striking",Conflict with a lead vehicle,
151864910,0,200,2700,5100,Near-Crash,Not a Crash,"Rear-end, striking",Conflict with vehicle in adjacent lane,
29712202,0,200,900,2000,Crash,III  - Minor Crash,Animal-related,Conflict with animal,
151551937,0,4800,4700,6400,Crash,III  - Minor Crash,Other,Conflict with obstacle/object in roadway,
151352351,0,2500,3200,4700,Near-Crash,Not a Crash,Other,Conflict with obstacle/object in roadway,
35826907,0,3100,3600,4700,Near-Crash,Not a Crash,Turn across path,Conflict with vehicle turning across another vehicle path (same direction),
151085045,0,1300,2700,3000,Near-Crash,Not a Crash,"Rear-end, striking",Conflict with a lead vehicle,
35449250,0,400,2100,3800,Near-Crash,Not a Crash,"Sideswipe, same direction (left or right)",Conflict with vehicle in adjacent lane,
10681086,0,4100,5900,5900,Near-Crash,Not a Crash,"Rear-end, striking",Conflict with a lead vehicle,
36948276,0,,3700,4900,Crash,III  - Minor Crash,Other,Conflict with obstacle/object in roadway,
31567661,0,1900,6100,7300,Near-Crash,Not a Crash,"Rear-end, striking",Conflict with a lead vehicle,
151568837,0,5200,6700,8000,Near-Crash,Not a Crash,"Rear-end, striking",Conflict with vehicle in adjacent lane,
151587465,0,300,1700,3000,Near-Crash,Not a Crash,"Rear-end, striking",Conflict with a lead vehicle,
151085022,0,900,1700,3200,Near-Crash,Not a Crash,"Rear-end, striking",Conflict with a lead vehicle,
151568711,0,700,1700,2300,Near-Crash,Not a Crash,"Sideswipe, same direction (left or right)",Conflict with vehicle in adjacent lane,
142417153,0,1600,1700,3800,Crash,IV - Low-risk Tire Strike,Road departure (left or right),Single vehicle conflict,
10858452,0,400,1200,1500,Near-Crash,Not a Crash,Animal-related,Conflict with animal,
151084967,0,1000,3400,5100,Near-Crash,Not a Crash,"Rear-end, striking",Conflict with a lead vehicle,
35333350,0,500,1800,2900,Near-Crash,Not a Crash,Straight crossing path,Conflict with vehicle moving across another vehicle path (through intersection),
151352185,0,,2300,3800,Crash,IV - Low-risk Tire Strike,Road departure (end),Single vehicle conflict,
151600674,0,2900,4100,5700,Near-Crash,Not a Crash,"Rear-end, striking",Conflict with a lead vehicle,
61427010,0,600,1900,2600,Near-Crash,Not a Crash,Pedestrian-related,Conflict with pedestrian,
30883552,0,3800,8600,9200,Near-Crash,Not a Crash,"Rear-end, striking",Conflict with a lead vehicle,
29878382,0,300,2500,3100,Near-Crash,Not a Crash,Turn into path (same direction),Conflict with vehicle turning into another vehicle path (same direction),
151568990,0,,7300,8100,Crash,IV - Low-risk Tire Strike,Road departure (end),Single vehicle conflict,
158216103,0,200,2800,8100,Near-Crash,Not a Crash,"Rear-end, striking",Conflict with a lead vehicle,
37034261,0,,1000,1800,Crash,III  - Minor Crash,"Rear-end, struck",Conflict with a following vehicle,
142005460,0,0,2600,4500,Near-Crash,Not a Crash,"Rear-end, striking",Conflict with a lead vehicle,
138363015,0,4500,6200,6700,Near-Crash,Not a Crash,"Rear-end, striking",Conflict with a lead vehicle,
15396988,0,1700,2900,3800,Near-Crash,Not a Crash,"Rear-end, striking",Conflict with a lead vehicle,
15396993,0,400,3500,4600,Near-Crash,Not a Crash,"Rear-end, striking",Conflict with a lead vehicle,
60633153,0,,1900,4900,Crash,II - Police-reportable Crash,Turn across path,Conflict with vehicle turning across another vehicle path (same direction),
29714703,0,3400,4300,5800,Crash,III  - Minor Crash,Road departure (left or right),Single vehicle conflict,
151085065,0,1600,5100,5400,Near-Crash,Not a Crash,"Rear-end, striking",Conflict with a lead vehicle,
60631623,0,400,2600,3500,Near-Crash,Not a Crash,Pedalcyclist-related,Conflict with pedalcyclist,
151569005,0,4100,6000,7400,Near-Crash,Not a Crash,Opposite direction (head-on or sideswipe),Conflict with oncoming traffic,
116168864,0,1800,2700,3800,Near-Crash,Not a Crash,"Sideswipe, same direction (left or right)",Conflict with vehicle in adjacent lane,
10556977,0,1400,4200,5700,Crash,I - Most Severe,"Rear-end, striking",Conflict with a lead vehicle,
151878874,0,3100,4500,6300,Near-Crash,Not a Crash,"Rear-end, striking",Conflict with a lead vehicle,
36304064,0,3400,5800,6700,Near-Crash,Not a Crash,Turn into path (opposite direction),Conflict with vehicle turning into another vehicle path (opposite direction),
22586763,0,,4100,6000,Crash,III  - Minor Crash,"Rear-end, striking",Conflict with a lead vehicle,
151568406,0,4600,5500,5800,Near-Crash,Not a Crash,Other,Conflict with obstacle/object in roadway,
23333129,0,,5200,8500,Crash,III  - Minor Crash,"Rear-end, struck",Conflict with a following vehicle,
151570803,0,900,1500,2200,Near-Crash,Not a Crash,"Rear-end, struck",Conflict with a following vehicle,
151864751,0,900,1600,2100,Near-Crash,Not a Crash,Straight crossing path,Conflict with vehicle moving across another vehicle path (through intersection),
17514553,0,1000,1800,3700,Near-Crash,Not a Crash,"Rear-end, striking",Conflict with a lead vehicle,
151598305,0,900,1700,2000,Near-Crash,Not a Crash,"Rear-end, striking",Conflict with vehicle in adjacent lane,
17750281,0,3400,5600,6500,Near-Crash,Not a Crash,"Rear-end, striking",Conflict with a lead vehicle,
151856553,0,1600,2600,3600,Near-Crash,Not a Crash,"Sideswipe, same direction (left or right)",Conflict with vehicle in adjacent lane,
30880855,0,7900,8100,9800,Near-Crash,Not a Crash,"Rear-end, striking",Conflict with a lead vehicle,
35826911,0,2100,2600,3100,Near-Crash,Not a Crash,"Sideswipe, same direction (left or right)",Conflict with vehicle in adjacent lane,
132520937,0,2900,5800,6200,Near-Crash,Not a Crash,"Rear-end, striking",Conflict with a lead vehicle,
151547046,0,1000,1900,2100,Near-Crash,Not a Crash,Animal-related,Conflict with animal,
14869513,0,3300,5000,5500,Near-Crash,Not a Crash,"Rear-end, striking",Conflict with a lead vehicle,
151569703,0,2300,8900,9700,Near-Crash,Not a Crash,"Rear-end, striking",Conflict with vehicle in adjacent lane,
151865080,0,1300,3500,4400,Near-Crash,Not a Crash,"Rear-end, striking",Conflict with a lead vehicle,
151573892,0,700,1300,2300,Near-Crash,Not a Crash,"Sideswipe, same direction (left or right)",Conflict with vehicle in adjacent lane,
116168846,0,,6300,7800,Crash,IV - Low-risk Tire Strike,Road departure (left or right),Single vehicle conflict,
151864816,0,500,1100,1700,Near-Crash,Not a Crash,"Rear-end, striking",Conflict with a lead vehicle,
151878858,0,3000,3800,3900,Near-Crash,Not a Crash,Backing into traffic,Conflict with parked vehicle,
151589631,0,1100,2700,3300,Near-Crash,Not a Crash,Turn across path,Conflict with vehicle turning across another vehicle path (opposite direction),
29714722,0,1800,3100,5100,Crash,I - Most Severe,Straight crossing path,Conflict with vehicle moving across another vehicle path (through intersection),
143062680,0,,4700,6100,Crash,III  - Minor Crash,"Backing, fixed object",Single vehicle conflict,
151568411,0,3100,3400,3700,Near-Crash,Not a Crash,Turn into path (same direction),Conflict with vehicle turning into another vehicle path (same direction),
30883593,0,,3000,6800,Crash,IV - Low-risk Tire Strike,Road departure (left or right),Single vehicle conflict,
142050764,0,1600,1800,2700,Near-Crash,Not a Crash,"Sideswipe, same direction (left or right)",Conflict with vehicle in adjacent lane,
61432354,0,2900,3700,4400,Near-Crash,Not a Crash,Pedalcyclist-related,Conflict with pedalcyclist,
6510580,0,300,5000,7000,Crash,I - Most Severe,Road departure (left or right),Single vehicle conflict,
142049660,0,400,2800,4000,Near-Crash,Not a Crash,"Rear-end, striking",Conflict with a lead vehicle,
29714712,0,4300,4600,5700,Crash,III  - Minor Crash,Other,Conflict with obstacle/object in roadway,
142005189,0,200,2000,2900,Near-Crash,Not a Crash,Turn into path (opposite direction),Conflict with vehicle turning into another vehicle path (opposite direction),
151568753,0,200,800,2800,Near-Crash,Not a Crash,"Rear-end, striking",Conflict with vehicle in adjacent lane,
5998606,0,800,3800,8800,Crash,II - Police-reportable Crash,Road departure (left or right),Single vehicle conflict,
142049647,0,1000,2300,3600,Near-Crash,Not a Crash,"Rear-end, striking",Conflict with a lead vehicle,
151606577,0,3900,5400,6100,Near-Crash,Not a Crash,"Rear-end, striking",Conflict with vehicle in adjacent lane,
29878381,0,800,1600,2500,Near-Crash,Not a Crash,Straight crossing path,Conflict with vehicle moving across another vehicle path (through intersection),
138364491,0,300,3600,4100,Near-Crash,Not a Crash,Animal-related,Conflict with animal,
10556978,0,2400,2600,5100,Crash,II - Police-reportable Crash,"Rear-end, striking",Conflict with a lead vehicle,
135427591,0,1000,1900,3100,Near-Crash,Not a Crash,"Sideswipe, same direction (left or right)",Conflict with vehicle in adjacent lane,
29859138,0,2900,3500,3700,Near-Crash,Not a Crash,Pedestrian-related,Conflict with pedestrian,
151337541,0,1900,3700,5500,Near-Crash,Not a Crash,Straight crossing path,Conflict with vehicle moving across another vehicle path (through intersection),
29859100,0,2900,3900,5700,Near-Crash,Not a Crash,Pedestrian-related,Conflict with pedestrian,
31567666,0,1400,2600,3300,Near-Crash,Not a Crash,"Sideswipe, same direction (left or right)",Conflict with vehicle in adjacent lane,
10862489,0,100,1400,2400,Near-Crash,Not a Crash,Animal-related,Conflict with animal,
29878414,0,2300,3100,4200,Near-Crash,Not a Crash,"Sideswipe, same direction (left or right)",Conflict with vehicle in adjacent lane,
151588189,0,200,5000,6100,Near-Crash,Not a Crash,"Rear-end, striking",Conflict with a lead vehicle,
151864766,0,2800,4000,4700,Near-Crash,Not a Crash,"Rear-end, striking",Conflict with a lead vehicle,
143491519,0,400,3200,3400,Near-Crash,Not a Crash,"Rear-end, striking",Conflict with a lead vehicle,
135947112,0,600,2400,2700,Near-Crash,Not a Crash,"Rear-end, striking",Conflict with a lead vehicle,
151587460,0,700,2300,3100,Near-Crash,Not a Crash,"Sideswipe, same direction (left or right)",Conflict with vehicle in adjacent lane,
17515661,0,1500,1900,3100,Near-Crash,Not a Crash,"Rear-end, striking",Conflict with a lead vehicle,
151870570,0,1700,2600,2700,Near-Crash,Not a Crash,"Rear-end, striking",Conflict with a lead vehicle,
151579590,0,1600,2600,3200,Near-Crash,Not a Crash,Pedalcyclist-related,Conflict with pedalcyclist,
31297583,0,2300,2500,3600,Near-Crash,Not a Crash,Road departure (left or right),Single vehicle conflict,
151859786,0,100,3400,4300,Near-Crash,Not a Crash,"Rear-end, striking",Conflict with vehicle in adjacent lane,
10814070,0,900,3600,3700,Near-Crash,Not a Crash,"Rear-end, striking",Conflict with a lead vehicle,
16992781,0,3600,5500,7100,Near-Crash,Not a Crash,"Rear-end, striking",Conflict with a lead vehicle,
151579589,0,800,2400,2800,Near-Crash,Not a Crash,Pedalcyclist-related,Conflict with pedalcyclist,
29877174,0,400,1000,2200,Near-Crash,Not a Crash,Turn into path (opposite direction),Conflict with vehicle turning into another vehicle path (opposite direction),
151865096,0,600,3200,4300,Near-Crash,Not a Crash,Turn into path (same direction),Conflict with vehicle turning into another vehicle path (same direction),
151852194,0,,3800,5200,Crash,III  - Minor Crash,Road departure (left or right),Single vehicle conflict,
151606603,0,800,1100,2100,Near-Crash,Not a Crash,"Sideswipe, same direction (left or right)",Conflict with vehicle in adjacent lane,
31297597,0,5000,5400,7000,Near-Crash,Not a Crash,Turn across path,Conflict with vehicle in adjacent lane,
151551931,0,2500,5500,5700,Near-Crash,Not a Crash,"Rear-end, striking",Conflict with a lead vehicle,
60632605,0,2700,2800,3900,Crash,II - Police-reportable Crash,"Rear-end, struck",Conflict with parked vehicle,
29712183,0,2100,3000,4400,Crash,III  - Minor Crash,Road departure (left or right),Single vehicle conflict,
29880034,0,6000,6500,7200,Near-Crash,Not a Crash,Turn across path,Conflict with vehicle turning across another vehicle path (opposite direction),
151337417,0,300,2000,3400,Near-Crash,Not a Crash,Animal-related,Conflict with animal,
60631694,0,8100,11100,12200,Near-Crash,Not a Crash,"Sideswipe, same direction (left or right)",Conflict with vehicle in adjacent lane,
31280794,0,700,1200,2400,Near-Crash,Not a Crash,Turn into path (same direction),Conflict with vehicle turning into another vehicle path (same direction),
116147324,0,,1300,2400,Near-Crash,Not a Crash,"Sideswipe, same direction (left or right)",Conflict with parked vehicle,
35258195,0,,1300,3400,Crash,IV - Low-risk Tire Strike,Road departure (left or right),Single vehicle conflict,
151859389,0,200,2700,3200,Near-Crash,Not a Crash,"Rear-end, striking",Conflict with vehicle in adjacent lane,
30883535,0,,3700,6200,Crash,IV - Low-risk Tire Strike,Road departure (left or right),Single vehicle conflict,
143062671,0,2700,4200,5600,Near-Crash,Not a Crash,"Sideswipe, same direction (left or right)",Conflict with vehicle in adjacent lane,
135449523,0,200,1500,1900,Near-Crash,Not a Crash,Pedalcyclist-related,Conflict with pedalcyclist,
20714954,0,1500,6900,8800,Near-Crash,Not a Crash,"Rear-end, striking",Conflict with a lead vehicle,
10612635,0,3600,4400,5600,Near-Crash,Not a Crash,"Rear-end, striking",Conflict with a lead vehicle,
35333353,0,2600,3000,3800,Near-Crash,Not a Crash,Backing into traffic,Conflict with parked vehicle,
30883566,0,1200,2200,3700,Near-Crash,Not a Crash,"Rear-end, striking",Conflict with vehicle in adjacent lane,
30881812,0,0,1400,3400,Near-Crash,Not a Crash,Other,Single vehicle conflict,
31297585,0,300,1700,2700,Near-Crash,Not a Crash,"Rear-end, striking",Conflict with a lead vehicle,
151318729,0,1200,3300,4300,Near-Crash,Not a Crash,"Rear-end, striking",Conflict with a lead vehicle,
22595173,0,1200,2300,3300,Near-Crash,Not a Crash,"Rear-end, striking",Conflict with a lead vehicle,
151084912,0,1100,2000,3400,Near-Crash,Not a Crash,"Rear-end, striking",Conflict with vehicle in adjacent lane,
10612668,0,4100,6900,7200,Near-Crash,Not a Crash,"Rear-end, striking",Conflict with a lead vehicle,
15396963,0,1700,3100,3600,Near-Crash,Not a Crash,"Rear-end, striking",Conflict with a lead vehicle,
30880915,0,1400,3900,5200,Crash,III  - Minor Crash,Road departure (left or right),Single vehicle conflict,
31297611,0,,1500,3300,Crash,IV - Low-risk Tire Strike,Road departure (left or right),Single vehicle conflict,
151595173,0,1200,3600,3800,Near-Crash,Not a Crash,"Rear-end, striking",Conflict with merging vehicle,
151582983,0,1500,4600,5300,Near-Crash,Not a Crash,Animal-related,Conflict with animal,"A vehicle nearly crashed when it encountered an animal on the road. The incident happened in a moderate residential area at night, but the road was well-lit. There was no other traffic around, and the road conditions were ideal with no adverse weather and a dry surface. Despite these favorable conditions, the unexpected presence of an animal on the road led to a near-crash situation."
151590941,0,3500,5100,5900,Near-Crash,Not a Crash,"Rear-end, striking",Conflict with vehicle in adjacent lane,
151574963,0,1500,3900,4800,Near-Crash,Not a Crash,"Rear-end, striking",Conflict with a lead vehicle,
151569140,0,2900,5500,5900,Near-Crash,Not a Crash,"Rear-end, striking",Conflict with a lead vehicle,
151607152,0,2300,3100,3600,Near-Crash,Not a Crash,"Rear-end, striking",Conflict with a lead vehicle,
151568664,0,600,3700,4600,Near-Crash,Not a Crash,"Rear-end, striking",Conflict with a lead vehicle,
151854720,0,1400,3200,3400,Near-Crash,Not a Crash,"Rear-end, striking",Conflict with a lead vehicle,
151864625,0,1100,2100,2400,Near-Crash,Not a Crash,Backing into traffic,Conflict with parked vehicle,
142018709,0,100,1600,2600,Near-Crash,Not a Crash,Animal-related,Conflict with animal,
151862620,0,500,2200,3100,Near-Crash,Not a Crash,Turn across path,Conflict with vehicle turning across another vehicle path (opposite direction),
151589635,0,1400,3000,4000,Near-Crash,Not a Crash,Backing into traffic,Conflict with parked vehicle,
151095741,0,,3300,4800,Crash,IV - Low-risk Tire Strike,Road departure (left or right),Single vehicle conflict,
151607628,0,2500,2600,3600,Near-Crash,Not a Crash,Backing into traffic,Conflict with a following vehicle,
143391014,0,1400,3100,8700,Crash,III  - Minor Crash,Road departure (left or right),Single vehicle conflict,
151856678,0,100,1700,2800,Near-Crash,Not a Crash,"Rear-end, striking",Conflict with a lead vehicle,
151598319,0,4100,4400,5600,Near-Crash,Not a Crash,Pedestrian-related,Conflict with pedestrian,
151582654,0,1600,3800,4600,Near-Crash,Not a Crash,Turn into path (opposite direction),Conflict with vehicle turning into another vehicle path (opposite direction),
151864640,0,600,1400,2900,Near-Crash,Not a Crash,"Sideswipe, same direction (left or right)",Conflict with vehicle in adjacent lane,
151861959,0,200,3500,3600,Near-Crash,Not a Crash,Pedalcyclist-related,Conflict with pedalcyclist,
151600572,0,4500,7200,7600,Near-Crash,Not a Crash,"Rear-end, striking",Conflict with a lead vehicle,
151581538,0,2400,6200,6700,Near-Crash,Not a Crash,"Rear-end, striking",Conflict with a lead vehicle,
151860034,0,1600,4500,4900,Near-Crash,Not a Crash,"Rear-end, striking",Conflict with a lead vehicle,
151864611,0,600,2500,3700,Near-Crash,Not a Crash,"Rear-end, striking",Conflict with a lead vehicle,
151861961,0,500,1200,2000,Near-Crash,Not a Crash,Animal-related,Conflict with animal,
151609326,0,1100,2200,3000,Near-Crash,Not a Crash,Turn into path (same direction),Conflict with vehicle turning into another vehicle path (same direction),
151860031,0,1200,2900,3000,Near-Crash,Not a Crash,"Rear-end, striking",Conflict with a lead vehicle,
151084911,0,700,2200,2600,Near-Crash,Not a Crash,"Rear-end, striking",Conflict with vehicle in adjacent lane,
33574922,0,,4200,6200,Crash,IV - Low-risk Tire Strike,Road departure (left or right),Single vehicle conflict,
138353262,0,800,1800,2600,Near-Crash,Not a Crash,Opposite direction (head-on or sideswipe),Conflict with oncoming traffic,
31281091,0,,6100,6900,Crash,IV - Low-risk Tire Strike,Road departure (left or right),Single vehicle conflict,
151550356,0,,4600,6300,Crash,II - Police-reportable Crash,"Rear-end, struck",Conflict with a following vehicle,
151856740,0,300,2600,3500,Near-Crash,Not a Crash,Turn across path,Conflict with vehicle turning across another vehicle path (opposite direction),
151581852,0,800,1700,2200,Near-Crash,Not a Crash,"Sideswipe, same direction (left or right)",Conflict with vehicle in adjacent lane,
151582659,0,2300,4100,5600,Near-Crash,Not a Crash,"Rear-end, striking",Conflict with a lead vehicle,
151568819,0,1300,5000,5000,Near-Crash,Not a Crash,"Rear-end, striking",Conflict with a lead vehicle,
143295547,0,,600,2000,Crash,IV - Low-risk Tire Strike,Road departure (left or right),Single vehicle conflict,
142029729,0,2300,3300,5500,Near-Crash,Not a Crash,Opposite direction (head-on or sideswipe),Conflict with oncoming traffic,
151586575,0,1400,3300,4800,Near-Crash,Not a Crash,"Sideswipe, same direction (left or right)",Conflict with merging vehicle,
143309745,0,,6400,7300,Crash,IV - Low-risk Tire Strike,Road departure (end),Single vehicle conflict,
142351427,0,3500,3200,6400,Crash,III  - Minor Crash,Road departure (left or right),Single vehicle conflict,
151600666,0,1500,2400,3300,Near-Crash,Not a Crash,"Rear-end, striking",Conflict with vehicle in adjacent lane,
143317408,0,,6800,8300,Crash,IV - Low-risk Tire Strike,Road departure (end),Single vehicle conflict,
151859830,0,2100,3600,5400,Near-Crash,Not a Crash,"Sideswipe, same direction (left or right)",Conflict with vehicle in adjacent lane,
60632643,0,,8400,9500,Crash,III  - Minor Crash,Road departure (end),Single vehicle conflict,
151586131,0,500,2000,3000,Near-Crash,Not a Crash,"Rear-end, striking",Conflict with vehicle in adjacent lane,
151862006,0,4100,7100,7300,Near-Crash,Not a Crash,Turn into path (same direction),Conflict with vehicle turning into another vehicle path (same direction),
151600656,0,1800,2500,2800,Near-Crash,Not a Crash,Turn into path (opposite direction),Conflict with vehicle turning into another vehicle path (opposite direction),
151609101,0,1500,2900,3700,Near-Crash,Not a Crash,Turn across path,Conflict with vehicle turning across another vehicle path (opposite direction),
151864738,0,2500,3200,3700,Near-Crash,Not a Crash,Turn across path,Conflict with vehicle turning across another vehicle path (opposite direction),
151317828,0,800,3900,5100,Near-Crash,Not a Crash,"Rear-end, striking",Conflict with a lead vehicle,
151859408,0,300,900,2200,Near-Crash,Not a Crash,"Sideswipe, same direction (left or right)",Conflict with vehicle in adjacent lane,
151607772,0,1600,2500,2900,Near-Crash,Not a Crash,"Rear-end, striking",Conflict with a lead vehicle,
142029711,0,200,1600,2500,Near-Crash,Not a Crash,Animal-related,Conflict with animal,
142029633,0,1000,1500,2300,Near-Crash,Not a Crash,"Sideswipe, same direction (left or right)",Conflict with vehicle in adjacent lane,
151611066,0,900,1900,5100,Near-Crash,Not a Crash,Pedalcyclist-related,Conflict with pedalcyclist,
151864907,0,200,600,1500,Near-Crash,Not a Crash,"Rear-end, striking",Conflict with a lead vehicle,
151337351,0,1000,2000,2600,Crash,III  - Minor Crash,"Rear-end, striking",Conflict with a lead vehicle,
151318674,0,2300,4000,4700,Near-Crash,Not a Crash,Straight crossing path,Conflict with vehicle moving across another vehicle path (through intersection),
151603394,0,500,1000,3100,Near-Crash,Not a Crash,"Rear-end, striking",Conflict with vehicle in adjacent lane,
151595172,0,1500,3100,4100,Near-Crash,Not a Crash,"Rear-end, striking",Conflict with a lead vehicle,
151591146,0,600,2500,6100,Near-Crash,Not a Crash,"Sideswipe, same direction (left or right)",Conflict with vehicle in adjacent lane,
151606576,0,1900,4600,5500,Near-Crash,Not a Crash,"Rear-end, striking",Conflict with a lead vehicle,
151607842,0,2000,2900,3200,Near-Crash,Not a Crash,"Rear-end, striking",Conflict with a lead vehicle,
151862640,0,1300,2200,3000,Near-Crash,Not a Crash,Backing into traffic,Conflict with parked vehicle,
151579940,0,500,1100,1900,Near-Crash,Not a Crash,"Sideswipe, same direction (left or right)",Conflict with vehicle in adjacent lane,
151601476,0,2100,2900,3400,Near-Crash,Not a Crash,"Rear-end, striking",Conflict with vehicle in adjacent lane,
60632641,0,,1700,5900,Crash,IV - Low-risk Tire Strike,Road departure (end),Single vehicle conflict,
24118197,0,1500,1800,2900,Near-Crash,Not a Crash,Animal-related,Conflict with animal,
151864577,0,1100,1600,2400,Near-Crash,Not a Crash,Backing into traffic,Conflict with parked vehicle,
144884464,0,1100,1700,4000,Near-Crash,Not a Crash,"Sideswipe, same direction (left or right)",Conflict with vehicle in adjacent lane,
151603235,0,700,1600,2300,Near-Crash,Not a Crash,Turn into path (opposite direction),Conflict with vehicle turning into another vehicle path (opposite direction),
151550461,0,500,2600,5000,Near-Crash,Not a Crash,"Rear-end, striking",Conflict with a lead vehicle,
151569165,0,300,7500,8400,Near-Crash,Not a Crash,"Rear-end, striking",Conflict with a lead vehicle,
151864634,0,300,1600,2000,Near-Crash,Not a Crash,"Rear-end, striking",Conflict with a lead vehicle,
151570616,0,,4100,5100,Crash,III  - Minor Crash,Road departure (left or right),Single vehicle conflict,
151578949,0,2600,4500,4700,Near-Crash,Not a Crash,"Rear-end, striking",Conflict with a lead vehicle,
151598527,0,700,2700,3700,Near-Crash,Not a Crash,"Rear-end, striking",Conflict with a lead vehicle,
151550484,0,600,2200,3100,Near-Crash,Not a Crash,"Rear-end, striking",Conflict with a lead vehicle,
151863138,0,1700,2900,5300,Near-Crash,Not a Crash,"Rear-end, striking",Conflict with a lead vehicle,
151861968,0,1700,3600,4000,Near-Crash,Not a Crash,Turn across path,Conflict with vehicle turning across another vehicle path (opposite direction),
151856623,0,300,600,3400,Near-Crash,Not a Crash,"Sideswipe, same direction (left or right)",Conflict with vehicle in adjacent lane,
151091039,0,900,1800,2900,Near-Crash,Not a Crash,"Rear-end, striking",Conflict with a lead vehicle,
60633159,0,,2500,4300,Crash,IV - Low-risk Tire Strike,Road departure (left or right),Single vehicle conflict,
151864962,0,1700,2100,2800,Near-Crash,Not a Crash,Road departure (left or right),Single vehicle conflict,
17515664,0,700,2400,3500,Near-Crash,Not a Crash,"Rear-end, striking",Conflict with a lead vehicle,
151860025,0,200,2200,2800,Near-Crash,Not a Crash,Animal-related,Conflict with animal,
29880032,0,4900,7500,8300,Near-Crash,Not a Crash,"Rear-end, striking",Conflict with a lead vehicle,
151592261,0,3100,4900,5300,Near-Crash,Not a Crash,"Rear-end, striking",Conflict with a lead vehicle,
151864914,0,1000,4300,4600,Near-Crash,Not a Crash,"Rear-end, striking",Conflict with a lead vehicle,
151568789,0,,2900,4400,Crash,IV - Low-risk Tire Strike,Road departure (left or right),Single vehicle conflict,
148362752,0,1000,1600,2200,Near-Crash,Not a Crash,"Rear-end, striking",Conflict with a lead vehicle,
151568933,0,2400,3800,5200,Near-Crash,Not a Crash,"Rear-end, striking",Conflict with a lead vehicle,
151097909,0,3700,5200,6800,Near-Crash,Not a Crash,"Rear-end, striking",Conflict with a lead vehicle,
151856709,0,500,1500,2100,Near-Crash,Not a Crash,Turn into path (same direction),Conflict with vehicle turning into another vehicle path (same direction),
151568895,0,700,1500,2800,Near-Crash,Not a Crash,"Rear-end, striking",Conflict with vehicle in adjacent lane,
134032899,0,1300,1600,2700,Near-Crash,Not a Crash,"Sideswipe, same direction (left or right)",Conflict with parked vehicle,
132520928,0,300,700,1500,Crash,III  - Minor Crash,Animal-related,Conflict with animal,
31297608,0,800,1200,1900,Near-Crash,Not a Crash,"Rear-end, striking",Conflict with a lead vehicle,
29857641,0,800,2800,10000,Near-Crash,Not a Crash,"Rear-end, striking",Conflict with a lead vehicle,
151861977,0,200,2100,4500,Near-Crash,Not a Crash,"Rear-end, striking",Conflict with vehicle in adjacent lane,
151609324,0,3000,4500,4800,Near-Crash,Not a Crash,"Rear-end, striking",Conflict with a lead vehicle,
143391073,0,6200,6100,9500,Crash,III  - Minor Crash,Road departure (left or right),Single vehicle conflict,
29714729,0,1100,2400,4900,Crash,I - Most Severe,Straight crossing path,Conflict with vehicle moving across another vehicle path (through intersection),
151553238,0,6400,6500,7500,Crash,III  - Minor Crash,Backing into traffic,Conflict with parked vehicle,
60633148,0,5900,5700,7300,Crash,III  - Minor Crash,Road departure (left or right),Single vehicle conflict,
60632607,0,,2300,3500,Crash,IV - Low-risk Tire Strike,Road departure (left or right),Single vehicle conflict,
151859957,0,4200,6200,6300,Near-Crash,Not a Crash,"Rear-end, striking",Conflict with a lead vehicle,
138364496,0,3800,5900,7400,Near-Crash,Not a Crash,"Rear-end, striking",Conflict with a lead vehicle,
151609733,0,300,1700,2400,Near-Crash,Not a Crash,Turn into path (opposite direction),Conflict with vehicle turning into another vehicle path (opposite direction),
151603392,0,200,1800,4400,Near-Crash,Not a Crash,"Rear-end, striking",Conflict with a lead vehicle,
151589508,0,900,2100,2900,Near-Crash,Not a Crash,Animal-related,Conflict with animal,
132522484,0,400,3100,4200,Crash,IV - Low-risk Tire Strike,Road departure (left or right),Single vehicle conflict,
151352187,0,400,1100,1900,Near-Crash,Not a Crash,Straight crossing path,Conflict with vehicle moving across another vehicle path (through intersection),
142008071,0,,6700,8200,Crash,III  - Minor Crash,Other,Conflict with parked vehicle,
151870569,0,0,800,1500,Near-Crash,Not a Crash,Turn across path,Conflict with vehicle turning across another vehicle path (same direction),
151570812,0,1500,2800,4900,Near-Crash,Not a Crash,Animal-related,Conflict with animal,
151859918,0,1100,2900,4200,Near-Crash,Not a Crash,Pedestrian-related,Conflict with pedestrian,
151589175,0,2900,3900,4800,Near-Crash,Not a Crash,"Rear-end, striking",Conflict with a lead vehicle,
151570605,0,1700,3400,3900,Near-Crash,Not a Crash,"Rear-end, striking",Conflict with a lead vehicle,
151609738,0,1600,2700,2900,Near-Crash,Not a Crash,"Rear-end, striking",Conflict with a lead vehicle,
151859990,0,1700,3100,4400,Near-Crash,Not a Crash,"Rear-end, striking",Conflict with a lead vehicle,
30883580,0,1200,2600,4200,Near-Crash,Not a Crash,Turn across path,Conflict with vehicle turning across another vehicle path (opposite direction),
138353295,0,700,3600,4000,Near-Crash,Not a Crash,"Rear-end, striking",Conflict with a lead vehicle,
151589622,0,4400,6000,6600,Near-Crash,Not a Crash,"Rear-end, striking",Conflict with a lead vehicle,
151865148,0,700,1300,1700,Near-Crash,Not a Crash,Pedestrian-related,Conflict with pedestrian,
151570700,0,,3700,4800,Crash,IV - Low-risk Tire Strike,Road departure (left or right),Single vehicle conflict,
151568577,0,4500,6700,7300,Near-Crash,Not a Crash,"Rear-end, striking",Conflict with a lead vehicle,
151596599,0,1700,2100,2700,Near-Crash,Not a Crash,"Rear-end, striking",Conflict with a lead vehicle,
138351960,0,700,1600,2900,Near-Crash,Not a Crash,Turn into path (same direction),Conflict with vehicle turning into another vehicle path (same direction),
151597662,0,3100,4300,4400,Near-Crash,Not a Crash,Backing into traffic,Conflict with parked vehicle,
151568636,0,1000,1300,2100,Near-Crash,Not a Crash,"Sideswipe, same direction (left or right)",Conflict with vehicle in adjacent lane,
151865084,0,,2200,3000,Crash,IV - Low-risk Tire Strike,Road departure (left or right),Single vehicle conflict,
151569197,0,600,1700,3100,Near-Crash,Not a Crash,"Rear-end, striking",Conflict with a lead vehicle,
36948429,0,200,1700,2400,Near-Crash,Not a Crash,Turn across path,Conflict with vehicle turning across another vehicle path (opposite direction),
60632626,0,1000,700,1900,Crash,III  - Minor Crash,Road departure (left or right),Single vehicle conflict,
142007538,0,300,2300,2900,Near-Crash,Not a Crash,Backing into traffic,Conflict with parked vehicle,
151595560,0,900,1700,2600,Near-Crash,Not a Crash,"Sideswipe, same direction (left or right)",Conflict with vehicle in adjacent lane,
116168883,0,1500,1000,6300,Crash,III  - Minor Crash,Road departure (left or right),Single vehicle conflict,
151878853,0,1000,1800,2300,Near-Crash,Not a Crash,"Sideswipe, same direction (left or right)",Conflict with vehicle in adjacent lane,
151859422,0,2700,5400,6700,Near-Crash,Not a Crash,"Rear-end, striking",Conflict with a lead vehicle,
151856692,0,1600,4600,5100,Near-Crash,Not a Crash,"Rear-end, striking",Conflict with a lead vehicle,
151091137,0,1100,2000,2600,Near-Crash,Not a Crash,Backing into traffic,Conflict with parked vehicle,
133321841,0,,5000,7100,Crash,IV - Low-risk Tire Strike,Road departure (left or right),Single vehicle conflict,
151864569,0,0,2200,2300,Near-Crash,Not a Crash,Animal-related,Conflict with animal,
151862644,0,3000,3600,5400,Near-Crash,Not a Crash,"Rear-end, striking",Conflict with a lead vehicle,
151603384,0,2000,3500,4000,Near-Crash,Not a Crash,Pedalcyclist-related,Conflict with pedalcyclist,
151598172,0,1900,2100,4300,Near-Crash,Not a Crash,"Rear-end, struck",Conflict with vehicle in adjacent lane,
142018670,0,500,1800,2800,Near-Crash,Not a Crash,Turn across path,Conflict with vehicle turning across another vehicle path (opposite direction),
151860011,0,100,2400,3000,Near-Crash,Not a Crash,Turn across path,Conflict with vehicle turning across another vehicle path (opposite direction),
151595574,0,500,3300,5300,Near-Crash,Not a Crash,"Sideswipe, same direction (left or right)",Conflict with vehicle in adjacent lane,
151568620,0,1500,2700,3600,Near-Crash,Not a Crash,"Rear-end, striking",Conflict with a lead vehicle,
151572348,0,1000,2600,3500,Near-Crash,Not a Crash,"Rear-end, striking",Conflict with a lead vehicle,
151859942,0,1900,1900,3800,Near-Crash,Not a Crash,Turn into path (same direction),Conflict with vehicle turning into another vehicle path (same direction),
151859937,0,1100,3600,4000,Near-Crash,Not a Crash,"Rear-end, striking",Conflict with a lead vehicle,
151570540,0,1200,1700,2300,Near-Crash,Not a Crash,"Sideswipe, same direction (left or right)",Conflict with merging vehicle,
151609103,0,2300,3800,4400,Near-Crash,Not a Crash,Turn into path (opposite direction),Conflict with vehicle turning into another vehicle path (opposite direction),
133827493,0,2200,3400,3600,Near-Crash,Not a Crash,Straight crossing path,Conflict with vehicle moving across another vehicle path (through intersection),
24117942,0,1000,2500,4000,Near-Crash,Not a Crash,Animal-related,Conflict with animal,
150717167,0,300,1500,4600,Near-Crash,Not a Crash,Turn into path (same direction),Conflict with vehicle turning into another vehicle path (same direction),
151574977,0,700,2300,2700,Near-Crash,Not a Crash,"Rear-end, striking",Conflict with a lead vehicle,
151878851,0,,3900,4900,Crash,IV - Low-risk Tire Strike,Road departure (left or right),Single vehicle conflict,
142018725,0,6600,7400,9300,Near-Crash,Not a Crash,"Sideswipe, same direction (left or right)",Conflict with vehicle in adjacent lane,
151856696,0,2100,3700,4700,Near-Crash,Not a Crash,"Rear-end, striking",Conflict with a lead vehicle,
151606604,0,1000,1800,2400,Near-Crash,Not a Crash,"Sideswipe, same direction (left or right)",Conflict with vehicle in adjacent lane,
24117943,0,400,2000,4600,Near-Crash,Not a Crash,Animal-related,Conflict with animal,
151570719,0,0,1100,2300,Near-Crash,Not a Crash,"Sideswipe, same direction (left or right)",Conflict with vehicle in adjacent lane,
151866529,0,1500,3100,3800,Near-Crash,Not a Crash,"Rear-end, striking",Conflict with vehicle in adjacent lane,
151609329,0,2000,4000,5100,Near-Crash,Not a Crash,"Rear-end, striking",Conflict with a lead vehicle,
151586357,0,2900,7200,8100,Near-Crash,Not a Crash,"Sideswipe, same direction (left or right)",Conflict with merging vehicle,
61385928,0,1700,2400,3500,Near-Crash,Not a Crash,Turn into path (same direction),Conflict with parked vehicle,
151864813,0,2000,3500,3800,Near-Crash,Not a Crash,"Rear-end, striking",Conflict with a lead vehicle,
31280788,0,1800,3100,6100,Crash,III  - Minor Crash,Road departure (left or right),Single vehicle conflict,
31297520,0,,1700,3200,Crash,IV - Low-risk Tire Strike,Road departure (left or right),Single vehicle conflict,
151580964,0,1000,1500,2700,Near-Crash,Not a Crash,"Sideswipe, same direction (left or right)",Conflict with merging vehicle,
151318256,0,500,3500,3800,Near-Crash,Not a Crash,"Rear-end, striking",Conflict with vehicle in adjacent lane,
76264648,0,,2100,3200,Crash,IV - Low-risk Tire Strike,Road departure (left or right),Single vehicle conflict,
151864803,0,800,2500,3300,Near-Crash,Not a Crash,"Rear-end, striking",Conflict with a lead vehicle,
29714717,0,,900,2300,Crash,IV - Low-risk Tire Strike,Road departure (left or right),Single vehicle conflict,
151579952,0,700,5400,6000,Near-Crash,Not a Crash,"Rear-end, striking",Conflict with vehicle in adjacent lane,
151878821,0,100,800,1200,Near-Crash,Not a Crash,Turn into path (opposite direction),Conflict with vehicle turning into another vehicle path (opposite direction),
22303768,0,1300,2400,4200,Near-Crash,Not a Crash,"Rear-end, striking",Conflict with a lead vehicle,
29858036,0,1600,2300,3700,Near-Crash,Not a Crash,"Rear-end, striking",Conflict with a lead vehicle,
151865139,0,3100,5800,6600,Near-Crash,Not a Crash,"Rear-end, striking",Conflict with a lead vehicle,
132699174,0,300,1000,1500,Near-Crash,Not a Crash,Turn into path (opposite direction),Conflict with vehicle turning into another vehicle path (opposite direction),
31297570,0,800,2400,4000,Near-Crash,Not a Crash,Turn into path (same direction),Conflict with vehicle turning into another vehicle path (same direction),
138364353,0,400,1200,1600,Near-Crash,Not a Crash,Turn across path,Conflict with vehicle turning across another vehicle path (opposite direction),
151592965,0,300,700,2000,Near-Crash,Not a Crash,"Sideswipe, same direction (left or right)",Conflict with vehicle in adjacent lane,
10596833,0,1500,3300,4100,Near-Crash,Not a Crash,"Rear-end, striking",Conflict with merging vehicle,
10556979,0,700,2300,3600,Crash,II - Police-reportable Crash,"Rear-end, striking",Conflict with a lead vehicle,
151352189,0,2000,3000,3900,Near-Crash,Not a Crash,Straight crossing path,Conflict with vehicle moving across another vehicle path (through intersection),
36948430,0,300,1000,2100,Near-Crash,Not a Crash,Animal-related,Conflict with animal,
151552423,0,1000,2400,3200,Near-Crash,Not a Crash,"Rear-end, striking",Conflict with a lead vehicle,
33575084,0,400,3200,4100,Near-Crash,Not a Crash,"Rear-end, striking",Conflict with a lead vehicle,
142029803,0,2800,5900,6700,Near-Crash,Not a Crash,"Rear-end, striking",Conflict with a lead vehicle,
150882800,0,700,3500,3600,Near-Crash,Not a Crash,"Rear-end, striking",Conflict with a lead vehicle,
60632658,0,1500,1500,2600,Crash,IV - Low-risk Tire Strike,Road departure (left or right),Single vehicle conflict,
151870566,0,1500,3000,3500,Near-Crash,Not a Crash,"Rear-end, striking",Conflict with a lead vehicle,
33575116,0,1300,2100,2500,Near-Crash,Not a Crash,Straight crossing path,Conflict with vehicle moving across another vehicle path (through intersection),
151591151,0,400,3600,4600,Near-Crash,Not a Crash,"Rear-end, striking",Conflict with a lead vehicle,
29712186,0,400,1900,3900,Crash,I - Most Severe,Turn across path,Conflict with vehicle turning across another vehicle path (opposite direction),
151568894,0,,9500,10200,Crash,III  - Minor Crash,"Backing, fixed object",Conflict with obstacle/object in roadway,
31281069,0,,3800,5400,Crash,IV - Low-risk Tire Strike,Road departure (left or right),Single vehicle conflict,
132621718,0,1200,1600,2500,Near-Crash,Not a Crash,"Sideswipe, same direction (left or right)",Conflict with vehicle in adjacent lane,
151865082,0,2200,5600,6200,Near-Crash,Not a Crash,"Rear-end, striking",Conflict with a lead vehicle,
151569194,0,600,2300,3000,Near-Crash,Not a Crash,"Sideswipe, same direction (left or right)",Conflict with vehicle in adjacent lane,
76264681,0,,2300,7800,Crash,IV - Low-risk Tire Strike,Road departure (left or right),Single vehicle conflict,
151865003,0,200,3000,4000,Near-Crash,Not a Crash,Pedalcyclist-related,Conflict with pedalcyclist,
29880071,0,1800,8600,9800,Near-Crash,Not a Crash,Turn into path (same direction),Conflict with vehicle turning into another vehicle path (same direction),
151864566,0,300,2300,2600,Near-Crash,Not a Crash,"Rear-end, striking",Conflict with a lead vehicle,
151569270,0,0,1100,4700,Near-Crash,Not a Crash,"Sideswipe, same direction (left or right)",Conflict with vehicle in adjacent lane,
31297572,0,400,2300,8100,Near-Crash,Not a Crash,Road departure (left or right),Single vehicle conflict,
151338031,0,700,2200,2800,Near-Crash,Not a Crash,Turn into path (opposite direction),Conflict with vehicle turning into another vehicle path (opposite direction),
30883553,0,1700,4100,5600,Near-Crash,Not a Crash,Turn into path (opposite direction),Conflict with vehicle turning into another vehicle path (opposite direction),
29858023,0,600,3100,5100,Near-Crash,Not a Crash,Pedestrian-related,Conflict with pedestrian,
31281094,0,600,2300,3700,Crash,III  - Minor Crash,Animal-related,Conflict with animal,
29877173,0,800,4600,7200,Near-Crash,Not a Crash,Turn across path,Conflict with vehicle turning across another vehicle path (opposite direction),
134948083,0,2100,3500,4200,Near-Crash,Not a Crash,"Rear-end, striking",Conflict with a lead vehicle,
116168884,0,1400,2600,4600,Crash,III  - Minor Crash,Turn into path (opposite direction),Conflict with vehicle turning into another vehicle path (opposite direction),
134046295,0,100,1900,2400,Near-Crash,Not a Crash,"Rear-end, striking",Conflict with a lead vehicle,
151086469,0,2700,5600,6200,Near-Crash,Not a Crash,"Rear-end, striking",Conflict with a lead vehicle,
151607779,0,1900,2900,3500,Near-Crash,Not a Crash,"Rear-end, striking",Conflict with a lead vehicle,
138361260,0,1500,3200,6800,Near-Crash,Not a Crash,"Rear-end, striking",Conflict with a lead vehicle,
30883539,0,2800,2100,8700,Crash,IV - Low-risk Tire Strike,Road departure (left or right),Single vehicle conflict,
151568744,0,700,3100,3800,Near-Crash,Not a Crash,"Rear-end, striking",Conflict with vehicle in adjacent lane,
10858435,0,700,1300,1800,Crash,III  - Minor Crash,Animal-related,Conflict with animal,
151581053,0,700,1800,2800,Near-Crash,Not a Crash,"Sideswipe, same direction (left or right)",Conflict with vehicle in adjacent lane,
151574557,0,3700,5000,6600,Near-Crash,Not a Crash,"Sideswipe, same direction (left or right)",Conflict with merging vehicle,
10681243,0,1000,1600,4900,Near-Crash,Not a Crash,"Rear-end, striking",Conflict with a lead vehicle,
151091011,0,400,2300,3500,Crash,I - Most Severe,Turn into path (opposite direction),Conflict with vehicle turning into another vehicle path (opposite direction),
151859803,0,2000,3700,4600,Near-Crash,Not a Crash,"Rear-end, striking",Conflict with a lead vehicle,
151863127,0,1300,6500,7300,Near-Crash,Not a Crash,"Rear-end, striking",Conflict with a lead vehicle,
151589165,0,600,1300,2200,Near-Crash,Not a Crash,"Sideswipe, same direction (left or right)",Conflict with vehicle in adjacent lane,
151859511,0,800,1400,2000,Near-Crash,Not a Crash,"Sideswipe, same direction (left or right)",Conflict with vehicle in adjacent lane,
151864598,0,4200,4700,5400,Near-Crash,Not a Crash,"Rear-end, striking",Conflict with a lead vehicle,
151589144,0,1900,4100,5700,Near-Crash,Not a Crash,"Rear-end, striking",Conflict with a lead vehicle,
60632637,0,900,3700,9300,Crash,II - Police-reportable Crash,Road departure (left or right),Single vehicle conflict,
142005374,0,2000,1800,4100,Crash,III  - Minor Crash,Other,Conflict with obstacle/object in roadway,
151864630,0,900,2100,2500,Near-Crash,Not a Crash,Turn into path (opposite direction),Conflict with vehicle turning into another vehicle path (opposite direction),
151864629,0,600,2600,3500,Near-Crash,Not a Crash,"Rear-end, striking",Conflict with a lead vehicle,
151598428,0,1100,2300,3100,Near-Crash,Not a Crash,Animal-related,Conflict with animal,
151859977,0,1500,3400,4400,Near-Crash,Not a Crash,"Rear-end, striking",Conflict with a lead vehicle,
151865353,0,1400,2200,3200,Near-Crash,Not a Crash,Turn across path,Conflict with vehicle turning across another vehicle path (opposite direction),
151593438,0,0,1300,5800,Near-Crash,Not a Crash,"Sideswipe, same direction (left or right)",Conflict with vehicle in adjacent lane,
151584406,0,1800,3300,4200,Near-Crash,Not a Crash,"Rear-end, striking",Conflict with a lead vehicle,
60633143,0,,5600,9700,Crash,IV - Low-risk Tire Strike,Road departure (left or right),Single vehicle conflict,
151859987,0,1100,4700,5900,Near-Crash,Not a Crash,"Rear-end, striking",Conflict with a lead vehicle,
151859843,0,1900,3900,4200,Near-Crash,Not a Crash,"Rear-end, striking",Conflict with a lead vehicle,
151864906,0,500,1000,2100,Near-Crash,Not a Crash,Animal-related,Conflict with animal,
142030159,0,1900,2200,4000,Near-Crash,Not a Crash,"Sideswipe, same direction (left or right)",Conflict with vehicle in adjacent lane,
151860014,0,500,1000,1600,Near-Crash,Not a Crash,Animal-related,Conflict with animal,
151864603,0,1400,2800,3400,Near-Crash,Not a Crash,"Rear-end, striking",Conflict with a lead vehicle,
151582032,0,1100,1800,3300,Near-Crash,Not a Crash,"Sideswipe, same direction (left or right)",Conflict with merging vehicle,
151352091,0,3300,4800,4900,Near-Crash,Not a Crash,Turn into path (same direction),Conflict with vehicle turning into another vehicle path (same direction),
151859562,0,1000,8300,8800,Near-Crash,Not a Crash,"Rear-end, striking",Conflict with a lead vehicle,
151569704,0,600,1600,2200,Near-Crash,Not a Crash,"Rear-end, striking",Conflict with a lead vehicle,
151589634,0,800,1800,2700,Near-Crash,Not a Crash,"Rear-end, striking",Conflict with a lead vehicle,
151859427,0,100,1100,2400,Near-Crash,Not a Crash,"Sideswipe, same direction (left or right)",Conflict with vehicle in adjacent lane,
151859897,0,1200,1600,2200,Near-Crash,Not a Crash,"Sideswipe, same direction (left or right)",Conflict with vehicle in adjacent lane,
135280156,0,500,2200,3200,Near-Crash,Not a Crash,"Rear-end, striking",Conflict with a lead vehicle,
151568962,0,600,3200,3900,Near-Crash,Not a Crash,"Rear-end, striking",Conflict with a lead vehicle,
29858041,0,1100,2500,3100,Near-Crash,Not a Crash,Straight crossing path,Conflict with vehicle moving across another vehicle path (through intersection),
151865172,0,1900,5900,6000,Near-Crash,Not a Crash,"Rear-end, striking",Conflict with a lead vehicle,
151859911,0,1500,2400,3700,Near-Crash,Not a Crash,"Sideswipe, same direction (left or right)",Conflict with vehicle in adjacent lane,
151569261,0,1900,3800,4400,Near-Crash,Not a Crash,"Rear-end, striking",Conflict with vehicle in adjacent lane,
151352060,0,,7900,8700,Crash,III  - Minor Crash,Road departure (end),Single vehicle conflict,
151590867,0,800,1100,2300,Near-Crash,Not a Crash,Animal-related,Conflict with animal,
151864637,0,2200,5100,5600,Near-Crash,Not a Crash,"Rear-end, striking",Conflict with a lead vehicle,
151553176,0,,4800,6700,Crash,IV - Low-risk Tire Strike,Road departure (left or right),Single vehicle conflict,
151864595,0,2300,5700,6800,Near-Crash,Not a Crash,"Rear-end, striking",Conflict with a lead vehicle,
151864736,0,4100,5600,5800,Near-Crash,Not a Crash,"Rear-end, striking",Conflict with a lead vehicle,
151864617,0,2000,2900,4200,Near-Crash,Not a Crash,"Rear-end, striking",Conflict with a lead vehicle,
151864801,0,400,1000,3100,Near-Crash,Not a Crash,"Sideswipe, same direction (left or right)",Conflict with vehicle in adjacent lane,
151864800,0,1200,2500,3500,Near-Crash,Not a Crash,"Rear-end, striking",Conflict with vehicle in adjacent lane,
151568576,0,800,3700,4400,Near-Crash,Not a Crash,"Rear-end, striking",Conflict with vehicle in adjacent lane,
151864760,0,500,1700,2300,Near-Crash,Not a Crash,"Rear-end, striking",Conflict with vehicle in adjacent lane,
151584416,0,300,2500,5000,Near-Crash,Not a Crash,"Rear-end, striking",Conflict with a lead vehicle,
151863139,0,400,2700,5800,Near-Crash,Not a Crash,Pedestrian-related,Conflict with pedestrian,
151862009,0,300,700,1200,Near-Crash,Not a Crash,Straight crossing path,Conflict with vehicle moving across another vehicle path (through intersection),
151865184,0,,4000,4900,Near-Crash,Not a Crash,"Rear-end, struck",Conflict with a following vehicle,
151607623,0,,1000,3200,Crash,IV - Low-risk Tire Strike,Road departure (left or right),Single vehicle conflict,
151862018,0,200,700,2700,Near-Crash,Not a Crash,Animal-related,Conflict with animal,
151603450,0,3000,3400,4600,Near-Crash,Not a Crash,Backing into traffic,Conflict with parked vehicle,
150882879,0,300,2400,4100,Near-Crash,Not a Crash,Pedestrian-related,Conflict with pedestrian,
61427008,0,1800,2700,3900,Near-Crash,Not a Crash,Road departure (left or right),Single vehicle conflict,
36812437,0,400,1600,2200,Near-Crash,Not a Crash,Pedalcyclist-related,Conflict with pedalcyclist,
36948277,0,600,4100,5200,Near-Crash,Not a Crash,"Rear-end, striking",Conflict with a lead vehicle,
30883590,0,1100,1500,2700,Near-Crash,Not a Crash,"Rear-end, striking",Conflict with a lead vehicle,
151861975,0,3300,5000,7700,Near-Crash,Not a Crash,"Rear-end, striking",Conflict with a lead vehicle,
20714958,0,1200,5100,5900,Near-Crash,Not a Crash,"Rear-end, striking",Conflict with a lead vehicle,
30883000,0,4100,4900,6500,Near-Crash,Not a Crash,"Rear-end, striking",Conflict with a lead vehicle,
30883522,0,1800,3100,4600,Near-Crash,Not a Crash,Pedestrian-related,Conflict with pedestrian,
30883561,0,5200,5200,6900,Near-Crash,Not a Crash,Turn into path (same direction),Conflict with vehicle turning into another vehicle path (same direction),
151859893,0,600,3200,3200,Near-Crash,Not a Crash,"Rear-end, striking",Conflict with a lead vehicle,
151861994,0,100,800,1000,Near-Crash,Not a Crash,"Sideswipe, same direction (left or right)",Conflict with vehicle in adjacent lane,
15396982,0,300,2800,3500,Near-Crash,Not a Crash,"Rear-end, striking",Conflict with a lead vehicle,
132522435,0,3200,4500,4900,Near-Crash,Not a Crash,"Rear-end, striking",Conflict with a lead vehicle,
151591150,0,200,2600,2900,Near-Crash,Not a Crash,"Rear-end, striking",Conflict with a lead vehicle,
35333344,0,700,2600,3100,Near-Crash,Not a Crash,Turn into path (opposite direction),Conflict with vehicle turning into another vehicle path (opposite direction),
150883060,0,200,900,2700,Near-Crash,Not a Crash,Turn across path,Conflict with vehicle turning across another vehicle path (same direction),
33994013,0,2600,3700,4800,Near-Crash,Not a Crash,"Rear-end, striking",Conflict with a lead vehicle,
151605356,0,2300,2900,3300,Near-Crash,Not a Crash,Other,Conflict with obstacle/object in roadway,
151603383,0,1400,3900,5000,Near-Crash,Not a Crash,Turn into path (opposite direction),Conflict with vehicle turning into another vehicle path (opposite direction),
151568785,0,3100,4500,4800,Near-Crash,Not a Crash,"Rear-end, striking",Conflict with a lead vehicle,
29877172,0,3200,3900,5800,Near-Crash,Not a Crash,"Sideswipe, same direction (left or right)",Conflict with vehicle in adjacent lane,
151862648,0,600,1000,1500,Near-Crash,Not a Crash,"Rear-end, striking",Conflict with a lead vehicle,
22595530,0,400,2200,2400,Near-Crash,Not a Crash,"Rear-end, striking",Conflict with a lead vehicle,
142049716,0,,1500,2500,Crash,III  - Minor Crash,Other,Single vehicle conflict,
151859950,0,2800,4600,7000,Near-Crash,Not a Crash,"Rear-end, striking",Conflict with a lead vehicle,
136247711,0,1900,5700,6200,Near-Crash,Not a Crash,"Rear-end, striking",Conflict with a lead vehicle,
151864830,0,900,2200,3300,Near-Crash,Not a Crash,Backing into traffic,Conflict with parked vehicle,
23675242,0,400,4100,7900,Crash,I - Most Severe,Road departure (left or right),Single vehicle conflict,
29884178,0,3200,6500,6800,Near-Crash,Not a Crash,"Rear-end, striking",Conflict with a lead vehicle,
29859075,0,3800,4700,5300,Near-Crash,Not a Crash,Turn across path,Conflict with vehicle turning across another vehicle path (opposite direction),
151570589,0,700,3300,3900,Near-Crash,Not a Crash,"Rear-end, striking",Conflict with vehicle in adjacent lane,
35257224,0,,4300,5900,Crash,IV - Low-risk Tire Strike,Road departure (left or right),Single vehicle conflict,
61033669,0,1700,3000,16700,Crash,III  - Minor Crash,Road departure (left or right),Single vehicle conflict,
151550405,0,5300,5500,9200,Near-Crash,Not a Crash,Road departure (left or right),Single vehicle conflict,
142010467,0,2800,3400,3800,Near-Crash,Not a Crash,Pedalcyclist-related,Conflict with pedalcyclist,
151552489,0,1900,2300,2800,Near-Crash,Not a Crash,"Rear-end, striking",Conflict with vehicle in adjacent lane,
24117800,0,200,1500,1800,Crash,III  - Minor Crash,Animal-related,Conflict with animal,
151572340,0,1300,2900,3300,Near-Crash,Not a Crash,"Rear-end, striking",Conflict with a lead vehicle,
142030037,0,100,100,800,Near-Crash,Not a Crash,"Sideswipe, same direction (left or right)",Conflict with vehicle in adjacent lane,"A near-crash occurred during daylight hours on a dry road surface in a business/industrial area. The traffic was flowing with some restrictions, but there were no adverse weather conditions. The incident involved a conflict with a vehicle in an adjacent lane, resulting in a sideswipe in the same direction, either to the left or right. Fortunately, it did not escalate into a full collision, but it was a close call that could have led to more serious consequences."
29858004,0,1100,1800,3000,Near-Crash,Not a Crash,Turn into path (opposite direction),Conflict with vehicle turning into another vehicle path (opposite direction),
151568774,0,6000,7000,7900,Crash,III  - Minor Crash,"Backing, fixed object",Conflict with obstacle/object in roadway,
31281088,0,,2600,4100,Crash,IV - Low-risk Tire Strike,Road departure (left or right),Single vehicle conflict,
138352150,0,200,1000,2900,Near-Crash,Not a Crash,"Rear-end, striking",Conflict with vehicle in adjacent lane,
29858007,0,1100,3100,4600,Near-Crash,Not a Crash,Opposite direction (head-on or sideswipe),Conflict with oncoming traffic,
24516491,0,5600,4200,5700,Crash,IV - Low-risk Tire Strike,Road departure (end),Single vehicle conflict,
151859831,0,600,3400,4800,Near-Crash,Not a Crash,Turn into path (same direction),Conflict with vehicle turning into another vehicle path (same direction),
151568489,0,400,2100,2500,Near-Crash,Not a Crash,"Rear-end, striking",Conflict with a lead vehicle,
151864560,0,900,1500,1800,Near-Crash,Not a Crash,"Rear-end, striking",Conflict with a lead vehicle,
150717001,0,2300,3400,4100,Near-Crash,Not a Crash,"Rear-end, striking",Conflict with a lead vehicle,
151545338,0,700,2000,2700,Near-Crash,Not a Crash,"Rear-end, striking",Conflict with a lead vehicle,
24117704,0,700,2000,2800,Crash,III  - Minor Crash,Animal-related,Conflict with animal,
142007574,0,100,500,1900,Near-Crash,Not a Crash,Road departure (left or right),Single vehicle conflict,
135427592,0,700,3300,5000,Near-Crash,Not a Crash,"Rear-end, striking",Conflict with merging vehicle,
29884800,0,1200,3100,3800,Near-Crash,Not a Crash,"Rear-end, striking",Conflict with a lead vehicle,
151572353,0,900,3200,4900,Near-Crash,Not a Crash,Pedalcyclist-related,Conflict with pedalcyclist,
30883592,0,,3200,4900,Crash,IV - Low-risk Tire Strike,Road departure (left or right),Single vehicle conflict,
29880060,0,,2900,4600,Crash,IV - Low-risk Tire Strike,Road departure (left or right),Single vehicle conflict,
138364502,0,3200,3800,5200,Near-Crash,Not a Crash,Turn across path,Conflict with vehicle turning across another vehicle path (opposite direction),
151550669,0,4700,5300,6000,Near-Crash,Not a Crash,Pedestrian-related,Conflict with pedestrian,
151587537,0,500,800,2000,Near-Crash,Not a Crash,"Sideswipe, same direction (left or right)",Conflict with vehicle in adjacent lane,
29858034,0,300,1300,3000,Near-Crash,Not a Crash,Turn into path (same direction),Conflict with vehicle turning into another vehicle path (same direction),
22303770,0,600,2800,3500,Near-Crash,Not a Crash,Turn into path (same direction),Conflict with vehicle turning into another vehicle path (same direction),
151569692,0,400,3200,4500,Near-Crash,Not a Crash,"Rear-end, striking",Conflict with a lead vehicle,
151865043,0,,2100,2600,Crash,IV - Low-risk Tire Strike,Road departure (left or right),Single vehicle conflict,
151568572,0,4600,4300,6100,Crash,IV - Low-risk Tire Strike,Road departure (left or right),Single vehicle conflict,
151568621,0,0,1400,3400,Near-Crash,Not a Crash,"Sideswipe, same direction (left or right)",Conflict with vehicle in adjacent lane,
151610551,0,300,1300,1700,Near-Crash,Not a Crash,Turn into path (same direction),Conflict with vehicle turning into another vehicle path (same direction),
142053320,0,700,4900,6000,Near-Crash,Not a Crash,"Rear-end, striking",Conflict with a lead vehicle,
151859832,0,2000,2800,3800,Near-Crash,Not a Crash,"Rear-end, striking",Conflict with a lead vehicle,
151569139,0,500,2400,3400,Near-Crash,Not a Crash,"Rear-end, striking",Conflict with vehicle in adjacent lane,
150884011,0,1400,2300,3500,Near-Crash,Not a Crash,"Rear-end, striking",Conflict with a lead vehicle,
29878418,0,1700,2900,5100,Near-Crash,Not a Crash,Turn across path,Conflict with vehicle turning across another vehicle path (same direction),
15363643,0,1000,2400,3900,Near-Crash,Not a Crash,"Rear-end, striking",Conflict with a lead vehicle,
144412904,0,3400,6700,6800,Near-Crash,Not a Crash,"Rear-end, striking",Conflict with a lead vehicle,
151574968,0,4500,5600,6000,Near-Crash,Not a Crash,"Rear-end, striking",Conflict with vehicle in adjacent lane,
138630038,0,1200,1900,2900,Near-Crash,Not a Crash,Pedestrian-related,Conflict with pedestrian,
151598433,0,600,2200,2700,Near-Crash,Not a Crash,"Sideswipe, same direction (left or right)",Conflict with vehicle in adjacent lane,
151337496,0,1800,5300,7800,Near-Crash,Not a Crash,"Rear-end, striking",Conflict with a lead vehicle,
60632645,0,1400,2300,4400,Crash,II - Police-reportable Crash,Turn into path (same direction),Conflict with vehicle turning into another vehicle path (same direction),
142005171,0,600,1100,1800,Near-Crash,Not a Crash,Animal-related,Conflict with animal,
76264685,0,1100,1300,1800,Crash,III  - Minor Crash,Other,Conflict with obstacle/object in roadway,
15396981,0,1200,2500,3300,Near-Crash,Not a Crash,"Rear-end, striking",Conflict with a lead vehicle,
151568797,0,1800,2100,4000,Near-Crash,Not a Crash,"Rear-end, striking",Conflict with a lead vehicle,
116168845,0,,5500,9800,Crash,II - Police-reportable Crash,"Rear-end, struck",Conflict with a following vehicle,
29858049,0,500,1700,5600,Near-Crash,Not a Crash,"Rear-end, striking",Conflict with merging vehicle,
151603390,0,2100,3800,4400,Near-Crash,Not a Crash,"Rear-end, striking",Conflict with a lead vehicle,
17515663,0,0,3600,5200,Near-Crash,Not a Crash,"Rear-end, striking",Conflict with a lead vehicle,
142341669,0,3500,4900,5600,Near-Crash,Not a Crash,"Sideswipe, same direction (left or right)",Conflict with vehicle in adjacent lane,
147310148,0,600,1400,2500,Near-Crash,Not a Crash,"Sideswipe, same direction (left or right)",Conflict with vehicle in adjacent lane,
17515662,0,400,4800,5500,Near-Crash,Not a Crash,"Rear-end, striking",Conflict with a lead vehicle,
31297599,0,4200,4800,7400,Near-Crash,Not a Crash,Road departure (left or right),Single vehicle conflict,
143142454,0,1900,3800,4600,Near-Crash,Not a Crash,"Rear-end, striking",Conflict with a lead vehicle,
151568658,0,1100,5400,5800,Near-Crash,Not a Crash,"Rear-end, striking",Conflict with a lead vehicle,
151578520,0,1800,3700,4200,Near-Crash,Not a Crash,"Rear-end, striking",Conflict with vehicle in adjacent lane,
60632648,0,,2000,3500,Crash,III  - Minor Crash,Road departure (left or right),Single vehicle conflict,
61111542,0,3100,4100,7300,Crash,III  - Minor Crash,Road departure (left or right),Single vehicle conflict,
151864883,0,1100,2400,3600,Near-Crash,Not a Crash,"Rear-end, striking",Conflict with a lead vehicle,
150884012,0,600,800,900,Near-Crash,Not a Crash,"Rear-end, striking",Conflict with a lead vehicle,
151584408,0,1100,4500,6000,Near-Crash,Not a Crash,"Rear-end, striking",Conflict with a lead vehicle,
151569148,0,3200,4200,5200,Near-Crash,Not a Crash,"Rear-end, striking",Conflict with a lead vehicle,
151859470,0,600,1800,2900,Near-Crash,Not a Crash,"Rear-end, striking",Conflict with vehicle in adjacent lane,
143083725,0,1800,1800,4600,Near-Crash,Not a Crash,Other,Single vehicle conflict,
151600657,0,1600,2400,3300,Near-Crash,Not a Crash,"Sideswipe, same direction (left or right)",Conflict with vehicle in adjacent lane,
29714760,0,200,4100,6900,Crash,III  - Minor Crash,Road departure (left or right),Single vehicle conflict,
116168865,0,800,1400,2100,Near-Crash,Not a Crash,"Rear-end, striking",Conflict with a lead vehicle,
150883922,0,600,1800,4800,Near-Crash,Not a Crash,"Rear-end, striking",Conflict with a lead vehicle,
136419684,0,2000,2900,3900,Near-Crash,Not a Crash,"Rear-end, striking",Conflict with a lead vehicle,
10681261,0,1400,1900,3100,Near-Crash,Not a Crash,"Rear-end, striking",Conflict with a lead vehicle,
36304060,0,800,2400,3500,Near-Crash,Not a Crash,Straight crossing path,Conflict with vehicle moving across another vehicle path (through intersection),
35826904,0,1000,4400,4600,Near-Crash,Not a Crash,Turn into path (same direction),Conflict with vehicle turning into another vehicle path (same direction),
150884014,0,1400,2500,3100,Near-Crash,Not a Crash,"Rear-end, striking",Conflict with a lead vehicle,
151568594,0,2900,6500,7300,Near-Crash,Not a Crash,"Rear-end, striking",Conflict with vehicle in adjacent lane,
151094945,0,1200,5800,7400,Crash,III  - Minor Crash,Other,Conflict with obstacle/object in roadway,
136442077,0,1900,3300,3900,Near-Crash,Not a Crash,Turn into path (opposite direction),Conflict with vehicle turning into another vehicle path (opposite direction),
14869507,0,2300,5400,6600,Near-Crash,Not a Crash,"Rear-end, striking",Conflict with a lead vehicle,
151864994,0,700,1000,1900,Crash,IV - Low-risk Tire Strike,Road departure (left or right),Single vehicle conflict,
10681267,0,400,1700,2900,Near-Crash,Not a Crash,"Rear-end, striking",Conflict with a lead vehicle,
134938014,0,2700,4400,5000,Near-Crash,Not a Crash,Pedestrian-related,Conflict with pedestrian,
151859936,0,3900,6700,6700,Near-Crash,Not a Crash,"Rear-end, striking",Conflict with a lead vehicle,
151581856,0,4300,6000,6700,Near-Crash,Not a Crash,"Rear-end, striking",Conflict with a lead vehicle,
36812420,0,4300,5100,7100,Near-Crash,Not a Crash,Turn into path (same direction),Conflict with vehicle turning into another vehicle path (same direction),
61427021,0,2800,2900,4600,Near-Crash,Not a Crash,"Sideswipe, same direction (left or right)",Conflict with vehicle in adjacent lane,
151568418,0,500,1800,3200,Near-Crash,Not a Crash,Animal-related,Conflict with animal,
151596585,0,400,2300,2700,Near-Crash,Not a Crash,"Rear-end, striking",Conflict with vehicle in adjacent lane,
29880065,0,1100,2700,3400,Near-Crash,Not a Crash,Straight crossing path,Conflict with vehicle moving across another vehicle path (through intersection),
29714773,0,1200,1500,3300,Crash,II - Police-reportable Crash,Turn into path (opposite direction),Conflict with vehicle turning into another vehicle path (opposite direction),
23675203,0,,5500,8900,Crash,III  - Minor Crash,Backing into traffic,Conflict with a lead vehicle,
60633152,0,800,1100,5800,Crash,III  - Minor Crash,Road departure (left or right),Single vehicle conflict,
151579588,0,800,3100,3500,Near-Crash,Not a Crash,"Rear-end, striking",Conflict with a lead vehicle,
151590955,0,1700,4200,4800,Near-Crash,Not a Crash,"Rear-end, striking",Conflict with a lead vehicle,
151568879,0,,1700,3900,Crash,III  - Minor Crash,"Backing, fixed object",Single vehicle conflict,
51722166,0,,2100,3100,Crash,III  - Minor Crash,"Rear-end, struck",Conflict with a following vehicle,
134902359,0,2100,4400,5300,Near-Crash,Not a Crash,"Rear-end, striking",Conflict with a lead vehicle,
128888413,0,3600,6500,7200,Near-Crash,Not a Crash,"Rear-end, striking",Conflict with a lead vehicle,
151570851,0,700,5000,5800,Near-Crash,Not a Crash,Other,Conflict with obstacle/object in roadway,
151587538,0,1400,2000,2700,Near-Crash,Not a Crash,"Rear-end, striking",Conflict with a lead vehicle,
128903606,0,1300,1900,3200,Near-Crash,Not a Crash,Turn across path,Conflict with vehicle turning across another vehicle path (same direction),
33994008,0,700,1500,2500,Near-Crash,Not a Crash,"Sideswipe, same direction (left or right)",Conflict with a lead vehicle,
128906315,0,,3600,4800,Crash,IV - Low-risk Tire Strike,Road departure (left or right),Single vehicle conflict,
128906356,0,,2900,4600,Crash,IV - Low-risk Tire Strike,Road departure (left or right),Single vehicle conflict,
151576346,0,7900,9200,9600,Near-Crash,Not a Crash,"Rear-end, striking",Conflict with a lead vehicle,
135183569,0,1100,3600,4800,Near-Crash,Not a Crash,Turn into path (same direction),Conflict with vehicle turning into another vehicle path (same direction),
135427596,0,,2300,3900,Crash,IV - Low-risk Tire Strike,Road departure (left or right),Single vehicle conflict,
60632610,0,,1000,2400,Crash,IV - Low-risk Tire Strike,Road departure (left or right),Single vehicle conflict,
151591159,0,1300,2800,3600,Near-Crash,Not a Crash,"Rear-end, striking",Conflict with a lead vehicle,
61111551,0,,4600,5700,Crash,IV - Low-risk Tire Strike,Road departure (left or right),Single vehicle conflict,
29884171,0,3900,4700,5800,Near-Crash,Not a Crash,"Sideswipe, same direction (left or right)",Conflict with vehicle in adjacent lane,
151854589,0,2500,2800,3900,Near-Crash,Not a Crash,"Rear-end, striking",Conflict with a lead vehicle,
151597670,0,2400,4000,4400,Near-Crash,Not a Crash,"Rear-end, striking",Conflict with a lead vehicle,
116168919,0,,3900,4900,Crash,IV - Low-risk Tire Strike,Road departure (left or right),Single vehicle conflict,
151864796,0,2100,3700,4200,Near-Crash,Not a Crash,"Rear-end, striking",Conflict with a lead vehicle,
151568467,0,2700,4300,5300,Near-Crash,Not a Crash,"Rear-end, striking",Conflict with a lead vehicle,
142050961,0,1100,2600,3500,Near-Crash,Not a Crash,Straight crossing path,Conflict with vehicle moving across another vehicle path (through intersection),
151606561,0,900,1900,3000,Near-Crash,Not a Crash,"Sideswipe, same direction (left or right)",Conflict with vehicle in adjacent lane,
142050312,0,,7400,9300,Crash,IV - Low-risk Tire Strike,Road departure (left or right),Single vehicle conflict,
151859436,0,1200,6800,7800,Near-Crash,Not a Crash,"Rear-end, striking",Conflict with a lead vehicle,
151864754,0,600,1700,2600,Near-Crash,Not a Crash,Turn into path (opposite direction),Conflict with vehicle turning into another vehicle path (opposite direction),
138363011,0,2000,3100,4400,Near-Crash,Not a Crash,"Rear-end, striking",Conflict with a lead vehicle,
132520926,0,1700,4000,5500,Near-Crash,Not a Crash,"Rear-end, striking",Conflict with a lead vehicle,
30880908,0,4200,4600,9400,Near-Crash,Not a Crash,"Sideswipe, same direction (left or right)",Conflict with vehicle in adjacent lane,
17753184,0,1600,3600,5100,Near-Crash,Not a Crash,"Rear-end, striking",Conflict with a lead vehicle,
151864961,0,400,1700,2800,Near-Crash,Not a Crash,Turn into path (same direction),Conflict with vehicle turning into another vehicle path (same direction),
151568623,0,2400,3300,5300,Near-Crash,Not a Crash,Straight crossing path,Conflict with vehicle moving across another vehicle path (through intersection),
67465644,0,,3100,5500,Crash,IV - Low-risk Tire Strike,Road departure (left or right),Single vehicle conflict,
151568720,0,500,2500,3900,Near-Crash,Not a Crash,"Rear-end, striking",Conflict with a lead vehicle,
23246396,0,,6200,9600,Crash,I - Most Severe,"Rear-end, struck",Conflict with a following vehicle,
151581400,0,0,4100,4700,Near-Crash,Not a Crash,"Rear-end, striking",Conflict with a lead vehicle,
31281072,0,,2200,3500,Crash,IV - Low-risk Tire Strike,Road departure (left or right),Single vehicle conflict,
24516401,0,700,3800,8000,Near-Crash,Not a Crash,Other,Single vehicle conflict,
31297529,0,,8500,9700,Crash,IV - Low-risk Tire Strike,Road departure (left or right),Single vehicle conflict,
61216645,0,3500,3300,5500,Crash,IV - Low-risk Tire Strike,Road departure (left or right),Single vehicle conflict,
151854597,0,800,4100,4200,Near-Crash,Not a Crash,"Rear-end, striking",Conflict with a lead vehicle,
35258334,0,1300,3400,5100,Near-Crash,Not a Crash,Road departure (left or right),Single vehicle conflict,"A vehicle nearly crashed by veering off the road to the left or right in a moderate residential area. The road was wet but there were no adverse weather conditions. It was dark, but the area was well-lit. There was no traffic congestion, allowing for free flow. The vehicle managed to avoid a full crash but came close to losing control and leaving the road."
69021082,0,600,2800,3400,Near-Crash,Not a Crash,Other,Single vehicle conflict,
10681268,0,1100,1600,3600,Near-Crash,Not a Crash,"Rear-end, striking",Conflict with a lead vehicle,
151578524,0,1900,2200,3500,Near-Crash,Not a Crash,"Sideswipe, same direction (left or right)",Conflict with vehicle in adjacent lane,
151866521,0,1000,3400,3800,Near-Crash,Not a Crash,"Sideswipe, same direction (left or right)",Conflict with merging vehicle,
151864969,0,400,1900,2300,Near-Crash,Not a Crash,"Rear-end, striking",Conflict with a lead vehicle,
151570811,0,2300,5000,6800,Near-Crash,Not a Crash,"Sideswipe, same direction (left or right)",Conflict with vehicle in adjacent lane,
31297577,0,800,3600,5900,Near-Crash,Not a Crash,Road departure (left or right),Single vehicle conflict,
151568848,0,,7000,7400,Crash,III  - Minor Crash,"Backing, fixed object",Conflict with obstacle/object in roadway,
36948279,0,,7200,9300,Crash,II - Police-reportable Crash,"Rear-end, struck",Conflict with a following vehicle,
151856664,0,1100,1300,3000,Near-Crash,Not a Crash,Backing into traffic,Conflict with a following vehicle,
29884191,0,6800,7200,7600,Near-Crash,Not a Crash,"Rear-end, striking",Conflict with a lead vehicle,
29858009,0,2000,2600,5600,Near-Crash,Not a Crash,"Rear-end, striking",Conflict with a lead vehicle,
151610509,0,3700,5200,6900,Near-Crash,Not a Crash,"Rear-end, striking",Conflict with vehicle in adjacent lane,
151569181,0,6100,7200,8100,Near-Crash,Not a Crash,"Sideswipe, same direction (left or right)",Conflict with vehicle in adjacent lane,
151598176,0,3500,3900,4400,Near-Crash,Not a Crash,"Sideswipe, same direction (left or right)",Conflict with merging vehicle,
151584402,0,600,3600,4600,Near-Crash,Not a Crash,"Rear-end, striking",Conflict with a lead vehicle,
31297586,0,1800,2400,3400,Near-Crash,Not a Crash,"Rear-end, striking",Conflict with vehicle in adjacent lane,
151569072,0,500,1100,1700,Near-Crash,Not a Crash,"Rear-end, striking",Conflict with a lead vehicle,
151568570,0,1400,2100,2900,Near-Crash,Not a Crash,Opposite direction (head-on or sideswipe),Conflict with oncoming traffic,
151573560,0,2200,4500,5400,Near-Crash,Not a Crash,Turn into path (same direction),Conflict with vehicle turning into another vehicle path (same direction),
16992777,0,4100,5500,7100,Crash,II - Police-reportable Crash,"Rear-end, striking",Conflict with a lead vehicle,
151575014,0,600,1300,2100,Near-Crash,Not a Crash,"Sideswipe, same direction (left or right)",Conflict with vehicle in adjacent lane,
136253851,0,100,3700,4700,Near-Crash,Not a Crash,Turn into path (same direction),Conflict with vehicle turning into another vehicle path (same direction),
22586758,0,2200,3500,5100,Near-Crash,Not a Crash,"Rear-end, striking",Conflict with a lead vehicle,
24523861,0,1300,1800,2700,Crash,III  - Minor Crash,Road departure (end),Single vehicle conflict,
151590956,0,700,3600,4100,Near-Crash,Not a Crash,"Rear-end, striking",Conflict with a lead vehicle,
151864745,0,3200,6400,7300,Near-Crash,Not a Crash,"Rear-end, striking",Conflict with a lead vehicle,
60631672,0,,1400,2100,Crash,II - Police-reportable Crash,Animal-related,Conflict with animal,
29859126,0,500,1000,2700,Near-Crash,Not a Crash,"Sideswipe, same direction (left or right)",Conflict with vehicle in adjacent lane,
150883818,0,1900,5000,5200,Near-Crash,Not a Crash,"Rear-end, striking",Conflict with a lead vehicle,
151864733,0,1300,3500,5900,Near-Crash,Not a Crash,"Rear-end, striking",Conflict with a lead vehicle,
151578521,0,1800,2200,4200,Near-Crash,Not a Crash,"Sideswipe, same direction (left or right)",Conflict with vehicle in adjacent lane,
31297605,0,800,4400,7400,Crash,II - Police-reportable Crash,Road departure (left or right),Single vehicle conflict,
148920134,0,3800,8500,9100,Near-Crash,Not a Crash,"Rear-end, striking",Conflict with a lead vehicle,
29858071,0,3400,3700,6400,Near-Crash,Not a Crash,"Sideswipe, same direction (left or right)",Conflict with merging vehicle,
151878905,0,200,900,2000,Near-Crash,Not a Crash,Straight crossing path,Conflict with vehicle moving across another vehicle path (through intersection),
151859956,0,1100,2500,2600,Near-Crash,Not a Crash,Pedestrian-related,Conflict with pedestrian,
15396984,0,1300,2300,3400,Crash,III  - Minor Crash,"Rear-end, striking",Conflict with a lead vehicle,
134096071,0,2600,3100,5400,Near-Crash,Not a Crash,Other,Single vehicle conflict,
151568385,0,9100,9400,9800,Near-Crash,Not a Crash,"Rear-end, striking",Conflict with a lead vehicle,
151568421,0,3300,5300,7400,Near-Crash,Not a Crash,"Rear-end, striking",Conflict with a lead vehicle,
151576347,0,8700,9700,9800,Near-Crash,Not a Crash,"Rear-end, striking",Conflict with a lead vehicle,
151860001,0,1800,4500,5500,Near-Crash,Not a Crash,"Rear-end, striking",Conflict with a lead vehicle,
151864881,0,200,8500,9500,Near-Crash,Not a Crash,Other,Single vehicle conflict,
151611680,0,1600,3000,3100,Near-Crash,Not a Crash,Opposite direction (head-on or sideswipe),Conflict with oncoming traffic,
31297566,0,,1600,4100,Crash,IV - Low-risk Tire Strike,Road departure (left or right),Single vehicle conflict,
22594192,0,700,9900,12900,Near-Crash,Not a Crash,"Rear-end, striking",Conflict with a lead vehicle,
22592644,0,1300,2000,2400,Near-Crash,Not a Crash,"Rear-end, striking",Conflict with a lead vehicle,
151573898,0,200,1200,1900,Near-Crash,Not a Crash,"Sideswipe, same direction (left or right)",Conflict with vehicle in adjacent lane,
151314020,0,3000,5200,6200,Near-Crash,Not a Crash,"Rear-end, striking",Conflict with a lead vehicle,
132528457,0,3100,2800,4600,Crash,IV - Low-risk Tire Strike,Road departure (left or right),Single vehicle conflict,
17750217,0,1400,5700,6900,Near-Crash,Not a Crash,"Rear-end, striking",Conflict with a lead vehicle,
33574937,0,1500,1200,2700,Crash,III  - Minor Crash,Road departure (left or right),Single vehicle conflict,
151569157,0,1100,6700,7700,Near-Crash,Not a Crash,"Rear-end, striking",Conflict with a lead vehicle,
151568396,0,1600,2800,3900,Near-Crash,Not a Crash,"Rear-end, striking",Conflict with a lead vehicle,
151865026,0,,700,1600,Crash,III  - Minor Crash,Road departure (left or right),Single vehicle conflict,
135958388,0,1500,2700,3300,Near-Crash,Not a Crash,"Rear-end, striking",Conflict with a lead vehicle,
134938094,0,1700,4200,5200,Near-Crash,Not a Crash,"Rear-end, striking",Conflict with a lead vehicle,
61385938,0,600,1300,2800,Near-Crash,Not a Crash,Animal-related,Conflict with animal,
61432362,0,800,2900,4000,Near-Crash,Not a Crash,Turn across path,Conflict with vehicle turning across another vehicle path (same direction),
151573024,0,200,1500,3700,Near-Crash,Not a Crash,Animal-related,Conflict with animal,
151352210,0,300,5300,6700,Near-Crash,Not a Crash,"Rear-end, striking",Conflict with a lead vehicle,
151593421,0,1000,2400,3200,Near-Crash,Not a Crash,"Rear-end, striking",Conflict with a lead vehicle,
151878897,0,400,1600,1900,Near-Crash,Not a Crash,Turn into path (opposite direction),Conflict with vehicle turning into another vehicle path (opposite direction),
135085881,0,1400,3100,4100,Near-Crash,Not a Crash,"Rear-end, striking",Conflict with a lead vehicle,
136043271,0,,3100,3300,Near-Crash,Not a Crash,"Rear-end, struck",Conflict with a following vehicle,
151864952,0,400,2100,2100,Near-Crash,Not a Crash,Turn across path,Conflict with vehicle turning across another vehicle path (opposite direction),
151589506,0,1000,1800,2500,Near-Crash,Not a Crash,"Rear-end, striking",Conflict with vehicle in adjacent lane,
61114308,0,,1300,4000,Crash,IV - Low-risk Tire Strike,Road departure (left or right),Single vehicle conflict,
36812439,0,,2900,3800,Crash,III  - Minor Crash,Backing into traffic,Conflict with parked vehicle,
151337416,0,600,2200,3300,Near-Crash,Not a Crash,Turn into path (same direction),Conflict with vehicle turning into another vehicle path (same direction),
14869509,0,2500,3900,5000,Near-Crash,Not a Crash,"Rear-end, striking",Conflict with a lead vehicle,
151576350,0,300,5700,9900,Near-Crash,Not a Crash,"Rear-end, striking",Conflict with a lead vehicle,
16662336,0,1200,2300,2800,Near-Crash,Not a Crash,"Rear-end, striking",Conflict with a lead vehicle,
15396987,0,1600,2200,2800,Near-Crash,Not a Crash,"Rear-end, striking",Conflict with a lead vehicle,
151859395,0,4800,7600,8600,Near-Crash,Not a Crash,"Rear-end, striking",Conflict with a lead vehicle,
131286560,0,2100,5100,5900,Near-Crash,Not a Crash,Animal-related,Conflict with animal,
142050929,0,600,1400,1900,Near-Crash,Not a Crash,Animal-related,Conflict with animal,
24516455,0,4000,3500,6100,Crash,II - Police-reportable Crash,Road departure (left or right),Single vehicle conflict,
151856661,0,,3900,5200,Crash,III  - Minor Crash,Road departure (left or right),Single vehicle conflict,
151856680,0,1000,4400,5700,Near-Crash,Not a Crash,Road departure (left or right),Single vehicle conflict,
14869516,0,4900,5600,7000,Near-Crash,Not a Crash,"Rear-end, striking",Conflict with a lead vehicle,
20715057,0,3000,3200,5000,Near-Crash,Not a Crash,"Rear-end, striking",Conflict with a lead vehicle,
14869514,0,1300,2900,5900,Near-Crash,Not a Crash,"Rear-end, striking",Conflict with a lead vehicle,
35257225,0,3400,3800,5900,Near-Crash,Not a Crash,Road departure (left or right),Single vehicle conflict,
133755485,0,1500,1700,2500,Near-Crash,Not a Crash,"Sideswipe, same direction (left or right)",Conflict with vehicle in adjacent lane,
151856663,0,1400,2300,3200,Near-Crash,Not a Crash,Turn into path (same direction),Conflict with vehicle turning into another vehicle path (same direction),
151568453,0,500,1700,3800,Near-Crash,Not a Crash,Animal-related,Conflict with animal,
29880031,0,1200,2700,3900,Near-Crash,Not a Crash,"Rear-end, striking",Conflict with vehicle in adjacent lane,
29858068,0,2300,6700,7900,Crash,III  - Minor Crash,Road departure (end),Single vehicle conflict,
151337518,0,100,1900,5400,Near-Crash,Not a Crash,Animal-related,Conflict with animal,
151579587,0,1700,5600,6100,Near-Crash,Not a Crash,"Rear-end, striking",Conflict with merging vehicle,
44269460,0,,4000,5600,Crash,III  - Minor Crash,"Rear-end, struck",Conflict with a following vehicle,
29878402,0,2000,4100,7300,Near-Crash,Not a Crash,Turn into path (opposite direction),Conflict with vehicle turning into another vehicle path (opposite direction),
20714955,0,2600,4600,7800,Near-Crash,Not a Crash,"Rear-end, striking",Conflict with a lead vehicle,
151878941,0,2100,3800,4200,Near-Crash,Not a Crash,Turn into path (same direction),Conflict with vehicle turning into another vehicle path (same direction),
151878868,0,4400,4700,5200,Near-Crash,Not a Crash,"Rear-end, striking",Conflict with a lead vehicle,
128906466,0,,1500,2500,Crash,IV - Low-risk Tire Strike,Road departure (left or right),Single vehicle conflict,
151864855,0,1800,3200,4100,Near-Crash,Not a Crash,"Rear-end, striking",Conflict with a lead vehicle,
151569279,0,7700,8200,9500,Near-Crash,Not a Crash,"Sideswipe, same direction (left or right)",Conflict with vehicle in adjacent lane,
151586341,0,600,2700,4300,Near-Crash,Not a Crash,"Rear-end, striking",Conflict with a lead vehicle,
76264689,0,1400,4100,6600,Crash,III  - Minor Crash,Animal-related,Conflict with animal,
151864954,0,600,2700,3200,Near-Crash,Not a Crash,"Rear-end, striking",Conflict with a lead vehicle,
151572346,0,1400,4400,4600,Near-Crash,Not a Crash,"Rear-end, striking",Conflict with a lead vehicle,
61216653,0,1000,1100,2900,Crash,III  - Minor Crash,Road departure (left or right),Single vehicle conflict,
151866538,0,1900,2900,3400,Near-Crash,Not a Crash,"Rear-end, striking",Conflict with a lead vehicle,
17749338,0,4400,6500,9500,Near-Crash,Not a Crash,"Rear-end, striking",Conflict with a lead vehicle,
115730542,0,2700,4100,5600,Near-Crash,Not a Crash,Turn into path (same direction),Conflict with vehicle turning into another vehicle path (same direction),
30883520,0,700,1500,3000,Near-Crash,Not a Crash,"Rear-end, striking",Conflict with a lead vehicle,
36812423,0,700,2600,3100,Near-Crash,Not a Crash,Turn into path (opposite direction),Conflict with vehicle turning into another vehicle path (opposite direction),
151866539,0,200,2500,3500,Near-Crash,Not a Crash,"Rear-end, striking",Conflict with a lead vehicle,
151862034,0,1800,3000,3100,Near-Crash,Not a Crash,"Rear-end, striking",Conflict with a lead vehicle,
151568588,0,2500,2800,3600,Near-Crash,Not a Crash,"Rear-end, striking",Conflict with a lead vehicle,
151859794,0,900,2700,3600,Near-Crash,Not a Crash,"Rear-end, striking",Conflict with a lead vehicle,
29877169,0,3700,4700,6600,Near-Crash,Not a Crash,"Rear-end, striking",Conflict with a lead vehicle,
143320658,0,5000,5600,7400,Near-Crash,Not a Crash,"Sideswipe, same direction (left or right)",Conflict with vehicle in adjacent lane,
31297544,0,,2000,3800,Crash,IV - Low-risk Tire Strike,Road departure (left or right),Single vehicle conflict,
151606791,0,2300,2900,3100,Near-Crash,Not a Crash,Turn across path,Conflict with vehicle turning across another vehicle path (opposite direction),
151570559,0,200,800,1500,Near-Crash,Not a Crash,"Rear-end, striking",Conflict with vehicle in adjacent lane,
151865028,0,,2900,3400,Crash,IV - Low-risk Tire Strike,Road departure (left or right),Single vehicle conflict,
151569682,0,3500,5500,6200,Near-Crash,Not a Crash,"Rear-end, striking",Conflict with a lead vehicle,
151581044,0,2700,4800,5300,Near-Crash,Not a Crash,Turn across path,Conflict with vehicle turning across another vehicle path (same direction),
151586127,0,1000,3500,4400,Near-Crash,Not a Crash,"Rear-end, striking",Conflict with a lead vehicle,
151595170,0,400,6300,6700,Near-Crash,Not a Crash,Other,Conflict with obstacle/object in roadway,
142260843,0,800,2500,3100,Near-Crash,Not a Crash,"Sideswipe, same direction (left or right)",Conflict with vehicle in adjacent lane,
151579582,0,5800,7700,8100,Near-Crash,Not a Crash,Backing into traffic,Conflict with a lead vehicle,
151589629,0,600,1700,2900,Near-Crash,Not a Crash,"Rear-end, striking",Conflict with vehicle in adjacent lane,
151581059,0,,600,1800,Near-Crash,Not a Crash,"Sideswipe, same direction (left or right)",Conflict with vehicle in adjacent lane,
151854768,0,2500,2800,3900,Near-Crash,Not a Crash,Pedestrian-related,Conflict with pedestrian,
151582993,0,900,6500,6500,Near-Crash,Not a Crash,"Rear-end, striking",Conflict with a lead vehicle,
151545426,0,3000,4900,6700,Crash,III  - Minor Crash,Road departure (left or right),Single vehicle conflict,
151592977,0,800,2400,4700,Near-Crash,Not a Crash,"Rear-end, striking",Conflict with a lead vehicle,
128888434,0,2900,5700,11300,Near-Crash,Not a Crash,Other,Single vehicle conflict,
151864880,0,100,2300,3100,Crash,IV - Low-risk Tire Strike,Road departure (left or right),Single vehicle conflict,
29714726,0,,2700,5000,Crash,III  - Minor Crash,Road departure (left or right),Single vehicle conflict,
136249936,0,2200,3300,3400,Near-Crash,Not a Crash,"Rear-end, striking",Conflict with a lead vehicle,
151568968,0,1300,2500,3500,Near-Crash,Not a Crash,"Rear-end, striking",Conflict with a lead vehicle,
151586355,0,6800,9100,9300,Near-Crash,Not a Crash,"Rear-end, striking",Conflict with a lead vehicle,
29858008,0,700,3100,3800,Near-Crash,Not a Crash,Turn into path (same direction),Conflict with vehicle turning into another vehicle path (same direction),
151589149,0,3500,4500,5400,Near-Crash,Not a Crash,"Rear-end, striking",Conflict with vehicle in adjacent lane,
151592973,0,600,1600,2900,Near-Crash,Not a Crash,"Sideswipe, same direction (left or right)",Conflict with vehicle in adjacent lane,
151609117,0,2200,2600,3200,Crash,III  - Minor Crash,"Backing, fixed object",Conflict with obstacle/object in roadway,
151610516,0,400,1000,2500,Near-Crash,Not a Crash,"Sideswipe, same direction (left or right)",Conflict with vehicle in adjacent lane,
151352087,0,,2100,3700,Crash,IV - Low-risk Tire Strike,Road departure (left or right),Single vehicle conflict,
151568626,0,500,1900,2100,Near-Crash,Not a Crash,"Sideswipe, same direction (left or right)",Conflict with vehicle in adjacent lane,
151573791,0,1000,3500,4100,Near-Crash,Not a Crash,"Rear-end, striking",Conflict with vehicle in adjacent lane,
134054687,0,1900,2800,3200,Near-Crash,Not a Crash,Turn into path (opposite direction),Conflict with vehicle turning into another vehicle path (opposite direction),
22303761,0,800,2000,4100,Near-Crash,Not a Crash,"Rear-end, striking",Conflict with a lead vehicle,
151878885,0,1500,2500,2800,Near-Crash,Not a Crash,Turn into path (same direction),Conflict with vehicle turning into another vehicle path (same direction),
151859841,0,400,3700,4200,Near-Crash,Not a Crash,"Rear-end, striking",Conflict with a lead vehicle,
151558443,0,2300,5600,6100,Near-Crash,Not a Crash,"Rear-end, striking",Conflict with a lead vehicle,
132620447,0,3600,4700,5600,Near-Crash,Not a Crash,Backing into traffic,Conflict with parked vehicle,
151856572,0,700,1500,2500,Near-Crash,Not a Crash,"Rear-end, struck",Conflict with a following vehicle,
151856582,0,100,800,1600,Near-Crash,Not a Crash,"Rear-end, striking",Conflict with a lead vehicle,
151856640,0,700,900,2000,Near-Crash,Not a Crash,"Sideswipe, same direction (left or right)",Conflict with vehicle in adjacent lane,
151856660,0,0,3700,4300,Near-Crash,Not a Crash,"Rear-end, striking",Conflict with a lead vehicle,
151865118,0,800,1500,2500,Near-Crash,Not a Crash,"Rear-end, struck",Conflict with a following vehicle,
151878945,0,1100,1700,2100,Near-Crash,Not a Crash,Road departure (left or right),Single vehicle conflict,
142050962,0,900,1400,1800,Near-Crash,Not a Crash,Animal-related,Conflict with animal,
151603388,0,1000,2000,2900,Near-Crash,Not a Crash,"Sideswipe, same direction (left or right)",Conflict with vehicle in adjacent lane,
151859935,0,600,1800,2100,Near-Crash,Not a Crash,"Rear-end, striking",Conflict with a lead vehicle,
151590879,0,100,3100,5800,Near-Crash,Not a Crash,"Rear-end, striking",Conflict with vehicle in adjacent lane,
151859864,0,700,2200,3000,Near-Crash,Not a Crash,Animal-related,Conflict with animal,
151861979,0,1000,1700,2800,Near-Crash,Not a Crash,Turn across path,Conflict with vehicle turning across another vehicle path (opposite direction),
151553262,0,,12500,13600,Crash,III  - Minor Crash,"Backing, fixed object",Conflict with obstacle/object in roadway,
31297556,0,500,1800,2200,Near-Crash,Not a Crash,Turn into path (same direction),Conflict with vehicle turning into another vehicle path (same direction),
151859867,0,900,2200,2600,Near-Crash,Not a Crash,Turn into path (opposite direction),Conflict with vehicle turning into another vehicle path (opposite direction),
138364520,0,3000,4800,5100,Near-Crash,Not a Crash,"Rear-end, striking",Conflict with a lead vehicle,
151593366,0,600,1500,2900,Near-Crash,Not a Crash,"Sideswipe, same direction (left or right)",Conflict with merging vehicle,
151545448,0,2300,3000,3300,Crash,III  - Minor Crash,Other,Conflict with obstacle/object in roadway,
151351946,0,,3600,4300,Crash,IV - Low-risk Tire Strike,Road departure (end),Single vehicle conflict,
151568628,0,1800,3500,5300,Near-Crash,Not a Crash,Road departure (left or right),Single vehicle conflict,
136273184,0,300,1700,1900,Near-Crash,Not a Crash,Animal-related,Conflict with animal,
60632617,0,,1900,4700,Crash,III  - Minor Crash,Road departure (left or right),Single vehicle conflict,
151584409,0,500,2500,3100,Near-Crash,Not a Crash,Opposite direction (head-on or sideswipe),Conflict with oncoming traffic,
142007439,0,2800,2400,4100,Near-Crash,Not a Crash,Other,Single vehicle conflict,
151601463,0,2300,2400,3700,Near-Crash,Not a Crash,"Sideswipe, same direction (left or right)",Conflict with vehicle in adjacent lane,
150714360,0,300,1000,2000,Near-Crash,Not a Crash,Opposite direction (head-on or sideswipe),Conflict with oncoming traffic,
151568865,0,300,3500,7200,Near-Crash,Not a Crash,"Rear-end, striking",Conflict with a lead vehicle,
151859971,0,500,2400,3300,Near-Crash,Not a Crash,"Rear-end, striking",Conflict with a lead vehicle,
60633156,0,,2200,2800,Crash,IV - Low-risk Tire Strike,Road departure (left or right),Single vehicle conflict,
29859120,0,1600,2200,3800,Near-Crash,Not a Crash,"Sideswipe, same direction (left or right)",Conflict with vehicle in adjacent lane,
136464139,0,2500,4600,5600,Near-Crash,Not a Crash,Turn across path,Conflict with vehicle turning across another vehicle path (opposite direction),
29858005,0,500,2100,2500,Near-Crash,Not a Crash,Straight crossing path,Conflict with vehicle moving across another vehicle path (through intersection),
151576356,0,1200,1900,2700,Near-Crash,Not a Crash,"Rear-end, striking",Conflict with a lead vehicle,
61432377,0,1500,2800,5100,Near-Crash,Not a Crash,"Rear-end, striking",Conflict with a lead vehicle,
61114306,0,2100,2300,3800,Crash,IV - Low-risk Tire Strike,Road departure (left or right),Single vehicle conflict,
61432393,0,700,1400,2500,Near-Crash,Not a Crash,"Rear-end, striking",Conflict with vehicle in adjacent lane,
132701633,0,3400,4300,5500,Near-Crash,Not a Crash,"Rear-end, striking",Conflict with a lead vehicle,
61426801,0,1600,2700,3900,Near-Crash,Not a Crash,"Rear-end, striking",Conflict with a lead vehicle,
151611074,0,100,700,1800,Near-Crash,Not a Crash,Animal-related,Conflict with animal,
10528168,0,800,1300,2500,Crash,I - Most Severe,"Rear-end, striking",Conflict with a lead vehicle,
35333352,0,0,700,2400,Near-Crash,Not a Crash,"Sideswipe, same direction (left or right)",Conflict with vehicle in adjacent lane,
35257237,0,2500,3200,4500,Crash,III  - Minor Crash,Road departure (left or right),Single vehicle conflict,
29880063,0,3000,4400,4800,Near-Crash,Not a Crash,"Rear-end, striking",Conflict with vehicle in adjacent lane,
151547056,0,2000,2700,3200,Near-Crash,Not a Crash,"Rear-end, striking",Conflict with a lead vehicle,
29878419,0,1900,2400,5300,Near-Crash,Not a Crash,"Rear-end, striking",Conflict with a lead vehicle,
151596589,0,2500,4100,4200,Near-Crash,Not a Crash,"Rear-end, striking",Conflict with a lead vehicle,
10612729,0,4700,8800,9400,Near-Crash,Not a Crash,"Rear-end, striking",Conflict with a lead vehicle,
151084864,0,400,3000,3400,Near-Crash,Not a Crash,"Rear-end, striking",Conflict with a lead vehicle,
60632639,0,,1700,2400,Crash,IV - Low-risk Tire Strike,Road departure (left or right),Single vehicle conflict,
151572349,0,200,1700,2200,Near-Crash,Not a Crash,Straight crossing path,Conflict with vehicle moving across another vehicle path (through intersection),
17749342,0,2900,7300,7700,Near-Crash,Not a Crash,"Rear-end, striking",Conflict with a lead vehicle,
33575115,0,600,2100,2900,Near-Crash,Not a Crash,"Rear-end, striking",Conflict with a lead vehicle,
133754503,0,,1900,3100,Crash,IV - Low-risk Tire Strike,Road departure (left or right),Single vehicle conflict,
33574925,0,7300,7100,8500,Crash,III  - Minor Crash,Road departure (left or right),Single vehicle conflict,
151859580,0,300,3600,5600,Near-Crash,Not a Crash,"Rear-end, striking",Conflict with a lead vehicle,
29730842,0,5700,5200,6300,Crash,IV - Low-risk Tire Strike,Road departure (end),Single vehicle conflict,
151569271,0,3200,3400,6400,Crash,III  - Minor Crash,Other,Conflict with obstacle/object in roadway,
35257207,0,400,3900,5700,Near-Crash,Not a Crash,Road departure (left or right),Single vehicle conflict,
142005444,0,6900,6400,9400,Crash,IV - Low-risk Tire Strike,Road departure (left or right),Single vehicle conflict,
61111546,0,,900,2600,Crash,IV - Low-risk Tire Strike,Road departure (left or right),Single vehicle conflict,
35257234,0,,300,9200,Crash,I - Most Severe,Animal-related,Conflict with animal,
151607845,0,1600,2200,2800,Near-Crash,Not a Crash,Other,Conflict with parked vehicle,
151866543,0,800,3000,5000,Near-Crash,Not a Crash,"Rear-end, striking",Conflict with a lead vehicle,
151603387,0,400,1300,1600,Near-Crash,Not a Crash,"Sideswipe, same direction (left or right)",Conflict with vehicle in adjacent lane,
151600339,0,1500,3300,3700,Near-Crash,Not a Crash,"Rear-end, striking",Conflict with merging vehicle,
138364478,0,1200,4700,5500,Near-Crash,Not a Crash,"Rear-end, striking",Conflict with a lead vehicle,
29858026,0,2300,3500,4800,Near-Crash,Not a Crash,"Rear-end, striking",Conflict with a lead vehicle,
151569098,0,600,1900,2300,Near-Crash,Not a Crash,"Rear-end, striking",Conflict with a lead vehicle,
31297579,0,400,700,1600,Near-Crash,Not a Crash,"Rear-end, striking",Conflict with a lead vehicle,
133753425,0,400,3500,4600,Near-Crash,Not a Crash,"Rear-end, striking",Conflict with a lead vehicle,
151607773,0,1900,3100,4100,Near-Crash,Not a Crash,"Rear-end, striking",Conflict with a lead vehicle,
151569088,0,400,1300,1900,Near-Crash,Not a Crash,"Rear-end, striking",Conflict with vehicle in adjacent lane,
60633141,0,5400,6100,7000,Near-Crash,Not a Crash,Turn across path,Conflict with vehicle turning across another vehicle path (opposite direction),
151865110,0,,2100,2300,Crash,III  - Minor Crash,Other,Conflict with obstacle/object in roadway,
60631669,0,100,3500,5100,Near-Crash,Not a Crash,Animal-related,Conflict with animal,
151547141,0,2300,4800,5300,Near-Crash,Not a Crash,"Rear-end, striking",Conflict with vehicle in adjacent lane,
151568697,0,1600,1900,3500,Near-Crash,Not a Crash,"Sideswipe, same direction (left or right)",Conflict with vehicle in adjacent lane,
61216649,0,3600,4000,5700,Near-Crash,Not a Crash,"Sideswipe, same direction (left or right)",Conflict with vehicle in adjacent lane,
23668565,0,1000,3800,5300,Crash,II - Police-reportable Crash,"Rear-end, striking",Conflict with a lead vehicle,
31567668,0,600,2100,3000,Near-Crash,Not a Crash,Turn into path (opposite direction),Conflict with vehicle turning into another vehicle path (opposite direction),
151569168,0,2300,2800,5300,Near-Crash,Not a Crash,"Rear-end, striking",Conflict with vehicle in adjacent lane,
151878881,0,1200,2800,4700,Near-Crash,Not a Crash,"Rear-end, striking",Conflict with a lead vehicle,
151570602,0,4700,5300,6200,Near-Crash,Not a Crash,"Rear-end, striking",Conflict with a lead vehicle,
31567660,0,,6300,7900,Crash,IV - Low-risk Tire Strike,Road departure (left or right),Single vehicle conflict,
151568597,0,1700,2300,2700,Near-Crash,Not a Crash,"Rear-end, striking",Conflict with a lead vehicle,
30881804,0,2000,3700,8900,Near-Crash,Not a Crash,Road departure (left or right),Single vehicle conflict,
31281068,0,500,3500,4800,Crash,IV - Low-risk Tire Strike,Road departure (left or right),Single vehicle conflict,
9886406,0,,1600,3400,Crash,II - Police-reportable Crash,"Rear-end, struck",Conflict with a following vehicle,
151573869,0,4200,4800,5300,Near-Crash,Not a Crash,"Rear-end, striking",Conflict with a lead vehicle,
151337540,0,700,1700,3500,Near-Crash,Not a Crash,Animal-related,Conflict with animal,
10528253,0,2100,2800,4000,Crash,II - Police-reportable Crash,"Rear-end, striking",Conflict with a lead vehicle,
14869515,0,3000,5800,6200,Near-Crash,Not a Crash,"Rear-end, striking",Conflict with a lead vehicle,
33575102,0,500,1800,4300,Near-Crash,Not a Crash,Straight crossing path,Other,
151569247,0,800,5000,5800,Near-Crash,Not a Crash,"Rear-end, striking",Conflict with a lead vehicle,
61114307,0,,4300,6000,Crash,III  - Minor Crash,Road departure (left or right),Single vehicle conflict,
151865052,0,100,9100,9800,Near-Crash,Not a Crash,"Rear-end, striking",Conflict with a lead vehicle,
151866541,0,1600,4200,4800,Near-Crash,Not a Crash,"Rear-end, striking",Conflict with a lead vehicle,
151854730,0,,11000,12100,Crash,III  - Minor Crash,"Backing, fixed object",Conflict with obstacle/object in roadway,
67465642,0,2900,4700,7200,Near-Crash,Not a Crash,"Rear-end, striking",Conflict with a lead vehicle,
151878909,0,500,1100,1700,Near-Crash,Not a Crash,Turn into path (same direction),Conflict with vehicle turning into another vehicle path (same direction),
142005167,0,1100,2400,3200,Near-Crash,Not a Crash,"Rear-end, striking",Conflict with a lead vehicle,
29858035,0,700,1100,2500,Near-Crash,Not a Crash,"Sideswipe, same direction (left or right)",Conflict with vehicle in adjacent lane,
143097018,0,2000,2900,4900,Near-Crash,Not a Crash,Turn into path (same direction),Conflict with vehicle turning into another vehicle path (same direction),
30883594,0,2000,5100,5900,Near-Crash,Not a Crash,Turn into path (opposite direction),Conflict with vehicle turning into another vehicle path (opposite direction),
143062554,0,1500,4400,5500,Near-Crash,Not a Crash,Turn into path (same direction),Conflict with vehicle turning into another vehicle path (same direction),
151337471,0,2100,2200,3100,Near-Crash,Not a Crash,Road departure (left or right),Single vehicle conflict,
151084839,0,300,1700,2800,Near-Crash,Not a Crash,Turn across path,Conflict with vehicle turning across another vehicle path (same direction),
143062678,0,2100,4200,5000,Near-Crash,Not a Crash,"Rear-end, striking",Conflict with a lead vehicle,
15363631,0,2100,4500,5200,Near-Crash,Not a Crash,"Rear-end, striking",Conflict with a lead vehicle,
135126554,0,800,2400,4700,Near-Crash,Not a Crash,"Rear-end, striking",Conflict with a lead vehicle,
151337685,0,400,3100,5400,Near-Crash,Not a Crash,Turn into path (opposite direction),Conflict with vehicle turning into another vehicle path (opposite direction),
150883779,0,800,1500,2300,Near-Crash,Not a Crash,"Rear-end, striking",Conflict with a lead vehicle,
151337789,0,1100,1900,3000,Near-Crash,Not a Crash,Turn into path (opposite direction),Conflict with vehicle turning into another vehicle path (opposite direction),
151568777,0,200,600,1800,Near-Crash,Not a Crash,"Sideswipe, same direction (left or right)",Conflict with vehicle in adjacent lane,
151600579,0,800,2300,3600,Near-Crash,Not a Crash,Turn into path (same direction),Conflict with vehicle turning into another vehicle path (same direction),
29878391,0,,2600,4400,Crash,IV - Low-risk Tire Strike,Road departure (left or right),Single vehicle conflict,
151568981,0,300,1400,2500,Near-Crash,Not a Crash,"Sideswipe, same direction (left or right)",Conflict with vehicle in adjacent lane,
145435329,0,4100,4700,6800,Near-Crash,Not a Crash,"Rear-end, striking",Conflict with a lead vehicle,
151593432,0,500,2000,3000,Near-Crash,Not a Crash,"Rear-end, striking",Conflict with a lead vehicle,
151864840,0,,1700,2600,Crash,III  - Minor Crash,Other,Conflict with obstacle/object in roadway,
151352191,0,500,4600,5400,Near-Crash,Not a Crash,"Rear-end, striking",Conflict with a lead vehicle,
24117847,0,200,2100,4300,Near-Crash,Not a Crash,Animal-related,Conflict with animal,
31297553,0,300,3100,3500,Near-Crash,Not a Crash,"Rear-end, striking",Conflict with a lead vehicle,
151578941,0,500,800,1700,Near-Crash,Not a Crash,"Sideswipe, same direction (left or right)",Conflict with vehicle in adjacent lane,
31297568,0,2100,2600,3700,Near-Crash,Not a Crash,"Sideswipe, same direction (left or right)",Conflict with vehicle in adjacent lane,
33574933,0,600,1700,3000,Near-Crash,Not a Crash,Turn across path,Conflict with vehicle turning across another vehicle path (opposite direction),
151865038,0,500,4900,7100,Near-Crash,Not a Crash,"Rear-end, striking",Conflict with a lead vehicle,
151878893,0,700,1400,1900,Near-Crash,Not a Crash,"Sideswipe, same direction (left or right)",Conflict with vehicle in adjacent lane,
10858439,0,800,5900,7300,Near-Crash,Not a Crash,"Rear-end, striking",Conflict with a lead vehicle,
10528252,0,2500,3300,4800,Crash,II - Police-reportable Crash,"Rear-end, striking",Conflict with a lead vehicle,
35258180,0,400,2300,6100,Near-Crash,Not a Crash,"Rear-end, striking",Conflict with a lead vehicle,
61111556,0,,3000,5100,Crash,IV - Low-risk Tire Strike,Road departure (left or right),Single vehicle conflict,
61033660,0,,1600,3600,Crash,IV - Low-risk Tire Strike,Road departure (left or right),Single vehicle conflict,
151592152,0,2100,3900,4600,Near-Crash,Not a Crash,"Rear-end, striking",Conflict with a lead vehicle,
151856782,0,,300,5600,Crash,IV - Low-risk Tire Strike,Road departure (left or right),Single vehicle conflict,
33994006,0,1600,4000,6400,Near-Crash,Not a Crash,Turn into path (opposite direction),Conflict with vehicle turning into another vehicle path (opposite direction),
151569026,0,,6500,8000,Crash,IV - Low-risk Tire Strike,Road departure (left or right),Single vehicle conflict,
151581532,0,700,1600,2500,Near-Crash,Not a Crash,"Sideswipe, same direction (left or right)",Conflict with vehicle in adjacent lane,
151549190,0,1900,1500,6200,Crash,III  - Minor Crash,Road departure (left or right),Single vehicle conflict,
33574936,0,,3600,4500,Crash,IV - Low-risk Tire Strike,Road departure (left or right),Single vehicle conflict,
136174965,0,2600,4100,5400,Near-Crash,Not a Crash,"Rear-end, striking",Conflict with a lead vehicle,
29859133,0,1000,1600,3300,Near-Crash,Not a Crash,Turn into path (opposite direction),Conflict with vehicle turning into another vehicle path (opposite direction),
142005170,0,3500,6800,6800,Near-Crash,Not a Crash,"Rear-end, striking",Conflict with a lead vehicle,
151549042,0,1900,8700,9100,Near-Crash,Not a Crash,"Rear-end, striking",Conflict with a lead vehicle,
151859403,0,1500,2800,5300,Near-Crash,Not a Crash,"Rear-end, striking",Conflict with a lead vehicle,
151084857,0,3200,3900,5800,Near-Crash,Not a Crash,Road departure (left or right),Single vehicle conflict,
151864820,0,,800,7200,Crash,IV - Low-risk Tire Strike,Road departure (left or right),Single vehicle conflict,"A vehicle experienced a tire strike, which led to a single-vehicle conflict where the vehicle departed from the road, either to the left or right. This incident occurred during daylight hours in a business or industrial area with moderate traffic flow (some restrictions but generally smooth flow). The weather conditions were favorable with no adverse conditions, and the road surface was dry. This combination of factors resulted in the vehicle losing control and leaving the road."
136301761,0,600,3800,4100,Near-Crash,Not a Crash,"Rear-end, striking",Conflict with a lead vehicle,
31297600,0,0,500,6200,Crash,IV - Low-risk Tire Strike,Road departure (left or right),Single vehicle conflict,
29859135,0,,3400,4700,Crash,III  - Minor Crash,Road departure (left or right),Single vehicle conflict,
151856524,0,200,1700,2400,Near-Crash,Not a Crash,"Sideswipe, same direction (left or right)",Conflict with vehicle in adjacent lane,
61033663,0,,2800,4400,Crash,IV - Low-risk Tire Strike,Road departure (left or right),Single vehicle conflict,
158216121,0,,1300,2200,Crash,III  - Minor Crash,Other,Conflict with parked vehicle,
151878840,0,100,1600,2000,Near-Crash,Not a Crash,"Rear-end, striking",Conflict with a lead vehicle,
151607143,0,3000,4300,4500,Near-Crash,Not a Crash,Turn into path (opposite direction),Conflict with vehicle turning into another vehicle path (opposite direction),
151589511,0,900,1600,4300,Near-Crash,Not a Crash,"Rear-end, striking",Conflict with vehicle in adjacent lane,
30883562,0,800,3800,4200,Near-Crash,Not a Crash,"Rear-end, striking",Conflict with a lead vehicle,
96898043,0,2200,3400,8100,Near-Crash,Not a Crash,"Rear-end, striking",Conflict with a lead vehicle,
29859087,0,1800,2700,3100,Near-Crash,Not a Crash,Straight crossing path,Other,
31567662,0,500,1400,4100,Near-Crash,Not a Crash,Turn across path,Conflict with vehicle turning across another vehicle path (opposite direction),
29858017,0,200,1400,6000,Near-Crash,Not a Crash,Turn into path (opposite direction),Conflict with vehicle turning into another vehicle path (opposite direction),
29877164,0,400,2200,8500,Near-Crash,Not a Crash,Turn across path,Conflict with vehicle turning across another vehicle path (opposite direction),
151859913,0,1800,4000,4800,Near-Crash,Not a Crash,"Rear-end, striking",Conflict with a lead vehicle,
22595891,0,2800,4900,5400,Near-Crash,Not a Crash,"Rear-end, striking",Conflict with a lead vehicle,
151550795,0,2500,4300,5200,Near-Crash,Not a Crash,Turn into path (same direction),Conflict with vehicle turning into another vehicle path (same direction),
14869519,0,1900,6600,8600,Near-Crash,Not a Crash,"Rear-end, striking",Conflict with a lead vehicle,
61114319,0,,3500,5200,Crash,IV - Low-risk Tire Strike,Road departure (left or right),Single vehicle conflict,
151864819,0,4600,6100,7400,Near-Crash,Not a Crash,"Rear-end, striking",Conflict with a lead vehicle,
151568922,0,,4400,5900,Crash,IV - Low-risk Tire Strike,Road departure (left or right),Single vehicle conflict,
20714952,0,600,2200,3200,Near-Crash,Not a Crash,"Rear-end, striking",Conflict with vehicle in adjacent lane,
29878394,0,3800,5500,6200,Near-Crash,Not a Crash,Turn into path (same direction),Conflict with vehicle turning into another vehicle path (same direction),
151582987,0,100,1600,3600,Near-Crash,Not a Crash,"Sideswipe, same direction (left or right)",Conflict with vehicle in adjacent lane,
24517596,0,1800,1800,3900,Crash,II - Police-reportable Crash,Road departure (left or right),Single vehicle conflict,
138327870,0,2200,3300,3500,Near-Crash,Not a Crash,Turn into path (same direction),Conflict with vehicle turning into another vehicle path (same direction),"A near-crash occurred during daylight hours on a wet road in a business/industrial area. The traffic was flowing with some restrictions. A vehicle was turning into the path of another vehicle traveling in the same direction, causing a conflict. Fortunately, no actual collision occurred, but the situation was close enough to be classified as a near-crash. The weather conditions were not adverse, but the wet surface may have contributed to the hazardous situation. The incident highlights the importance of careful maneuvering and attention to other vehicles when changing lanes or turning."
151599176,0,3500,4800,6200,Near-Crash,Not a Crash,"Rear-end, striking",Conflict with a lead vehicle,
29730854,0,700,2300,4800,Crash,I - Most Severe,Turn into path (opposite direction),Conflict with vehicle turning into another vehicle path (opposite direction),
143083786,0,1700,3600,3800,Near-Crash,Not a Crash,"Rear-end, striking",Conflict with a lead vehicle,
128888437,0,2700,3100,4800,Near-Crash,Not a Crash,Pedestrian-related,Conflict with pedestrian,
33994007,0,2400,4100,6000,Near-Crash,Not a Crash,"Rear-end, striking",Conflict with a lead vehicle,
151352355,0,600,2000,2300,Near-Crash,Not a Crash,Animal-related,Conflict with animal,
151610517,0,300,2000,3000,Near-Crash,Not a Crash,Turn across path,Conflict with vehicle turning across another vehicle path (same direction),
33574927,0,800,1700,3100,Near-Crash,Not a Crash,"Sideswipe, same direction (left or right)",Conflict with vehicle in adjacent lane,
135130154,0,2500,4300,5500,Near-Crash,Not a Crash,Animal-related,Conflict with animal,
135427514,0,1000,2000,4200,Near-Crash,Not a Crash,"Rear-end, striking",Conflict with a lead vehicle,
96898052,0,,2200,3200,Crash,III  - Minor Crash,Other,Conflict with obstacle/object in roadway,
151584411,0,1700,2800,4000,Near-Crash,Not a Crash,"Rear-end, striking",Conflict with vehicle in adjacent lane,
61111548,0,300,1500,3200,Near-Crash,Not a Crash,Road departure (left or right),Single vehicle conflict,
151097936,0,3700,4800,5400,Near-Crash,Not a Crash,"Rear-end, striking",Conflict with a lead vehicle,
24518815,0,,4400,5800,Crash,IV - Low-risk Tire Strike,Road departure (end),Single vehicle conflict,
60632616,0,,5200,6000,Crash,IV - Low-risk Tire Strike,Road departure (left or right),Single vehicle conflict,
142050912,0,700,4600,5600,Near-Crash,Not a Crash,Turn into path (opposite direction),Conflict with vehicle turning into another vehicle path (opposite direction),
151589145,0,1800,2900,3000,Near-Crash,Not a Crash,"Rear-end, striking",Conflict with a lead vehicle,
24117818,0,300,1500,4000,Crash,III  - Minor Crash,Animal-related,Conflict with animal,
151587477,0,4200,5600,6100,Near-Crash,Not a Crash,Other,Conflict with parked vehicle,
29714711,0,5300,7200,8200,Crash,III  - Minor Crash,Road departure (left or right),Single vehicle conflict,
151587473,0,1900,3000,3500,Near-Crash,Not a Crash,Turn into path (same direction),Conflict with vehicle turning into another vehicle path (same direction),
36812422,0,800,1100,2200,Crash,III  - Minor Crash,Other,Conflict with parked vehicle,
33575088,0,4400,4200,5300,Crash,III  - Minor Crash,Road departure (left or right),Single vehicle conflict,
33575044,0,2200,2300,4800,Crash,II - Police-reportable Crash,Backing into traffic,Conflict with parked vehicle,
61426945,0,,2300,3300,Crash,III  - Minor Crash,Road departure (left or right),Single vehicle conflict,
33575043,0,600,3300,7200,Near-Crash,Not a Crash,Pedestrian-related,Conflict with pedestrian,
36304075,0,900,1900,6500,Near-Crash,Not a Crash,Turn across path,Conflict with vehicle turning across another vehicle path (opposite direction),
142050963,0,1100,3300,4800,Near-Crash,Not a Crash,Turn into path (opposite direction),Conflict with vehicle turning into another vehicle path (opposite direction),
132884347,0,1800,2800,5900,Near-Crash,Not a Crash,Road departure (left or right),Single vehicle conflict,
135427626,0,,4200,5700,Crash,IV - Low-risk Tire Strike,Other,Single vehicle conflict,
138630001,0,1900,4500,5800,Crash,III  - Minor Crash,Road departure (left or right),Single vehicle conflict,
133190070,0,300,2100,5700,Crash,III  - Minor Crash,Road departure (left or right),Single vehicle conflict,
142050965,0,1900,2500,4500,Near-Crash,Not a Crash,Backing into traffic,Other,
135947091,0,400,1300,2800,Near-Crash,Not a Crash,Animal-related,Conflict with animal,
151545526,0,900,1500,2300,Near-Crash,Not a Crash,"Sideswipe, same direction (left or right)",Conflict with vehicle in adjacent lane,
60631629,0,1800,2400,7600,Near-Crash,Not a Crash,"Sideswipe, same direction (left or right)",Conflict with vehicle in adjacent lane,
132520931,0,2200,5700,6700,Near-Crash,Not a Crash,"Rear-end, striking",Conflict with a lead vehicle,
151610558,0,1100,3300,4500,Near-Crash,Not a Crash,"Rear-end, striking",Conflict with a lead vehicle,
33994009,0,1400,4500,6700,Near-Crash,Not a Crash,Turn into path (same direction),Conflict with vehicle turning into another vehicle path (same direction),
151859412,0,1100,2500,3500,Near-Crash,Not a Crash,"Rear-end, striking",Conflict with vehicle in adjacent lane,
151864917,0,1000,2000,2800,Near-Crash,Not a Crash,"Rear-end, striking",Conflict with a lead vehicle,
17750276,0,1300,1700,2500,Near-Crash,Not a Crash,"Rear-end, striking",Conflict with a lead vehicle,"A near-crash occurred in an urban area during daylight hours with no adverse weather conditions and on a dry road surface. The traffic was heavy and unstable, with temporary restrictions that significantly slowed down drivers. In this situation, a vehicle almost collided with the car in front of it, narrowly avoiding a rear-end crash. The incident was a close call where the following vehicle nearly struck the lead vehicle from behind but managed to avoid a collision."
151352296,0,600,1800,1900,Near-Crash,Not a Crash,Straight crossing path,Conflict with vehicle moving across another vehicle path (through intersection),
64574234,0,1100,1700,3700,Near-Crash,Not a Crash,"Rear-end, striking",Conflict with a lead vehicle,
61427038,0,3100,4400,5800,Near-Crash,Not a Crash,Turn into path (opposite direction),Conflict with vehicle turning into another vehicle path (opposite direction),
14869520,0,2600,4100,5200,Near-Crash,Not a Crash,"Rear-end, striking",Conflict with a lead vehicle,
61033671,0,3300,3800,5300,Near-Crash,Not a Crash,Road departure (left or right),Single vehicle conflict,
151854594,0,600,1100,2200,Near-Crash,Not a Crash,"Rear-end, striking",Conflict with a lead vehicle,
151570701,0,,3900,5400,Crash,III  - Minor Crash,Road departure (left or right),Single vehicle conflict,
29877322,0,,3300,5000,Crash,III  - Minor Crash,Road departure (left or right),Single vehicle conflict,
135967716,0,700,1800,3300,Near-Crash,Not a Crash,"Rear-end, striking",Conflict with vehicle in adjacent lane,
151600568,0,900,3500,3500,Near-Crash,Not a Crash,Pedestrian-related,Conflict with pedestrian,
151864852,0,300,1200,2600,Near-Crash,Not a Crash,"Rear-end, striking",Conflict with a lead vehicle,
151552422,0,1200,2100,3100,Near-Crash,Not a Crash,Animal-related,Conflict with animal,
151569020,0,1800,2300,3500,Near-Crash,Not a Crash,"Rear-end, striking",Conflict with vehicle in adjacent lane,
15396946,0,2000,4600,5000,Near-Crash,Not a Crash,"Rear-end, striking",Conflict with a lead vehicle,
151856684,0,6300,7300,7400,Near-Crash,Not a Crash,Backing into traffic,Conflict with parked vehicle,
29877179,0,3600,4500,6100,Near-Crash,Not a Crash,Turn across path,Conflict with vehicle turning across another vehicle path (same direction),
151587521,0,600,2700,4000,Near-Crash,Not a Crash,Animal-related,Conflict with animal,
150717076,0,1200,2800,5500,Near-Crash,Not a Crash,"Rear-end, striking",Conflict with vehicle in adjacent lane,
151864884,0,800,1700,3500,Near-Crash,Not a Crash,"Sideswipe, same direction (left or right)",Conflict with vehicle in adjacent lane,
151864864,0,900,3300,3900,Near-Crash,Not a Crash,"Rear-end, striking",Conflict with vehicle in adjacent lane,
33575087,0,,2200,3600,Crash,IV - Low-risk Tire Strike,Road departure (left or right),Single vehicle conflict,
150883908,0,400,1700,3000,Near-Crash,Not a Crash,Animal-related,Conflict with animal,
29714777,0,,5000,5500,Crash,III  - Minor Crash,Road departure (end),Single vehicle conflict,
150883957,0,,1600,2700,Crash,IV - Low-risk Tire Strike,Road departure (left or right),Single vehicle conflict,
151856746,0,,2700,6300,Crash,IV - Low-risk Tire Strike,Road departure (left or right),Single vehicle conflict,
151568779,0,1600,3200,4700,Near-Crash,Not a Crash,"Rear-end, striking",Conflict with a lead vehicle,
29877166,0,,2900,4800,Crash,IV - Low-risk Tire Strike,Road departure (left or right),Single vehicle conflict,
151598538,0,1000,1500,1700,Near-Crash,Not a Crash,"Rear-end, striking",Conflict with vehicle in adjacent lane,
15363642,0,1200,3300,3700,Near-Crash,Not a Crash,"Rear-end, striking",Conflict with a lead vehicle,
14869521,0,1700,2200,4300,Near-Crash,Not a Crash,"Rear-end, striking",Conflict with a lead vehicle,
15363634,0,1900,3600,4600,Near-Crash,Not a Crash,"Rear-end, striking",Conflict with a lead vehicle,
151587471,0,1400,2800,5100,Near-Crash,Not a Crash,"Rear-end, striking",Conflict with vehicle in adjacent lane,
20714956,0,2700,3300,4700,Near-Crash,Not a Crash,"Rear-end, striking",Conflict with a lead vehicle,
151856554,0,1400,2900,3400,Near-Crash,Not a Crash,"Rear-end, striking",Conflict with a lead vehicle,
151582996,0,1600,2400,4300,Near-Crash,Not a Crash,"Rear-end, striking",Conflict with vehicle in adjacent lane,
151859916,0,3800,5200,5900,Near-Crash,Not a Crash,"Rear-end, striking",Conflict with a lead vehicle,
151569134,0,2200,3100,4400,Near-Crash,Not a Crash,"Rear-end, striking",Conflict with a lead vehicle,
151856620,0,2600,4700,6100,Near-Crash,Not a Crash,"Rear-end, striking",Conflict with a lead vehicle,
31297573,0,200,200,5300,Near-Crash,Not a Crash,Road departure (left or right),Single vehicle conflict,
151856662,0,900,2700,3500,Near-Crash,Not a Crash,Turn into path (opposite direction),Conflict with vehicle turning into another vehicle path (opposite direction),
132541137,0,100,300,4200,Near-Crash,Not a Crash,"Rear-end, striking",Conflict with vehicle in adjacent lane,
132620445,0,0,500,1200,Near-Crash,Not a Crash,"Rear-end, striking",Conflict with a lead vehicle,
132699377,0,400,500,1000,Near-Crash,Not a Crash,"Rear-end, striking",Conflict with a lead vehicle,
132699457,0,1200,1600,2300,Near-Crash,Not a Crash,"Rear-end, struck",Conflict with a following vehicle,
132699496,0,500,900,1700,Near-Crash,Not a Crash,"Sideswipe, same direction (left or right)",Conflict with vehicle in adjacent lane,
151864945,0,2000,3400,3800,Near-Crash,Not a Crash,"Rear-end, striking",Conflict with a lead vehicle,
61109405,0,4300,4300,7900,Crash,III  - Minor Crash,Road departure (left or right),Single vehicle conflict,
60632631,0,,2500,4500,Crash,IV - Low-risk Tire Strike,Road departure (left or right),Single vehicle conflict,
151568510,0,2000,2400,2900,Near-Crash,Not a Crash,"Rear-end, striking",Conflict with a lead vehicle,
151582643,0,100,300,900,Near-Crash,Not a Crash,"Sideswipe, same direction (left or right)",Conflict with vehicle in adjacent lane,
60632614,0,,5300,6700,Crash,IV - Low-risk Tire Strike,Road departure (left or right),Single vehicle conflict,
143062593,0,1000,2800,5100,Near-Crash,Not a Crash,"Rear-end, striking",Conflict with vehicle in adjacent lane,
135448423,0,1500,3400,3500,Near-Crash,Not a Crash,Animal-related,Conflict with animal,
116168885,0,2000,4000,6300,Crash,III  - Minor Crash,Road departure (left or right),Single vehicle conflict,
138077516,0,3000,5000,6500,Near-Crash,Not a Crash,Turn into path (same direction),Conflict with vehicle turning into another vehicle path (same direction),
151568423,0,900,1400,2300,Near-Crash,Not a Crash,"Sideswipe, same direction (left or right)",Conflict with vehicle in adjacent lane,
128903609,0,3600,3500,5300,Crash,III  - Minor Crash,Road departure (left or right),Single vehicle conflict,
151609337,0,5200,6200,7300,Near-Crash,Not a Crash,"Rear-end, striking",Conflict with vehicle in adjacent lane,
30881478,0,2700,3100,5600,Near-Crash,Not a Crash,"Rear-end, striking",Conflict with a lead vehicle,
151859823,0,3800,5700,6200,Near-Crash,Not a Crash,"Rear-end, striking",Conflict with a lead vehicle,
151610510,0,3400,4300,4500,Near-Crash,Not a Crash,"Rear-end, striking",Conflict with a lead vehicle,
151573576,0,1200,1900,2300,Near-Crash,Not a Crash,"Rear-end, striking",Conflict with a lead vehicle,
30881806,0,900,2000,2700,Near-Crash,Not a Crash,"Rear-end, striking",Conflict with a lead vehicle,
151878915,0,100,1600,2200,Near-Crash,Not a Crash,Turn into path (same direction),Conflict with vehicle turning into another vehicle path (same direction),
151569249,0,1000,2500,6200,Near-Crash,Not a Crash,"Sideswipe, same direction (left or right)",Conflict with vehicle in adjacent lane,
151553826,0,1500,3300,3900,Near-Crash,Not a Crash,Other,Single vehicle conflict,
135917665,0,1300,2700,3500,Near-Crash,Not a Crash,Turn into path (opposite direction),Conflict with vehicle turning into another vehicle path (opposite direction),
29712185,0,100,700,4600,Crash,II - Police-reportable Crash,Animal-related,Conflict with animal,"A vehicle crashed in the open countryside at night when it was dark and there were no streetlights. The road was dry and there were no adverse weather conditions. The traffic was light, with no other vehicles leading or causing congestion, allowing for free flow. The crash occurred because the vehicle collided with an animal."
151570710,0,2100,4900,7000,Near-Crash,Not a Crash,"Sideswipe, same direction (left or right)",Conflict with vehicle in adjacent lane,
151568445,0,400,1200,3200,Near-Crash,Not a Crash,Animal-related,Conflict with animal,
151105826,0,200,1100,1600,Near-Crash,Not a Crash,Animal-related,Conflict with animal,
60631642,0,,3200,4700,Crash,III  - Minor Crash,"Rear-end, struck",Conflict with a following vehicle,
150883907,0,100,3300,4100,Near-Crash,Not a Crash,Pedalcyclist-related,Conflict with pedalcyclist,
29877161,0,900,3000,4700,Near-Crash,Not a Crash,Turn into path (opposite direction),Conflict with vehicle turning into another vehicle path (opposite direction),
151859883,0,200,2000,2800,Near-Crash,Not a Crash,Turn into path (opposite direction),Conflict with vehicle turning into another vehicle path (opposite direction),
151547048,0,4100,6300,8900,Near-Crash,Not a Crash,Turn into path (same direction),Conflict with vehicle turning into another vehicle path (same direction),
60632609,0,,3000,6100,Crash,IV - Low-risk Tire Strike,Road departure (left or right),Single vehicle conflict,
143083741,0,100,2100,3100,Near-Crash,Not a Crash,"Rear-end, striking",Conflict with vehicle in adjacent lane,
29859076,0,900,2000,2500,Near-Crash,Not a Crash,"Sideswipe, same direction (left or right)",Conflict with parked vehicle,
136450128,0,3400,5800,6900,Near-Crash,Not a Crash,"Rear-end, striking",Conflict with a lead vehicle,
151565571,0,600,600,3200,Near-Crash,Not a Crash,"Sideswipe, same direction (left or right)",Conflict with vehicle in adjacent lane,
138077580,0,2300,3400,4200,Near-Crash,Not a Crash,Opposite direction (head-on or sideswipe),Conflict with oncoming traffic,
134033024,0,600,1600,2000,Near-Crash,Not a Crash,"Rear-end, striking",Conflict with a lead vehicle,
29880073,0,2500,2900,4000,Near-Crash,Not a Crash,"Rear-end, striking",Conflict with vehicle in adjacent lane,
151591690,0,1100,2300,2700,Near-Crash,Not a Crash,Straight crossing path,Conflict with vehicle moving across another vehicle path (through intersection),
24522840,0,,4600,5300,Crash,IV - Low-risk Tire Strike,Road departure (end),Single vehicle conflict,
135126580,0,2400,5100,5800,Near-Crash,Not a Crash,Animal-related,Conflict with animal,
24517881,0,1000,3300,8100,Crash,III  - Minor Crash,Road departure (left or right),Single vehicle conflict,
29859112,0,2100,3000,5100,Near-Crash,Not a Crash,"Rear-end, striking",Conflict with a lead vehicle,
31281082,0,4700,4600,6500,Crash,IV - Low-risk Tire Strike,Road departure (left or right),Single vehicle conflict,
151574092,0,600,1500,3800,Near-Crash,Not a Crash,"Rear-end, striking",Conflict with vehicle in adjacent lane,
61386977,0,500,1800,2500,Near-Crash,Not a Crash,"Rear-end, striking",Conflict with vehicle in adjacent lane,
35257236,0,3400,3900,6500,Crash,II - Police-reportable Crash,Turn into path (same direction),Conflict with vehicle turning across another vehicle path (same direction),
151603396,0,4900,5700,6500,Near-Crash,Not a Crash,"Rear-end, striking",Conflict with a lead vehicle,
151572351,0,600,1400,2200,Near-Crash,Not a Crash,Animal-related,Conflict with animal,
150883028,0,4700,5200,5900,Near-Crash,Not a Crash,Road departure (left or right),Single vehicle conflict,
17755211,0,3100,3800,4600,Near-Crash,Not a Crash,"Rear-end, striking",Conflict with a lead vehicle,
142506285,0,1100,1500,3500,Near-Crash,Not a Crash,"Sideswipe, same direction (left or right)",Conflict with vehicle in adjacent lane,
151569099,0,2000,4500,5500,Near-Crash,Not a Crash,"Rear-end, striking",Conflict with vehicle in adjacent lane,
151570808,0,1000,2900,3400,Near-Crash,Not a Crash,Turn into path (same direction),Conflict with vehicle turning into another vehicle path (same direction),
151582026,0,1900,6100,6900,Near-Crash,Not a Crash,"Rear-end, striking",Conflict with a lead vehicle,
44269461,0,500,1700,2100,Near-Crash,Not a Crash,Opposite direction (head-on or sideswipe),Conflict with oncoming traffic,
10681363,0,2700,6100,7200,Near-Crash,Not a Crash,"Rear-end, striking",Conflict with a lead vehicle,
44269462,0,500,1500,2800,Near-Crash,Not a Crash,Animal-related,Conflict with animal,
134032759,0,400,3000,4300,Near-Crash,Not a Crash,"Rear-end, striking",Conflict with vehicle in adjacent lane,
151580965,0,1300,1700,2700,Near-Crash,Not a Crash,"Rear-end, striking",Conflict with vehicle in adjacent lane,
17753202,0,1100,3000,3600,Near-Crash,Not a Crash,"Rear-end, striking",Conflict with a lead vehicle,
151865027,0,1600,2700,3700,Near-Crash,Not a Crash,Road departure (left or right),Single vehicle conflict,
151552166,0,1000,1700,3000,Near-Crash,Not a Crash,"Rear-end, striking",Conflict with a lead vehicle,
30883583,0,600,1500,2400,Near-Crash,Not a Crash,"Rear-end, striking",Conflict with vehicle in adjacent lane,
30883102,0,,2700,4100,Crash,IV - Low-risk Tire Strike,Road departure (left or right),Single vehicle conflict,
151598313,0,400,2000,2300,Near-Crash,Not a Crash,"Rear-end, striking",Conflict with vehicle in adjacent lane,
151859495,0,300,1600,2800,Near-Crash,Not a Crash,"Rear-end, striking",Conflict with vehicle in adjacent lane,
151862657,0,300,1700,4400,Crash,III  - Minor Crash,Animal-related,Conflict with animal,
138361420,0,3100,4800,4800,Near-Crash,Not a Crash,"Rear-end, striking",Conflict with a lead vehicle,
15363632,0,1200,1800,2400,Near-Crash,Not a Crash,"Rear-end, striking",Conflict with a lead vehicle,
132788976,0,300,1100,4100,Crash,III  - Minor Crash,Animal-related,Conflict with animal,
151568441,0,500,800,1500,Near-Crash,Not a Crash,"Rear-end, striking",Conflict with a lead vehicle,
151337318,0,,7100,8700,Crash,II - Police-reportable Crash,"Rear-end, striking",Conflict with a lead vehicle,
151861950,0,700,1600,2000,Near-Crash,Not a Crash,"Rear-end, striking",Conflict with a lead vehicle,
29859106,0,1000,1300,2100,Near-Crash,Not a Crash,Backing into traffic,Conflict with parked vehicle,
61114302,0,,9600,12300,Crash,III  - Minor Crash,Road departure (left or right),Single vehicle conflict,
31281066,0,,3300,5200,Crash,III  - Minor Crash,Road departure (left or right),Single vehicle conflict,
151586576,0,200,3100,4400,Near-Crash,Not a Crash,Other,Conflict with obstacle/object in roadway,
151861956,0,300,2100,2400,Near-Crash,Not a Crash,Turn into path (opposite direction),Conflict with vehicle turning into another vehicle path (opposite direction),
151338074,0,1700,3100,3700,Near-Crash,Not a Crash,"Rear-end, striking",Conflict with a lead vehicle,
134032900,0,4600,4800,8100,Near-Crash,Not a Crash,"Rear-end, striking",Conflict with a lead vehicle,
15396973,0,2100,2800,3500,Near-Crash,Not a Crash,"Rear-end, striking",Conflict with a lead vehicle,
151862652,0,300,900,1600,Near-Crash,Not a Crash,"Rear-end, striking",Conflict with a lead vehicle,
61033668,0,1900,2100,3600,Crash,III  - Minor Crash,Road departure (left or right),Single vehicle conflict,
22303764,0,500,3500,4900,Near-Crash,Not a Crash,"Rear-end, striking",Conflict with a lead vehicle,
151568409,0,500,800,2400,Near-Crash,Not a Crash,"Sideswipe, same direction (left or right)",Conflict with vehicle in adjacent lane,
151550825,0,600,4200,5900,Near-Crash,Not a Crash,"Rear-end, striking",Conflict with a lead vehicle,
151312642,0,,1800,3700,Crash,IV - Low-risk Tire Strike,Road departure (left or right),Single vehicle conflict,
60633150,0,1100,900,2000,Crash,IV - Low-risk Tire Strike,Road departure (left or right),Single vehicle conflict,
151568759,0,,5000,5900,Crash,III  - Minor Crash,"Rear-end, struck",Conflict with a following vehicle,
151579950,0,2500,4400,5200,Near-Crash,Not a Crash,"Rear-end, striking",Conflict with vehicle in adjacent lane,
151569176,0,2100,2700,3400,Near-Crash,Not a Crash,"Sideswipe, same direction (left or right)",Conflict with vehicle in adjacent lane,
128906302,0,2900,4000,5000,Near-Crash,Not a Crash,"Rear-end, striking",Conflict with a lead vehicle,
151859610,0,900,3800,5600,Near-Crash,Not a Crash,"Rear-end, striking",Conflict with a lead vehicle,
151573860,0,700,1500,2600,Near-Crash,Not a Crash,"Rear-end, striking",Conflict with vehicle in adjacent lane,
14869522,0,1600,2100,3800,Near-Crash,Not a Crash,"Rear-end, striking",Conflict with a lead vehicle,
151578823,0,600,1900,2500,Near-Crash,Not a Crash,"Rear-end, striking",Conflict with vehicle in adjacent lane,
135427641,0,700,3800,6500,Near-Crash,Not a Crash,"Rear-end, striking",Conflict with a lead vehicle,
22303766,0,2300,6100,8300,Near-Crash,Not a Crash,"Rear-end, striking",Conflict with a lead vehicle,
29858042,0,3100,4000,5100,Near-Crash,Not a Crash,"Rear-end, striking",Conflict with a lead vehicle,
17753838,0,1700,2900,3900,Near-Crash,Not a Crash,"Rear-end, striking",Conflict with a lead vehicle,
151550761,0,700,3900,4300,Near-Crash,Not a Crash,"Rear-end, striking",Conflict with a lead vehicle,
30879200,0,600,1700,2200,Crash,III  - Minor Crash,Animal-related,Conflict with animal,
151864790,0,2500,4400,4900,Near-Crash,Not a Crash,"Rear-end, striking",Conflict with a lead vehicle,
138277914,0,,1700,2600,Crash,IV - Low-risk Tire Strike,Road departure (left or right),Single vehicle conflict,
10528254,0,3000,5700,8100,Crash,II - Police-reportable Crash,"Rear-end, striking",Conflict with a lead vehicle,
151091245,0,2100,2700,3000,Near-Crash,Not a Crash,"Rear-end, striking",Conflict with a lead vehicle,
151866524,0,200,1600,2100,Near-Crash,Not a Crash,Backing into traffic,Conflict with parked vehicle,
143083780,0,1000,3500,5100,Near-Crash,Not a Crash,Turn into path (same direction),Conflict with vehicle turning into another vehicle path (same direction),
138361662,0,3300,5000,5600,Near-Crash,Not a Crash,"Rear-end, striking",Conflict with a lead vehicle,
151854757,0,1700,1900,2100,Near-Crash,Not a Crash,"Rear-end, striking",Conflict with a lead vehicle,
151859975,0,200,3800,5200,Near-Crash,Not a Crash,"Rear-end, striking",Conflict with a lead vehicle,
151097599,0,,2700,4400,Crash,IV - Low-risk Tire Strike,Road departure (left or right),Single vehicle conflict,
151579954,0,200,1400,2400,Near-Crash,Not a Crash,"Sideswipe, same direction (left or right)",Conflict with vehicle in adjacent lane,
16992778,0,4200,4600,6100,Crash,II - Police-reportable Crash,"Rear-end, striking",Conflict with a lead vehicle,
142053578,0,500,1500,2700,Near-Crash,Not a Crash,Pedestrian-related,Conflict with pedestrian,
151545522,0,1000,800,3500,Crash,III  - Minor Crash,Other,Conflict with obstacle/object in roadway,
31577981,0,900,1100,3600,Near-Crash,Not a Crash,"Rear-end, striking",Conflict with a lead vehicle,
151352095,0,4300,5700,7200,Near-Crash,Not a Crash,"Rear-end, striking",Conflict with vehicle in adjacent lane,
142053601,0,300,1500,2000,Near-Crash,Not a Crash,"Rear-end, striking",Conflict with vehicle in adjacent lane,
142053621,0,1500,3200,3400,Near-Crash,Not a Crash,"Rear-end, striking",Conflict with a lead vehicle,
142053643,0,600,2300,2400,Near-Crash,Not a Crash,Turn into path (same direction),Conflict with vehicle turning into another vehicle path (same direction),
31577987,0,3200,4000,4900,Near-Crash,Not a Crash,"Rear-end, striking",Conflict with vehicle in adjacent lane,
151597664,0,6200,7300,8300,Near-Crash,Not a Crash,"Rear-end, striking",Conflict with a lead vehicle,
151551938,0,1000,4300,5000,Near-Crash,Not a Crash,"Rear-end, striking",Conflict with a lead vehicle,
29714738,0,300,2300,3400,Crash,II - Police-reportable Crash,Straight crossing path,Conflict with vehicle moving across another vehicle path (through intersection),
35257210,0,,3100,4700,Crash,IV - Low-risk Tire Strike,Road departure (left or right),Single vehicle conflict,
151593422,0,1100,1300,2200,Near-Crash,Not a Crash,Animal-related,Conflict with animal,
151603447,0,6900,8500,9800,Near-Crash,Not a Crash,"Rear-end, striking",Conflict with a lead vehicle,
135427569,0,1200,1600,4800,Near-Crash,Not a Crash,"Sideswipe, same direction (left or right)",Conflict with vehicle in adjacent lane,
151569141,0,1600,3500,4300,Near-Crash,Not a Crash,Other,Conflict with obstacle/object in roadway,
151553236,0,,1100,3100,Crash,II - Police-reportable Crash,"Rear-end, struck",Conflict with a following vehicle,
134902016,0,3000,5200,5900,Near-Crash,Not a Crash,"Rear-end, striking",Conflict with a lead vehicle,
151861989,0,0,2600,3300,Near-Crash,Not a Crash,"Rear-end, striking",Conflict with a lead vehicle,
116168911,0,,4400,5900,Crash,IV - Low-risk Tire Strike,Road departure (left or right),Single vehicle conflict,
151592964,0,6800,8100,8800,Near-Crash,Not a Crash,"Rear-end, striking",Conflict with a lead vehicle,
150883992,0,1100,3000,3900,Near-Crash,Not a Crash,"Rear-end, striking",Conflict with a lead vehicle,
61385330,0,400,1100,2100,Near-Crash,Not a Crash,Straight crossing path,Conflict with vehicle moving across another vehicle path (through intersection),
30883528,0,4000,5300,8700,Crash,III  - Minor Crash,Road departure (left or right),Single vehicle conflict,
151106024,0,1200,2000,2900,Near-Crash,Not a Crash,"Sideswipe, same direction (left or right)",Conflict with vehicle in adjacent lane,
151568815,0,1700,4300,6300,Near-Crash,Not a Crash,"Rear-end, striking",Conflict with a lead vehicle,
24117841,0,700,2700,3800,Near-Crash,Not a Crash,Animal-related,Conflict with animal,
151569186,0,500,1700,2400,Near-Crash,Not a Crash,"Rear-end, striking",Conflict with a lead vehicle,
15363628,0,1600,2300,3900,Near-Crash,Not a Crash,"Rear-end, striking",Conflict with a lead vehicle,
151878875,0,200,1100,2500,Near-Crash,Not a Crash,"Sideswipe, same direction (left or right)",Conflict with vehicle in adjacent lane,
29750785,0,1500,2300,3500,Crash,II - Police-reportable Crash,Turn across path,Conflict with vehicle turning across another vehicle path (same direction),
151569079,0,800,2800,3100,Near-Crash,Not a Crash,"Rear-end, striking",Conflict with a lead vehicle,
151859828,0,1800,2800,4200,Near-Crash,Not a Crash,Turn into path (same direction),Conflict with vehicle turning into another vehicle path (same direction),
151574559,0,4000,4300,5200,Near-Crash,Not a Crash,"Sideswipe, same direction (left or right)",Conflict with vehicle in adjacent lane,
60631698,0,800,1400,2700,Near-Crash,Not a Crash,"Sideswipe, same direction (left or right)",Conflict with vehicle in adjacent lane,
29877163,0,700,1600,3100,Near-Crash,Not a Crash,"Sideswipe, same direction (left or right)",Conflict with vehicle in adjacent lane,
143058372,0,300,1700,2700,Near-Crash,Not a Crash,Pedalcyclist-related,Conflict with pedalcyclist,
142064621,0,900,2700,3200,Near-Crash,Not a Crash,Backing into traffic,Conflict with parked vehicle,
151864877,0,3400,5400,6200,Near-Crash,Not a Crash,"Rear-end, striking",Conflict with a lead vehicle,
142050014,0,700,5100,7100,Near-Crash,Not a Crash,"Rear-end, striking",Conflict with vehicle in adjacent lane,
136458977,0,1200,2200,3000,Near-Crash,Not a Crash,"Rear-end, striking",Conflict with a lead vehicle,
151854742,0,3400,6100,7800,Near-Crash,Not a Crash,"Rear-end, striking",Conflict with a lead vehicle,
151568480,0,1400,1800,2500,Near-Crash,Not a Crash,Turn into path (opposite direction),Conflict with vehicle turning into another vehicle path (opposite direction),
29712223,0,1200,2600,3700,Crash,II - Police-reportable Crash,Backing into traffic,Conflict with a lead vehicle,
142049754,0,2500,3000,4200,Near-Crash,Not a Crash,"Sideswipe, same direction (left or right)",Conflict with vehicle in adjacent lane,
33575103,0,200,2200,3100,Near-Crash,Not a Crash,Turn into path (same direction),Conflict with vehicle turning into another vehicle path (same direction),
151586340,0,1200,2700,3800,Near-Crash,Not a Crash,"Rear-end, striking",Conflict with vehicle in adjacent lane,
151859426,0,500,2600,3900,Near-Crash,Not a Crash,"Rear-end, striking",Conflict with vehicle in adjacent lane,
151569110,0,200,2700,2800,Near-Crash,Not a Crash,Turn across path,Conflict with vehicle turning across another vehicle path (opposite direction),
151572344,0,900,1900,3100,Near-Crash,Not a Crash,Pedestrian-related,Conflict with pedestrian,
29858046,0,1000,2300,2700,Near-Crash,Not a Crash,Turn across path,Conflict with vehicle turning across another vehicle path (opposite direction),
151569203,0,,1100,2100,Crash,IV - Low-risk Tire Strike,"Backing, fixed object",Single vehicle conflict,
36841170,0,4100,4600,5800,Near-Crash,Not a Crash,"Rear-end, striking",Conflict with a lead vehicle,
61427036,0,800,3100,3800,Near-Crash,Not a Crash,Turn into path (same direction),Conflict with vehicle turning into another vehicle path (same direction),
29859061,0,900,2500,4500,Near-Crash,Not a Crash,Straight crossing path,Conflict with vehicle moving across another vehicle path (through intersection),
151852184,0,500,1100,1700,Near-Crash,Not a Crash,"Rear-end, striking",Conflict with a lead vehicle,
151590949,0,2900,5000,6600,Near-Crash,Not a Crash,"Rear-end, striking",Conflict with vehicle in adjacent lane,
143309746,0,1800,3500,3900,Near-Crash,Not a Crash,"Rear-end, striking",Conflict with a lead vehicle,
24523910,0,3800,5700,9700,Crash,III  - Minor Crash,Other,Conflict with obstacle/object in roadway,
151568484,0,3500,4100,5000,Near-Crash,Not a Crash,"Rear-end, striking",Conflict with a lead vehicle,
151591681,0,700,1800,3800,Near-Crash,Not a Crash,"Rear-end, struck",Conflict with a following vehicle,
151598421,0,2300,3600,4100,Near-Crash,Not a Crash,Turn into path (opposite direction),Conflict with vehicle turning into another vehicle path (opposite direction),
29712188,0,200,800,1900,Crash,III  - Minor Crash,Animal-related,Conflict with animal,
151864763,0,2500,3400,4500,Near-Crash,Not a Crash,Pedestrian-related,Conflict with pedestrian,
151864755,0,1100,1600,2100,Near-Crash,Not a Crash,"Rear-end, striking",Conflict with a lead vehicle,
151584418,0,100,2700,4000,Near-Crash,Not a Crash,"Rear-end, striking",Conflict with vehicle in adjacent lane,
44269464,0,900,1400,1800,Near-Crash,Not a Crash,Backing into traffic,Conflict with parked vehicle,
31280792,0,,4200,6800,Crash,III  - Minor Crash,Road departure (left or right),Single vehicle conflict,
31567676,0,2200,4200,7700,Near-Crash,Not a Crash,"Rear-end, striking",Conflict with a lead vehicle,
15363626,0,1800,6300,6900,Near-Crash,Not a Crash,"Rear-end, striking",Conflict with a lead vehicle,
15363625,0,2700,4300,5400,Near-Crash,Not a Crash,"Rear-end, striking",Conflict with a lead vehicle,
135126595,0,900,3500,4600,Near-Crash,Not a Crash,Turn into path (opposite direction),Conflict with vehicle turning into another vehicle path (opposite direction),
44267323,0,300,1300,1800,Near-Crash,Not a Crash,Turn into path (same direction),Conflict with vehicle turning into another vehicle path (same direction),
151569111,0,2200,3300,4200,Near-Crash,Not a Crash,"Rear-end, striking",Conflict with a lead vehicle,
151864915,0,1900,4500,5200,Near-Crash,Not a Crash,"Rear-end, striking",Conflict with a lead vehicle,
151569208,0,400,4000,6400,Near-Crash,Not a Crash,"Rear-end, striking",Conflict with a lead vehicle,
61426763,0,,800,1500,Crash,IV - Low-risk Tire Strike,Road departure (left or right),Single vehicle conflict,
61216657,0,,3000,4100,Crash,III  - Minor Crash,Road departure (left or right),Single vehicle conflict,
61033674,0,,3000,4700,Crash,IV - Low-risk Tire Strike,Road departure (left or right),Single vehicle conflict,
151610547,0,4300,5400,6900,Near-Crash,Not a Crash,"Sideswipe, same direction (left or right)",Conflict with vehicle in adjacent lane,
151854775,0,700,2300,2500,Near-Crash,Not a Crash,"Rear-end, striking",Conflict with a lead vehicle,
135124481,0,,1400,3000,Crash,IV - Low-risk Tire Strike,Road departure (left or right),Single vehicle conflict,
151581408,0,200,1400,2700,Near-Crash,Not a Crash,"Rear-end, striking",Conflict with vehicle in adjacent lane,
151610502,0,400,2100,3100,Near-Crash,Not a Crash,Pedestrian-related,Conflict with pedestrian,
150714433,0,5000,7500,8800,Near-Crash,Not a Crash,"Rear-end, striking",Conflict with a lead vehicle,
61111553,0,2700,2600,3600,Crash,III  - Minor Crash,Road departure (left or right),Single vehicle conflict,
35257203,0,400,1400,8400,Near-Crash,Not a Crash,"Rear-end, striking",Conflict with a lead vehicle,
35257221,0,500,2600,4300,Near-Crash,Not a Crash,"Rear-end, striking",Conflict with a lead vehicle,
143062727,0,600,3200,3600,Near-Crash,Not a Crash,"Rear-end, striking",Conflict with a lead vehicle,
151570859,0,800,2400,2800,Near-Crash,Not a Crash,Turn across path,Conflict with vehicle turning across another vehicle path (opposite direction),
151865062,0,2100,8400,9100,Near-Crash,Not a Crash,"Rear-end, striking",Conflict with a lead vehicle,
145435179,0,100,2700,2900,Near-Crash,Not a Crash,"Rear-end, striking",Conflict with a lead vehicle,
60631691,0,1600,5200,5600,Crash,III  - Minor Crash,"Rear-end, striking",Conflict with a lead vehicle,
145435311,0,1500,3100,3900,Near-Crash,Not a Crash,"Rear-end, striking",Conflict with a lead vehicle,
151573563,0,1800,5500,5700,Near-Crash,Not a Crash,Turn into path (same direction),Conflict with vehicle turning into another vehicle path (same direction),
151859900,0,600,2400,2700,Near-Crash,Not a Crash,"Rear-end, striking",Conflict with a lead vehicle,
151600676,0,1300,2500,3700,Near-Crash,Not a Crash,"Rear-end, striking",Conflict with a lead vehicle,
143043192,0,900,1900,4300,Near-Crash,Not a Crash,"Rear-end, striking",Conflict with a lead vehicle,
29859074,0,1400,2500,7400,Near-Crash,Not a Crash,Turn into path (opposite direction),Conflict with vehicle turning into another vehicle path (opposite direction),
151568408,0,1200,1800,3900,Near-Crash,Not a Crash,"Sideswipe, same direction (left or right)",Conflict with vehicle in adjacent lane,
143391036,0,600,1000,2500,Near-Crash,Not a Crash,"Sideswipe, same direction (left or right)",Conflict with vehicle in adjacent lane,
135427580,0,0,2400,3100,Near-Crash,Not a Crash,Pedestrian-related,Conflict with pedestrian,
151859940,0,1300,2700,3600,Near-Crash,Not a Crash,"Rear-end, striking",Conflict with a lead vehicle,
151859611,0,2600,5100,7000,Near-Crash,Not a Crash,"Rear-end, striking",Conflict with a lead vehicle,
142005146,0,2800,3600,4500,Near-Crash,Not a Crash,"Rear-end, striking",Conflict with a lead vehicle,
10814075,0,3800,4000,6600,Crash,I - Most Severe,"Rear-end, striking",Conflict with a lead vehicle,
142005166,0,3200,4200,5800,Near-Crash,Not a Crash,"Rear-end, striking",Conflict with a lead vehicle,
151878895,0,2500,4200,5100,Near-Crash,Not a Crash,Backing into traffic,Conflict with parked vehicle,
61385914,0,1100,3000,6700,Near-Crash,Not a Crash,"Rear-end, striking",Conflict with a lead vehicle,
151568635,0,,1300,2300,Crash,III  - Minor Crash,Road departure (left or right),Single vehicle conflict,
151856642,0,,2200,3100,Crash,IV - Low-risk Tire Strike,Road departure (left or right),Single vehicle conflict,
151568469,0,,6300,6900,Crash,IV - Low-risk Tire Strike,Road departure (left or right),Single vehicle conflict,
151594458,0,500,1100,2200,Near-Crash,Not a Crash,"Sideswipe, same direction (left or right)",Conflict with vehicle in adjacent lane,
151610506,0,200,2200,2600,Near-Crash,Not a Crash,Backing into traffic,Conflict with parked vehicle,
151587476,0,3800,4800,5500,Near-Crash,Not a Crash,"Rear-end, striking",Conflict with a lead vehicle,
151553150,0,,1800,3300,Crash,III  - Minor Crash,"Backing, fixed object",Conflict with parked vehicle,
31297574,0,900,2400,2800,Near-Crash,Not a Crash,Animal-related,Conflict with animal,
151864956,0,1800,9200,9300,Near-Crash,Not a Crash,"Rear-end, striking",Conflict with a lead vehicle,
151856540,0,1600,2800,4100,Near-Crash,Not a Crash,"Rear-end, striking",Conflict with a lead vehicle,
151603229,0,100,900,2500,Near-Crash,Not a Crash,Turn across path,Conflict with vehicle turning across another vehicle path (opposite direction),
61109407,0,2700,4600,6900,Crash,I - Most Severe,Turn across path,Conflict with vehicle turning across another vehicle path (opposite direction),
151352079,0,1000,2100,3500,Near-Crash,Not a Crash,Animal-related,Conflict with animal,
148595509,0,1700,2700,4600,Near-Crash,Not a Crash,"Rear-end, striking",Conflict with a lead vehicle,
151862038,0,1400,2400,2900,Near-Crash,Not a Crash,"Rear-end, striking",Conflict with a lead vehicle,
148556284,0,1200,1700,2800,Near-Crash,Not a Crash,"Rear-end, striking",Conflict with a lead vehicle,
143083751,0,1200,2400,4000,Near-Crash,Not a Crash,"Rear-end, striking",Conflict with a lead vehicle,
143083659,0,800,4300,8100,Near-Crash,Not a Crash,"Rear-end, striking",Conflict with a lead vehicle,
151864805,0,300,2600,2800,Near-Crash,Not a Crash,Turn into path (opposite direction),Conflict with vehicle turning into another vehicle path (opposite direction),
151105712,0,2600,4500,6300,Near-Crash,Not a Crash,"Rear-end, striking",Conflict with a lead vehicle,
37034264,0,1500,3000,4800,Crash,III  - Minor Crash,Road departure (left or right),Single vehicle conflict,
151569680,0,200,2300,3700,Near-Crash,Not a Crash,"Rear-end, striking",Conflict with vehicle in adjacent lane,
60631696,0,,2100,3000,Crash,III  - Minor Crash,Other,Conflict with obstacle/object in roadway,
142029804,0,2400,3700,6500,Near-Crash,Not a Crash,"Rear-end, struck",Conflict with merging vehicle,
24522959,0,,4800,8700,Crash,IV - Low-risk Tire Strike,Road departure (end),Single vehicle conflict,
150883909,0,3700,4200,5200,Near-Crash,Not a Crash,"Rear-end, striking",Conflict with a lead vehicle,
151569138,0,1100,2500,3700,Near-Crash,Not a Crash,Turn into path (same direction),Conflict with vehicle turning into another vehicle path (same direction),
29877323,0,6100,7200,8000,Near-Crash,Not a Crash,"Rear-end, striking",Conflict with a lead vehicle,
61114311,0,,3200,5000,Crash,III  - Minor Crash,Road departure (left or right),Single vehicle conflict,
151570708,0,1600,3400,3800,Near-Crash,Not a Crash,"Rear-end, striking",Conflict with a lead vehicle,
61211792,0,,4100,5200,Crash,IV - Low-risk Tire Strike,Road departure (left or right),Single vehicle conflict,
151864573,0,100,1100,1500,Near-Crash,Not a Crash,Other,Conflict with obstacle/object in roadway,
151611067,0,1300,3000,4000,Near-Crash,Not a Crash,Turn into path (same direction),Conflict with vehicle turning into another vehicle path (same direction),
151586350,0,500,1300,1800,Near-Crash,Not a Crash,"Rear-end, striking",Conflict with a lead vehicle,
151592140,0,1200,2900,4000,Near-Crash,Not a Crash,"Rear-end, striking",Conflict with a lead vehicle,
151552199,0,3200,4900,5600,Near-Crash,Not a Crash,"Rear-end, striking",Conflict with a lead vehicle,
142008130,0,,3400,6300,Crash,III  - Minor Crash,"Rear-end, struck",Conflict with a following vehicle,
29878407,0,,1100,2900,Crash,IV - Low-risk Tire Strike,Road departure (left or right),Single vehicle conflict,
151337680,0,400,1700,2000,Near-Crash,Not a Crash,Animal-related,Conflict with animal,
29877162,0,300,1000,2100,Near-Crash,Not a Crash,Animal-related,Conflict with animal,
134034365,0,2500,6600,7700,Near-Crash,Not a Crash,"Rear-end, striking",Conflict with a lead vehicle,
22303754,0,3000,4800,5900,Near-Crash,Not a Crash,"Rear-end, striking",Conflict with a lead vehicle,
61114310,0,3300,3100,4900,Crash,III  - Minor Crash,Road departure (left or right),Single vehicle conflict,
134901246,0,700,1100,1700,Near-Crash,Not a Crash,"Sideswipe, same direction (left or right)",Conflict with vehicle in adjacent lane,
151580974,0,800,6200,6800,Near-Crash,Not a Crash,"Rear-end, striking",Conflict with a lead vehicle,
30880857,0,300,2600,4100,Near-Crash,Not a Crash,"Sideswipe, same direction (left or right)",Conflict with vehicle in adjacent lane,
151589628,0,2400,3400,4600,Near-Crash,Not a Crash,"Sideswipe, same direction (left or right)",Conflict with vehicle in adjacent lane,
151573028,0,200,1400,2200,Near-Crash,Not a Crash,Animal-related,Conflict with animal,
151590861,0,2100,3400,4700,Near-Crash,Not a Crash,"Rear-end, striking",Conflict with a lead vehicle,
151549023,0,3800,4100,6000,Crash,I - Most Severe,Turn across path,Conflict with a following vehicle,
151568651,0,2000,3500,3600,Near-Crash,Not a Crash,"Rear-end, striking",Conflict with a lead vehicle,
61426826,0,300,1900,3400,Near-Crash,Not a Crash,"Rear-end, striking",Conflict with vehicle in adjacent lane,
142007816,0,,4800,7300,Crash,III  - Minor Crash,"Rear-end, struck",Conflict with a following vehicle,
17749654,0,1900,3800,4200,Near-Crash,Not a Crash,"Rear-end, striking",Conflict with a lead vehicle,
29859090,0,500,2500,5300,Near-Crash,Not a Crash,Turn into path (opposite direction),Conflict with vehicle turning into another vehicle path (opposite direction),
22994846,0,8500,9100,19100,Crash,I - Most Severe,"Rear-end, striking",Conflict with a lead vehicle,
24516702,0,1300,2300,5100,Crash,II - Police-reportable Crash,"Sideswipe, same direction (left or right)",Conflict with vehicle in adjacent lane,
17753193,0,1700,4700,5400,Near-Crash,Not a Crash,"Rear-end, striking",Conflict with a lead vehicle,
143043185,0,1800,2400,3700,Near-Crash,Not a Crash,Turn across path,Conflict with vehicle turning across another vehicle path (opposite direction),
29714706,0,2100,2700,3900,Crash,I - Most Severe,Turn into path (opposite direction),Conflict with vehicle turning into another vehicle path (opposite direction),
151859888,0,1300,2300,2500,Near-Crash,Not a Crash,Road departure (left or right),Single vehicle conflict,
24521285,0,,4900,5400,Crash,III  - Minor Crash,Road departure (end),Single vehicle conflict,
151590863,0,600,2300,2900,Near-Crash,Not a Crash,Straight crossing path,Conflict with vehicle moving across another vehicle path (through intersection),
29859088,0,1400,2100,3700,Near-Crash,Not a Crash,"Sideswipe, same direction (left or right)",Conflict with vehicle in adjacent lane,
35257204,0,2300,4200,4500,Near-Crash,Not a Crash,"Rear-end, striking",Conflict with a lead vehicle,
151861953,0,900,4200,5200,Near-Crash,Not a Crash,"Rear-end, striking",Conflict with a lead vehicle,
24517089,0,1400,1800,2700,Crash,IV - Low-risk Tire Strike,Other,Single vehicle conflict,
151552548,0,500,1600,2900,Near-Crash,Not a Crash,"Rear-end, striking",Conflict with a lead vehicle,
29877167,0,2500,4200,10000,Crash,III  - Minor Crash,Road departure (left or right),Single vehicle conflict,
22593826,0,1800,2700,3200,Near-Crash,Not a Crash,"Rear-end, striking",Conflict with a lead vehicle,
151607142,0,1700,3000,3300,Near-Crash,Not a Crash,Pedestrian-related,Conflict with pedestrian,
134176785,0,100,700,2500,Near-Crash,Not a Crash,Road departure (left or right),Single vehicle conflict,
61109417,0,6400,7000,9700,Crash,II - Police-reportable Crash,Straight crossing path,Conflict with vehicle moving across another vehicle path (through intersection),
30880845,0,3000,4300,5600,Near-Crash,Not a Crash,Road departure (left or right),Single vehicle conflict,
151589146,0,800,3000,3900,Near-Crash,Not a Crash,"Rear-end, striking",Conflict with a lead vehicle,
151548950,0,1200,2900,4700,Near-Crash,Not a Crash,Turn into path (same direction),Conflict with vehicle turning into another vehicle path (same direction),
151582644,0,500,4300,4700,Near-Crash,Not a Crash,Turn into path (same direction),Conflict with vehicle turning into another vehicle path (same direction),
151590874,0,4500,5700,6500,Near-Crash,Not a Crash,"Rear-end, striking",Conflict with a lead vehicle,
151861988,0,0,2900,3200,Near-Crash,Not a Crash,Animal-related,Conflict with animal,
31297561,0,300,3900,7000,Near-Crash,Not a Crash,"Rear-end, striking",Conflict with a lead vehicle,
138217883,0,500,2400,2700,Near-Crash,Not a Crash,Turn into path (opposite direction),Conflict with vehicle turning into another vehicle path (opposite direction),
151569248,0,1000,1700,3100,Near-Crash,Not a Crash,"Sideswipe, same direction (left or right)",Conflict with vehicle in adjacent lane,
151587535,0,300,2200,3100,Near-Crash,Not a Crash,Turn across path,Conflict with vehicle turning across another vehicle path (opposite direction),
151550336,0,1600,2300,2500,Near-Crash,Not a Crash,"Rear-end, striking",Conflict with a lead vehicle,
30883545,0,1800,3200,4200,Near-Crash,Not a Crash,"Rear-end, striking",Conflict with a lead vehicle,
128906342,0,3200,5100,6100,Near-Crash,Not a Crash,"Rear-end, striking",Conflict with a lead vehicle,
151550402,0,900,4300,6000,Near-Crash,Not a Crash,"Rear-end, striking",Conflict with a lead vehicle,
61432390,0,2000,3500,3500,Near-Crash,Not a Crash,"Rear-end, striking",Conflict with a lead vehicle,
151609729,0,3700,5100,5600,Near-Crash,Not a Crash,Turn across path,Conflict with vehicle turning across another vehicle path (opposite direction),
128888511,0,900,2200,3000,Near-Crash,Not a Crash,"Sideswipe, same direction (left or right)",Conflict with vehicle in adjacent lane,
36812421,0,500,1600,4300,Near-Crash,Not a Crash,"Sideswipe, same direction (left or right)",Conflict with vehicle in adjacent lane,
29877165,0,900,2800,5100,Near-Crash,Not a Crash,"Sideswipe, same direction (left or right)",Conflict with a lead vehicle,
29884197,0,4000,4600,5500,Near-Crash,Not a Crash,Turn into path (opposite direction),Conflict with vehicle turning into another vehicle path (opposite direction),
36304078,0,1000,1900,4000,Near-Crash,Not a Crash,"Sideswipe, same direction (left or right)",Conflict with vehicle in adjacent lane,
150780479,0,,11500,12800,Crash,III  - Minor Crash,"Backing, fixed object",Single vehicle conflict,
60631644,0,400,2200,2900,Near-Crash,Not a Crash,Turn across path,Conflict with vehicle turning across another vehicle path (opposite direction),
151864565,0,100,1300,1500,Near-Crash,Not a Crash,Turn into path (same direction),Conflict with vehicle turning into another vehicle path (same direction),
138077514,0,1700,2200,4000,Near-Crash,Not a Crash,"Sideswipe, same direction (left or right)",Conflict with vehicle in adjacent lane,
16992779,0,2700,3500,4900,Crash,II - Police-reportable Crash,"Rear-end, striking",Conflict with a lead vehicle,
151573026,0,3800,4800,5700,Near-Crash,Not a Crash,"Rear-end, striking",Conflict with a lead vehicle,
30883572,0,400,7500,7500,Near-Crash,Not a Crash,"Rear-end, striking",Conflict with a lead vehicle,
151859467,0,1800,2800,3400,Near-Crash,Not a Crash,"Rear-end, striking",Conflict with a lead vehicle,
22598459,0,1900,3000,5300,Near-Crash,Not a Crash,"Rear-end, striking",Conflict with a lead vehicle,
151854721,0,6000,6600,7600,Near-Crash,Not a Crash,"Rear-end, striking",Conflict with a lead vehicle,
151552180,0,200,900,1100,Near-Crash,Not a Crash,Turn across path,Conflict with vehicle turning across another vehicle path (opposite direction),
29730858,0,600,1400,2200,Near-Crash,Not a Crash,"Sideswipe, same direction (left or right)",Conflict with vehicle in adjacent lane,
130441801,0,5500,5700,6700,Crash,IV - Low-risk Tire Strike,Road departure (left or right),Single vehicle conflict,
61427014,0,500,2900,3900,Near-Crash,Not a Crash,Turn across path,Conflict with vehicle turning across another vehicle path (opposite direction),
29857505,0,1500,2900,3400,Near-Crash,Not a Crash,Turn into path (same direction),Conflict with vehicle turning into another vehicle path (same direction),
24517287,0,5100,5100,7300,Crash,IV - Low-risk Tire Strike,Road departure (end),Single vehicle conflict,
31680401,0,800,3800,4500,Near-Crash,Not a Crash,Opposite direction (head-on or sideswipe),Conflict with oncoming traffic,
151878890,0,300,1000,1400,Near-Crash,Not a Crash,Animal-related,Conflict with animal,
151586565,0,3500,5400,6000,Near-Crash,Not a Crash,"Rear-end, striking",Conflict with a lead vehicle,
138350679,0,400,1400,2600,Near-Crash,Not a Crash,"Sideswipe, same direction (left or right)",Conflict with vehicle in adjacent lane,
151574094,0,800,6700,7900,Near-Crash,Not a Crash,"Rear-end, striking",Conflict with a lead vehicle,
29884790,0,800,2200,2700,Near-Crash,Not a Crash,"Rear-end, striking",Conflict with vehicle in adjacent lane,
29878403,0,600,1200,2500,Near-Crash,Not a Crash,Animal-related,Conflict with animal,
143062579,0,,400,1800,Crash,III  - Minor Crash,Other,Conflict with obstacle/object in roadway,
138077442,0,900,3500,4600,Near-Crash,Not a Crash,"Rear-end, striking",Conflict with a lead vehicle,
128888500,0,,5300,6700,Crash,III  - Minor Crash,Road departure (left or right),Single vehicle conflict,
116594164,0,6100,5900,7300,Crash,III  - Minor Crash,Road departure (left or right),Single vehicle conflict,
29714770,0,,6000,7500,Crash,IV - Low-risk Tire Strike,Road departure (end),Single vehicle conflict,
61426953,0,800,900,2300,Near-Crash,Not a Crash,"Sideswipe, same direction (left or right)",Conflict with vehicle in adjacent lane,
151600569,0,1000,600,2000,Near-Crash,Not a Crash,"Rear-end, striking",Conflict with vehicle in adjacent lane,
138361418,0,1900,1800,3000,Crash,IV - Low-risk Tire Strike,Road departure (left or right),Single vehicle conflict,
142260841,0,400,1000,1600,Near-Crash,Not a Crash,"Sideswipe, same direction (left or right)",Conflict with vehicle in adjacent lane,
142260842,0,500,1900,2300,Near-Crash,Not a Crash,Turn into path (same direction),Conflict with vehicle turning into another vehicle path (same direction),
151856538,0,,7900,9100,Crash,III  - Minor Crash,"Backing, fixed object",Conflict with obstacle/object in roadway,
30883524,0,,3500,4200,Crash,III  - Minor Crash,"Sideswipe, same direction (left or right)",Conflict with vehicle in adjacent lane,
151598300,0,700,1600,2100,Near-Crash,Not a Crash,Turn into path (same direction),Conflict with vehicle turning into another vehicle path (same direction),
22303763,0,2800,7300,8000,Near-Crash,Not a Crash,"Rear-end, striking",Conflict with a lead vehicle,
151549302,0,5400,6000,7200,Near-Crash,Not a Crash,"Rear-end, striking",Conflict with a lead vehicle,
22594113,0,2800,4400,5500,Near-Crash,Not a Crash,"Rear-end, striking",Conflict with a lead vehicle,
61426804,0,2100,2800,3900,Near-Crash,Not a Crash,"Sideswipe, same direction (left or right)",Conflict with vehicle in adjacent lane,
151864747,0,3000,4700,5600,Near-Crash,Not a Crash,"Rear-end, striking",Conflict with a lead vehicle,
151859537,0,5100,6400,8600,Near-Crash,Not a Crash,Opposite direction (head-on or sideswipe),Conflict with oncoming traffic,
17749872,0,1500,2900,4500,Near-Crash,Not a Crash,"Rear-end, striking",Conflict with a lead vehicle,
143265508,0,1900,3400,4500,Near-Crash,Not a Crash,Turn into path (opposite direction),Conflict with vehicle turning into another vehicle path (opposite direction),
132522493,0,900,1400,9000,Near-Crash,Not a Crash,Opposite direction (head-on or sideswipe),Conflict with oncoming traffic,
61114318,0,3600,4100,5400,Crash,II - Police-reportable Crash,Road departure (end),Single vehicle conflict,
151093639,0,,4600,5800,Crash,III  - Minor Crash,Road departure (left or right),Single vehicle conflict,
134948053,0,400,2400,3200,Near-Crash,Not a Crash,Pedestrian-related,Conflict with pedestrian,
151550453,0,1000,3200,4000,Near-Crash,Not a Crash,Turn into path (opposite direction),Conflict with vehicle turning into another vehicle path (opposite direction),
151550496,0,1100,2500,2900,Near-Crash,Not a Crash,Turn into path (opposite direction),Conflict with vehicle turning into another vehicle path (opposite direction),
22599335,0,1700,2300,2900,Near-Crash,Not a Crash,"Rear-end, striking",Conflict with a lead vehicle,
29857642,0,300,300,1500,Near-Crash,Not a Crash,"Sideswipe, same direction (left or right)",Conflict with vehicle in adjacent lane,
151864849,0,,7900,9100,Crash,IV - Low-risk Tire Strike,Road departure (end),Single vehicle conflict,
135323350,0,,5900,7800,Near-Crash,Not a Crash,Pedestrian-related,Conflict with pedestrian,
151866545,0,1700,2800,3400,Near-Crash,Not a Crash,"Rear-end, striking",Conflict with a lead vehicle,
138605443,0,,3300,4200,Crash,IV - Low-risk Tire Strike,Road departure (end),Single vehicle conflict,
151568398,0,2300,4200,5400,Near-Crash,Not a Crash,"Rear-end, striking",Conflict with a lead vehicle,
132620453,0,1900,1700,2200,Near-Crash,Not a Crash,Turn across path,Conflict with vehicle turning across another vehicle path (opposite direction),
151568861,0,1200,2400,2900,Near-Crash,Not a Crash,"Rear-end, striking",Conflict with a lead vehicle,
143062705,0,2200,3300,4300,Near-Crash,Not a Crash,"Sideswipe, same direction (left or right)",Conflict with vehicle in adjacent lane,
10814076,0,1900,4000,6900,Crash,I - Most Severe,"Rear-end, striking",Conflict with a lead vehicle,
22303760,0,1500,3200,5800,Near-Crash,Not a Crash,"Rear-end, striking",Conflict with a lead vehicle,
61385889,0,,1000,2300,Crash,III  - Minor Crash,Road departure (left or right),Single vehicle conflict,"A single vehicle crashed by leaving the road, either to the left or right side. This happened during daylight hours on a dry road surface with no adverse weather conditions. The traffic was light and flowing freely, with no lead traffic to impede the vehicle. The incident occurred near a school."
151568449,0,3000,4100,7000,Near-Crash,Not a Crash,"Rear-end, striking",Conflict with a lead vehicle,
151545527,0,1800,3200,5400,Near-Crash,Not a Crash,"Rear-end, striking",Conflict with a lead vehicle,
29880072,0,200,1400,7200,Near-Crash,Not a Crash,"Sideswipe, same direction (left or right)",Conflict with vehicle in adjacent lane,
151568707,0,,2100,6200,Crash,IV - Low-risk Tire Strike,Road departure (end),Single vehicle conflict,
29859114,0,1900,3000,6600,Near-Crash,Not a Crash,"Sideswipe, same direction (left or right)",Conflict with vehicle in adjacent lane,
23341336,0,100,2800,5400,Crash,II - Police-reportable Crash,Turn across path,Conflict with vehicle turning across another vehicle path (same direction),
29858021,0,1400,2000,3900,Near-Crash,Not a Crash,Pedalcyclist-related,Conflict with pedalcyclist,
151574063,0,1700,2900,3700,Near-Crash,Not a Crash,"Rear-end, striking",Conflict with vehicle in adjacent lane,
61427001,0,600,2100,3600,Near-Crash,Not a Crash,Turn into path (opposite direction),Conflict with vehicle turning into another vehicle path (opposite direction),
29859111,0,1800,3600,7800,Crash,III  - Minor Crash,Other,Other,
151570714,0,500,2200,2900,Near-Crash,Not a Crash,"Rear-end, striking",Conflict with a lead vehicle,
135185014,0,,3400,4800,Crash,II - Police-reportable Crash,Backing into traffic,Conflict with parked vehicle,
135449525,0,,5800,9300,Crash,III  - Minor Crash,Road departure (left or right),Single vehicle conflict,
142018496,0,400,1400,2600,Near-Crash,Not a Crash,"Sideswipe, same direction (left or right)",Conflict with vehicle in adjacent lane,
151900640,0,200,1300,2200,Near-Crash,Not a Crash,"Rear-end, striking",Conflict with a lead vehicle,
61427000,0,3000,3100,4100,Crash,III  - Minor Crash,"Rear-end, striking",Conflict with a lead vehicle,
61385331,0,1000,3000,3100,Near-Crash,Not a Crash,"Rear-end, striking",Conflict with a lead vehicle,
138077513,0,4800,5800,8200,Near-Crash,Not a Crash,"Rear-end, striking",Conflict with a lead vehicle,
134937912,0,100,1000,1700,Near-Crash,Not a Crash,"Rear-end, striking",Conflict with a lead vehicle,
134937913,0,,2000,3800,Near-Crash,Not a Crash,"Rear-end, struck",Conflict with vehicle in adjacent lane,"A near-crash occurred on a busy interstate highway during daylight hours with no adverse weather conditions and a dry road surface. The traffic was flowing freely with leading traffic present. The incident involved a conflict with a vehicle in an adjacent lane, resulting in a rear-end collision where one vehicle was struck from behind. Fortunately, it was a near-crash, indicating that a full collision was narrowly avoided, but the situation was still dangerous and could have led to serious consequences."
151865081,0,1700,2900,3200,Near-Crash,Not a Crash,"Rear-end, striking",Conflict with a lead vehicle,
61211929,0,800,2800,6000,Crash,II - Police-reportable Crash,Straight crossing path,Conflict with vehicle moving across another vehicle path (through intersection),
151862039,0,1500,3100,4600,Near-Crash,Not a Crash,Road departure (left or right),Single vehicle conflict,
151584413,0,600,2300,2900,Near-Crash,Not a Crash,"Rear-end, striking",Conflict with a lead vehicle,
151600334,0,900,1400,2800,Near-Crash,Not a Crash,"Rear-end, striking",Conflict with a lead vehicle,
151600646,0,600,900,1600,Near-Crash,Not a Crash,Turn into path (opposite direction),Conflict with vehicle turning into another vehicle path (opposite direction),
35449257,0,2100,2300,4000,Crash,III  - Minor Crash,"Rear-end, striking",Conflict with a lead vehicle,
151606610,0,100,3000,4500,Near-Crash,Not a Crash,Pedestrian-related,Conflict with pedestrian,
142005193,0,2800,5000,5800,Near-Crash,Not a Crash,"Rear-end, striking",Conflict with a lead vehicle,
151860039,0,4900,6700,8600,Near-Crash,Not a Crash,"Rear-end, striking",Conflict with a lead vehicle,
61211926,0,0,1300,1900,Near-Crash,Not a Crash,Animal-related,Conflict with animal,
151581535,0,300,1900,2800,Near-Crash,Not a Crash,"Rear-end, striking",Conflict with a lead vehicle,
138592417,0,1200,1600,2200,Near-Crash,Not a Crash,"Rear-end, struck",Conflict with vehicle in adjacent lane,
142043244,0,500,2200,3700,Near-Crash,Not a Crash,Other,Conflict with obstacle/object in roadway,
151337401,0,700,2100,2800,Crash,III  - Minor Crash,Straight crossing path,Conflict with vehicle moving across another vehicle path (through intersection),
61432355,0,300,2200,2700,Near-Crash,Not a Crash,Pedestrian-related,Conflict with pedestrian,
151859565,0,500,2300,4400,Near-Crash,Not a Crash,Opposite direction (head-on or sideswipe),Conflict with oncoming traffic,
33575052,0,,4400,4900,Crash,III  - Minor Crash,"Rear-end, struck",Conflict with a following vehicle,
151582020,0,1800,4100,5100,Near-Crash,Not a Crash,"Rear-end, striking",Conflict with vehicle in adjacent lane,
151573802,0,1300,2600,3200,Near-Crash,Not a Crash,"Rear-end, striking",Conflict with merging vehicle,
30880858,0,1600,2600,6800,Crash,II - Police-reportable Crash,Animal-related,Conflict with animal,
61426790,0,500,700,1800,Near-Crash,Not a Crash,"Sideswipe, same direction (left or right)",Conflict with vehicle in adjacent lane,
151598304,0,900,4600,5000,Near-Crash,Not a Crash,"Rear-end, striking",Conflict with a lead vehicle,
151578836,0,2300,3200,3900,Near-Crash,Not a Crash,"Rear-end, striking",Conflict with merging vehicle,
151568961,0,2700,4500,4800,Near-Crash,Not a Crash,"Rear-end, striking",Conflict with a lead vehicle,
61426766,0,600,2900,4900,Near-Crash,Not a Crash,Other,Conflict with oncoming traffic,
61385917,0,,1900,4200,Crash,IV - Low-risk Tire Strike,Road departure (left or right),Single vehicle conflict,
138362321,0,1400,2400,3500,Near-Crash,Not a Crash,"Rear-end, striking",Conflict with a lead vehicle,
30883560,0,1100,2700,3500,Near-Crash,Not a Crash,"Rear-end, striking",Conflict with a lead vehicle,
151594452,0,1900,2700,3400,Near-Crash,Not a Crash,Turn across path,Conflict with vehicle turning across another vehicle path (opposite direction),
151600567,0,3300,5500,6400,Near-Crash,Not a Crash,Backing into traffic,Conflict with parked vehicle,
132790313,0,3600,5100,6200,Near-Crash,Not a Crash,"Rear-end, striking",Conflict with a lead vehicle,
151600333,0,1400,3300,3700,Near-Crash,Not a Crash,Turn across path,Conflict with vehicle turning across another vehicle path (opposite direction),
138364474,0,2400,5600,8100,Near-Crash,Not a Crash,"Rear-end, striking",Conflict with a lead vehicle,
61111554,0,5100,5200,6900,Crash,III  - Minor Crash,"Rear-end, struck",Conflict with a following vehicle,
151610515,0,2400,2900,3600,Near-Crash,Not a Crash,"Rear-end, striking",Conflict with a lead vehicle,
151878846,0,900,2200,2500,Near-Crash,Not a Crash,"Rear-end, striking",Conflict with a lead vehicle,
142048181,0,4500,5700,6300,Near-Crash,Not a Crash,"Rear-end, striking",Conflict with a lead vehicle,
151568433,0,1400,2200,2900,Near-Crash,Not a Crash,"Rear-end, striking",Conflict with a lead vehicle,
136041494,0,2200,4400,7000,Crash,III  - Minor Crash,Road departure (left or right),Single vehicle conflict,
151864737,0,100,2600,2800,Near-Crash,Not a Crash,Turn across path,Conflict with vehicle turning across another vehicle path (opposite direction),
131821504,0,,2200,4100,Crash,IV - Low-risk Tire Strike,Road departure (left or right),Single vehicle conflict,
151568831,0,3100,4900,5500,Near-Crash,Not a Crash,"Rear-end, striking",Conflict with vehicle in adjacent lane,
151859429,0,1000,1700,4400,Near-Crash,Not a Crash,"Sideswipe, same direction (left or right)",Conflict with vehicle in adjacent lane,
37034263,0,1100,1600,3400,Near-Crash,Not a Crash,"Sideswipe, same direction (left or right)",Conflict with vehicle in adjacent lane,
151865136,0,1100,1700,3100,Near-Crash,Not a Crash,"Rear-end, striking",Conflict with a lead vehicle,
61385320,0,,3700,6900,Crash,IV - Low-risk Tire Strike,Road departure (left or right),Single vehicle conflict,
61426934,0,3200,4200,5200,Near-Crash,Not a Crash,"Rear-end, striking",Conflict with a lead vehicle,
36842968,0,500,2500,4300,Near-Crash,Not a Crash,Straight crossing path,Conflict with vehicle moving across another vehicle path (through intersection),
138592259,0,600,1500,1800,Near-Crash,Not a Crash,Pedalcyclist-related,Conflict with pedalcyclist,
132364435,0,1400,2000,3300,Crash,III  - Minor Crash,"Rear-end, striking",Conflict with a lead vehicle,
151856731,0,,2500,4500,Crash,IV - Low-risk Tire Strike,Road departure (left or right),Single vehicle conflict,
36948262,0,4100,5400,7100,Near-Crash,Not a Crash,Turn into path (opposite direction),Conflict with vehicle turning into another vehicle path (opposite direction),
150717201,0,,1000,2000,Crash,III  - Minor Crash,Road departure (left or right),Single vehicle conflict,
61385905,0,,1300,2300,Crash,IV - Low-risk Tire Strike,Road departure (left or right),Single vehicle conflict,
151093296,0,,1400,3600,Crash,III  - Minor Crash,Road departure (left or right),Single vehicle conflict,
151586567,0,600,2100,3400,Near-Crash,Not a Crash,"Rear-end, striking",Conflict with vehicle in adjacent lane,
150717135,0,2600,9000,9300,Near-Crash,Not a Crash,"Rear-end, striking",Conflict with a lead vehicle,
151586573,0,500,1500,3000,Near-Crash,Not a Crash,"Sideswipe, same direction (left or right)",Conflict with vehicle in adjacent lane,
151568639,0,800,2100,2700,Near-Crash,Not a Crash,Pedestrian-related,Conflict with pedestrian,
151603453,0,3100,6100,6900,Near-Crash,Not a Crash,"Rear-end, striking",Conflict with a lead vehicle,
142005184,0,2700,4900,5800,Near-Crash,Not a Crash,"Rear-end, striking",Conflict with a lead vehicle,
151550337,0,600,2500,3600,Near-Crash,Not a Crash,"Rear-end, striking",Conflict with a lead vehicle,
31297521,0,,1600,3700,Crash,IV - Low-risk Tire Strike,Road departure (left or right),Single vehicle conflict,
138361187,0,900,4500,5300,Near-Crash,Not a Crash,"Rear-end, striking",Conflict with a lead vehicle,
151870545,0,,2400,4300,Crash,IV - Low-risk Tire Strike,Road departure (end),Single vehicle conflict,
150883903,0,,3000,4400,Crash,IV - Low-risk Tire Strike,Road departure (end),Single vehicle conflict,
151337950,0,6500,7500,8400,Near-Crash,Not a Crash,"Rear-end, striking",Conflict with a lead vehicle,
30883534,0,,2100,3600,Crash,IV - Low-risk Tire Strike,Road departure (left or right),Single vehicle conflict,
151568924,0,3300,4200,4700,Near-Crash,Not a Crash,"Rear-end, striking",Conflict with a lead vehicle,
29877329,0,,2100,4000,Crash,IV - Low-risk Tire Strike,Road departure (left or right),Single vehicle conflict,
17754662,0,2200,3900,4600,Near-Crash,Not a Crash,"Rear-end, striking",Conflict with a lead vehicle,
151609320,0,400,2900,3400,Near-Crash,Not a Crash,Turn into path (opposite direction),Conflict with vehicle turning into another vehicle path (opposite direction),
151568520,0,2400,3400,4000,Near-Crash,Not a Crash,"Sideswipe, same direction (left or right)",Conflict with vehicle in adjacent lane,
142351426,0,900,3300,6200,Near-Crash,Not a Crash,"Rear-end, striking",Conflict with a lead vehicle,
151552164,0,1000,3200,3700,Near-Crash,Not a Crash,"Rear-end, striking",Conflict with a lead vehicle,
24522417,0,2900,4200,5700,Crash,III  - Minor Crash,Road departure (left or right),Single vehicle conflict,
61426995,0,700,1800,2500,Near-Crash,Not a Crash,"Sideswipe, same direction (left or right)",Conflict with vehicle in adjacent lane,
151864779,0,,1000,2300,Crash,IV - Low-risk Tire Strike,Road departure (left or right),Single vehicle conflict,
151568637,0,3400,6100,7300,Near-Crash,Not a Crash,"Rear-end, striking",Conflict with a lead vehicle,
151611064,0,2900,4000,5300,Near-Crash,Not a Crash,"Rear-end, striking",Conflict with a lead vehicle,
30879262,0,800,2900,3300,Near-Crash,Not a Crash,"Rear-end, striking",Conflict with a lead vehicle,
134947996,0,100,3100,3500,Near-Crash,Not a Crash,Straight crossing path,Conflict with vehicle moving across another vehicle path (through intersection),
151569010,0,,5100,6200,Crash,IV - Low-risk Tire Strike,Road departure (end),Single vehicle conflict,
132618140,0,400,4300,8200,Near-Crash,Not a Crash,Road departure (left or right),Single vehicle conflict,
136043661,0,,3000,4900,Crash,IV - Low-risk Tire Strike,Road departure (left or right),Single vehicle conflict,
151582656,0,100,2600,3200,Near-Crash,Not a Crash,"Rear-end, striking",Conflict with a lead vehicle,
51722203,0,4400,5000,6100,Crash,III  - Minor Crash,"Rear-end, striking",Conflict with a lead vehicle,
128906338,0,4100,6000,6500,Near-Crash,Not a Crash,"Rear-end, striking",Conflict with a lead vehicle,
142096719,0,1300,3100,4600,Crash,III  - Minor Crash,Road departure (left or right),Single vehicle conflict,
151878822,0,600,2600,3100,Near-Crash,Not a Crash,"Rear-end, striking",Conflict with a lead vehicle,
151568606,0,1700,2100,2500,Near-Crash,Not a Crash,"Rear-end, striking",Conflict with a lead vehicle,
151568926,0,400,1400,1700,Near-Crash,Not a Crash,"Rear-end, striking",Conflict with a lead vehicle,
135130194,0,1300,1700,2400,Near-Crash,Not a Crash,Animal-related,Conflict with animal,
151568802,0,,2900,4300,Crash,III  - Minor Crash,"Rear-end, struck",Conflict with a following vehicle,
151545458,0,2600,2900,3400,Near-Crash,Not a Crash,"Rear-end, striking",Conflict with a lead vehicle,
151568394,0,1300,1900,2600,Near-Crash,Not a Crash,"Sideswipe, same direction (left or right)",Conflict with vehicle in adjacent lane,
29880039,0,2600,3900,4400,Near-Crash,Not a Crash,"Rear-end, striking",Conflict with a lead vehicle,
128888421,0,700,1500,2900,Near-Crash,Not a Crash,"Sideswipe, same direction (left or right)",Conflict with vehicle in adjacent lane,
33574935,0,600,1600,2700,Near-Crash,Not a Crash,"Sideswipe, same direction (left or right)",Conflict with vehicle in adjacent lane,
135130134,0,2100,3400,5000,Near-Crash,Not a Crash,"Rear-end, striking",Conflict with vehicle in adjacent lane,
61109409,0,,3100,4900,Crash,IV - Low-risk Tire Strike,Road departure (left or right),Single vehicle conflict,
61426817,0,1200,1800,3500,Near-Crash,Not a Crash,"Rear-end, striking",Conflict with a lead vehicle,
151573787,0,3500,4100,4600,Near-Crash,Not a Crash,Other,Conflict with obstacle/object in roadway,
151591698,0,2400,4400,4600,Near-Crash,Not a Crash,"Rear-end, striking",Conflict with vehicle in adjacent lane,
143062707,0,400,2400,2800,Near-Crash,Not a Crash,Turn across path,Conflict with vehicle turning across another vehicle path (opposite direction),
128888428,0,600,2100,3000,Near-Crash,Not a Crash,"Rear-end, striking",Conflict with vehicle in adjacent lane,
128888513,0,1400,1800,3200,Near-Crash,Not a Crash,"Sideswipe, same direction (left or right)",Conflict with vehicle in adjacent lane,
151878827,0,2500,4000,4200,Near-Crash,Not a Crash,"Rear-end, striking",Conflict with a lead vehicle,
61114488,0,1700,1300,2900,Crash,III  - Minor Crash,Road departure (left or right),Single vehicle conflict,
150714358,0,1400,2800,3800,Near-Crash,Not a Crash,"Rear-end, striking",Conflict with a lead vehicle,
151568872,0,3800,4200,5300,Near-Crash,Not a Crash,Road departure (left or right),Single vehicle conflict,
31297559,0,3100,3200,6400,Near-Crash,Not a Crash,Turn into path (same direction),Conflict with vehicle turning into another vehicle path (same direction),
29714769,0,1900,2000,4100,Crash,I - Most Severe,Turn across path,Conflict with vehicle turning across another vehicle path (opposite direction),
128903602,0,,3600,5000,Crash,IV - Low-risk Tire Strike,Road departure (left or right),Single vehicle conflict,
146294372,0,700,1400,1800,Crash,III  - Minor Crash,Other,Conflict with obstacle/object in roadway,
51722141,0,1700,5100,6500,Near-Crash,Not a Crash,Turn into path (same direction),Conflict with vehicle turning into another vehicle path (same direction),
151596595,0,400,1100,1800,Near-Crash,Not a Crash,"Rear-end, striking",Conflict with vehicle in adjacent lane,
138077530,0,3000,4800,5600,Near-Crash,Not a Crash,Turn into path (opposite direction),Conflict with vehicle turning into another vehicle path (opposite direction),
29714766,0,,7600,8900,Crash,II - Police-reportable Crash,"Sideswipe, same direction (left or right)",Conflict with parked vehicle,
61385880,0,2100,1900,3200,Crash,III  - Minor Crash,Road departure (left or right),Single vehicle conflict,
135187676,0,,6200,7500,Crash,III  - Minor Crash,"Backing, fixed object",Conflict with obstacle/object in roadway,
134035273,0,2100,5600,5600,Near-Crash,Not a Crash,"Rear-end, striking",Conflict with a lead vehicle,
142007927,0,,2100,4700,Crash,II - Police-reportable Crash,"Rear-end, struck",Conflict with a following vehicle,
151568463,0,1100,2100,3000,Near-Crash,Not a Crash,Turn into path (same direction),Conflict with vehicle turning into another vehicle path (same direction),
30883574,0,,3100,5000,Crash,IV - Low-risk Tire Strike,Road departure (left or right),Single vehicle conflict,
151863128,0,300,5100,8300,Near-Crash,Not a Crash,"Rear-end, striking",Conflict with a lead vehicle,
151569151,0,1700,2900,5000,Near-Crash,Not a Crash,Pedestrian-related,Conflict with pedestrian,
29877326,0,800,1600,3000,Near-Crash,Not a Crash,Turn into path (same direction),Conflict with vehicle turning into another vehicle path (same direction),
143062692,0,1600,2400,3900,Near-Crash,Not a Crash,"Sideswipe, same direction (left or right)",Conflict with vehicle in adjacent lane,
143062708,0,3400,4900,5500,Near-Crash,Not a Crash,Straight crossing path,Conflict with vehicle moving across another vehicle path (through intersection),
29712540,0,5400,5300,8000,Crash,III  - Minor Crash,Road departure (left or right),Single vehicle conflict,
61111544,0,,900,8700,Crash,IV - Low-risk Tire Strike,Road departure (left or right),Single vehicle conflict,
151568767,0,,5300,7400,Crash,III  - Minor Crash,"Backing, fixed object",Single vehicle conflict,
29730845,0,3700,5400,7000,Crash,III  - Minor Crash,"Rear-end, striking",Conflict with a lead vehicle,
151569060,0,600,1500,2400,Near-Crash,Not a Crash,"Rear-end, striking",Conflict with a lead vehicle,
151352190,0,,1800,3400,Crash,IV - Low-risk Tire Strike,Road departure (end),Single vehicle conflict,
30879260,0,,3400,4500,Crash,IV - Low-risk Tire Strike,Road departure (left or right),Single vehicle conflict,
143062654,0,800,900,1700,Near-Crash,Not a Crash,Straight crossing path,Conflict with vehicle moving across another vehicle path (through intersection),
29884791,0,800,2000,2200,Near-Crash,Not a Crash,Turn across path,Conflict with vehicle turning across another vehicle path (opposite direction),
61114313,0,,2700,4300,Crash,IV - Low-risk Tire Strike,Road departure (left or right),Single vehicle conflict,
142048478,0,1200,2700,3200,Near-Crash,Not a Crash,Turn across path,Conflict with vehicle turning across another vehicle path (opposite direction),
138350672,0,1700,3300,3500,Near-Crash,Not a Crash,"Rear-end, striking",Conflict with a lead vehicle,
151598524,0,900,1800,3000,Near-Crash,Not a Crash,"Sideswipe, same direction (left or right)",Conflict with vehicle in adjacent lane,
61114482,0,,1600,3100,Crash,IV - Low-risk Tire Strike,Road departure (left or right),Single vehicle conflict,
61432320,0,2200,2600,4400,Near-Crash,Not a Crash,Road departure (left or right),Single vehicle conflict,
61426947,0,600,1300,2100,Near-Crash,Not a Crash,Road departure (left or right),Single vehicle conflict,
61426954,0,1700,1900,2900,Near-Crash,Not a Crash,Road departure (left or right),Single vehicle conflict,
142005187,0,1000,2100,3600,Near-Crash,Not a Crash,"Rear-end, striking",Conflict with a lead vehicle,
151568846,0,,9100,9700,Crash,III  - Minor Crash,"Backing, fixed object",Conflict with obstacle/object in roadway,
29730844,0,500,2300,10800,Crash,I - Most Severe,Road departure (left or right),Single vehicle conflict,
10858068,0,1400,2200,4300,Crash,I - Most Severe,"Rear-end, striking",Conflict with a lead vehicle,
31297562,0,500,1200,3500,Near-Crash,Not a Crash,"Rear-end, striking",Conflict with a lead vehicle,
143062695,0,2200,3700,4400,Near-Crash,Not a Crash,"Rear-end, striking",Conflict with a lead vehicle,
143332602,0,800,2100,2700,Near-Crash,Not a Crash,"Rear-end, striking",Conflict with a lead vehicle,
151545532,0,2500,4000,5100,Near-Crash,Not a Crash,"Rear-end, striking",Conflict with a lead vehicle,
151590951,0,1400,2800,4800,Near-Crash,Not a Crash,"Sideswipe, same direction (left or right)",Conflict with vehicle in adjacent lane,
30879205,0,1900,2900,4900,Near-Crash,Not a Crash,"Sideswipe, same direction (left or right)",Conflict with vehicle in adjacent lane,
151864591,0,1900,3900,4500,Near-Crash,Not a Crash,"Rear-end, striking",Conflict with a lead vehicle,
116168849,0,2700,3200,4800,Near-Crash,Not a Crash,"Rear-end, striking",Conflict with a lead vehicle,
30883100,0,3000,3700,4500,Near-Crash,Not a Crash,Opposite direction (head-on or sideswipe),Conflict with oncoming traffic,
29750783,0,,1700,4300,Crash,II - Police-reportable Crash,"Rear-end, striking",Conflict with a lead vehicle,
29730848,0,,5300,13500,Crash,III  - Minor Crash,Road departure (left or right),Single vehicle conflict,
151609330,0,5100,6300,7300,Near-Crash,Not a Crash,"Rear-end, striking",Conflict with a lead vehicle,
31567673,0,1700,2400,3300,Near-Crash,Not a Crash,"Rear-end, striking",Conflict with a lead vehicle,
151568446,0,800,1100,2300,Near-Crash,Not a Crash,"Sideswipe, same direction (left or right)",Conflict with vehicle in adjacent lane,
151568910,0,2000,2800,3700,Near-Crash,Not a Crash,"Rear-end, striking",Conflict with a lead vehicle,
151854698,0,1100,2100,2700,Near-Crash,Not a Crash,"Rear-end, striking",Conflict with a lead vehicle,
136394304,0,500,2600,5000,Near-Crash,Not a Crash,"Rear-end, striking",Conflict with a lead vehicle,
151582657,0,6100,7200,7800,Near-Crash,Not a Crash,"Sideswipe, same direction (left or right)",Conflict with vehicle in adjacent lane,
60633158,0,2100,2600,4100,Crash,III  - Minor Crash,Road departure (left or right),Single vehicle conflict,
135427561,0,800,2300,3500,Near-Crash,Not a Crash,"Rear-end, striking",Conflict with vehicle in adjacent lane,
151570597,0,1800,2600,3400,Near-Crash,Not a Crash,"Rear-end, striking",Conflict with vehicle in adjacent lane,
151864797,0,1400,1600,3400,Near-Crash,Not a Crash,"Rear-end, struck",Conflict with a following vehicle,
151865073,0,200,2200,2800,Near-Crash,Not a Crash,Straight crossing path,Conflict with vehicle moving across another vehicle path (through intersection),
151551790,0,,9600,10500,Crash,III  - Minor Crash,"Backing, fixed object",Conflict with parked vehicle,
29858011,0,2000,3400,4000,Near-Crash,Not a Crash,"Rear-end, striking",Conflict with a lead vehicle,
145435361,0,500,1700,2600,Near-Crash,Not a Crash,Turn into path (same direction),Conflict with vehicle turning into another vehicle path (same direction),"A near-crash occurred during daylight hours on a wet road surface in a business/industrial area. The traffic was flowing freely with leading traffic present. The incident involved a vehicle turning into the path of another vehicle traveling in the same direction. Essentially, one driver attempted to turn into the lane of another vehicle that was already moving in the same direction, leading to a close call but no actual collision. The weather conditions were favorable with no adverse conditions, but the wet surface may have contributed to the hazardous situation. Fortunately, no accident occurred, but it was a close call that could have resulted in a collision."
133193100,0,1300,3600,4200,Near-Crash,Not a Crash,"Rear-end, striking",Conflict with a lead vehicle,
151578959,0,1400,2400,3100,Near-Crash,Not a Crash,Pedestrian-related,Conflict with pedestrian,
29878417,0,1700,3300,6500,Crash,III  - Minor Crash,Road departure (left or right),Single vehicle conflict,
151568586,0,600,1600,2200,Near-Crash,Not a Crash,Animal-related,Conflict with animal,
138254235,0,300,2900,3800,Near-Crash,Not a Crash,"Rear-end, striking",Conflict with a lead vehicle,
151859477,0,4500,7300,8200,Near-Crash,Not a Crash,"Rear-end, striking",Conflict with a lead vehicle,
151859784,0,1300,5700,6100,Near-Crash,Not a Crash,"Rear-end, striking",Conflict with a lead vehicle,
151579598,0,1600,4900,6500,Near-Crash,Not a Crash,"Rear-end, striking",Conflict with a lead vehicle,
151552455,0,1400,3200,3700,Near-Crash,Not a Crash,"Rear-end, striking",Conflict with a lead vehicle,
151859974,0,300,1400,3000,Near-Crash,Not a Crash,Pedalcyclist-related,Conflict with pedalcyclist,
60632580,0,1600,5700,8000,Near-Crash,Not a Crash,Turn into path (same direction),Conflict with vehicle turning into another vehicle path (same direction),
30883549,0,3900,5600,7700,Near-Crash,Not a Crash,"Sideswipe, same direction (left or right)",Conflict with vehicle in adjacent lane,
138337275,0,100,1000,1500,Near-Crash,Not a Crash,"Sideswipe, same direction (left or right)",Conflict with vehicle in adjacent lane,
151864890,0,400,1200,2400,Near-Crash,Not a Crash,"Sideswipe, same direction (left or right)",Conflict with vehicle in adjacent lane,
151573889,0,500,1000,2200,Near-Crash,Not a Crash,"Sideswipe, same direction (left or right)",Conflict with vehicle in adjacent lane,
151598537,0,1200,2000,2300,Near-Crash,Not a Crash,"Rear-end, striking",Conflict with a lead vehicle,
143058374,0,2300,3400,4100,Near-Crash,Not a Crash,"Rear-end, striking",Conflict with a lead vehicle,
51722151,0,,5900,6700,Near-Crash,Not a Crash,Turn into path (same direction),Conflict with vehicle turning into another vehicle path (same direction),
151548910,0,2100,3400,6300,Crash,II - Police-reportable Crash,"Rear-end, struck",Conflict with a following vehicle,
151550312,0,,4900,8000,Crash,II - Police-reportable Crash,"Rear-end, struck",Conflict with a following vehicle,
116168879,0,1300,3900,4600,Near-Crash,Not a Crash,"Rear-end, striking",Conflict with a lead vehicle,
135086123,0,2400,4300,7700,Near-Crash,Not a Crash,"Rear-end, striking",Conflict with a lead vehicle,
151552195,0,3100,5700,6300,Near-Crash,Not a Crash,"Rear-end, striking",Conflict with a lead vehicle,
61427006,0,3400,3600,4400,Near-Crash,Not a Crash,Turn into path (same direction),Conflict with vehicle turning into another vehicle path (same direction),
61385896,0,,600,2100,Crash,IV - Low-risk Tire Strike,Road departure (left or right),Single vehicle conflict,
138361640,0,,1600,2200,Crash,III  - Minor Crash,Other,Conflict with obstacle/object in roadway,
29730852,0,2600,3700,6500,Near-Crash,Not a Crash,"Rear-end, striking",Conflict with a lead vehicle,
61033678,0,3000,2900,4500,Crash,IV - Low-risk Tire Strike,Road departure (left or right),Single vehicle conflict,
135323469,0,2000,1800,2800,Crash,IV - Low-risk Tire Strike,Road departure (left or right),Single vehicle conflict,
33575053,0,900,1900,3000,Near-Crash,Not a Crash,"Rear-end, striking",Conflict with a lead vehicle,
151600641,0,3800,5300,6200,Near-Crash,Not a Crash,Turn into path (same direction),Conflict with vehicle turning into another vehicle path (same direction),
142053331,0,300,1600,2800,Near-Crash,Not a Crash,Turn across path,Conflict with vehicle turning across another vehicle path (opposite direction),
29714701,0,,2500,4700,Crash,IV - Low-risk Tire Strike,Road departure (left or right),Single vehicle conflict,
133753384,0,1000,1100,5900,Crash,II - Police-reportable Crash,Animal-related,Conflict with animal,
135449390,0,4900,5600,8400,Near-Crash,Not a Crash,Turn across path,Conflict with vehicle turning across another vehicle path (opposite direction),
151856686,0,,2200,4300,Crash,IV - Low-risk Tire Strike,Road departure (left or right),Single vehicle conflict,
61111543,0,1600,1900,3400,Crash,III  - Minor Crash,Road departure (left or right),Single vehicle conflict,
151568486,0,2900,4000,4700,Near-Crash,Not a Crash,"Rear-end, striking",Conflict with a lead vehicle,
17726065,0,500,2300,4000,Crash,II - Police-reportable Crash,"Rear-end, striking",Conflict with a lead vehicle,
138352343,0,2600,3400,4200,Near-Crash,Not a Crash,"Rear-end, striking",Conflict with a lead vehicle,
151550490,0,2400,4200,5200,Near-Crash,Not a Crash,"Rear-end, striking",Conflict with a lead vehicle,
151870572,0,2200,3400,3600,Near-Crash,Not a Crash,"Rear-end, struck",Conflict with a following vehicle,
151545549,0,800,1200,2700,Near-Crash,Not a Crash,Pedestrian-related,Conflict with pedestrian,
151600643,0,2400,3700,4400,Near-Crash,Not a Crash,"Rear-end, striking",Conflict with a lead vehicle,
36812427,0,900,2700,3200,Near-Crash,Not a Crash,Turn across path,Conflict with vehicle turning across another vehicle path (opposite direction),
31297563,0,,2200,3300,Crash,IV - Low-risk Tire Strike,Road departure (left or right),Single vehicle conflict,
29714727,0,,1300,3600,Crash,II - Police-reportable Crash,"Rear-end, struck",Conflict with a following vehicle,
151586358,0,3100,3700,4300,Near-Crash,Not a Crash,"Rear-end, striking",Conflict with a lead vehicle,
33575105,0,700,1400,1900,Near-Crash,Not a Crash,"Rear-end, striking",Conflict with a lead vehicle,
151865071,0,400,2200,2400,Near-Crash,Not a Crash,Turn across path,Conflict with vehicle turning across another vehicle path (opposite direction),
142005172,0,,2300,4500,Crash,III  - Minor Crash,"Backing, fixed object",Conflict with parked vehicle,
151859608,0,400,2100,2700,Near-Crash,Not a Crash,"Rear-end, striking",Conflict with vehicle in adjacent lane,
137069856,0,700,1900,3600,Near-Crash,Not a Crash,"Rear-end, striking",Conflict with a lead vehicle,
61111550,0,1800,2900,5500,Crash,II - Police-reportable Crash,Straight crossing path,Conflict with vehicle moving across another vehicle path (through intersection),
151569123,0,800,1900,3300,Near-Crash,Not a Crash,"Sideswipe, same direction (left or right)",Conflict with vehicle in adjacent lane,
151569038,0,200,2000,2800,Near-Crash,Not a Crash,"Rear-end, striking",Conflict with a lead vehicle,
138204801,0,400,5000,5000,Near-Crash,Not a Crash,"Rear-end, striking",Conflict with a lead vehicle,
61114483,0,,5400,7500,Crash,IV - Low-risk Tire Strike,Road departure (left or right),Single vehicle conflict,
35826916,0,600,1400,2100,Crash,II - Police-reportable Crash,Animal-related,Conflict with animal,
61427020,0,2200,3400,7300,Near-Crash,Not a Crash,"Rear-end, striking",Conflict with a lead vehicle,
151607154,0,400,2100,2600,Near-Crash,Not a Crash,"Rear-end, striking",Conflict with a lead vehicle,
151568531,0,900,2800,9700,Near-Crash,Not a Crash,"Rear-end, striking",Conflict with a lead vehicle,
150882757,0,,800,2200,Crash,IV - Low-risk Tire Strike,Road departure (left or right),Single vehicle conflict,
151568382,0,100,1100,3200,Crash,III  - Minor Crash,Other,Conflict with obstacle/object in roadway,
36842975,0,3200,4100,6100,Crash,III  - Minor Crash,Road departure (left or right),Single vehicle conflict,
134934752,0,,5100,8600,Crash,III  - Minor Crash,Road departure (left or right),Single vehicle conflict,
134172748,0,1900,2300,3400,Near-Crash,Not a Crash,"Rear-end, striking",Conflict with a lead vehicle,
138353204,0,1700,3300,4700,Near-Crash,Not a Crash,"Rear-end, striking",Conflict with a lead vehicle,
151550475,0,4000,5100,5700,Near-Crash,Not a Crash,"Rear-end, striking",Conflict with a lead vehicle,
151546913,0,800,2100,2800,Near-Crash,Not a Crash,"Rear-end, striking",Conflict with vehicle in adjacent lane,
142049697,0,1400,3000,4100,Near-Crash,Not a Crash,Pedestrian-related,Conflict with pedestrian,
31281063,0,1400,3400,7000,Crash,IV - Low-risk Tire Strike,Road departure (left or right),Single vehicle conflict,
61386973,0,2000,1900,2600,Crash,III  - Minor Crash,Road departure (left or right),Single vehicle conflict,
60631625,0,,4000,5700,Crash,IV - Low-risk Tire Strike,Road departure (left or right),Single vehicle conflict,
61426802,0,200,1400,3500,Near-Crash,Not a Crash,Road departure (left or right),Single vehicle conflict,
151569067,0,1900,7200,9400,Near-Crash,Not a Crash,"Rear-end, striking",Conflict with a lead vehicle,
64553436,0,,5600,6100,Crash,III  - Minor Crash,Road departure (left or right),Single vehicle conflict,
61385932,0,,3600,4300,Crash,IV - Low-risk Tire Strike,Road departure (left or right),Single vehicle conflict,
29714702,0,1300,2200,3100,Crash,III  - Minor Crash,Backing into traffic,Conflict with parked vehicle,
151594447,0,300,1200,2800,Near-Crash,Not a Crash,"Sideswipe, same direction (left or right)",Conflict with vehicle in adjacent lane,
64646329,0,,2500,3600,Crash,IV - Low-risk Tire Strike,Road departure (left or right),Single vehicle conflict,
151552174,0,800,3400,5100,Near-Crash,Not a Crash,"Rear-end, striking",Conflict with a lead vehicle,
151859563,0,1600,5800,6400,Near-Crash,Not a Crash,"Rear-end, striking",Conflict with a lead vehicle,
150883956,0,700,2200,3100,Near-Crash,Not a Crash,Turn into path (same direction),Conflict with vehicle turning into another vehicle path (same direction),
134925914,0,2400,5100,6100,Near-Crash,Not a Crash,"Rear-end, striking",Conflict with a lead vehicle,
30880846,0,4200,5000,5900,Near-Crash,Not a Crash,Turn into path (opposite direction),Conflict with vehicle turning into another vehicle path (opposite direction),
151569087,0,1600,3200,4000,Near-Crash,Not a Crash,Turn across path,Conflict with vehicle turning across another vehicle path (opposite direction),
151587536,0,300,1100,2200,Near-Crash,Not a Crash,"Sideswipe, same direction (left or right)",Conflict with vehicle in adjacent lane,
151587819,0,1500,4600,5900,Near-Crash,Not a Crash,"Rear-end, striking",Conflict with a lead vehicle,
22486217,0,0,2800,4300,Crash,II - Police-reportable Crash,"Rear-end, striking",Conflict with a lead vehicle,
151859503,0,3000,5200,5900,Near-Crash,Not a Crash,"Rear-end, striking",Conflict with vehicle in adjacent lane,
128888508,0,5300,6600,7600,Crash,II - Police-reportable Crash,"Rear-end, striking",Conflict with a lead vehicle,
151859564,0,400,1600,2100,Near-Crash,Not a Crash,"Sideswipe, same direction (left or right)",Conflict with vehicle in adjacent lane,
29858022,0,300,1200,2200,Near-Crash,Not a Crash,"Sideswipe, same direction (left or right)",Conflict with vehicle in adjacent lane,
135191691,0,,3900,5200,Crash,IV - Low-risk Tire Strike,Road departure (left or right),Single vehicle conflict,
151568407,0,1900,2900,3100,Near-Crash,Not a Crash,"Rear-end, striking",Conflict with a lead vehicle,
151568758,0,,1400,3000,Crash,III  - Minor Crash,"Backing, fixed object",Conflict with obstacle/object in roadway,
151859517,0,1100,3100,5000,Near-Crash,Not a Crash,"Rear-end, striking",Conflict with a lead vehicle,
133755843,0,1700,4800,5500,Near-Crash,Not a Crash,"Rear-end, striking",Conflict with a lead vehicle,
29714725,0,1800,2100,5000,Crash,IV - Low-risk Tire Strike,Road departure (left or right),Single vehicle conflict,
134165594,0,3500,3200,4400,Crash,IV - Low-risk Tire Strike,Road departure (left or right),Single vehicle conflict,
29859063,0,1100,3600,4100,Near-Crash,Not a Crash,"Rear-end, striking",Conflict with a lead vehicle,
51722152,0,500,2200,3100,Near-Crash,Not a Crash,"Sideswipe, same direction (left or right)",Conflict with vehicle in adjacent lane,
151569213,0,400,700,1200,Near-Crash,Not a Crash,"Rear-end, striking",Conflict with a lead vehicle,
151568874,0,1700,7500,8700,Near-Crash,Not a Crash,"Rear-end, striking",Conflict with vehicle in adjacent lane,
151865126,0,700,1300,1600,Near-Crash,Not a Crash,"Rear-end, struck",Conflict with a following vehicle,
151865141,0,300,3700,4000,Near-Crash,Not a Crash,"Sideswipe, same direction (left or right)",Conflict with vehicle in adjacent lane,
29858000,0,200,700,1700,Near-Crash,Not a Crash,"Sideswipe, same direction (left or right)",Conflict with vehicle in adjacent lane,
151570566,0,5500,6600,7500,Near-Crash,Not a Crash,"Sideswipe, same direction (left or right)",Conflict with vehicle in adjacent lane,
151568971,0,200,2500,5000,Near-Crash,Not a Crash,"Rear-end, striking",Conflict with a lead vehicle,
151568945,0,300,2600,2900,Near-Crash,Not a Crash,"Rear-end, striking",Conflict with vehicle in adjacent lane,
151573817,0,200,3300,4200,Near-Crash,Not a Crash,"Rear-end, striking",Conflict with vehicle in adjacent lane,
151568830,0,800,4300,4900,Near-Crash,Not a Crash,"Rear-end, striking",Conflict with vehicle in adjacent lane,
151574326,0,2400,4800,5300,Near-Crash,Not a Crash,"Rear-end, striking",Conflict with a lead vehicle,
151586351,0,1100,2700,3400,Near-Crash,Not a Crash,"Rear-end, striking",Conflict with vehicle in adjacent lane,
151545626,0,800,2300,2900,Near-Crash,Not a Crash,Animal-related,Conflict with animal,
151568814,0,4000,5500,7200,Near-Crash,Not a Crash,"Sideswipe, same direction (left or right)",Conflict with vehicle in adjacent lane,
151859494,0,400,2100,3000,Near-Crash,Not a Crash,"Rear-end, striking",Conflict with vehicle in adjacent lane,
148772745,0,600,1900,2700,Near-Crash,Not a Crash,"Rear-end, striking",Conflict with vehicle in adjacent lane,
29714733,0,7200,7000,8000,Crash,IV - Low-risk Tire Strike,Road departure (end),Single vehicle conflict,
151568672,0,2900,3600,4000,Near-Crash,Not a Crash,"Rear-end, striking",Conflict with vehicle in adjacent lane,
151568762,0,700,1800,2600,Near-Crash,Not a Crash,"Sideswipe, same direction (left or right)",Conflict with vehicle in adjacent lane,
151859512,0,1300,4700,5800,Near-Crash,Not a Crash,"Rear-end, striking",Conflict with a lead vehicle,
151569128,0,1300,5000,6100,Near-Crash,Not a Crash,"Rear-end, striking",Conflict with a lead vehicle,
151862028,0,600,4100,4600,Near-Crash,Not a Crash,"Rear-end, striking",Conflict with a lead vehicle,
151859984,0,800,4900,5600,Near-Crash,Not a Crash,Turn into path (same direction),Conflict with vehicle turning into another vehicle path (same direction),
151568828,0,5000,6600,8000,Near-Crash,Not a Crash,"Rear-end, striking",Conflict with a lead vehicle,
151609049,0,800,3200,4000,Near-Crash,Not a Crash,"Rear-end, striking",Conflict with a lead vehicle,
151856669,0,600,1700,3800,Near-Crash,Not a Crash,Turn across path,Conflict with vehicle turning across another vehicle path (opposite direction),
151859827,0,1900,4200,4700,Near-Crash,Not a Crash,"Rear-end, striking",Conflict with a lead vehicle,
151596596,0,1100,2800,3100,Near-Crash,Not a Crash,"Rear-end, striking",Conflict with a lead vehicle,
151859847,0,300,2800,3400,Near-Crash,Not a Crash,"Rear-end, striking",Conflict with merging vehicle,
151607767,0,6300,9200,9600,Near-Crash,Not a Crash,"Rear-end, striking",Conflict with a lead vehicle,
151859850,0,4700,6400,6400,Near-Crash,Not a Crash,"Rear-end, striking",Conflict with a lead vehicle,
138608740,0,1300,4800,5600,Near-Crash,Not a Crash,"Rear-end, striking",Conflict with a lead vehicle,
151569690,0,4500,5600,6700,Near-Crash,Not a Crash,"Rear-end, striking",Conflict with a lead vehicle,
31280780,0,0,3300,4600,Near-Crash,Not a Crash,"Rear-end, striking",Conflict with a lead vehicle,
151856529,0,,1200,2000,Crash,II - Police-reportable Crash,"Sideswipe, same direction (left or right)",Conflict with vehicle in adjacent lane,
61385888,0,,2800,4000,Crash,III  - Minor Crash,Road departure (left or right),Single vehicle conflict,
31297589,0,2200,3600,6600,Near-Crash,Not a Crash,Turn into path (same direction),Conflict with vehicle turning into another vehicle path (same direction),
29714724,0,2300,4000,9300,Crash,I - Most Severe,"Rear-end, striking",Conflict with a lead vehicle,
33994017,0,2100,6000,7300,Near-Crash,Not a Crash,"Rear-end, striking",Conflict with a lead vehicle,
31280785,0,,1700,3600,Crash,IV - Low-risk Tire Strike,Road departure (left or right),Single vehicle conflict,
60631649,0,800,2200,4500,Near-Crash,Not a Crash,"Sideswipe, same direction (left or right)",Conflict with vehicle in adjacent lane,
76264669,0,,2500,4400,Crash,IV - Low-risk Tire Strike,Road departure (left or right),Single vehicle conflict,
151856552,0,3900,4200,5200,Near-Crash,Not a Crash,Road departure (left or right),Single vehicle conflict,
29750784,0,1100,3200,9700,Crash,IV - Low-risk Tire Strike,Road departure (left or right),Single vehicle conflict,
145746720,0,2000,3400,4900,Near-Crash,Not a Crash,"Rear-end, striking",Conflict with a lead vehicle,
151573873,0,1800,2400,3200,Near-Crash,Not a Crash,"Rear-end, striking",Conflict with vehicle in adjacent lane,
143062742,0,2000,3500,4400,Near-Crash,Not a Crash,"Rear-end, striking",Conflict with a lead vehicle,
135962212,0,2200,4000,7000,Near-Crash,Not a Crash,"Rear-end, striking",Conflict with a lead vehicle,
151582031,0,1000,2100,3100,Near-Crash,Not a Crash,"Sideswipe, same direction (left or right)",Conflict with vehicle in adjacent lane,
30881813,0,,7800,8300,Crash,IV - Low-risk Tire Strike,Road departure (end),Single vehicle conflict,
29714714,0,1800,4100,5000,Near-Crash,Not a Crash,Turn across path,Conflict with vehicle turning across another vehicle path (opposite direction),
132620440,0,600,2400,4700,Near-Crash,Not a Crash,"Rear-end, striking",Conflict with a lead vehicle,
135963632,0,1000,7100,7100,Near-Crash,Not a Crash,"Rear-end, striking",Conflict with a lead vehicle,
135085854,0,1100,2300,3900,Near-Crash,Not a Crash,"Sideswipe, same direction (left or right)",Conflict with vehicle in adjacent lane,
151864912,0,200,1700,3000,Near-Crash,Not a Crash,Straight crossing path,Conflict with vehicle moving across another vehicle path (through intersection),
151865097,0,,3500,3900,Near-Crash,Not a Crash,"Sideswipe, same direction (left or right)",Conflict with vehicle in adjacent lane,
151865114,0,900,1200,1300,Near-Crash,Not a Crash,"Sideswipe, same direction (left or right)",Conflict with vehicle in adjacent lane,
151865116,0,3600,4000,6100,Near-Crash,Not a Crash,"Rear-end, struck",Conflict with a following vehicle,
151865124,0,1200,1600,2900,Near-Crash,Not a Crash,Turn into path (same direction),Conflict with vehicle turning into another vehicle path (same direction),
151906574,0,,900,2100,Crash,III  - Minor Crash,Pedestrian-related,Conflict with pedestrian,
151570547,0,800,2300,2700,Near-Crash,Not a Crash,"Rear-end, striking",Conflict with a lead vehicle,
30880910,0,2800,3800,5900,Near-Crash,Not a Crash,Turn into path (same direction),Conflict with vehicle turning into another vehicle path (same direction),
151570706,0,3200,4200,4800,Near-Crash,Not a Crash,"Sideswipe, same direction (left or right)",Conflict with vehicle in adjacent lane,
24516400,0,700,800,1600,Crash,III  - Minor Crash,"Rear-end, striking",Conflict with parked vehicle,
29877320,0,300,3300,4100,Near-Crash,Not a Crash,Other,Conflict with obstacle/object in roadway,
151568417,0,3300,4400,4800,Near-Crash,Not a Crash,Opposite direction (head-on or sideswipe),Conflict with oncoming traffic,
151598523,0,2700,3800,4000,Near-Crash,Not a Crash,Turn across path,Conflict with vehicle turning across another vehicle path (opposite direction),
151587520,0,300,1300,2100,Near-Crash,Not a Crash,"Sideswipe, same direction (left or right)",Conflict with vehicle in adjacent lane,
151878910,0,700,1000,2800,Near-Crash,Not a Crash,Turn across path,Conflict with vehicle turning across another vehicle path (opposite direction),
151595166,0,1800,1900,2800,Near-Crash,Not a Crash,Animal-related,Conflict with animal,
29877175,0,600,2700,18400,Crash,III  - Minor Crash,Road departure (left or right),Single vehicle conflict,
29859113,0,1100,1900,4600,Near-Crash,Not a Crash,Turn across path,Conflict with vehicle turning across another vehicle path (same direction),
151878896,0,600,1100,1600,Near-Crash,Not a Crash,Pedalcyclist-related,Conflict with pedalcyclist,
151878921,0,3600,4300,4700,Near-Crash,Not a Crash,Turn across path,Conflict with vehicle turning across another vehicle path (opposite direction),
143083750,0,1600,2300,4700,Near-Crash,Not a Crash,"Sideswipe, same direction (left or right)",Conflict with vehicle in adjacent lane,
31297567,0,2300,5600,6600,Near-Crash,Not a Crash,"Rear-end, striking",Conflict with a lead vehicle,
30883587,0,,1200,6000,Crash,IV - Low-risk Tire Strike,Road departure (left or right),Single vehicle conflict,"A vehicle was traveling on a road in a business or industrial area during daylight hours with no adverse weather conditions and a dry road surface. The traffic was flowing freely with other vehicles present. Suddenly, a tire fell off a vehicle (likely from another vehicle ahead) and struck the vehicle in question. This caused the vehicle to veer off the road, either to the left or right, resulting in a single-vehicle incident. Fortunately, there were no other vehicles directly involved in the collision. The incident occurred under normal driving conditions with no external factors such as rain or poor visibility contributing to the accident."
30879206,0,3800,4400,5200,Near-Crash,Not a Crash,Pedalcyclist-related,Conflict with pedalcyclist,
29877160,0,1900,2700,4900,Near-Crash,Not a Crash,"Sideswipe, same direction (left or right)",Conflict with vehicle in adjacent lane,
128903613,0,1000,2800,3300,Near-Crash,Not a Crash,Turn into path (same direction),Conflict with vehicle turning into another vehicle path (same direction),
31297603,0,5000,7100,7400,Near-Crash,Not a Crash,"Rear-end, striking",Conflict with a lead vehicle,
29714771,0,1900,2900,3500,Crash,III  - Minor Crash,"Rear-end, striking",Conflict with a lead vehicle,
151859428,0,1100,4200,7400,Near-Crash,Not a Crash,"Rear-end, striking",Conflict with vehicle in adjacent lane,
142593198,0,2900,5800,6400,Near-Crash,Not a Crash,"Rear-end, striking",Conflict with a lead vehicle,
151878857,0,200,2700,2900,Near-Crash,Not a Crash,Animal-related,Conflict with animal,
61114492,0,2300,2600,4400,Crash,III  - Minor Crash,Road departure (end),Single vehicle conflict,
151864935,0,200,1200,1600,Near-Crash,Not a Crash,"Rear-end, striking",Conflict with a lead vehicle,
151587810,0,300,1100,2000,Near-Crash,Not a Crash,"Sideswipe, same direction (left or right)",Conflict with vehicle in adjacent lane,
142029875,0,1400,2000,3400,Near-Crash,Not a Crash,"Sideswipe, same direction (left or right)",Conflict with vehicle in adjacent lane,
29712222,0,600,1200,1600,Near-Crash,Not a Crash,Animal-related,Conflict with animal,
30883546,0,700,1500,2500,Near-Crash,Not a Crash,Turn across path,Conflict with vehicle turning across another vehicle path (opposite direction),
151549140,0,300,900,2400,Near-Crash,Not a Crash,"Rear-end, striking",Conflict with a lead vehicle,
24521313,0,7300,8300,10000,Crash,III  - Minor Crash,Road departure (left or right),Single vehicle conflict,
151569149,0,2400,3000,3800,Near-Crash,Not a Crash,Backing into traffic,Conflict with a following vehicle,
151568413,0,6300,8000,8400,Near-Crash,Not a Crash,"Rear-end, striking",Conflict with a lead vehicle,
151606574,0,1200,2100,2800,Near-Crash,Not a Crash,Animal-related,Conflict with animal,
151568889,0,1600,2900,8200,Near-Crash,Not a Crash,"Sideswipe, same direction (left or right)",Conflict with vehicle in adjacent lane,
151545505,0,600,2000,2300,Near-Crash,Not a Crash,Turn across path,Conflict with vehicle turning across another vehicle path (opposite direction),
150883987,0,2100,3000,5300,Near-Crash,Not a Crash,"Rear-end, striking",Conflict with a lead vehicle,
142029920,0,1700,2200,4300,Near-Crash,Not a Crash,Pedalcyclist-related,Conflict with pedalcyclist,
151598526,0,1400,2600,3400,Near-Crash,Not a Crash,"Rear-end, striking",Conflict with vehicle in adjacent lane,
29858047,0,1500,3500,4600,Near-Crash,Not a Crash,"Rear-end, striking",Conflict with a lead vehicle,
151611060,0,700,3400,3700,Near-Crash,Not a Crash,"Rear-end, striking",Conflict with a lead vehicle,
151568498,0,4100,7400,7600,Near-Crash,Not a Crash,"Rear-end, striking",Conflict with a lead vehicle,
143320734,0,4500,7100,7700,Near-Crash,Not a Crash,"Rear-end, striking",Conflict with a lead vehicle,
143250631,0,3500,5100,6000,Near-Crash,Not a Crash,Turn into path (same direction),Conflict with vehicle turning into another vehicle path (same direction),
151595572,0,300,2900,3700,Near-Crash,Not a Crash,"Rear-end, striking",Conflict with a lead vehicle,
151592971,0,400,2700,3200,Near-Crash,Not a Crash,Other,Conflict with obstacle/object in roadway,
128906463,0,400,2300,5900,Near-Crash,Not a Crash,"Rear-end, striking",Conflict with a lead vehicle,
151568705,0,1100,3000,5800,Near-Crash,Not a Crash,"Rear-end, striking",Conflict with a lead vehicle,
33575092,0,1000,4000,4600,Near-Crash,Not a Crash,"Rear-end, striking",Conflict with a lead vehicle,
151581526,0,1300,2600,3200,Near-Crash,Not a Crash,Turn across path,Conflict with vehicle turning across another vehicle path (opposite direction),
61216651,0,2300,3900,6900,Crash,III  - Minor Crash,Road departure (left or right),Single vehicle conflict,
61432382,0,,900,3400,Crash,IV - Low-risk Tire Strike,Road departure (left or right),Single vehicle conflict,
33994005,0,5400,4200,10000,Crash,IV - Low-risk Tire Strike,Road departure (left or right),Single vehicle conflict,
151866527,0,100,2500,2800,Near-Crash,Not a Crash,"Sideswipe, same direction (left or right)",Conflict with vehicle in adjacent lane,
151592641,0,1200,1800,5100,Near-Crash,Not a Crash,"Sideswipe, same direction (left or right)",Conflict with vehicle in adjacent lane,
151598533,0,1600,3500,4100,Near-Crash,Not a Crash,"Rear-end, striking",Conflict with a lead vehicle,
151587814,0,1000,2600,3900,Near-Crash,Not a Crash,"Rear-end, striking",Conflict with a lead vehicle,
151574548,0,4100,5600,6600,Near-Crash,Not a Crash,"Rear-end, striking",Conflict with a lead vehicle,
151573887,0,2500,4000,4700,Near-Crash,Not a Crash,Turn into path (same direction),Conflict with vehicle turning into another vehicle path (same direction),
115730601,0,3200,4700,5100,Near-Crash,Not a Crash,"Rear-end, striking",Conflict with a lead vehicle,
138293183,0,600,3500,4900,Near-Crash,Not a Crash,"Rear-end, striking",Conflict with a lead vehicle,
151606572,0,600,2700,2900,Near-Crash,Not a Crash,"Rear-end, striking",Conflict with vehicle in adjacent lane,
61385894,0,1000,2400,3200,Near-Crash,Not a Crash,"Rear-end, striking",Conflict with a lead vehicle,
61211797,0,,2700,4300,Crash,III  - Minor Crash,Other,Conflict with a lead vehicle,
61427005,0,14700,15100,16600,Near-Crash,Not a Crash,"Rear-end, striking",Conflict with a lead vehicle,
151568698,0,3200,4600,4800,Near-Crash,Not a Crash,Road departure (left or right),Single vehicle conflict,
36841162,0,800,4200,10000,Crash,II - Police-reportable Crash,Road departure (left or right),Single vehicle conflict,
151864993,0,,800,1800,Crash,IV - Low-risk Tire Strike,Road departure (left or right),Single vehicle conflict,
151573569,0,800,1300,2000,Near-Crash,Not a Crash,"Rear-end, striking",Conflict with a lead vehicle,
128906337,0,500,1000,1600,Near-Crash,Not a Crash,"Rear-end, striking",Conflict with a lead vehicle,
151859440,0,700,2000,4100,Near-Crash,Not a Crash,"Sideswipe, same direction (left or right)",Conflict with vehicle in adjacent lane,
151864981,0,700,900,2000,Near-Crash,Not a Crash,"Rear-end, striking",Conflict with vehicle in adjacent lane,
151856721,0,,1400,2600,Near-Crash,Not a Crash,"Rear-end, striking",Conflict with a lead vehicle,
136043660,0,1200,2200,4900,Crash,I - Most Severe,Turn into path (opposite direction),Conflict with vehicle turning into another vehicle path (opposite direction),
128888430,0,2000,2600,3900,Crash,II - Police-reportable Crash,"Rear-end, striking",Conflict with a lead vehicle,
128906368,0,3900,4200,5200,Near-Crash,Not a Crash,"Rear-end, striking",Conflict with a lead vehicle,
36842970,0,1900,2700,4300,Near-Crash,Not a Crash,"Rear-end, striking",Conflict with a lead vehicle,
61033677,0,,5200,6700,Crash,IV - Low-risk Tire Strike,Road departure (left or right),Single vehicle conflict,
151574090,0,1500,1800,2600,Near-Crash,Not a Crash,"Rear-end, striking",Conflict with vehicle in adjacent lane,
142005185,0,1900,4100,5400,Near-Crash,Not a Crash,"Rear-end, striking",Conflict with a lead vehicle,
151581859,0,800,2800,3800,Near-Crash,Not a Crash,"Rear-end, striking",Conflict with a lead vehicle,
35333358,0,2900,4300,4900,Near-Crash,Not a Crash,"Rear-end, striking",Conflict with a lead vehicle,
138351166,0,1200,5000,6700,Near-Crash,Not a Crash,"Rear-end, striking",Conflict with a lead vehicle,
151568965,0,200,3900,6400,Near-Crash,Not a Crash,"Rear-end, striking",Conflict with a lead vehicle,
151569024,0,,5600,7500,Crash,IV - Low-risk Tire Strike,Road departure (left or right),Single vehicle conflict,
151568665,0,2800,5100,7300,Near-Crash,Not a Crash,"Rear-end, striking",Conflict with a lead vehicle,
33575080,0,,7800,9600,Crash,IV - Low-risk Tire Strike,Road departure (end),Single vehicle conflict,
33575054,0,5600,7000,7500,Near-Crash,Not a Crash,"Rear-end, striking",Conflict with a lead vehicle,
151086610,0,4700,5700,9600,Crash,III  - Minor Crash,Other,Conflict with obstacle/object in roadway,
116168848,0,1000,3900,5700,Near-Crash,Not a Crash,"Rear-end, striking",Conflict with a lead vehicle,
116162981,0,2500,5000,5300,Near-Crash,Not a Crash,"Rear-end, striking",Conflict with a lead vehicle,
151587478,0,2000,4700,5800,Near-Crash,Not a Crash,"Rear-end, striking",Conflict with a lead vehicle,
128906327,0,1800,2400,3300,Near-Crash,Not a Crash,"Rear-end, striking",Conflict with a lead vehicle,
151574062,0,2000,3600,6100,Near-Crash,Not a Crash,"Rear-end, striking",Conflict with a lead vehicle,
151578957,0,1400,3900,6400,Near-Crash,Not a Crash,"Sideswipe, same direction (left or right)",Conflict with vehicle in adjacent lane,
151606613,0,1200,2500,2900,Near-Crash,Not a Crash,Animal-related,Conflict with animal,
151864785,0,1700,5000,5500,Near-Crash,Not a Crash,"Rear-end, striking",Conflict with a lead vehicle,
151856795,0,1900,3400,4200,Near-Crash,Not a Crash,"Rear-end, striking",Conflict with a lead vehicle,
151582648,0,400,1900,3200,Near-Crash,Not a Crash,"Rear-end, striking",Conflict with a lead vehicle,
151856601,0,,4100,5000,Crash,III  - Minor Crash,"Backing, fixed object",Conflict with obstacle/object in roadway,
61427029,0,1600,3800,4800,Near-Crash,Not a Crash,"Rear-end, striking",Conflict with a lead vehicle,
151859928,0,600,1700,2700,Near-Crash,Not a Crash,Turn into path (same direction),Conflict with vehicle turning into another vehicle path (same direction),
134035123,0,0,1700,2100,Near-Crash,Not a Crash,"Rear-end, striking",Conflict with a lead vehicle,
151864889,0,1800,2200,2600,Near-Crash,Not a Crash,"Rear-end, striking",Conflict with a lead vehicle,
151864791,0,800,1400,2100,Near-Crash,Not a Crash,"Rear-end, striking",Conflict with a lead vehicle,
132518221,0,1500,2500,3100,Near-Crash,Not a Crash,"Rear-end, striking",Conflict with a lead vehicle,
61426772,0,600,3300,3900,Near-Crash,Not a Crash,"Rear-end, striking",Conflict with a lead vehicle,"A near-crash occurred in an urban area during daylight hours with no adverse weather conditions and on a dry road surface. The traffic was flowing with some restrictions, indicating moderate traffic density. The incident involved a conflict with a lead vehicle, where the following vehicle almost struck the rear of the vehicle in front of it, narrowly avoiding a rear-end collision. Despite the close call, no actual crash occurred, but it was a close and potentially dangerous situation."
151864934,0,300,900,1100,Near-Crash,Not a Crash,"Rear-end, striking",Conflict with a lead vehicle,
151569163,0,4600,6400,6900,Near-Crash,Not a Crash,"Rear-end, striking",Conflict with a lead vehicle,
29858006,0,300,1300,2300,Near-Crash,Not a Crash,Pedalcyclist-related,Conflict with pedalcyclist,
128906350,0,1500,2900,5000,Near-Crash,Not a Crash,"Rear-end, striking",Conflict with a lead vehicle,
151568495,0,1000,2100,3100,Near-Crash,Not a Crash,"Sideswipe, same direction (left or right)",Conflict with vehicle in adjacent lane,
151568977,0,,2200,3400,Crash,III  - Minor Crash,"Rear-end, struck",Conflict with a following vehicle,
29859122,0,3600,7100,8300,Near-Crash,Not a Crash,"Rear-end, striking",Conflict with a lead vehicle,
151589512,0,1900,2800,4500,Near-Crash,Not a Crash,"Rear-end, striking",Conflict with vehicle in adjacent lane,
151565574,0,2300,4800,6100,Near-Crash,Not a Crash,"Rear-end, striking",Conflict with a lead vehicle,
150714794,0,1400,3600,4900,Near-Crash,Not a Crash,"Rear-end, striking",Conflict with a lead vehicle,
30883555,0,1200,2300,4000,Near-Crash,Not a Crash,"Rear-end, striking",Conflict with a lead vehicle,
151558368,0,100,300,1400,Crash,III  - Minor Crash,Animal-related,Conflict with animal,
151352147,0,,12000,13700,Crash,III  - Minor Crash,Backing into traffic,Single vehicle conflict,
142049806,0,1800,3700,5200,Near-Crash,Not a Crash,"Rear-end, striking",Conflict with a lead vehicle,
33994000,0,,2200,4900,Crash,III  - Minor Crash,Road departure (left or right),Single vehicle conflict,
29858015,0,1000,2800,4000,Near-Crash,Not a Crash,Turn into path (opposite direction),Conflict with vehicle turning into another vehicle path (opposite direction),
138077409,0,0,400,2200,Near-Crash,Not a Crash,"Sideswipe, same direction (left or right)",Conflict with vehicle in adjacent lane,
61211790,0,200,4900,7700,Crash,I - Most Severe,Road departure (left or right),Single vehicle conflict,
151568595,0,2600,3500,4400,Near-Crash,Not a Crash,Pedestrian-related,Conflict with pedestrian,
61114312,0,,4700,6400,Crash,IV - Low-risk Tire Strike,Road departure (left or right),Single vehicle conflict,
151878920,0,1000,1300,2500,Near-Crash,Not a Crash,"Sideswipe, same direction (left or right)",Conflict with vehicle in adjacent lane,
151864641,0,1700,3200,3500,Near-Crash,Not a Crash,"Rear-end, striking",Conflict with a lead vehicle,
138188775,0,,4700,6600,Crash,IV - Low-risk Tire Strike,Road departure (end),Single vehicle conflict,
30879264,0,2400,4600,5300,Near-Crash,Not a Crash,"Rear-end, striking",Conflict with a lead vehicle,
33575095,0,1200,2900,3400,Near-Crash,Not a Crash,"Rear-end, striking",Conflict with a lead vehicle,
138216244,0,2600,4100,4400,Near-Crash,Not a Crash,"Rear-end, striking",Conflict with a lead vehicle,
67465640,0,1900,3000,6000,Crash,III  - Minor Crash,Road departure (end),Single vehicle conflict,
29714716,0,,5800,6700,Crash,III  - Minor Crash,Road departure (end),Single vehicle conflict,
138361450,0,400,1200,1500,Near-Crash,Not a Crash,"Sideswipe, same direction (left or right)",Conflict with vehicle in adjacent lane,
151569064,0,2700,4700,6100,Near-Crash,Not a Crash,"Rear-end, striking",Conflict with vehicle in adjacent lane,
22485631,0,2900,5000,7600,Crash,I - Most Severe,"Rear-end, striking",Conflict with a lead vehicle,
151599167,0,900,2400,2700,Near-Crash,Not a Crash,"Rear-end, striking",Conflict with a lead vehicle,
151859417,0,3000,7000,7300,Near-Crash,Not a Crash,"Rear-end, striking",Conflict with a lead vehicle,
151569210,0,200,4300,5600,Near-Crash,Not a Crash,"Rear-end, striking",Conflict with a lead vehicle,
142048855,0,3200,5300,5900,Near-Crash,Not a Crash,"Rear-end, striking",Conflict with a lead vehicle,
138077657,0,100,2400,2700,Near-Crash,Not a Crash,Turn into path (opposite direction),Conflict with vehicle turning into another vehicle path (opposite direction),
29880022,0,800,1600,3500,Near-Crash,Not a Crash,"Rear-end, striking",Conflict with vehicle in adjacent lane,
135427597,0,6900,6800,8300,Crash,III  - Minor Crash,Road departure (left or right),Single vehicle conflict,
151598318,0,1800,4100,6100,Near-Crash,Not a Crash,"Rear-end, striking",Conflict with a lead vehicle,
136345046,0,500,1200,1800,Near-Crash,Not a Crash,"Rear-end, striking",Conflict with a lead vehicle,
151569119,0,1600,3800,4700,Near-Crash,Not a Crash,"Sideswipe, same direction (left or right)",Conflict with merging vehicle,
151594453,0,1000,2600,5400,Near-Crash,Not a Crash,"Sideswipe, same direction (left or right)",Conflict with vehicle in adjacent lane,
151578825,0,600,2000,2900,Near-Crash,Not a Crash,"Rear-end, striking",Conflict with vehicle in adjacent lane,
151856560,0,900,1900,2900,Near-Crash,Not a Crash,"Rear-end, striking",Conflict with a lead vehicle,
151581842,0,2000,4900,5500,Near-Crash,Not a Crash,"Rear-end, striking",Conflict with vehicle in adjacent lane,
29884809,0,2200,3500,4700,Near-Crash,Not a Crash,Straight crossing path,Conflict with vehicle moving across another vehicle path (through intersection),
151568500,0,3000,5200,6100,Near-Crash,Not a Crash,"Rear-end, striking",Conflict with a lead vehicle,
138364439,0,2800,3300,4700,Crash,IV - Low-risk Tire Strike,Road departure (left or right),Single vehicle conflict,
151550374,0,700,2500,3500,Near-Crash,Not a Crash,"Rear-end, striking",Conflict with a lead vehicle,
138364480,0,1900,4400,4900,Near-Crash,Not a Crash,Opposite direction (head-on or sideswipe),Conflict with oncoming traffic,
138364451,0,100,1600,2200,Near-Crash,Not a Crash,Straight crossing path,Conflict with vehicle moving across another vehicle path (through intersection),
151550473,0,4100,7300,7400,Near-Crash,Not a Crash,"Rear-end, striking",Conflict with a lead vehicle,
151574544,0,4200,4900,6000,Near-Crash,Not a Crash,"Sideswipe, same direction (left or right)",Conflict with vehicle in adjacent lane,
138364501,0,1300,5100,6000,Near-Crash,Not a Crash,"Rear-end, striking",Conflict with a lead vehicle,
138364438,0,,800,2600,Crash,IV - Low-risk Tire Strike,Road departure (left or right),Single vehicle conflict,
138364463,0,400,3700,5700,Near-Crash,Not a Crash,"Rear-end, striking",Conflict with a lead vehicle,
142005107,0,1200,3000,7200,Near-Crash,Not a Crash,"Rear-end, striking",Conflict with a lead vehicle,
142018684,0,2800,3600,5400,Near-Crash,Not a Crash,Turn across path,Conflict with vehicle turning across another vehicle path (opposite direction),
143083782,0,2000,5900,6900,Near-Crash,Not a Crash,Turn into path (same direction),Conflict with vehicle turning into another vehicle path (same direction),
151546986,0,4300,4900,5400,Near-Crash,Not a Crash,Other,Conflict with parked vehicle,
151573578,0,2200,2900,3500,Near-Crash,Not a Crash,"Rear-end, striking",Conflict with a lead vehicle,
151862026,0,1300,2400,2600,Near-Crash,Not a Crash,"Rear-end, striking",Conflict with a lead vehicle,
61385903,0,800,2000,2900,Near-Crash,Not a Crash,"Sideswipe, same direction (left or right)",Conflict with vehicle in adjacent lane,
138350723,0,700,3200,5900,Near-Crash,Not a Crash,"Rear-end, striking",Conflict with a lead vehicle,
31567671,0,7300,7100,9000,Crash,IV - Low-risk Tire Strike,Road departure (left or right),Single vehicle conflict,
151545671,0,1300,3100,3400,Near-Crash,Not a Crash,Turn across path,Conflict with vehicle turning across another vehicle path (opposite direction),
151569681,0,500,4200,5300,Near-Crash,Not a Crash,"Rear-end, striking",Conflict with a lead vehicle,
143320620,0,,3000,4900,Crash,IV - Low-risk Tire Strike,Road departure (left or right),Single vehicle conflict,
138364385,0,,900,2400,Crash,III  - Minor Crash,Road departure (left or right),Single vehicle conflict,
151568428,0,100,1000,1400,Near-Crash,Not a Crash,Turn into path (opposite direction),Conflict with vehicle turning into another vehicle path (opposite direction),
151568451,0,2600,4000,4800,Near-Crash,Not a Crash,"Rear-end, striking",Conflict with a lead vehicle,
151864847,0,200,1700,4100,Crash,III  - Minor Crash,Road departure (left or right),Single vehicle conflict,
116168854,0,100,1800,2500,Near-Crash,Not a Crash,"Rear-end, striking",Conflict with a lead vehicle,
151609104,0,700,2400,3400,Near-Crash,Not a Crash,"Rear-end, striking",Conflict with vehicle in adjacent lane,
61386960,0,100,1900,3600,Crash,IV - Low-risk Tire Strike,Road departure (left or right),Single vehicle conflict,
151609115,0,2800,6300,6700,Near-Crash,Not a Crash,"Rear-end, striking",Conflict with a lead vehicle,
36304079,0,2200,3100,4300,Near-Crash,Not a Crash,"Rear-end, striking",Conflict with a lead vehicle,
61385337,0,,0,1400,Crash,IV - Low-risk Tire Strike,Road departure (left or right),Single vehicle conflict,
151569202,0,2300,2700,3400,Near-Crash,Not a Crash,Backing into traffic,Conflict with parked vehicle,
61114491,0,900,1700,3500,Crash,II - Police-reportable Crash,"Rear-end, struck",Conflict with a following vehicle,
128903604,0,,2100,4700,Crash,III  - Minor Crash,Road departure (left or right),Single vehicle conflict,
116591911,0,1500,2700,4600,Near-Crash,Not a Crash,Turn into path (same direction),Conflict with vehicle turning into another vehicle path (same direction),
150883033,0,3800,4200,6100,Near-Crash,Not a Crash,Turn into path (opposite direction),Conflict with vehicle turning into another vehicle path (opposite direction),
151856697,0,,800,2000,Near-Crash,Not a Crash,Turn across path,Conflict with vehicle turning across another vehicle path (opposite direction),
151594448,0,4400,5800,8300,Near-Crash,Not a Crash,"Rear-end, striking",Conflict with a lead vehicle,
151600645,0,700,2300,4100,Near-Crash,Not a Crash,"Rear-end, striking",Conflict with a lead vehicle,
150780273,0,1200,2900,3000,Near-Crash,Not a Crash,"Rear-end, striking",Conflict with a lead vehicle,
151573883,0,400,1200,2200,Near-Crash,Not a Crash,"Rear-end, striking",Conflict with vehicle in adjacent lane,
128888416,0,4600,5800,7800,Crash,IV - Low-risk Tire Strike,Road departure (left or right),Single vehicle conflict,
142351442,0,1300,1300,3000,Near-Crash,Not a Crash,"Sideswipe, same direction (left or right)",Conflict with vehicle in adjacent lane,
151569076,0,2000,2500,3900,Near-Crash,Not a Crash,Backing into traffic,Conflict with parked vehicle,
29884176,0,3300,3900,5300,Near-Crash,Not a Crash,"Rear-end, striking",Conflict with a lead vehicle,
142351428,0,1000,1400,3200,Near-Crash,Not a Crash,"Rear-end, striking",Conflict with vehicle in adjacent lane,
151568796,0,400,700,900,Near-Crash,Not a Crash,"Rear-end, striking",Conflict with a lead vehicle,
138077532,0,1200,2600,3600,Near-Crash,Not a Crash,"Rear-end, striking",Conflict with a lead vehicle,
151865072,0,1900,3000,3600,Near-Crash,Not a Crash,"Rear-end, striking",Conflict with a lead vehicle,
151864985,0,1700,4300,4700,Near-Crash,Not a Crash,"Rear-end, striking",Conflict with a lead vehicle,
151582036,0,600,2100,3700,Near-Crash,Not a Crash,"Rear-end, striking",Conflict with a lead vehicle,
61385924,0,3200,3200,5300,Crash,IV - Low-risk Tire Strike,Road departure (left or right),Single vehicle conflict,
151586571,0,1200,2000,3200,Near-Crash,Not a Crash,"Sideswipe, same direction (left or right)",Conflict with vehicle in adjacent lane,
61385328,0,1900,1900,3100,Crash,IV - Low-risk Tire Strike,Road departure (left or right),Single vehicle conflict,"A vehicle was traveling on a well-lit road in a moderate residential area at night with no adverse weather conditions and a dry surface. The road was not congested, allowing for free flow of traffic. However, the vehicle suddenly left the road, either to the left or right, and experienced a tire strike, which means it hit something with its tire, likely causing damage. This incident involved only one vehicle and occurred under otherwise favorable driving conditions."
132896419,0,5800,6500,7000,Near-Crash,Not a Crash,Turn into path (same direction),Conflict with vehicle turning into another vehicle path (same direction),
151864599,0,2000,3000,3600,Near-Crash,Not a Crash,"Rear-end, striking",Conflict with a lead vehicle,
30879241,0,5100,5400,6200,Crash,III  - Minor Crash,Road departure (left or right),Single vehicle conflict,
29878386,0,2900,5200,10700,Crash,II - Police-reportable Crash,Road departure (left or right),Single vehicle conflict,
135086080,0,1600,2600,4100,Near-Crash,Not a Crash,"Rear-end, striking",Conflict with vehicle in adjacent lane,
61211921,0,,2000,3300,Crash,IV - Low-risk Tire Strike,Road departure (left or right),Single vehicle conflict,
128906375,0,2200,2600,3400,Near-Crash,Not a Crash,Turn into path (same direction),Conflict with vehicle turning into another vehicle path (same direction),
151859801,0,1800,4200,4200,Near-Crash,Not a Crash,"Rear-end, striking",Conflict with a lead vehicle,
150780266,0,2300,3300,4400,Near-Crash,Not a Crash,"Rear-end, striking",Conflict with a lead vehicle,
116168875,0,3500,4700,9100,Near-Crash,Not a Crash,"Rear-end, striking",Conflict with a lead vehicle,
151592651,0,1800,2200,3500,Near-Crash,Not a Crash,"Sideswipe, same direction (left or right)",Conflict with merging vehicle,
51722147,0,2200,6900,7500,Near-Crash,Not a Crash,Turn into path (same direction),Conflict with vehicle turning into another vehicle path (same direction),
51722148,0,1100,2400,2700,Near-Crash,Not a Crash,Turn into path (opposite direction),Conflict with vehicle turning into another vehicle path (opposite direction),
151582981,0,1400,3300,3900,Near-Crash,Not a Crash,"Rear-end, striking",Conflict with vehicle in adjacent lane,
151581057,0,1900,7200,8400,Near-Crash,Not a Crash,"Rear-end, striking",Conflict with merging vehicle,
60632634,0,,5300,8300,Crash,IV - Low-risk Tire Strike,Road departure (left or right),Single vehicle conflict,
116168898,0,300,900,2100,Near-Crash,Not a Crash,"Sideswipe, same direction (left or right)",Conflict with vehicle in adjacent lane,
128906305,0,,2700,6600,Crash,IV - Low-risk Tire Strike,Road departure (left or right),Single vehicle conflict,
134934848,0,2900,3600,5000,Near-Crash,Not a Crash,"Rear-end, striking",Conflict with a lead vehicle,
142634741,0,1800,5600,6600,Near-Crash,Not a Crash,Pedestrian-related,Conflict with pedestrian,
133753383,0,3600,4500,5400,Near-Crash,Not a Crash,"Sideswipe, same direction (left or right)",Conflict with vehicle in adjacent lane,
151859548,0,900,4500,5600,Near-Crash,Not a Crash,"Rear-end, striking",Conflict with a lead vehicle,
29730843,0,4500,5100,6500,Near-Crash,Not a Crash,Backing into traffic,Conflict with parked vehicle,
151584415,0,100,2000,2600,Near-Crash,Not a Crash,"Rear-end, striking",Conflict with a lead vehicle,
29884199,0,1100,1800,2100,Near-Crash,Not a Crash,"Rear-end, striking",Conflict with vehicle in adjacent lane,
151569142,0,1100,1700,2500,Near-Crash,Not a Crash,Backing into traffic,Conflict with a following vehicle,
151859770,0,2200,4700,5300,Near-Crash,Not a Crash,"Rear-end, striking",Conflict with a lead vehicle,
30883581,0,500,3200,4000,Near-Crash,Not a Crash,Turn into path (same direction),Conflict with vehicle turning into another vehicle path (same direction),
128906363,0,600,1600,3200,Near-Crash,Not a Crash,Turn into path (same direction),Conflict with vehicle turning into another vehicle path (same direction),
138350724,0,0,1100,1600,Near-Crash,Not a Crash,"Sideswipe, same direction (left or right)",Conflict with vehicle in adjacent lane,
151859808,0,300,4600,4900,Near-Crash,Not a Crash,"Rear-end, striking",Conflict with a lead vehicle,
151568920,0,,2900,3700,Crash,III  - Minor Crash,Backing into traffic,Conflict with a following vehicle,"A car crash occurred when a vehicle backed into traffic in a business or industrial area. The traffic was flowing freely with other vehicles present, and it was daytime with no adverse weather conditions. The road surface was dry. The accident happened when the vehicle reversed into the path of oncoming traffic, resulting in a collision with a following vehicle. This type of incident often occurs due to a combination of inattention, limited visibility, and environmental factors, and determining liability can be complex, typically placing primary responsibility on the driver who was reversing."
151574085,0,2500,3800,4500,Near-Crash,Not a Crash,"Rear-end, striking",Conflict with a lead vehicle,
76264693,0,2600,3600,5000,Near-Crash,Not a Crash,"Rear-end, striking",Conflict with a lead vehicle,
151870538,0,700,1500,2200,Near-Crash,Not a Crash,"Rear-end, striking",Conflict with vehicle in adjacent lane,
116168906,0,2000,2400,4400,Crash,I - Most Severe,"Rear-end, striking",Conflict with a lead vehicle,
151854744,0,1600,3600,3800,Near-Crash,Not a Crash,"Rear-end, striking",Conflict with a lead vehicle,
151854741,0,1300,4700,5000,Near-Crash,Not a Crash,"Rear-end, striking",Conflict with a lead vehicle,
135086095,0,3300,6100,7600,Near-Crash,Not a Crash,"Rear-end, striking",Conflict with vehicle in adjacent lane,
61385907,0,1200,1100,2400,Crash,IV - Low-risk Tire Strike,Road departure (left or right),Single vehicle conflict,
61109408,0,500,1000,2000,Crash,III  - Minor Crash,Other,Conflict with obstacle/object in roadway,
151569008,0,,2000,3200,Crash,IV - Low-risk Tire Strike,Road departure (left or right),Single vehicle conflict,
135427516,0,1800,3500,4200,Near-Crash,Not a Crash,"Rear-end, striking",Conflict with a lead vehicle,
151578948,0,1200,1900,2700,Near-Crash,Not a Crash,"Rear-end, struck",Conflict with vehicle in adjacent lane,
151878862,0,1400,4900,5200,Near-Crash,Not a Crash,"Rear-end, striking",Conflict with a lead vehicle,
151569025,0,4200,5700,6900,Near-Crash,Not a Crash,"Rear-end, striking",Conflict with a lead vehicle,
64574237,0,,2600,3100,Crash,IV - Low-risk Tire Strike,Road departure (left or right),Single vehicle conflict,
151862642,0,1700,3700,4100,Near-Crash,Not a Crash,"Rear-end, striking",Conflict with a lead vehicle,"A near-crash occurred during daylight hours on a dry road in a business or industrial area. The traffic was flowing but with some restrictions. There were no adverse weather conditions. The incident involved a conflict with a lead vehicle, where the following vehicle almost rear-ended the one in front of it but managed to avoid a full collision. This close call happened when the following vehicle was about to strike the rear of the lead vehicle but was able to stop just in time."
151863123,0,2100,3100,4000,Near-Crash,Not a Crash,"Rear-end, striking",Conflict with a lead vehicle,
116168904,0,1300,3300,5000,Near-Crash,Not a Crash,"Rear-end, striking",Conflict with a lead vehicle,
151570608,0,900,2100,3500,Near-Crash,Not a Crash,"Sideswipe, same direction (left or right)",Conflict with merging vehicle,
29858040,0,700,3100,4500,Near-Crash,Not a Crash,Turn into path (same direction),Conflict with vehicle turning into another vehicle path (same direction),
61211922,0,2300,4200,6600,Near-Crash,Not a Crash,Turn into path (same direction),Conflict with vehicle turning into another vehicle path (same direction),
151573780,0,1000,1500,2100,Near-Crash,Not a Crash,"Rear-end, striking",Conflict with a lead vehicle,
151607621,0,2900,4500,5700,Near-Crash,Not a Crash,"Rear-end, striking",Conflict with a lead vehicle,
151859954,0,300,1300,1700,Near-Crash,Not a Crash,Animal-related,Conflict with animal,
151862643,0,100,2400,2900,Near-Crash,Not a Crash,Turn into path (opposite direction),Conflict with vehicle turning into another vehicle path (opposite direction),
151581520,0,1100,2300,3000,Near-Crash,Not a Crash,"Rear-end, striking",Conflict with a lead vehicle,
151860009,0,200,2300,4000,Near-Crash,Not a Crash,Animal-related,Conflict with animal,
151569198,0,4000,6000,7100,Near-Crash,Not a Crash,"Rear-end, striking",Conflict with a lead vehicle,
151859925,0,2000,3200,4100,Near-Crash,Not a Crash,Turn into path (same direction),Conflict with vehicle turning into another vehicle path (same direction),
142007762,0,,1300,3000,Near-Crash,Not a Crash,"Sideswipe, same direction (left or right)",Conflict with vehicle in adjacent lane,
151607848,0,500,1700,3100,Near-Crash,Not a Crash,Animal-related,Conflict with animal,
151578523,0,1100,2100,3500,Near-Crash,Not a Crash,"Sideswipe, same direction (left or right)",Conflict with vehicle in adjacent lane,
158216120,0,1400,2200,4200,Near-Crash,Not a Crash,Opposite direction (head-on or sideswipe),Conflict with oncoming traffic,
151569156,0,3000,3900,4700,Near-Crash,Not a Crash,"Rear-end, striking",Conflict with a lead vehicle,
151864732,0,2000,3700,4000,Near-Crash,Not a Crash,"Rear-end, striking",Conflict with a lead vehicle,
151859949,0,2400,3400,5000,Near-Crash,Not a Crash,"Sideswipe, same direction (left or right)",Conflict with vehicle in adjacent lane,
60632656,0,1300,3500,4400,Near-Crash,Not a Crash,Road departure (left or right),Single vehicle conflict,
60631697,0,1300,3200,4100,Near-Crash,Not a Crash,"Rear-end, striking",Conflict with a lead vehicle,
143083788,0,1000,1800,2900,Near-Crash,Not a Crash,"Sideswipe, same direction (left or right)",Conflict with vehicle in adjacent lane,
116168887,0,2800,3600,4300,Near-Crash,Not a Crash,"Rear-end, striking",Conflict with a lead vehicle,
151587808,0,2300,6200,9500,Near-Crash,Not a Crash,Road departure (left or right),Single vehicle conflict,
151860033,0,600,1700,2300,Near-Crash,Not a Crash,Animal-related,Conflict with animal,
135187961,0,100,3400,4100,Near-Crash,Not a Crash,"Rear-end, striking",Conflict with a lead vehicle,
135280200,0,500,3100,3500,Near-Crash,Not a Crash,Turn into path (opposite direction),Conflict with vehicle turning into another vehicle path (opposite direction),
142049767,0,800,1600,2800,Near-Crash,Not a Crash,"Rear-end, striking",Conflict with a lead vehicle,
138077587,0,1100,2400,2600,Near-Crash,Not a Crash,Turn across path,Conflict with vehicle turning across another vehicle path (opposite direction),
76264694,0,1100,3500,4100,Near-Crash,Not a Crash,Turn into path (opposite direction),Conflict with vehicle turning into another vehicle path (opposite direction),
130935000,0,2500,3200,3700,Near-Crash,Not a Crash,"Sideswipe, same direction (left or right)",Conflict with vehicle in adjacent lane,
151878871,0,100,2900,3200,Near-Crash,Not a Crash,Turn across path,Conflict with vehicle turning across another vehicle path (opposite direction),
151865031,0,,2100,3000,Crash,III  - Minor Crash,Road departure (left or right),Single vehicle conflict,"A single vehicle crashed by leaving the road, either to the left or right side. The accident happened during daylight hours on a dry road surface with no adverse weather conditions. The traffic was flowing freely with leading traffic present, indicating that there were other vehicles on the road but not causing congestion. The incident occurred in a business or industrial area."
150716968,0,6200,6900,8500,Near-Crash,Not a Crash,"Rear-end, striking",Conflict with a lead vehicle,
135449711,0,1200,2700,8400,Near-Crash,Not a Crash,"Rear-end, striking",Conflict with a lead vehicle,
76264686,0,1300,1300,3400,Crash,IV - Low-risk Tire Strike,Road departure (left or right),Single vehicle conflict,
116168852,0,1800,3800,4600,Near-Crash,Not a Crash,"Rear-end, striking",Conflict with a lead vehicle,
135280182,0,1800,4100,4200,Near-Crash,Not a Crash,Turn into path (same direction),Conflict with vehicle turning into another vehicle path (same direction),
151568518,0,2900,3500,4100,Near-Crash,Not a Crash,"Rear-end, striking",Conflict with a lead vehicle,
151859530,0,500,1800,3100,Near-Crash,Not a Crash,"Sideswipe, same direction (left or right)",Conflict with vehicle in adjacent lane,
151579592,0,500,3500,4300,Near-Crash,Not a Crash,"Rear-end, striking",Conflict with a lead vehicle,
151590878,0,200,1200,2200,Near-Crash,Not a Crash,"Rear-end, striking",Conflict with a lead vehicle,
61114314,0,,3800,7000,Crash,III  - Minor Crash,Road departure (left or right),Single vehicle conflict,
151550359,0,900,3500,6100,Near-Crash,Not a Crash,Animal-related,Conflict with animal,
151595164,0,2500,3200,4900,Near-Crash,Not a Crash,Straight crossing path,Conflict with vehicle moving across another vehicle path (through intersection),
151865024,0,500,2800,4200,Near-Crash,Not a Crash,Pedestrian-related,Conflict with pedestrian,
96898044,0,300,4000,6900,Crash,III  - Minor Crash,Road departure (left or right),Single vehicle conflict,
151865022,0,6200,7300,7500,Near-Crash,Not a Crash,"Rear-end, striking",Conflict with a lead vehicle,
29884198,0,1500,2100,3300,Near-Crash,Not a Crash,"Sideswipe, same direction (left or right)",Conflict with vehicle in adjacent lane,
132520925,0,4500,6600,7600,Near-Crash,Not a Crash,Turn into path (same direction),Conflict with vehicle turning into another vehicle path (same direction),
128906367,0,2400,3500,4700,Near-Crash,Not a Crash,"Rear-end, striking",Conflict with a lead vehicle,
128906354,0,,1200,3700,Crash,IV - Low-risk Tire Strike,Road departure (left or right),Single vehicle conflict,
116147380,0,1500,2500,4100,Near-Crash,Not a Crash,Animal-related,Conflict with animal,
116168891,0,1200,1800,4100,Crash,III  - Minor Crash,Other,Conflict with obstacle/object in roadway,
36812424,0,2800,3000,4300,Near-Crash,Not a Crash,Pedestrian-related,Conflict with pedestrian,
61216647,0,,3100,4800,Crash,IV - Low-risk Tire Strike,Road departure (left or right),Single vehicle conflict,
132704674,0,6200,7800,9200,Crash,III  - Minor Crash,"Rear-end, striking",Conflict with a lead vehicle,
142008160,0,3200,4500,7100,Crash,III  - Minor Crash,Opposite direction (head-on or sideswipe),Conflict with oncoming traffic,
135427642,0,,4200,6000,Crash,III  - Minor Crash,Road departure (left or right),Single vehicle conflict,
151568680,0,1500,2100,2700,Near-Crash,Not a Crash,"Rear-end, striking",Conflict with vehicle in adjacent lane,
138077498,0,2800,5800,7200,Near-Crash,Not a Crash,"Rear-end, striking",Conflict with a lead vehicle,
61111547,0,,600,2400,Crash,III  - Minor Crash,Road departure (left or right),Single vehicle conflict,
135449627,0,1700,2900,4900,Near-Crash,Not a Crash,"Rear-end, striking",Conflict with a lead vehicle,
128906310,0,800,1200,2900,Near-Crash,Not a Crash,"Sideswipe, same direction (left or right)",Conflict with vehicle in adjacent lane,"A near-crash occurred when a vehicle in one lane came close to colliding with another vehicle in the adjacent lane. The incident was a sideswipe, where the vehicles were traveling in the same direction and almost touched each other on the left or right side. This happened during daylight hours on a road with moderate traffic flow, where vehicles were moving but with some restrictions. The weather was clear with no adverse conditions, but the road surface was wet. The incident took place in a business or industrial area. Fortunately, no actual collision occurred, but it was a close call."
151569000,0,1000,2100,2200,Near-Crash,Not a Crash,"Sideswipe, same direction (left or right)",Conflict with vehicle in adjacent lane,
116592036,0,2000,3100,3300,Near-Crash,Not a Crash,Pedestrian-related,Conflict with pedestrian,
151865359,0,1700,5800,6000,Near-Crash,Not a Crash,"Rear-end, striking",Conflict with a lead vehicle,
116168890,0,2200,3400,4100,Near-Crash,Not a Crash,"Rear-end, striking",Conflict with a lead vehicle,
151870540,0,300,2800,2900,Near-Crash,Not a Crash,Turn into path (same direction),Conflict with vehicle turning into another vehicle path (same direction),
138364509,0,1400,2900,3200,Near-Crash,Not a Crash,"Rear-end, striking",Conflict with vehicle in adjacent lane,
151878835,0,,1000,1500,Near-Crash,Not a Crash,"Rear-end, struck",Conflict with a following vehicle,
151595562,0,900,1700,2900,Near-Crash,Not a Crash,Straight crossing path,Conflict with vehicle moving across another vehicle path (through intersection),
151856549,0,5200,5600,6700,Near-Crash,Not a Crash,"Rear-end, striking",Conflict with a lead vehicle,
29858001,0,1000,3400,5900,Near-Crash,Not a Crash,"Sideswipe, same direction (left or right)",Conflict with vehicle in adjacent lane,
151587468,0,2200,4500,6100,Near-Crash,Not a Crash,"Sideswipe, same direction (left or right)",Conflict with merging vehicle,
61114484,0,,4800,6600,Crash,III  - Minor Crash,Other,Conflict with obstacle/object in roadway,
132528478,0,400,5200,6200,Near-Crash,Not a Crash,Animal-related,Conflict with animal,
151587815,0,3900,6700,7600,Near-Crash,Not a Crash,"Rear-end, striking",Conflict with a lead vehicle,
151859368,0,500,1300,2800,Near-Crash,Not a Crash,"Sideswipe, same direction (left or right)",Conflict with vehicle in adjacent lane,
151594444,0,1700,6000,7200,Near-Crash,Not a Crash,"Rear-end, striking",Conflict with a lead vehicle,
116168894,0,700,1600,2200,Near-Crash,Not a Crash,Animal-related,Conflict with animal,
151552287,0,1800,2500,3200,Near-Crash,Not a Crash,Pedestrian-related,Conflict with pedestrian,"A near-crash occurred involving a conflict with a pedestrian in a business or industrial area. The traffic was flowing freely with leading traffic present, indicating a moderate volume of vehicles. The incident happened at night when it was dark but the area was well-lit. There were no adverse weather conditions, but the road surface was wet. Fortunately, the situation did not escalate into a full collision, but it highlights the potential risks pedestrians face, especially in conditions where visibility might be reduced despite adequate lighting."
138077803,0,1700,3000,4000,Near-Crash,Not a Crash,"Sideswipe, same direction (left or right)",Conflict with vehicle in adjacent lane,
135427631,0,1400,2800,3700,Near-Crash,Not a Crash,"Rear-end, striking",Conflict with a lead vehicle,
151574973,0,1800,2700,3400,Near-Crash,Not a Crash,"Rear-end, striking",Conflict with a lead vehicle,
130475662,0,3300,2800,4700,Crash,III  - Minor Crash,Road departure (left or right),Single vehicle conflict,
138362333,0,,2000,4100,Crash,IV - Low-risk Tire Strike,Road departure (left or right),Single vehicle conflict,
151856745,0,,6500,7900,Crash,III  - Minor Crash,Road departure (left or right),Single vehicle conflict,
151878860,0,1000,4600,5700,Near-Crash,Not a Crash,"Rear-end, striking",Conflict with a lead vehicle,
133753362,0,,5700,7200,Crash,IV - Low-risk Tire Strike,Road departure (left or right),Single vehicle conflict,
151558180,0,2600,2200,3400,Crash,III  - Minor Crash,Other,Single vehicle conflict,
151609050,0,500,1500,1800,Near-Crash,Not a Crash,Pedalcyclist-related,Conflict with pedalcyclist,
131795645,0,,800,2900,Crash,III  - Minor Crash,Road departure (left or right),Single vehicle conflict,
151854706,0,4300,6100,6300,Near-Crash,Not a Crash,"Rear-end, striking",Conflict with a lead vehicle,
60631641,0,3500,3700,5100,Crash,III  - Minor Crash,"Rear-end, striking",Conflict with a lead vehicle,
131785450,0,,2600,6100,Crash,IV - Low-risk Tire Strike,Road departure (left or right),Single vehicle conflict,
151859575,0,1200,3900,4400,Near-Crash,Not a Crash,"Rear-end, striking",Conflict with merging vehicle,
132364379,0,2300,3300,5100,Near-Crash,Not a Crash,"Rear-end, striking",Conflict with a lead vehicle,
60631680,0,,2000,2500,Crash,III  - Minor Crash,Other,Conflict with parked vehicle,
135427515,0,1100,4200,5400,Near-Crash,Not a Crash,"Rear-end, striking",Conflict with a lead vehicle,
69021080,0,1600,2400,5300,Near-Crash,Not a Crash,"Rear-end, striking",Conflict with a lead vehicle,
115730580,0,500,1800,2600,Near-Crash,Not a Crash,"Rear-end, striking",Conflict with a lead vehicle,
151352339,0,500,1200,2300,Near-Crash,Not a Crash,"Rear-end, striking",Conflict with vehicle in adjacent lane,
116592035,0,2800,4800,5900,Near-Crash,Not a Crash,Turn into path (same direction),Conflict with vehicle turning into another vehicle path (same direction),
151575011,0,600,1600,2500,Near-Crash,Not a Crash,"Sideswipe, same direction (left or right)",Conflict with vehicle in adjacent lane,
151859804,0,2000,6200,7500,Near-Crash,Not a Crash,"Rear-end, striking",Conflict with a lead vehicle,
61426823,0,0,2900,4000,Near-Crash,Not a Crash,"Rear-end, striking",Conflict with a lead vehicle,
151588196,0,2200,4000,4800,Near-Crash,Not a Crash,"Rear-end, striking",Conflict with a lead vehicle,
151870547,0,100,2300,3200,Near-Crash,Not a Crash,Turn into path (opposite direction),Conflict with vehicle turning into another vehicle path (opposite direction),
151859400,0,300,3700,4300,Near-Crash,Not a Crash,"Rear-end, striking",Conflict with a lead vehicle,
116147343,0,4300,6300,6900,Near-Crash,Not a Crash,"Rear-end, striking",Conflict with a lead vehicle,
61114317,0,,4800,8200,Crash,IV - Low-risk Tire Strike,Road departure (left or right),Single vehicle conflict,
151587811,0,1600,2800,3800,Near-Crash,Not a Crash,"Rear-end, striking",Conflict with a lead vehicle,
116163141,0,4700,4800,8100,Crash,III  - Minor Crash,"Sideswipe, same direction (left or right)",Conflict with vehicle turning across another vehicle path (same direction),
128906364,0,1300,2200,3000,Near-Crash,Not a Crash,"Rear-end, striking",Conflict with a lead vehicle,
151588199,0,400,2200,2900,Near-Crash,Not a Crash,"Rear-end, striking",Conflict with a lead vehicle,
151574084,0,6000,8400,9800,Near-Crash,Not a Crash,"Rear-end, striking",Conflict with a lead vehicle,
151553244,0,,4300,6000,Crash,II - Police-reportable Crash,"Rear-end, struck",Conflict with a following vehicle,
22594197,0,1800,2200,3500,Near-Crash,Not a Crash,"Rear-end, striking",Conflict with a lead vehicle,
151573814,0,1000,1700,5400,Near-Crash,Not a Crash,"Rear-end, striking",Conflict with vehicle in adjacent lane,
51722180,0,1500,2600,3500,Near-Crash,Not a Crash,"Rear-end, striking",Conflict with a lead vehicle,
151575010,0,3500,5500,6900,Near-Crash,Not a Crash,"Rear-end, striking",Conflict with a lead vehicle,
151574337,0,800,1800,2700,Near-Crash,Not a Crash,"Rear-end, striking",Conflict with merging vehicle,
116147381,0,1300,1900,3100,Near-Crash,Not a Crash,"Sideswipe, same direction (left or right)",Conflict with vehicle in adjacent lane,
116592024,0,700,900,3400,Crash,II - Police-reportable Crash,"Sideswipe, same direction (left or right)",Conflict with vehicle in adjacent lane,
151569035,0,,4600,6100,Crash,IV - Low-risk Tire Strike,Road departure (left or right),Single vehicle conflict,
151600338,0,1200,2300,3300,Near-Crash,Not a Crash,"Sideswipe, same direction (left or right)",Conflict with vehicle in adjacent lane,
135913509,0,2200,3000,4400,Near-Crash,Not a Crash,"Rear-end, striking",Conflict with a lead vehicle,
138077586,0,300,2300,4200,Near-Crash,Not a Crash,Pedestrian-related,Conflict with pedestrian,
29714723,0,600,1300,4000,Crash,II - Police-reportable Crash,Straight crossing path,Conflict with vehicle moving across another vehicle path (through intersection),
142005153,0,900,2200,4100,Near-Crash,Not a Crash,"Sideswipe, same direction (left or right)",Conflict with vehicle in adjacent lane,
151578954,0,2500,4700,5400,Near-Crash,Not a Crash,Turn into path (opposite direction),Conflict with vehicle turning into another vehicle path (opposite direction),
151570845,0,1300,2400,3000,Near-Crash,Not a Crash,"Rear-end, striking",Conflict with vehicle in adjacent lane,
142049770,0,200,2000,2700,Near-Crash,Not a Crash,"Rear-end, striking",Conflict with a lead vehicle,
138364468,0,,1500,2600,Crash,IV - Low-risk Tire Strike,Road departure (left or right),Single vehicle conflict,
76264645,0,2000,3200,4500,Near-Crash,Not a Crash,Pedalcyclist-related,Conflict with pedalcyclist,
128906361,0,2200,3000,3700,Near-Crash,Not a Crash,"Rear-end, striking",Conflict with a lead vehicle,
150717002,0,1700,2700,3100,Near-Crash,Not a Crash,"Rear-end, striking",Conflict with a lead vehicle,"A near-crash occurred on a bypass/divided highway with traffic signals during daylight hours when the weather was clear and the road surface was dry. The traffic was moderately heavy, with stable flow but restricted maneuverability and speed. A vehicle was following another car too closely and almost rear-ended it. The driver managed to avoid a full collision but came very close to striking the lead vehicle from behind. This close call highlights the importance of maintaining a safe following distance, especially in conditions where traffic flow is restricted."
151568485,0,600,1300,2400,Near-Crash,Not a Crash,Straight crossing path,Conflict with vehicle moving across another vehicle path (through intersection),
61385923,0,,3500,6300,Crash,IV - Low-risk Tire Strike,Road departure (left or right),Single vehicle conflict,
151864841,0,3000,3200,4400,Near-Crash,Not a Crash,Other,Conflict with parked vehicle,
151568835,0,,400,1400,Crash,III  - Minor Crash,Other,Conflict with obstacle/object in roadway,
151878836,0,800,1600,2400,Near-Crash,Not a Crash,Pedestrian-related,Conflict with pedestrian,
151568533,0,1700,4300,5400,Near-Crash,Not a Crash,"Rear-end, striking",Conflict with a lead vehicle,
151574078,0,4400,5400,7200,Near-Crash,Not a Crash,"Sideswipe, same direction (left or right)",Conflict with vehicle in adjacent lane,
151600651,0,2300,4500,5800,Near-Crash,Not a Crash,"Rear-end, striking",Conflict with vehicle in adjacent lane,
151582030,0,1700,2900,3700,Near-Crash,Not a Crash,"Rear-end, striking",Conflict with a lead vehicle,
76264671,0,1800,2800,5700,Near-Crash,Not a Crash,"Sideswipe, same direction (left or right)",Conflict with vehicle in adjacent lane,
151878819,0,1600,2800,3200,Near-Crash,Not a Crash,Turn into path (opposite direction),Conflict with vehicle turning into another vehicle path (opposite direction),
151574330,0,1800,6300,6700,Near-Crash,Not a Crash,"Rear-end, striking",Conflict with vehicle in adjacent lane,
29858027,0,500,1700,5300,Near-Crash,Not a Crash,"Sideswipe, same direction (left or right)",Conflict with a lead vehicle,
61211852,0,3800,3500,5000,Crash,IV - Low-risk Tire Strike,Road departure (left or right),Single vehicle conflict,
116594161,0,1400,4300,7600,Near-Crash,Not a Crash,"Rear-end, striking",Conflict with a lead vehicle,
151859485,0,1600,4700,5500,Near-Crash,Not a Crash,"Rear-end, striking",Conflict with a lead vehicle,
151592275,0,1200,2500,3700,Near-Crash,Not a Crash,"Rear-end, striking",Conflict with a lead vehicle,
151575009,0,1200,2300,2900,Near-Crash,Not a Crash,"Sideswipe, same direction (left or right)",Conflict with vehicle in adjacent lane,
136244991,0,700,2100,2700,Near-Crash,Not a Crash,Straight crossing path,Conflict with vehicle moving across another vehicle path (through intersection),
151086524,0,300,1600,3200,Near-Crash,Not a Crash,"Rear-end, striking",Conflict with a lead vehicle,
151590877,0,3800,4900,9700,Near-Crash,Not a Crash,"Rear-end, striking",Conflict with vehicle in adjacent lane,
151865054,0,,900,2500,Crash,III  - Minor Crash,"Rear-end, struck",Conflict with a following vehicle,
61211789,0,3500,3700,8500,Crash,III  - Minor Crash,Road departure (left or right),Single vehicle conflict,
138077497,0,1100,1600,2300,Near-Crash,Not a Crash,"Rear-end, striking",Conflict with a lead vehicle,
60631693,0,1600,3800,5700,Near-Crash,Not a Crash,"Rear-end, striking",Conflict with a lead vehicle,
151598425,0,200,4600,4900,Near-Crash,Not a Crash,"Rear-end, striking",Conflict with a lead vehicle,
151856755,0,400,4300,5400,Near-Crash,Not a Crash,"Rear-end, striking",Conflict with a lead vehicle,
151856796,0,900,3100,4300,Near-Crash,Not a Crash,"Rear-end, striking",Conflict with a lead vehicle,
129878682,0,500,1400,3100,Near-Crash,Not a Crash,Turn into path (same direction),Conflict with vehicle turning into another vehicle path (same direction),
150714339,0,1500,2700,2900,Near-Crash,Not a Crash,"Rear-end, striking",Conflict with a lead vehicle,
60631640,0,2400,3300,4200,Crash,III  - Minor Crash,Road departure (left or right),Single vehicle conflict,
151859877,0,100,1800,4200,Near-Crash,Not a Crash,"Sideswipe, same direction (left or right)",Conflict with merging vehicle,
151859604,0,700,4800,5300,Near-Crash,Not a Crash,"Rear-end, striking",Conflict with a lead vehicle,
151854754,0,,4100,6000,Crash,III  - Minor Crash,"Rear-end, struck",Conflict with a following vehicle,
151588197,0,100,1400,2300,Near-Crash,Not a Crash,Animal-related,Conflict with animal,
60631660,0,1300,1800,3000,Near-Crash,Not a Crash,Backing into traffic,Conflict with parked vehicle,
36842976,0,4100,4700,5100,Near-Crash,Not a Crash,"Rear-end, striking",Conflict with a lead vehicle,
151859489,0,1600,4200,6100,Near-Crash,Not a Crash,Other,Conflict with obstacle/object in roadway,
29878387,0,800,2000,3500,Near-Crash,Not a Crash,Turn across path,Conflict with vehicle turning across another vehicle path (opposite direction),
133297581,0,1300,2500,3100,Near-Crash,Not a Crash,"Rear-end, striking",Conflict with merging vehicle,
151581403,0,2400,8900,9400,Near-Crash,Not a Crash,"Rear-end, striking",Conflict with a lead vehicle,
151859576,0,500,1700,2700,Near-Crash,Not a Crash,"Rear-end, striking",Conflict with vehicle in adjacent lane,
116591916,0,1900,2700,3200,Near-Crash,Not a Crash,"Rear-end, striking",Conflict with a lead vehicle,
36948261,0,5600,6200,7200,Near-Crash,Not a Crash,"Sideswipe, same direction (left or right)",Conflict with vehicle in adjacent lane,
143340410,0,1300,1700,2300,Near-Crash,Not a Crash,"Rear-end, striking",Conflict with a lead vehicle,
36841169,0,1400,2100,4700,Crash,I - Most Severe,"Rear-end, struck",Conflict with a following vehicle,
36948260,0,600,3300,6700,Near-Crash,Not a Crash,Other,Conflict with obstacle/object in roadway,
151569095,0,2100,6000,7100,Near-Crash,Not a Crash,"Rear-end, striking",Conflict with vehicle in adjacent lane,
151859806,0,300,1000,1900,Near-Crash,Not a Crash,"Sideswipe, same direction (left or right)",Conflict with vehicle in adjacent lane,
151573034,0,1000,2600,8100,Near-Crash,Not a Crash,"Rear-end, striking",Conflict with vehicle in adjacent lane,
151569039,0,3200,3900,6000,Near-Crash,Not a Crash,"Rear-end, striking",Conflict with a lead vehicle,
144055625,0,1000,1300,2700,Near-Crash,Not a Crash,Turn across path,Conflict with vehicle turning across another vehicle path (same direction),
116592027,0,,4400,5800,Crash,III  - Minor Crash,"Rear-end, striking",Conflict with a lead vehicle,
138352354,0,400,1000,2300,Crash,III  - Minor Crash,Road departure (left or right),Single vehicle conflict,
61426966,0,4700,5100,7200,Crash,III  - Minor Crash,Road departure (left or right),Single vehicle conflict,
116591912,0,1100,1900,4100,Near-Crash,Not a Crash,"Rear-end, striking",Conflict with a lead vehicle,
128906373,0,1000,2200,3500,Crash,III  - Minor Crash,Other,Conflict with obstacle/object in roadway,
116224310,0,2400,3500,4300,Near-Crash,Not a Crash,Turn into path (opposite direction),Conflict with vehicle turning into another vehicle path (opposite direction),
138364441,0,200,1500,1800,Near-Crash,Not a Crash,"Sideswipe, same direction (left or right)",Conflict with merging vehicle,
35257208,0,,3000,3700,Crash,IV - Low-risk Tire Strike,Road departure (left or right),Single vehicle conflict,
151856718,0,300,700,1400,Crash,III  - Minor Crash,Animal-related,Conflict with animal,
151864794,0,200,1200,2500,Near-Crash,Not a Crash,"Rear-end, striking",Conflict with a lead vehicle,
134176477,0,2000,2600,3500,Near-Crash,Not a Crash,Road departure (left or right),Single vehicle conflict,
116168874,0,2200,3100,3700,Near-Crash,Not a Crash,"Rear-end, striking",Conflict with a lead vehicle,
151573870,0,1100,2800,4500,Near-Crash,Not a Crash,"Rear-end, striking",Conflict with a lead vehicle,
61385939,0,,1900,3100,Crash,III  - Minor Crash,Road departure (left or right),Single vehicle conflict,
151568790,0,1400,2200,4000,Near-Crash,Not a Crash,"Sideswipe, same direction (left or right)",Conflict with vehicle in adjacent lane,
151569090,0,1600,5600,7400,Near-Crash,Not a Crash,"Rear-end, striking",Conflict with a lead vehicle,
143062592,0,400,1200,1800,Near-Crash,Not a Crash,"Rear-end, striking",Conflict with vehicle in adjacent lane,
96898046,0,800,2600,3300,Near-Crash,Not a Crash,"Rear-end, striking",Conflict with a lead vehicle,
151574320,0,500,1300,1800,Near-Crash,Not a Crash,Pedalcyclist-related,Conflict with pedalcyclist,
29859127,0,,1800,5400,Crash,IV - Low-risk Tire Strike,Road departure (left or right),Single vehicle conflict,
29884811,0,200,2100,3300,Near-Crash,Not a Crash,"Rear-end, striking",Conflict with a lead vehicle,
29878389,0,800,1500,2700,Near-Crash,Not a Crash,"Sideswipe, same direction (left or right)",Conflict with vehicle in adjacent lane,
151569019,0,4000,4500,5300,Near-Crash,Not a Crash,"Rear-end, striking",Conflict with a lead vehicle,
51722145,0,300,1000,2200,Near-Crash,Not a Crash,"Sideswipe, same direction (left or right)",Conflict with vehicle in adjacent lane,
61426923,0,1100,3200,3800,Near-Crash,Not a Crash,Turn across path,Conflict with vehicle turning across another vehicle path (opposite direction),
151592264,0,900,2500,3800,Near-Crash,Not a Crash,"Sideswipe, same direction (left or right)",Conflict with vehicle in adjacent lane,
29884810,0,2700,3400,4700,Near-Crash,Not a Crash,Turn into path (same direction),Conflict with vehicle turning into another vehicle path (same direction),
22583554,0,3100,4100,6800,Crash,I - Most Severe,"Rear-end, striking",Conflict with a lead vehicle,
151592265,0,1000,4400,6100,Near-Crash,Not a Crash,"Rear-end, striking",Conflict with a lead vehicle,
134032766,0,3600,6000,7200,Near-Crash,Not a Crash,"Rear-end, striking",Conflict with a lead vehicle,
151592146,0,400,2200,2900,Near-Crash,Not a Crash,"Rear-end, striking",Conflict with a lead vehicle,
151575007,0,2800,3100,3800,Near-Crash,Not a Crash,"Rear-end, striking",Conflict with a lead vehicle,
151568900,0,3600,3300,4900,Crash,II - Police-reportable Crash,"Rear-end, struck",Conflict with a following vehicle,
29884195,0,1600,4800,5900,Near-Crash,Not a Crash,Pedalcyclist-related,Conflict with pedalcyclist,
151859371,0,400,2500,2500,Near-Crash,Not a Crash,"Rear-end, striking",Conflict with vehicle in adjacent lane,
151859546,0,500,2600,4100,Near-Crash,Not a Crash,"Rear-end, striking",Conflict with merging vehicle,
138364494,0,500,1900,2700,Near-Crash,Not a Crash,Turn across path,Conflict with vehicle turning across another vehicle path (opposite direction),
151572359,0,1900,2900,3900,Near-Crash,Not a Crash,Animal-related,Conflict with animal,
131785452,0,,1800,3200,Crash,III  - Minor Crash,Other,Conflict with obstacle/object in roadway,
61111552,0,,2700,4000,Crash,III  - Minor Crash,Road departure (left or right),Single vehicle conflict,
135130209,0,600,2400,4300,Near-Crash,Not a Crash,"Rear-end, striking",Conflict with a lead vehicle,
134032826,0,1100,4300,4600,Near-Crash,Not a Crash,"Rear-end, striking",Conflict with a lead vehicle,
35258332,0,900,2100,5400,Crash,II - Police-reportable Crash,Turn across path,Conflict with vehicle turning across another vehicle path (same direction),
29859065,0,3200,3300,5800,Near-Crash,Not a Crash,Backing into traffic,Conflict with parked vehicle,
35333343,0,800,2100,3800,Near-Crash,Not a Crash,Turn into path (opposite direction),Conflict with vehicle turning into another vehicle path (opposite direction),
138336116,0,,1300,3000,Crash,IV - Low-risk Tire Strike,Road departure (left or right),Single vehicle conflict,
142029786,0,1600,2100,3600,Near-Crash,Not a Crash,Turn into path (opposite direction),Conflict with vehicle turning into another vehicle path (opposite direction),
134938012,0,1700,3100,5600,Near-Crash,Not a Crash,"Rear-end, striking",Conflict with a lead vehicle,
61426828,0,600,4800,5200,Near-Crash,Not a Crash,"Rear-end, striking",Conflict with a lead vehicle,
138362855,0,2800,3800,4900,Near-Crash,Not a Crash,"Rear-end, striking",Conflict with a lead vehicle,
151550357,0,0,1700,2900,Near-Crash,Not a Crash,Other,Conflict with parked vehicle,
29712200,0,500,1100,4700,Crash,I - Most Severe,Straight crossing path,Conflict with vehicle moving across another vehicle path (through intersection),
135449407,0,1800,2800,3400,Near-Crash,Not a Crash,"Rear-end, striking",Conflict with a lead vehicle,
116168869,0,,1600,2800,Crash,III  - Minor Crash,Animal-related,Conflict with animal,
36841168,0,700,1500,3400,Near-Crash,Not a Crash,"Sideswipe, same direction (left or right)",Conflict with vehicle in adjacent lane,
151856539,0,1800,1900,2500,Near-Crash,Not a Crash,"Rear-end, striking",Conflict with a lead vehicle,
151607631,0,200,3500,3700,Near-Crash,Not a Crash,"Rear-end, striking",Conflict with a lead vehicle,
116168878,0,,2600,4500,Crash,IV - Low-risk Tire Strike,Road departure (left or right),Single vehicle conflict,
29730851,0,,7900,8700,Crash,IV - Low-risk Tire Strike,Road departure (end),Single vehicle conflict,
60632653,0,,2100,4900,Crash,III  - Minor Crash,Road departure (left or right),Single vehicle conflict,
143062725,0,,3200,5900,Crash,IV - Low-risk Tire Strike,Road departure (left or right),Single vehicle conflict,
61432373,0,800,1200,3500,Near-Crash,Not a Crash,"Sideswipe, same direction (left or right)",Conflict with vehicle in adjacent lane,
132794966,0,,4700,5900,Crash,IV - Low-risk Tire Strike,Road departure (left or right),Single vehicle conflict,
151588191,0,4600,6800,8400,Near-Crash,Not a Crash,"Rear-end, striking",Conflict with a lead vehicle,
151870577,0,2100,3700,4200,Near-Crash,Not a Crash,"Rear-end, striking",Conflict with a lead vehicle,
151588182,0,1700,2900,3300,Near-Crash,Not a Crash,"Rear-end, striking",Conflict with a lead vehicle,
61432364,0,1000,2700,4500,Near-Crash,Not a Crash,"Rear-end, striking",Conflict with a lead vehicle,
151859986,0,1600,3700,4400,Near-Crash,Not a Crash,"Rear-end, striking",Conflict with a lead vehicle,
61426838,0,4200,6000,6700,Near-Crash,Not a Crash,"Rear-end, striking",Conflict with a lead vehicle,
151859815,0,700,3400,4100,Near-Crash,Not a Crash,Animal-related,Conflict with animal,
151863136,0,1500,2900,3300,Near-Crash,Not a Crash,"Rear-end, striking",Conflict with a lead vehicle,
151575019,0,1600,2800,3200,Near-Crash,Not a Crash,"Rear-end, striking",Conflict with a lead vehicle,
138353067,0,6200,6300,7400,Crash,III  - Minor Crash,Road departure (left or right),Single vehicle conflict,
128888509,0,3400,4500,5400,Near-Crash,Not a Crash,Turn into path (opposite direction),Conflict with vehicle turning into another vehicle path (opposite direction),
151569068,0,1700,2700,3500,Near-Crash,Not a Crash,"Rear-end, striking",Conflict with a lead vehicle,
151582647,0,1200,2100,4100,Near-Crash,Not a Crash,"Sideswipe, same direction (left or right)",Conflict with vehicle in adjacent lane,
138077535,0,1100,2800,3200,Near-Crash,Not a Crash,"Rear-end, striking",Conflict with a lead vehicle,
33575094,0,700,1900,2500,Near-Crash,Not a Crash,"Rear-end, striking",Conflict with vehicle in adjacent lane,
33575093,0,3900,5200,7800,Near-Crash,Not a Crash,Turn across path,Conflict with vehicle turning across another vehicle path (same direction),
151573874,0,2300,2400,4200,Near-Crash,Not a Crash,"Sideswipe, same direction (left or right)",Conflict with vehicle in adjacent lane,
138608237,0,1000,2500,3300,Near-Crash,Not a Crash,"Sideswipe, same direction (left or right)",Conflict with vehicle in adjacent lane,
151856722,0,900,1300,2100,Near-Crash,Not a Crash,"Sideswipe, same direction (left or right)",Conflict with vehicle in adjacent lane,
151864757,0,1200,2800,3100,Near-Crash,Not a Crash,"Rear-end, striking",Conflict with a lead vehicle,
151568566,0,1400,2200,3400,Near-Crash,Not a Crash,Pedestrian-related,Conflict with pedestrian,
151573881,0,600,2000,2600,Near-Crash,Not a Crash,"Sideswipe, same direction (left or right)",Conflict with merging vehicle,
138300859,0,400,4300,4400,Near-Crash,Not a Crash,"Rear-end, striking",Conflict with a lead vehicle,
151606573,0,1100,1900,3200,Near-Crash,Not a Crash,"Rear-end, striking",Conflict with a lead vehicle,
61211847,0,,5500,7100,Crash,IV - Low-risk Tire Strike,Road departure (left or right),Single vehicle conflict,
143062683,0,400,3900,4500,Near-Crash,Not a Crash,"Sideswipe, same direction (left or right)",Conflict with parked vehicle,
61114490,0,,1300,3600,Crash,IV - Low-risk Tire Strike,Road departure (left or right),Single vehicle conflict,
36841164,0,,6300,9800,Crash,IV - Low-risk Tire Strike,Road departure (left or right),Single vehicle conflict,
151568561,0,1300,3000,3900,Near-Crash,Not a Crash,"Rear-end, striking",Conflict with a lead vehicle,
151865020,0,600,2100,2200,Near-Crash,Not a Crash,"Sideswipe, same direction (left or right)",Conflict with vehicle in adjacent lane,
151586560,0,400,2800,6000,Near-Crash,Not a Crash,"Sideswipe, same direction (left or right)",Conflict with merging vehicle,
130475660,0,1600,2900,3500,Near-Crash,Not a Crash,Backing into traffic,Conflict with parked vehicle,
151859959,0,1100,3300,4500,Near-Crash,Not a Crash,"Rear-end, striking",Conflict with a lead vehicle,
116168899,0,100,1500,2100,Crash,III  - Minor Crash,Animal-related,Conflict with animal,
143062656,0,1600,4000,7300,Near-Crash,Not a Crash,"Sideswipe, same direction (left or right)",Conflict with merging vehicle,
35826914,0,,5700,8600,Crash,I - Most Severe,"Rear-end, struck",Conflict with a following vehicle,
150714963,0,1600,2400,3500,Near-Crash,Not a Crash,"Rear-end, striking",Conflict with vehicle in adjacent lane,
151607568,0,3500,5600,6200,Near-Crash,Not a Crash,"Rear-end, striking",Conflict with a lead vehicle,
151581537,0,1300,5300,6400,Near-Crash,Not a Crash,"Rear-end, striking",Conflict with a lead vehicle,
151569121,0,5300,6900,8500,Near-Crash,Not a Crash,"Rear-end, striking",Conflict with vehicle in adjacent lane,
151573879,0,400,3700,5000,Near-Crash,Not a Crash,"Rear-end, striking",Conflict with a lead vehicle,
135427513,0,600,2900,3600,Near-Crash,Not a Crash,"Rear-end, striking",Conflict with a lead vehicle,
151580976,0,3300,5200,6100,Near-Crash,Not a Crash,"Rear-end, striking",Conflict with a lead vehicle,
151569214,0,2300,3600,4900,Near-Crash,Not a Crash,"Rear-end, striking",Conflict with vehicle in adjacent lane,
61114315,0,5400,6000,9200,Crash,III  - Minor Crash,Road departure (left or right),Single vehicle conflict,
151865357,0,1800,2800,3200,Near-Crash,Not a Crash,Road departure (left or right),Single vehicle conflict,
142007845,0,3000,3800,5300,Crash,III  - Minor Crash,"Rear-end, struck",Conflict with a following vehicle,
151569164,0,3800,6000,7000,Near-Crash,Not a Crash,"Rear-end, striking",Conflict with a lead vehicle,
136043275,0,1600,4300,4400,Near-Crash,Not a Crash,"Rear-end, striking",Conflict with a lead vehicle,
136394363,0,1000,2300,3100,Near-Crash,Not a Crash,"Rear-end, striking",Conflict with vehicle in adjacent lane,
138350558,0,600,3100,3400,Near-Crash,Not a Crash,"Rear-end, striking",Conflict with a lead vehicle,
138592258,0,1000,1700,2000,Near-Crash,Not a Crash,"Rear-end, striking",Conflict with a lead vehicle,
135947089,0,6200,7700,9100,Near-Crash,Not a Crash,"Rear-end, striking",Conflict with a lead vehicle,
22592887,0,2100,6100,7400,Near-Crash,Not a Crash,"Rear-end, striking",Conflict with a lead vehicle,
134937991,0,500,1100,2200,Near-Crash,Not a Crash,"Rear-end, striking",Conflict with a lead vehicle,
151589502,0,300,3000,3800,Near-Crash,Not a Crash,Turn into path (opposite direction),Conflict with vehicle turning into another vehicle path (opposite direction),
151569080,0,900,3900,5100,Near-Crash,Not a Crash,"Rear-end, striking",Conflict with a lead vehicle,
132528476,0,0,3200,6900,Crash,I - Most Severe,Road departure (left or right),Single vehicle conflict,
138364503,0,700,2300,3100,Near-Crash,Not a Crash,Other,Conflict with parked vehicle,
138364504,0,200,1800,3500,Near-Crash,Not a Crash,"Rear-end, striking",Conflict with a lead vehicle,
138364454,0,1800,8200,9000,Near-Crash,Not a Crash,"Rear-end, striking",Conflict with a lead vehicle,
142030134,0,2300,2700,4500,Crash,III  - Minor Crash,Backing into traffic,Conflict with a lead vehicle,
61211849,0,,5800,8600,Crash,III  - Minor Crash,Road departure (left or right),Single vehicle conflict,
138364482,0,200,1600,2300,Near-Crash,Not a Crash,Straight crossing path,Conflict with vehicle moving across another vehicle path (through intersection),
151569170,0,2000,3800,5100,Near-Crash,Not a Crash,"Rear-end, struck",Conflict with a following vehicle,
151864964,0,2300,4000,4400,Near-Crash,Not a Crash,"Rear-end, striking",Conflict with a lead vehicle,
151576342,0,1700,4700,5200,Near-Crash,Not a Crash,Road departure (end),Single vehicle conflict,
131286520,0,1200,3200,4400,Near-Crash,Not a Crash,"Rear-end, striking",Conflict with a lead vehicle,
151870549,0,1600,3900,4700,Near-Crash,Not a Crash,"Rear-end, striking",Conflict with vehicle in adjacent lane,
151589517,0,800,2100,3100,Near-Crash,Not a Crash,Animal-related,Conflict with animal,
116592026,0,1100,1700,2800,Near-Crash,Not a Crash,"Rear-end, striking",Conflict with a lead vehicle,
116168844,0,,4200,5600,Crash,I - Most Severe,"Rear-end, struck",Conflict with a following vehicle,
151864970,0,2600,5500,6000,Near-Crash,Not a Crash,"Rear-end, striking",Conflict with a lead vehicle,
132704675,0,1000,1800,3600,Near-Crash,Not a Crash,"Sideswipe, same direction (left or right)",Conflict with vehicle in adjacent lane,
151568954,0,1000,2500,3300,Near-Crash,Not a Crash,"Rear-end, striking",Conflict with vehicle in adjacent lane,
51722206,0,100,3100,4100,Near-Crash,Not a Crash,Turn into path (same direction),Conflict with vehicle turning into another vehicle path (same direction),
76264677,0,2500,3000,4900,Crash,IV - Low-risk Tire Strike,Road departure (left or right),Single vehicle conflict,
116168858,0,2500,4400,5200,Near-Crash,Not a Crash,"Rear-end, striking",Conflict with a lead vehicle,
61109404,0,0,2900,3500,Near-Crash,Not a Crash,"Sideswipe, same direction (left or right)",Conflict with merging vehicle,
151086463,0,3000,3800,5100,Near-Crash,Not a Crash,"Rear-end, striking",Conflict with a lead vehicle,
142007925,0,1200,1300,7900,Crash,III  - Minor Crash,Road departure (left or right),Single vehicle conflict,
116591900,0,3000,3400,5000,Near-Crash,Not a Crash,"Sideswipe, same direction (left or right)",Conflict with vehicle in adjacent lane,
151587529,0,200,1000,2800,Near-Crash,Not a Crash,"Sideswipe, same direction (left or right)",Conflict with vehicle in adjacent lane,
151569047,0,700,3100,4800,Near-Crash,Not a Crash,"Rear-end, striking",Conflict with vehicle in adjacent lane,
133321845,0,100,800,2300,Crash,III  - Minor Crash,Animal-related,Conflict with animal,
116168913,0,3100,4200,5700,Crash,III  - Minor Crash,"Rear-end, struck",Conflict with a following vehicle,
151587817,0,400,1800,2500,Near-Crash,Not a Crash,Straight crossing path,Conflict with vehicle moving across another vehicle path (through intersection),
33575089,0,1300,2500,3500,Near-Crash,Not a Crash,"Sideswipe, same direction (left or right)",Conflict with a lead vehicle,
61426797,0,800,4400,7300,Near-Crash,Not a Crash,Turn into path (opposite direction),Conflict with vehicle turning into another vehicle path (opposite direction),
116168914,0,600,1100,2500,Near-Crash,Not a Crash,"Sideswipe, same direction (left or right)",Conflict with vehicle in adjacent lane,
116147345,0,800,2500,3800,Near-Crash,Not a Crash,"Rear-end, striking",Conflict with vehicle in adjacent lane,
128906344,0,1800,2300,5200,Near-Crash,Not a Crash,"Sideswipe, same direction (left or right)",Conflict with vehicle in adjacent lane,
151859492,0,200,1200,2900,Near-Crash,Not a Crash,"Rear-end, striking",Conflict with vehicle in adjacent lane,
151568478,0,2100,3200,4000,Near-Crash,Not a Crash,"Rear-end, striking",Conflict with merging vehicle,
132620454,0,4900,5300,6100,Crash,II - Police-reportable Crash,"Rear-end, striking",Conflict with a lead vehicle,
151856687,0,500,500,2000,Crash,III  - Minor Crash,Animal-related,Conflict with animal,
151878894,0,200,1100,1800,Near-Crash,Not a Crash,Animal-related,Conflict with animal,
116224304,0,5400,5900,6800,Near-Crash,Not a Crash,"Rear-end, striking",Conflict with a lead vehicle,
29714710,0,,2300,8700,Crash,IV - Low-risk Tire Strike,Road departure (left or right),Single vehicle conflict,
151600320,0,2400,5800,6100,Near-Crash,Not a Crash,"Rear-end, striking",Conflict with a lead vehicle,
151568677,0,300,5400,8700,Near-Crash,Not a Crash,"Rear-end, striking",Conflict with a lead vehicle,
61211923,0,,6200,7600,Crash,IV - Low-risk Tire Strike,Road departure (left or right),Single vehicle conflict,
35333357,0,200,1000,1800,Near-Crash,Not a Crash,Straight crossing path,Conflict with vehicle moving across another vehicle path (through intersection),
61211780,0,,500,2700,Crash,III  - Minor Crash,Road departure (left or right),Single vehicle conflict,
151573575,0,600,1000,1500,Near-Crash,Not a Crash,"Rear-end, striking",Conflict with a lead vehicle,
35257215,0,4300,4400,6800,Crash,III  - Minor Crash,Turn into path (same direction),Conflict with vehicle turning into another vehicle path (same direction),
151337902,0,1300,3000,3500,Near-Crash,Not a Crash,"Rear-end, striking",Conflict with a lead vehicle,
151859606,0,800,1100,1800,Near-Crash,Not a Crash,"Sideswipe, same direction (left or right)",Conflict with vehicle in adjacent lane,
151568978,0,2200,3000,4000,Near-Crash,Not a Crash,Road departure (left or right),Single vehicle conflict,
138337962,0,,1800,2800,Crash,III  - Minor Crash,Road departure (left or right),Single vehicle conflict,
151607627,0,500,1300,1600,Near-Crash,Not a Crash,"Sideswipe, same direction (left or right)",Conflict with vehicle in adjacent lane,
61114493,0,3800,3600,5200,Crash,III  - Minor Crash,Road departure (left or right),Single vehicle conflict,
151582640,0,800,1900,3100,Near-Crash,Not a Crash,"Rear-end, striking",Conflict with vehicle in adjacent lane,
131785448,0,200,2400,3100,Near-Crash,Not a Crash,Turn across path,Conflict with vehicle turning across another vehicle path (opposite direction),
151609726,0,2200,2900,4300,Near-Crash,Not a Crash,"Rear-end, striking",Conflict with a lead vehicle,
151592974,0,500,1700,2600,Near-Crash,Not a Crash,"Rear-end, striking",Conflict with a lead vehicle,
151594456,0,400,1800,2600,Near-Crash,Not a Crash,"Rear-end, striking",Conflict with a lead vehicle,
135427574,0,,3600,4200,Crash,IV - Low-risk Tire Strike,Road departure (left or right),Single vehicle conflict,
151856519,0,800,2000,2700,Near-Crash,Not a Crash,"Rear-end, striking",Conflict with a lead vehicle,
151568909,0,,2500,3800,Crash,III  - Minor Crash,"Rear-end, struck",Conflict with a following vehicle,
151592650,0,800,1300,2000,Near-Crash,Not a Crash,Animal-related,Conflict with animal,
132520587,0,2600,3200,4600,Crash,IV - Low-risk Tire Strike,Road departure (left or right),Single vehicle conflict,
51722201,0,,5800,8100,Crash,II - Police-reportable Crash,"Rear-end, striking",Conflict with a lead vehicle,
151610505,0,800,1600,2800,Crash,IV - Low-risk Tire Strike,Road departure (left or right),Single vehicle conflict,
142005150,0,100,2800,3400,Near-Crash,Not a Crash,Turn into path (same direction),Conflict with vehicle turning into another vehicle path (same direction),
151573029,0,7200,8400,8800,Near-Crash,Not a Crash,"Rear-end, striking",Conflict with a lead vehicle,
151859790,0,1400,4200,5400,Near-Crash,Not a Crash,"Rear-end, striking",Conflict with a lead vehicle,
61211844,0,,7900,11100,Crash,III  - Minor Crash,Road departure (left or right),Single vehicle conflict,
130473600,0,700,3000,4100,Near-Crash,Not a Crash,"Rear-end, striking",Conflict with vehicle in adjacent lane,
143062642,0,800,4500,5300,Near-Crash,Not a Crash,Turn into path (opposite direction),Conflict with vehicle turning into another vehicle path (opposite direction),
116591902,0,3800,4800,5100,Near-Crash,Not a Crash,"Rear-end, striking",Conflict with a lead vehicle,
151337519,0,1500,2800,3500,Near-Crash,Not a Crash,"Rear-end, striking",Conflict with a lead vehicle,
128906353,0,,6700,7600,Crash,IV - Low-risk Tire Strike,Road departure (left or right),Single vehicle conflict,
151600679,0,1700,2100,2900,Near-Crash,Not a Crash,"Rear-end, striking",Conflict with a lead vehicle,
151589505,0,300,2000,2000,Near-Crash,Not a Crash,"Rear-end, striking",Conflict with a lead vehicle,
135279652,0,1600,6300,6700,Near-Crash,Not a Crash,"Rear-end, striking",Conflict with a lead vehicle,
116168915,0,5700,5900,7600,Near-Crash,Not a Crash,"Sideswipe, same direction (left or right)",Conflict with vehicle in adjacent lane,
151864838,0,600,900,1800,Crash,III  - Minor Crash,Road departure (end),Single vehicle conflict,
151859447,0,400,1700,3100,Near-Crash,Not a Crash,"Rear-end, striking",Conflict with a lead vehicle,
61385887,0,1100,2100,3400,Near-Crash,Not a Crash,"Rear-end, striking",Conflict with a lead vehicle,
151589140,0,2000,2300,2900,Near-Crash,Not a Crash,"Rear-end, striking",Conflict with a lead vehicle,
151575016,0,500,2600,3000,Near-Crash,Not a Crash,"Rear-end, striking",Conflict with a lead vehicle,
131785444,0,,6500,7500,Crash,III  - Minor Crash,Road departure (left or right),Single vehicle conflict,
143062594,0,,1800,3300,Crash,IV - Low-risk Tire Strike,Road departure (left or right),Single vehicle conflict,
150881514,0,2800,3700,5100,Near-Crash,Not a Crash,"Rear-end, striking",Conflict with a lead vehicle,
142005149,0,1500,2300,3000,Near-Crash,Not a Crash,"Rear-end, striking",Conflict with a lead vehicle,
151610556,0,500,1400,1600,Near-Crash,Not a Crash,"Sideswipe, same direction (left or right)",Conflict with vehicle in adjacent lane,
152216608,0,400,1300,1900,Near-Crash,Not a Crash,"Rear-end, striking",Conflict with a lead vehicle,
60633155,0,,4000,5300,Crash,IV - Low-risk Tire Strike,Road departure (left or right),Single vehicle conflict,
35449256,0,6400,6700,7900,Crash,IV - Low-risk Tire Strike,Road departure (end),Single vehicle conflict,
151859392,0,0,2600,3000,Near-Crash,Not a Crash,"Rear-end, striking",Conflict with vehicle in adjacent lane,
151570542,0,600,1700,2400,Near-Crash,Not a Crash,"Rear-end, striking",Conflict with a lead vehicle,
151859370,0,700,3100,3500,Near-Crash,Not a Crash,"Rear-end, striking",Conflict with a lead vehicle,
151598169,0,600,800,1400,Near-Crash,Not a Crash,"Sideswipe, same direction (left or right)",Conflict with merging vehicle,
29858020,0,2700,3800,5000,Near-Crash,Not a Crash,"Sideswipe, same direction (left or right)",Conflict with merging vehicle,
136384213,0,700,2100,3600,Near-Crash,Not a Crash,"Sideswipe, same direction (left or right)",Conflict with vehicle in adjacent lane,
29884807,0,1300,3800,5200,Near-Crash,Not a Crash,"Rear-end, striking",Conflict with a lead vehicle,
151600664,0,0,1500,3400,Near-Crash,Not a Crash,"Rear-end, striking",Conflict with a lead vehicle,
143043187,0,800,1500,3100,Near-Crash,Not a Crash,"Sideswipe, same direction (left or right)",Conflict with vehicle in adjacent lane,
151568763,0,,4800,5900,Crash,IV - Low-risk Tire Strike,Road departure (end),Single vehicle conflict,
151575002,0,2000,3100,3700,Near-Crash,Not a Crash,"Rear-end, striking",Conflict with vehicle in adjacent lane,
151900641,0,,5100,6800,Crash,IV - Low-risk Tire Strike,Road departure (end),Single vehicle conflict,
51722181,0,,6500,7300,Near-Crash,Not a Crash,"Rear-end, struck",Conflict with a following vehicle,
30883588,0,3600,6100,6900,Crash,III  - Minor Crash,Road departure (left or right),Single vehicle conflict,
135366764,0,1100,3700,5300,Near-Crash,Not a Crash,"Rear-end, striking",Conflict with a lead vehicle,
142049281,0,1500,4000,5400,Near-Crash,Not a Crash,"Rear-end, striking",Conflict with a lead vehicle,
135124419,0,1400,1400,2900,Crash,IV - Low-risk Tire Strike,Road departure (left or right),Single vehicle conflict,
151864909,0,2200,2600,3300,Near-Crash,Not a Crash,"Sideswipe, same direction (left or right)",Conflict with vehicle in adjacent lane,
31297598,0,900,1800,4100,Near-Crash,Not a Crash,"Rear-end, striking",Conflict with vehicle in adjacent lane,
151864992,0,100,5100,8000,Near-Crash,Not a Crash,"Rear-end, striking",Conflict with a lead vehicle,
151856569,0,900,3300,4600,Near-Crash,Not a Crash,"Rear-end, striking",Conflict with a lead vehicle,
31680402,0,2300,4600,5700,Crash,III  - Minor Crash,Other,Conflict with obstacle/object in roadway,
151587472,0,100,1700,2600,Near-Crash,Not a Crash,Animal-related,Conflict with animal,
151864776,0,700,1800,3000,Near-Crash,Not a Crash,"Rear-end, striking",Conflict with a lead vehicle,
61426987,0,1500,3300,6700,Near-Crash,Not a Crash,"Rear-end, striking",Conflict with a lead vehicle,
135449381,0,2200,3300,3900,Near-Crash,Not a Crash,"Rear-end, striking",Conflict with a lead vehicle,
151607765,0,4100,4800,5000,Near-Crash,Not a Crash,"Sideswipe, same direction (left or right)",Conflict with vehicle in adjacent lane,
151573025,0,4200,5400,6300,Near-Crash,Not a Crash,"Rear-end, striking",Conflict with vehicle in adjacent lane,
151878870,0,1800,3200,5700,Near-Crash,Not a Crash,"Sideswipe, same direction (left or right)",Conflict with vehicle in adjacent lane,
116168843,0,2400,4000,4600,Near-Crash,Not a Crash,"Rear-end, striking",Conflict with a lead vehicle,
151553205,0,3400,3400,6700,Crash,IV - Low-risk Tire Strike,Road departure (left or right),Single vehicle conflict,
30879207,0,1600,3800,4300,Near-Crash,Not a Crash,"Rear-end, striking",Conflict with a lead vehicle,
150714381,0,4000,4300,5300,Crash,IV - Low-risk Tire Strike,Road departure (left or right),Single vehicle conflict,"A vehicle was traveling on a dry road in daylight with no adverse weather conditions. The road was in a business or industrial area and had very little traffic, allowing for free flow. However, the vehicle suddenly left the road, either veering to the left or right, due to a tire strike. This means that the vehicle's tire likely failed or hit something, causing the driver to lose control and leave the road. The incident involved only one vehicle and occurred under otherwise favorable driving conditions."
151579584,0,700,1200,2000,Near-Crash,Not a Crash,"Sideswipe, same direction (left or right)",Conflict with vehicle in adjacent lane,
134903019,0,700,1300,2200,Near-Crash,Not a Crash,"Rear-end, striking",Conflict with vehicle in adjacent lane,
151586120,0,800,2400,3000,Near-Crash,Not a Crash,Animal-related,Conflict with animal,
133190017,0,2300,3200,3800,Near-Crash,Not a Crash,"Rear-end, striking",Conflict with vehicle in adjacent lane,
151864563,0,1500,2400,3200,Near-Crash,Not a Crash,Straight crossing path,Conflict with vehicle moving across another vehicle path (through intersection),
138361410,0,600,6500,8200,Near-Crash,Not a Crash,"Rear-end, striking",Conflict with a lead vehicle,
29880020,0,1700,2000,3000,Near-Crash,Not a Crash,"Sideswipe, same direction (left or right)",Conflict with vehicle in adjacent lane,
29859067,0,,2400,3900,Crash,I - Most Severe,"Rear-end, struck",Conflict with a following vehicle,
151568542,0,4800,6200,6800,Near-Crash,Not a Crash,"Rear-end, striking",Conflict with a lead vehicle,
151568708,0,500,1500,2600,Near-Crash,Not a Crash,"Rear-end, striking",Conflict with vehicle in adjacent lane,
151580961,0,400,3300,4300,Near-Crash,Not a Crash,"Rear-end, striking",Conflict with vehicle in adjacent lane,
116224302,0,4100,5000,5600,Near-Crash,Not a Crash,"Rear-end, striking",Conflict with a lead vehicle,
151859452,0,2700,5100,5900,Near-Crash,Not a Crash,"Rear-end, striking",Conflict with a lead vehicle,
151580970,0,3100,3500,5300,Near-Crash,Not a Crash,Turn across path,Conflict with vehicle turning across another vehicle path (opposite direction),
135188218,0,,3600,5400,Crash,III  - Minor Crash,"Rear-end, struck",Conflict with a following vehicle,
135085756,0,700,3200,4300,Near-Crash,Not a Crash,"Sideswipe, same direction (left or right)",Conflict with vehicle in adjacent lane,
151568506,0,,2300,8500,Crash,IV - Low-risk Tire Strike,Road departure (left or right),Single vehicle conflict,
142005105,0,2000,3300,4500,Near-Crash,Not a Crash,Pedestrian-related,Conflict with pedestrian,
151878810,0,900,3200,4000,Near-Crash,Not a Crash,"Rear-end, striking",Conflict with a lead vehicle,
151864809,0,2200,3600,4300,Near-Crash,Not a Crash,"Rear-end, striking",Conflict with vehicle in adjacent lane,
143062743,0,2300,3400,4300,Crash,IV - Low-risk Tire Strike,Road departure (left or right),Single vehicle conflict,
151586346,0,200,2000,2400,Near-Crash,Not a Crash,"Rear-end, striking",Conflict with a lead vehicle,
30883589,0,400,4300,6200,Near-Crash,Not a Crash,"Rear-end, striking",Conflict with a lead vehicle,
151593428,0,3300,3700,5300,Near-Crash,Not a Crash,"Rear-end, striking",Conflict with vehicle in adjacent lane,
151568521,0,1200,3300,4100,Near-Crash,Not a Crash,"Rear-end, striking",Conflict with merging vehicle,
22995726,0,3500,3500,6100,Crash,II - Police-reportable Crash,"Rear-end, struck",Conflict with a following vehicle,
138351849,0,900,1700,2700,Near-Crash,Not a Crash,"Rear-end, striking",Conflict with a lead vehicle,
142030058,0,,1900,2900,Near-Crash,Not a Crash,Backing into traffic,Conflict with a following vehicle,
151593361,0,500,1100,2700,Near-Crash,Not a Crash,"Sideswipe, same direction (left or right)",Conflict with vehicle in adjacent lane,
22595823,0,3700,4700,5300,Near-Crash,Not a Crash,"Rear-end, striking",Conflict with a lead vehicle,
135085743,0,900,2000,3200,Near-Crash,Not a Crash,"Rear-end, striking",Conflict with vehicle in adjacent lane,
151574549,0,1800,2200,3100,Near-Crash,Not a Crash,"Sideswipe, same direction (left or right)",Conflict with vehicle in adjacent lane,
135183567,0,,3000,4400,Crash,II - Police-reportable Crash,Backing into traffic,Conflict with parked vehicle,
131286522,0,2500,5500,6500,Near-Crash,Not a Crash,"Sideswipe, same direction (left or right)",Conflict with a lead vehicle,
151574552,0,1300,2300,3500,Near-Crash,Not a Crash,"Sideswipe, same direction (left or right)",Conflict with vehicle in adjacent lane,
151552527,0,800,1900,2900,Near-Crash,Not a Crash,"Rear-end, striking",Conflict with vehicle in adjacent lane,
22484772,0,500,3600,6800,Crash,I - Most Severe,"Rear-end, striking",Conflict with a lead vehicle,
60632654,0,,3600,5100,Crash,IV - Low-risk Tire Strike,Road departure (left or right),Single vehicle conflict,
151859798,0,1300,2100,2700,Near-Crash,Not a Crash,"Rear-end, striking",Conflict with a lead vehicle,
29859066,0,3200,4200,4200,Near-Crash,Not a Crash,Turn across path,Conflict with vehicle turning across another vehicle path (same direction),
29884175,0,3300,5000,5800,Near-Crash,Not a Crash,"Rear-end, striking",Conflict with a lead vehicle,
29884808,0,2800,3400,4100,Near-Crash,Not a Crash,"Rear-end, striking",Conflict with a lead vehicle,
138077528,0,400,2600,3900,Near-Crash,Not a Crash,"Rear-end, striking",Conflict with a lead vehicle,
151864768,0,2700,3300,4200,Near-Crash,Not a Crash,"Rear-end, striking",Conflict with a lead vehicle,
29730841,0,5000,6600,9700,Crash,IV - Low-risk Tire Strike,Road departure (left or right),Single vehicle conflict,
33575055,0,600,3400,3800,Near-Crash,Not a Crash,"Rear-end, striking",Conflict with a lead vehicle,
151568482,0,1100,2300,4200,Near-Crash,Not a Crash,Straight crossing path,Conflict with vehicle moving across another vehicle path (through intersection),
151607761,0,1000,1600,2700,Near-Crash,Not a Crash,"Sideswipe, same direction (left or right)",Conflict with vehicle in adjacent lane,
143332889,0,3000,4400,4700,Near-Crash,Not a Crash,"Rear-end, striking",Conflict with a lead vehicle,
96898049,0,700,2400,4100,Near-Crash,Not a Crash,Road departure (left or right),Single vehicle conflict,
151575013,0,400,2000,2500,Near-Crash,Not a Crash,Opposite direction (head-on or sideswipe),Conflict with oncoming traffic,
151569133,0,3200,4600,5400,Near-Crash,Not a Crash,"Rear-end, striking",Conflict with a lead vehicle,
138116213,0,2800,4100,6500,Crash,III  - Minor Crash,Road departure (left or right),Single vehicle conflict,
151570585,0,800,2900,3300,Near-Crash,Not a Crash,"Rear-end, striking",Conflict with a lead vehicle,
151569131,0,200,2100,3200,Near-Crash,Not a Crash,"Rear-end, striking",Conflict with vehicle in adjacent lane,
151859835,0,1200,2100,3700,Near-Crash,Not a Crash,"Rear-end, striking",Conflict with a lead vehicle,
151569264,0,200,2100,2900,Near-Crash,Not a Crash,"Rear-end, striking",Conflict with vehicle in adjacent lane,
151600653,0,2300,2600,3500,Near-Crash,Not a Crash,"Rear-end, striking",Conflict with merging vehicle,
151574065,0,500,2500,3500,Near-Crash,Not a Crash,"Rear-end, striking",Conflict with merging vehicle,
143043198,0,0,700,2300,Near-Crash,Not a Crash,"Rear-end, striking",Conflict with vehicle in adjacent lane,
143062570,0,500,3100,4400,Near-Crash,Not a Crash,"Rear-end, striking",Conflict with vehicle in adjacent lane,
143062564,0,500,3200,3200,Near-Crash,Not a Crash,Turn into path (opposite direction),Conflict with vehicle turning into another vehicle path (opposite direction),
61033662,0,,3200,5300,Crash,IV - Low-risk Tire Strike,Road departure (left or right),Single vehicle conflict,
61111549,0,,200,800,Crash,III  - Minor Crash,Road departure (left or right),Single vehicle conflict,
143043191,0,1200,1900,2500,Near-Crash,Not a Crash,Straight crossing path,Conflict with vehicle moving across another vehicle path (through intersection),
143058376,0,1200,4600,5100,Near-Crash,Not a Crash,"Rear-end, striking",Conflict with merging vehicle,
128906369,0,4600,4100,5700,Crash,III  - Minor Crash,Road departure (left or right),Single vehicle conflict,
150716956,0,600,1600,2600,Near-Crash,Not a Crash,"Sideswipe, same direction (left or right)",Conflict with vehicle in adjacent lane,
116168901,0,3200,4400,4800,Near-Crash,Not a Crash,"Rear-end, striking",Conflict with a lead vehicle,
116168877,0,1700,3800,4600,Near-Crash,Not a Crash,"Rear-end, striking",Conflict with a lead vehicle,
128888436,0,3900,4200,5200,Near-Crash,Not a Crash,"Rear-end, striking",Conflict with a lead vehicle,
151584404,0,200,1800,3900,Near-Crash,Not a Crash,Other,Conflict with obstacle/object in roadway,
143062675,0,2400,4300,5600,Near-Crash,Not a Crash,"Rear-end, striking",Conflict with a lead vehicle,
151866549,0,800,1500,2200,Near-Crash,Not a Crash,"Rear-end, striking",Conflict with a lead vehicle,
116168893,0,4000,4700,5400,Near-Crash,Not a Crash,"Rear-end, striking",Conflict with a lead vehicle,
116224306,0,300,1900,3200,Near-Crash,Not a Crash,"Rear-end, striking",Conflict with a lead vehicle,
30880847,0,2500,2600,6700,Near-Crash,Not a Crash,"Sideswipe, same direction (left or right)",Conflict with vehicle in adjacent lane,
151859459,0,400,600,7000,Near-Crash,Not a Crash,"Sideswipe, same direction (left or right)",Conflict with merging vehicle,
138136128,0,,2200,3200,Crash,IV - Low-risk Tire Strike,Road departure (end),Single vehicle conflict,
151568864,0,300,4500,5400,Near-Crash,Not a Crash,Animal-related,Conflict with animal,
151570591,0,1600,2700,4500,Near-Crash,Not a Crash,Other,Conflict with obstacle/object in roadway,
142005183,0,2100,4100,4800,Near-Crash,Not a Crash,"Rear-end, striking",Conflict with a lead vehicle,
136041497,0,6100,7000,9100,Near-Crash,Not a Crash,"Sideswipe, same direction (left or right)",Conflict with vehicle in adjacent lane,
151854726,0,600,2100,2500,Near-Crash,Not a Crash,"Rear-end, striking",Conflict with a lead vehicle,
151574338,0,1300,2600,3100,Near-Crash,Not a Crash,Other,Conflict with obstacle/object in roadway,
151860002,0,200,2000,2700,Near-Crash,Not a Crash,Straight crossing path,Conflict with vehicle moving across another vehicle path (through intersection),
151862003,0,1000,1800,2500,Near-Crash,Not a Crash,Backing into traffic,Conflict with parked vehicle,
151586138,0,1100,3600,4000,Near-Crash,Not a Crash,Other,Conflict with obstacle/object in roadway,
60631651,0,,3700,5400,Crash,III  - Minor Crash,"Rear-end, struck",Conflict with a following vehicle,
61216929,0,2100,2100,5700,Near-Crash,Not a Crash,Road departure (left or right),Single vehicle conflict,
151569015,0,1400,2200,4300,Near-Crash,Not a Crash,"Rear-end, striking",Conflict with a lead vehicle,
151569018,0,1300,2100,2800,Near-Crash,Not a Crash,"Rear-end, striking",Conflict with a lead vehicle,
138361294,0,100,3900,5800,Near-Crash,Not a Crash,"Rear-end, striking",Conflict with a lead vehicle,
30883595,0,,2800,4200,Near-Crash,Not a Crash,Turn into path (same direction),Conflict with vehicle turning into another vehicle path (same direction),
151859486,0,2300,4300,6800,Near-Crash,Not a Crash,"Rear-end, striking",Conflict with a lead vehicle,
138109797,0,1300,1800,2600,Near-Crash,Not a Crash,Turn into path (opposite direction),Conflict with vehicle turning into another vehicle path (opposite direction),
151859366,0,400,4800,6100,Near-Crash,Not a Crash,"Rear-end, striking",Conflict with a lead vehicle,
151568511,0,1500,2900,3700,Near-Crash,Not a Crash,"Sideswipe, same direction (left or right)",Conflict with parked vehicle,
151573037,0,1700,2800,4500,Near-Crash,Not a Crash,"Rear-end, striking",Conflict with a lead vehicle,
29877335,0,2500,3100,4900,Near-Crash,Not a Crash,Pedalcyclist-related,Conflict with pedalcyclist,
61109412,0,,2000,3900,Crash,IV - Low-risk Tire Strike,Road departure (left or right),Single vehicle conflict,
33575099,0,1800,3100,10000,Near-Crash,Not a Crash,Turn into path (same direction),Conflict with vehicle turning into another vehicle path (same direction),
142509524,0,300,1400,2100,Near-Crash,Not a Crash,Opposite direction (head-on or sideswipe),Conflict with oncoming traffic,
29859085,0,6300,5500,13500,Crash,III  - Minor Crash,Road departure (end),Single vehicle conflict,
151865014,0,1300,1700,5200,Near-Crash,Not a Crash,"Sideswipe, same direction (left or right)",Conflict with vehicle in adjacent lane,
61426805,0,1200,2400,4900,Near-Crash,Not a Crash,"Rear-end, striking",Conflict with a lead vehicle,
132906069,0,2900,4100,4800,Near-Crash,Not a Crash,"Rear-end, striking",Conflict with a lead vehicle,
135427620,0,400,2200,5300,Near-Crash,Not a Crash,"Rear-end, striking",Conflict with a lead vehicle,
116168842,0,700,4400,7800,Near-Crash,Not a Crash,"Rear-end, striking",Conflict with a lead vehicle,
116224312,0,1800,2600,4300,Near-Crash,Not a Crash,"Rear-end, striking",Conflict with a lead vehicle,
134032844,0,4400,6000,6600,Near-Crash,Not a Crash,Turn across path,Conflict with vehicle turning across another vehicle path (opposite direction),
151865066,0,,3600,5200,Crash,IV - Low-risk Tire Strike,Road departure (left or right),Single vehicle conflict,
151568537,0,8200,9500,9800,Near-Crash,Not a Crash,"Rear-end, striking",Conflict with a lead vehicle,
135123299,0,,1900,2900,Crash,IV - Low-risk Tire Strike,Road departure (left or right),Single vehicle conflict,
128906331,0,2000,2000,3000,Crash,III  - Minor Crash,Road departure (left or right),Single vehicle conflict,
142005143,0,600,2300,4200,Near-Crash,Not a Crash,Turn into path (opposite direction),Conflict with vehicle turning into another vehicle path (opposite direction),
151569192,0,4700,5800,6400,Near-Crash,Not a Crash,"Sideswipe, same direction (left or right)",Conflict with vehicle in adjacent lane,
151865129,0,2900,4700,5600,Near-Crash,Not a Crash,"Rear-end, striking",Conflict with a lead vehicle,
151591157,0,900,1800,3000,Near-Crash,Not a Crash,"Sideswipe, same direction (left or right)",Conflict with vehicle in adjacent lane,
116168907,0,5400,6200,7700,Crash,III  - Minor Crash,"Rear-end, striking",Conflict with a lead vehicle,
151864811,0,1100,3900,4200,Near-Crash,Not a Crash,"Rear-end, striking",Conflict with a lead vehicle,
151570691,0,2200,6700,7500,Near-Crash,Not a Crash,"Rear-end, striking",Conflict with a lead vehicle,
128906464,0,,3500,7100,Crash,IV - Low-risk Tire Strike,Road departure (left or right),Single vehicle conflict,
128888725,0,1900,1800,5600,Crash,IV - Low-risk Tire Strike,Road departure (left or right),Single vehicle conflict,
151596598,0,1400,1800,2600,Near-Crash,Not a Crash,"Sideswipe, same direction (left or right)",Conflict with merging vehicle,
60633157,0,1100,2900,5100,Crash,I - Most Severe,"Sideswipe, same direction (left or right)",Conflict with a lead vehicle,
116168856,0,2700,4000,4500,Near-Crash,Not a Crash,"Rear-end, striking",Conflict with a lead vehicle,
151574553,0,500,1300,2400,Near-Crash,Not a Crash,"Rear-end, striking",Conflict with a lead vehicle,
151086487,0,500,1800,3000,Near-Crash,Not a Crash,Pedalcyclist-related,Conflict with pedalcyclist,
29714737,0,200,1400,5000,Near-Crash,Not a Crash,Pedestrian-related,Conflict with pedestrian,
96898045,0,1900,3000,4000,Near-Crash,Not a Crash,"Rear-end, striking",Conflict with a lead vehicle,
134938100,0,4300,6600,7500,Near-Crash,Not a Crash,"Rear-end, striking",Conflict with a lead vehicle,
138364350,0,,1900,3800,Crash,IV - Low-risk Tire Strike,Road departure (left or right),Single vehicle conflict,
151878873,0,400,1900,2100,Near-Crash,Not a Crash,Turn across path,Conflict with vehicle turning across another vehicle path (opposite direction),
151865106,0,1300,2200,2700,Near-Crash,Not a Crash,"Rear-end, striking",Conflict with a lead vehicle,
143391068,0,,3900,4600,Crash,III  - Minor Crash,"Backing, fixed object",Conflict with obstacle/object in roadway,
138077555,0,400,3200,3400,Near-Crash,Not a Crash,"Rear-end, striking",Conflict with a lead vehicle,
151568452,0,700,1600,2200,Near-Crash,Not a Crash,"Sideswipe, same direction (left or right)",Conflict with vehicle in adjacent lane,
116168916,0,2100,3100,3700,Near-Crash,Not a Crash,Turn across path,Conflict with vehicle turning across another vehicle path (opposite direction),
116168908,0,900,3300,4700,Near-Crash,Not a Crash,"Rear-end, striking",Conflict with vehicle in adjacent lane,
151859488,0,1400,3000,4600,Near-Crash,Not a Crash,"Rear-end, striking",Conflict with a lead vehicle,
151570713,0,1300,2700,3600,Near-Crash,Not a Crash,"Sideswipe, same direction (left or right)",Conflict with vehicle in adjacent lane,
151587464,0,0,1000,1900,Near-Crash,Not a Crash,"Sideswipe, same direction (left or right)",Conflict with vehicle in adjacent lane,
31297549,0,1000,2700,4400,Near-Crash,Not a Crash,Turn into path (opposite direction),Conflict with vehicle turning into another vehicle path (opposite direction),
151856682,0,,300,3900,Crash,IV - Low-risk Tire Strike,Road departure (left or right),Single vehicle conflict,
150884031,0,400,1100,4600,Near-Crash,Not a Crash,Road departure (left or right),Single vehicle conflict,
151870562,0,1800,3400,4300,Near-Crash,Not a Crash,"Rear-end, striking",Conflict with a lead vehicle,
151590952,0,1000,4200,5500,Near-Crash,Not a Crash,"Rear-end, striking",Conflict with a lead vehicle,
151859397,0,1000,3900,8800,Near-Crash,Not a Crash,"Rear-end, striking",Conflict with a lead vehicle,
151589625,0,700,3800,4200,Near-Crash,Not a Crash,"Rear-end, striking",Conflict with a lead vehicle,
151568381,0,100,3300,4500,Crash,III  - Minor Crash,"Rear-end, striking",Conflict with a lead vehicle,
130441809,0,800,4300,4300,Near-Crash,Not a Crash,"Rear-end, striking",Conflict with a lead vehicle,
151607840,0,700,2000,3500,Near-Crash,Not a Crash,"Rear-end, striking",Conflict with vehicle in adjacent lane,
151568899,0,,6700,7500,Crash,III  - Minor Crash,"Backing, fixed object",Conflict with obstacle/object in roadway,
35257209,0,,600,2500,Crash,IV - Low-risk Tire Strike,Road departure (left or right),Single vehicle conflict,
61426959,0,1900,2800,4500,Near-Crash,Not a Crash,Turn across path,Conflict with vehicle turning across another vehicle path (same direction),
136184984,0,2200,3100,4400,Near-Crash,Not a Crash,"Sideswipe, same direction (left or right)",Conflict with vehicle in adjacent lane,
29714739,0,,2700,3600,Crash,III  - Minor Crash,"Rear-end, striking",Conflict with a lead vehicle,
33575110,0,1500,3100,4600,Near-Crash,Not a Crash,"Rear-end, striking",Conflict with a lead vehicle,
151609327,0,1100,3200,3800,Near-Crash,Not a Crash,Turn into path (same direction),Conflict with vehicle turning into another vehicle path (same direction),
151878903,0,700,2100,6300,Near-Crash,Not a Crash,"Rear-end, striking",Conflict with a lead vehicle,
138352012,0,1900,2800,3300,Near-Crash,Not a Crash,Backing into traffic,Conflict with parked vehicle,
151592142,0,1300,2800,3300,Near-Crash,Not a Crash,"Rear-end, striking",Conflict with vehicle in adjacent lane,
61033664,0,4100,4600,5500,Crash,II - Police-reportable Crash,Road departure (left or right),Single vehicle conflict,
151856548,0,1500,2300,2900,Near-Crash,Not a Crash,"Rear-end, striking",Conflict with a lead vehicle,
31567670,0,200,2300,2900,Near-Crash,Not a Crash,Turn across path,Conflict with vehicle turning across another vehicle path (opposite direction),
132620455,0,1200,1800,2900,Near-Crash,Not a Crash,Animal-related,Conflict with animal,
138229240,0,,1700,2700,Crash,IV - Low-risk Tire Strike,Road departure (left or right),Single vehicle conflict,
33574930,0,5700,6500,7600,Near-Crash,Not a Crash,"Rear-end, striking",Conflict with a lead vehicle,
61109418,0,,2900,5100,Crash,IV - Low-risk Tire Strike,Road departure (left or right),Single vehicle conflict,
116168853,0,1600,3300,3900,Near-Crash,Not a Crash,"Rear-end, striking",Conflict with a lead vehicle,
138592601,0,700,2100,2400,Near-Crash,Not a Crash,Turn across path,Conflict with vehicle turning across another vehicle path (opposite direction),
61211787,0,6500,7700,9500,Crash,III  - Minor Crash,Road departure (left or right),Single vehicle conflict,
61111541,0,600,3300,5000,Crash,III  - Minor Crash,Road departure (left or right),Single vehicle conflict,
116168871,0,300,1900,3100,Near-Crash,Not a Crash,Turn across path,Conflict with vehicle turning across another vehicle path (opposite direction),
35257218,0,800,1500,4500,Crash,I - Most Severe,Straight crossing path,Conflict with vehicle moving across another vehicle path (through intersection),
151603458,0,,1300,3000,Crash,III  - Minor Crash,Road departure (left or right),Single vehicle conflict,
138351823,0,2500,3200,3700,Near-Crash,Not a Crash,Road departure (left or right),Single vehicle conflict,
151859462,0,400,1700,3500,Near-Crash,Not a Crash,"Sideswipe, same direction (left or right)",Conflict with vehicle in adjacent lane,
135947111,0,1400,2700,4400,Crash,III  - Minor Crash,Other,Conflict with obstacle/object in roadway,
23001999,0,,4100,7700,Crash,I - Most Severe,"Rear-end, struck",Conflict with a following vehicle,
151587534,0,200,800,1400,Near-Crash,Not a Crash,"Rear-end, striking",Conflict with vehicle in adjacent lane,
30881807,0,1400,2100,5100,Near-Crash,Not a Crash,Pedestrian-related,Conflict with pedestrian,
151568638,0,1700,2200,4600,Near-Crash,Not a Crash,"Sideswipe, same direction (left or right)",Conflict with vehicle in adjacent lane,
151864786,0,3500,4700,5200,Near-Crash,Not a Crash,"Rear-end, striking",Conflict with a lead vehicle,
135427584,0,2100,4700,5100,Near-Crash,Not a Crash,"Rear-end, striking",Conflict with a lead vehicle,
138608096,0,1500,2600,3600,Near-Crash,Not a Crash,"Rear-end, striking",Conflict with a lead vehicle,
133190703,0,300,1600,3000,Near-Crash,Not a Crash,"Sideswipe, same direction (left or right)",Conflict with vehicle in adjacent lane,
151579596,0,200,2500,3100,Near-Crash,Not a Crash,Straight crossing path,Conflict with vehicle moving across another vehicle path (through intersection),
151856717,0,,3000,4900,Crash,IV - Low-risk Tire Strike,Road departure (left or right),Single vehicle conflict,
151866509,0,1500,3200,3700,Near-Crash,Not a Crash,"Rear-end, striking",Conflict with a lead vehicle,
151570548,0,2300,4800,7200,Near-Crash,Not a Crash,"Rear-end, striking",Conflict with a lead vehicle,
142049746,0,300,4700,5800,Near-Crash,Not a Crash,"Rear-end, striking",Conflict with a lead vehicle,
132371107,0,3300,4000,4600,Near-Crash,Not a Crash,Turn into path (opposite direction),Conflict with vehicle turning into another vehicle path (opposite direction),
132364436,0,600,700,4200,Crash,III  - Minor Crash,"Rear-end, striking",Conflict with a lead vehicle,
61211920,0,,6400,7800,Crash,IV - Low-risk Tire Strike,Road departure (left or right),Single vehicle conflict,
151878828,0,1400,3000,3200,Near-Crash,Not a Crash,"Rear-end, striking",Conflict with a lead vehicle,
151568727,0,4700,8600,12600,Near-Crash,Not a Crash,Road departure (left or right),Single vehicle conflict,
151606617,0,1800,4200,4700,Near-Crash,Not a Crash,"Rear-end, striking",Conflict with a lead vehicle,
29877177,0,,2500,6900,Crash,IV - Low-risk Tire Strike,Road departure (left or right),Single vehicle conflict,
35258326,0,,2300,3700,Crash,IV - Low-risk Tire Strike,Road departure (left or right),Single vehicle conflict,
135191338,0,,7400,8100,Crash,III  - Minor Crash,"Backing, fixed object",Single vehicle conflict,
29878397,0,2400,3200,5200,Crash,IV - Low-risk Tire Strike,Road departure (left or right),Single vehicle conflict,
151574334,0,1400,2500,4600,Near-Crash,Not a Crash,"Sideswipe, same direction (left or right)",Conflict with vehicle in adjacent lane,
116592021,0,1200,2300,3000,Near-Crash,Not a Crash,"Rear-end, striking",Conflict with a lead vehicle,
132522469,0,700,2000,2500,Near-Crash,Not a Crash,"Rear-end, striking",Conflict with a lead vehicle,
151573895,0,200,3000,3800,Near-Crash,Not a Crash,Turn into path (same direction),Conflict with vehicle turning into another vehicle path (same direction),
116592031,0,5300,9000,9600,Near-Crash,Not a Crash,"Rear-end, striking",Conflict with a lead vehicle,
151573899,0,700,4500,6200,Near-Crash,Not a Crash,"Sideswipe, same direction (left or right)",Conflict with merging vehicle,
116224301,0,1000,2600,3100,Near-Crash,Not a Crash,"Rear-end, striking",Conflict with a lead vehicle,
61111558,0,,3400,4300,Crash,IV - Low-risk Tire Strike,Road departure (left or right),Single vehicle conflict,
151568430,0,500,2300,3100,Near-Crash,Not a Crash,"Sideswipe, same direction (left or right)",Conflict with vehicle in adjacent lane,
29858030,0,200,2500,2900,Near-Crash,Not a Crash,"Rear-end, striking",Conflict with a lead vehicle,
137038878,0,2000,4700,6400,Near-Crash,Not a Crash,"Rear-end, striking",Conflict with a lead vehicle,
151578526,0,900,1800,2600,Near-Crash,Not a Crash,"Rear-end, striking",Conflict with vehicle in adjacent lane,
151578528,0,8100,9300,9900,Near-Crash,Not a Crash,"Rear-end, striking",Conflict with a lead vehicle,
151894403,0,200,2300,3100,Near-Crash,Not a Crash,"Rear-end, striking",Conflict with a lead vehicle,
29880026,0,200,1400,1800,Near-Crash,Not a Crash,"Rear-end, striking",Conflict with vehicle in adjacent lane,
116168909,0,1800,2300,3400,Crash,II - Police-reportable Crash,"Rear-end, striking",Conflict with a lead vehicle,
151591148,0,300,1800,2600,Near-Crash,Not a Crash,"Rear-end, striking",Conflict with vehicle in adjacent lane,
151600675,0,2300,3900,4200,Near-Crash,Not a Crash,"Rear-end, striking",Conflict with a lead vehicle,
60632655,0,,3300,5300,Crash,IV - Low-risk Tire Strike,Road departure (left or right),Single vehicle conflict,
138630077,0,500,2700,4100,Near-Crash,Not a Crash,"Rear-end, striking",Conflict with a lead vehicle,
151568780,0,1300,5000,5400,Near-Crash,Not a Crash,"Rear-end, striking",Conflict with a lead vehicle,
151570716,0,400,1700,2800,Near-Crash,Not a Crash,"Sideswipe, same direction (left or right)",Conflict with vehicle in adjacent lane,
151570802,0,400,800,1400,Near-Crash,Not a Crash,"Rear-end, striking",Conflict with a lead vehicle,
61432397,0,700,1300,3000,Near-Crash,Not a Crash,"Sideswipe, same direction (left or right)",Conflict with vehicle in adjacent lane,
151568523,0,1200,2100,2800,Near-Crash,Not a Crash,"Rear-end, striking",Conflict with a lead vehicle,
151568772,0,5300,6300,7800,Near-Crash,Not a Crash,"Rear-end, striking",Conflict with a lead vehicle,
29880068,0,700,1900,6300,Crash,II - Police-reportable Crash,Turn into path (opposite direction),Conflict with vehicle turning into another vehicle path (opposite direction),
143062653,0,2600,3800,4900,Near-Crash,Not a Crash,"Sideswipe, same direction (left or right)",Conflict with merging vehicle,
151584410,0,900,2300,3500,Near-Crash,Not a Crash,"Rear-end, striking",Conflict with vehicle in adjacent lane,
138361495,0,,2100,3800,Crash,III  - Minor Crash,Road departure (left or right),Single vehicle conflict,
151574321,0,2100,2500,3800,Near-Crash,Not a Crash,Other,Conflict with obstacle/object in roadway,
143093640,0,1200,2800,3400,Near-Crash,Not a Crash,Turn across path,Conflict with vehicle turning across another vehicle path (opposite direction),
151574323,0,5000,6000,7200,Near-Crash,Not a Crash,"Rear-end, striking",Conflict with merging vehicle,
17724527,0,2800,3600,6000,Crash,II - Police-reportable Crash,"Rear-end, striking",Conflict with a lead vehicle,
151553394,0,,1700,3900,Crash,III  - Minor Crash,Road departure (left or right),Single vehicle conflict,
138077545,0,2900,4400,5700,Near-Crash,Not a Crash,Turn into path (opposite direction),Conflict with vehicle turning into another vehicle path (opposite direction),
116168910,0,,5100,6600,Crash,IV - Low-risk Tire Strike,Road departure (end),Single vehicle conflict,
142049717,0,100,3200,3200,Near-Crash,Not a Crash,"Rear-end, striking",Conflict with vehicle in adjacent lane,
151576340,0,8000,8800,9400,Near-Crash,Not a Crash,"Rear-end, striking",Conflict with a lead vehicle,
116591915,0,1000,3700,5900,Near-Crash,Not a Crash,"Rear-end, striking",Conflict with a lead vehicle,
151587809,0,7000,9000,9500,Near-Crash,Not a Crash,"Rear-end, striking",Conflict with a lead vehicle,
138362945,0,1400,3400,4800,Near-Crash,Not a Crash,"Rear-end, striking",Conflict with a lead vehicle,
30883543,0,8000,9700,9700,Near-Crash,Not a Crash,Road departure (end),Single vehicle conflict,
29858070,0,6100,8200,9900,Near-Crash,Not a Crash,Backing into traffic,Conflict with a lead vehicle,
151606565,0,0,3100,4200,Near-Crash,Not a Crash,"Rear-end, striking",Conflict with a lead vehicle,
151856739,0,700,2800,4900,Near-Crash,Not a Crash,"Rear-end, striking",Conflict with a lead vehicle,
151597674,0,700,1400,2900,Near-Crash,Not a Crash,"Rear-end, striking",Conflict with a lead vehicle,
151581522,0,500,3500,4900,Near-Crash,Not a Crash,"Rear-end, striking",Conflict with merging vehicle,
128888727,0,100,3700,4400,Near-Crash,Not a Crash,"Rear-end, striking",Conflict with a lead vehicle,
133297583,0,300,2200,3200,Near-Crash,Not a Crash,"Sideswipe, same direction (left or right)",Conflict with vehicle in adjacent lane,
151586128,0,100,3800,5200,Near-Crash,Not a Crash,"Rear-end, striking",Conflict with merging vehicle,
151586564,0,,1100,1700,Near-Crash,Not a Crash,"Sideswipe, same direction (left or right)",Conflict with vehicle in adjacent lane,
132699659,0,,4000,4700,Crash,III  - Minor Crash,Road departure (end),Single vehicle conflict,
151864908,0,1100,3600,4400,Near-Crash,Not a Crash,"Rear-end, striking",Conflict with a lead vehicle,
151568494,0,1100,1900,2900,Near-Crash,Not a Crash,"Rear-end, striking",Conflict with a lead vehicle,"A near-crash occurred on a busy interstate highway during daylight hours with no adverse weather conditions and a dry road surface. The traffic was heavy and unstable, causing temporary slowdowns. A driver failed to maintain a safe distance and nearly rear-ended the vehicle in front of them. Fortunately, a full collision was avoided, but the incident highlighted the dangers of following too closely in dense traffic conditions."
115730582,0,3100,3600,4200,Near-Crash,Not a Crash,"Rear-end, striking",Conflict with a lead vehicle,
31577996,0,1700,1900,4000,Near-Crash,Not a Crash,"Rear-end, striking",Conflict with vehicle in adjacent lane,
151856753,0,900,800,2300,Crash,III  - Minor Crash,Road departure (left or right),Single vehicle conflict,
116592025,0,,5600,7700,Crash,IV - Low-risk Tire Strike,Road departure (end),Single vehicle conflict,
151574061,0,600,1900,2500,Near-Crash,Not a Crash,Pedestrian-related,Conflict with pedestrian,
135187340,0,,5800,6500,Crash,III  - Minor Crash,"Backing, fixed object",Single vehicle conflict,
76264678,0,800,3700,5000,Near-Crash,Not a Crash,"Rear-end, striking",Conflict with a lead vehicle,
135427633,0,4300,4600,5900,Crash,III  - Minor Crash,Road departure (left or right),Single vehicle conflict,
151854740,0,2500,3400,3600,Near-Crash,Not a Crash,"Rear-end, striking",Conflict with a lead vehicle,
133190051,0,,6400,7600,Near-Crash,Not a Crash,"Rear-end, struck",Conflict with a following vehicle,
128906322,0,3500,4100,5000,Near-Crash,Not a Crash,Turn across path,Conflict with vehicle turning across another vehicle path (opposite direction),
151553151,0,,1000,1600,Crash,III  - Minor Crash,"Backing, fixed object",Conflict with obstacle/object in roadway,
151859487,0,3200,5400,6200,Near-Crash,Not a Crash,"Rear-end, striking",Conflict with a lead vehicle,
29712221,0,100,700,3900,Crash,II - Police-reportable Crash,Animal-related,Conflict with animal,
151574550,0,1900,3900,5200,Near-Crash,Not a Crash,Opposite direction (head-on or sideswipe),Conflict with oncoming traffic,
128888501,0,,7600,8700,Crash,III  - Minor Crash,"Rear-end, struck",Conflict with a following vehicle,
151878855,0,1900,2900,3600,Near-Crash,Not a Crash,Turn into path (opposite direction),Conflict with vehicle turning into another vehicle path (opposite direction),
60632630,0,4700,5200,6700,Crash,III  - Minor Crash,Road departure (left or right),Single vehicle conflict,
29877331,0,900,1900,4300,Near-Crash,Not a Crash,Turn across path,Conflict with vehicle turning across another vehicle path (opposite direction),
151596582,0,1800,2500,3500,Near-Crash,Not a Crash,"Rear-end, striking",Conflict with vehicle in adjacent lane,
142005177,0,800,2000,2600,Near-Crash,Not a Crash,"Rear-end, striking",Conflict with a lead vehicle,
151550488,0,1200,3500,4400,Near-Crash,Not a Crash,Turn into path (same direction),Conflict with vehicle turning into another vehicle path (same direction),
151573020,0,700,1400,1900,Near-Crash,Not a Crash,"Rear-end, striking",Conflict with a lead vehicle,
134925910,0,3000,6200,8300,Near-Crash,Not a Crash,"Rear-end, striking",Conflict with a lead vehicle,
151569066,0,3100,3700,4700,Near-Crash,Not a Crash,"Sideswipe, same direction (left or right)",Conflict with vehicle in adjacent lane,
151587525,0,600,2000,2500,Near-Crash,Not a Crash,"Rear-end, striking",Conflict with vehicle in adjacent lane,
142005162,0,1300,2600,4200,Near-Crash,Not a Crash,"Rear-end, striking",Conflict with a lead vehicle,
151570546,0,1000,1800,2600,Near-Crash,Not a Crash,"Sideswipe, same direction (left or right)",Conflict with vehicle in adjacent lane,
138364335,0,200,2500,3500,Near-Crash,Not a Crash,Animal-related,Conflict with animal,
138351710,0,400,2700,4500,Near-Crash,Not a Crash,Straight crossing path,Conflict with vehicle moving across another vehicle path (through intersection),
151591694,0,300,2300,3500,Near-Crash,Not a Crash,Animal-related,Conflict with animal,
128906360,0,1300,3800,7500,Near-Crash,Not a Crash,Turn into path (same direction),Conflict with vehicle turning into another vehicle path (same direction),
64646323,0,700,5500,5500,Near-Crash,Not a Crash,Turn into path (same direction),Conflict with vehicle turning into another vehicle path (same direction),
151866553,0,,1500,2900,Crash,III  - Minor Crash,Road departure (left or right),Single vehicle conflict,
151878891,0,800,2000,3000,Near-Crash,Not a Crash,"Sideswipe, same direction (left or right)",Conflict with vehicle in adjacent lane,
151878892,0,500,1500,2500,Near-Crash,Not a Crash,Straight crossing path,Conflict with vehicle moving across another vehicle path (through intersection),
29884166,0,1600,3800,4900,Near-Crash,Not a Crash,Turn across path,Conflict with vehicle turning across another vehicle path (opposite direction),
61211851,0,1300,3200,6800,Crash,I - Most Severe,"Rear-end, struck",Conflict with a following vehicle,
134948135,0,1000,3000,4200,Near-Crash,Not a Crash,"Sideswipe, same direction (left or right)",Conflict with vehicle in adjacent lane,
138303404,0,1500,2500,4600,Near-Crash,Not a Crash,Road departure (left or right),Single vehicle conflict,
116224314,0,3100,4000,8000,Crash,IV - Low-risk Tire Strike,Road departure (left or right),Single vehicle conflict,
151859390,0,1100,4700,6000,Near-Crash,Not a Crash,"Rear-end, striking",Conflict with merging vehicle,
150780308,0,500,1100,1900,Crash,III  - Minor Crash,Other,Conflict with obstacle/object in roadway,
61211798,0,,9400,12600,Crash,III  - Minor Crash,Other,Conflict with parked vehicle,
143062691,0,900,2300,2900,Near-Crash,Not a Crash,"Rear-end, striking",Conflict with a lead vehicle,
151611073,0,800,2800,6800,Near-Crash,Not a Crash,Animal-related,Conflict with animal,
116591904,0,2700,3800,4500,Near-Crash,Not a Crash,"Rear-end, striking",Conflict with a lead vehicle,
29884787,0,1700,2700,3600,Near-Crash,Not a Crash,"Sideswipe, same direction (left or right)",Conflict with vehicle in adjacent lane,
29884169,0,2400,3000,3900,Near-Crash,Not a Crash,"Rear-end, striking",Conflict with a lead vehicle,
116224300,0,1600,3300,5000,Crash,I - Most Severe,Turn across path,Conflict with vehicle turning across another vehicle path (opposite direction),
151856536,0,900,1600,3700,Near-Crash,Not a Crash,"Sideswipe, same direction (left or right)",Conflict with vehicle in adjacent lane,
143062661,0,1100,1700,3000,Near-Crash,Not a Crash,"Sideswipe, same direction (left or right)",Conflict with vehicle in adjacent lane,
151864817,0,,3300,4400,Crash,IV - Low-risk Tire Strike,Road departure (left or right),Single vehicle conflict,
138591528,0,5400,7200,7600,Near-Crash,Not a Crash,"Rear-end, striking",Conflict with a lead vehicle,
132905165,0,1200,3300,6900,Near-Crash,Not a Crash,"Rear-end, striking",Conflict with a lead vehicle,
151859854,0,1400,4100,4700,Near-Crash,Not a Crash,"Rear-end, striking",Conflict with a lead vehicle,
35449255,0,2900,5100,6400,Near-Crash,Not a Crash,"Rear-end, striking",Conflict with a lead vehicle,
151574066,0,700,1300,2300,Near-Crash,Not a Crash,"Sideswipe, same direction (left or right)",Conflict with vehicle in adjacent lane,
142593199,0,3300,4200,5400,Near-Crash,Not a Crash,"Sideswipe, same direction (left or right)",Conflict with merging vehicle,
51722182,0,0,3100,3900,Near-Crash,Not a Crash,"Rear-end, striking",Conflict with a lead vehicle,
151581404,0,1100,4300,5000,Near-Crash,Not a Crash,"Rear-end, striking",Conflict with a lead vehicle,
143320635,0,4500,6000,6400,Near-Crash,Not a Crash,"Rear-end, striking",Conflict with a lead vehicle,
116591909,0,4400,6200,7900,Near-Crash,Not a Crash,"Rear-end, striking",Conflict with a lead vehicle,
116168855,0,1500,4600,6300,Crash,III  - Minor Crash,"Rear-end, striking",Conflict with a lead vehicle,
143083785,0,800,1100,2200,Near-Crash,Not a Crash,"Sideswipe, same direction (left or right)",Conflict with vehicle in adjacent lane,
151866530,0,800,2600,3500,Near-Crash,Not a Crash,"Rear-end, striking",Conflict with a lead vehicle,
150716970,0,2400,3100,4500,Near-Crash,Not a Crash,"Rear-end, striking",Conflict with vehicle in adjacent lane,
151581527,0,1700,4400,5200,Near-Crash,Not a Crash,"Rear-end, striking",Conflict with a lead vehicle,
151864951,0,800,3800,4600,Near-Crash,Not a Crash,"Rear-end, striking",Conflict with a lead vehicle,
61033676,0,,1800,3300,Crash,IV - Low-risk Tire Strike,Road departure (left or right),Single vehicle conflict,
128906312,0,7400,9200,10500,Near-Crash,Not a Crash,Turn into path (same direction),Conflict with vehicle turning into another vehicle path (same direction),
142432351,0,800,1100,2300,Near-Crash,Not a Crash,Turn into path (opposite direction),Conflict with vehicle turning into another vehicle path (opposite direction),
151859872,0,300,2200,3000,Near-Crash,Not a Crash,"Sideswipe, same direction (left or right)",Conflict with vehicle in adjacent lane,
151578822,0,1900,4800,5700,Near-Crash,Not a Crash,"Rear-end, striking",Conflict with vehicle in adjacent lane,
61211850,0,2600,3400,4300,Crash,II - Police-reportable Crash,Turn into path (opposite direction),Conflict with vehicle turning into another vehicle path (opposite direction),
135427586,0,3000,3900,4900,Near-Crash,Not a Crash,Road departure (left or right),Single vehicle conflict,
151337259,0,,2700,4600,Crash,IV - Low-risk Tire Strike,Road departure (left or right),Single vehicle conflict,
142411917,0,1200,1500,3500,Near-Crash,Not a Crash,"Sideswipe, same direction (left or right)",Conflict with vehicle in adjacent lane,
142401024,0,700,1800,3300,Near-Crash,Not a Crash,"Sideswipe, same direction (left or right)",Conflict with vehicle in adjacent lane,
30882460,0,1200,4200,5000,Near-Crash,Not a Crash,Turn across path,Conflict with vehicle turning across another vehicle path (opposite direction),
151553896,0,,6300,6700,Crash,III  - Minor Crash,Road departure (end),Single vehicle conflict,
142007558,0,100,900,1600,Near-Crash,Not a Crash,"Rear-end, striking",Conflict with vehicle in adjacent lane,
51722144,0,500,1300,2300,Near-Crash,Not a Crash,"Rear-end, striking",Conflict with vehicle in adjacent lane,
150883902,0,,3400,4900,Crash,IV - Low-risk Tire Strike,Road departure (left or right),Single vehicle conflict,
151865050,0,1400,4500,5600,Near-Crash,Not a Crash,"Rear-end, striking",Conflict with a lead vehicle,
130473602,0,800,2000,2300,Near-Crash,Not a Crash,"Rear-end, striking",Conflict with a lead vehicle,
142351429,0,2800,3400,5500,Near-Crash,Not a Crash,"Sideswipe, same direction (left or right)",Conflict with vehicle in adjacent lane,
116168857,0,1700,2300,2800,Near-Crash,Not a Crash,"Rear-end, striking",Conflict with a lead vehicle,
151854771,0,3100,5000,5300,Near-Crash,Not a Crash,"Rear-end, striking",Conflict with a lead vehicle,
51722164,0,0,900,3400,Near-Crash,Not a Crash,"Sideswipe, same direction (left or right)",Conflict with vehicle in adjacent lane,
151597679,0,1100,2200,2800,Near-Crash,Not a Crash,"Sideswipe, same direction (left or right)",Conflict with vehicle in adjacent lane,
61033673,0,1900,2500,4000,Crash,III  - Minor Crash,Road departure (left or right),Single vehicle conflict,
143062590,0,300,1700,2600,Near-Crash,Not a Crash,Straight crossing path,Conflict with vehicle moving across another vehicle path (through intersection),
151587475,0,100,2000,3200,Near-Crash,Not a Crash,Animal-related,Conflict with animal,
61386941,0,,1500,5300,Crash,IV - Low-risk Tire Strike,Road departure (left or right),Single vehicle conflict,
143062747,0,,2700,5200,Crash,IV - Low-risk Tire Strike,Road departure (left or right),Single vehicle conflict,
151878886,0,500,2100,2400,Near-Crash,Not a Crash,Straight crossing path,Conflict with vehicle moving across another vehicle path (through intersection),
132522474,0,600,1400,3000,Near-Crash,Not a Crash,Straight crossing path,Conflict with vehicle moving across another vehicle path (through intersection),
61211785,0,1900,1800,3200,Crash,IV - Low-risk Tire Strike,Road departure (left or right),Single vehicle conflict,
116163180,0,,4400,6200,Crash,IV - Low-risk Tire Strike,Road departure (end),Single vehicle conflict,
151863137,0,600,1000,1600,Near-Crash,Not a Crash,"Rear-end, striking",Conflict with a lead vehicle,
29859072,0,3400,4000,8700,Crash,III  - Minor Crash,Road departure (left or right),Single vehicle conflict,
151574088,0,800,1400,1900,Near-Crash,Not a Crash,"Sideswipe, same direction (left or right)",Conflict with vehicle in adjacent lane,
29714736,0,1300,1800,3200,Crash,III  - Minor Crash,"Rear-end, striking",Conflict with a lead vehicle,
29859128,0,,4100,8500,Crash,I - Most Severe,Turn across path,Conflict with vehicle turning across another vehicle path (opposite direction),
151568652,0,2000,5700,6400,Near-Crash,Not a Crash,Turn into path (same direction),Conflict with vehicle turning into another vehicle path (same direction),
61426779,0,1700,4600,6500,Near-Crash,Not a Crash,"Rear-end, striking",Conflict with a lead vehicle,
151856622,0,0,600,2000,Near-Crash,Not a Crash,"Sideswipe, same direction (left or right)",Conflict with merging vehicle,
151587539,0,2500,4200,4500,Near-Crash,Not a Crash,"Rear-end, striking",Conflict with a lead vehicle,
151568580,0,1700,2200,4000,Near-Crash,Not a Crash,"Sideswipe, same direction (left or right)",Conflict with vehicle in adjacent lane,
151568778,0,1800,2200,3400,Near-Crash,Not a Crash,"Rear-end, striking",Conflict with a lead vehicle,
116163025,0,2300,4000,5500,Crash,III  - Minor Crash,Road departure (left or right),Single vehicle conflict,
151569725,0,2300,4400,5700,Near-Crash,Not a Crash,"Rear-end, striking",Conflict with a lead vehicle,
61114480,0,,3000,4400,Crash,IV - Low-risk Tire Strike,Road departure (left or right),Single vehicle conflict,
30879263,0,4600,6300,7000,Near-Crash,Not a Crash,"Rear-end, striking",Conflict with a lead vehicle,
138077496,0,1800,5200,5200,Near-Crash,Not a Crash,"Rear-end, striking",Conflict with a lead vehicle,
151600335,0,2400,3700,6800,Near-Crash,Not a Crash,"Rear-end, striking",Conflict with a lead vehicle,
151578527,0,300,2000,2700,Near-Crash,Not a Crash,"Rear-end, striking",Conflict with vehicle in adjacent lane,
61111540,0,,4900,6400,Crash,IV - Low-risk Tire Strike,Road departure (left or right),Single vehicle conflict,
151859895,0,1300,3400,3700,Near-Crash,Not a Crash,"Rear-end, striking",Conflict with a lead vehicle,
33994002,0,5000,5100,5600,Crash,III  - Minor Crash,"Rear-end, striking",Conflict with a lead vehicle,
150717191,0,900,2100,2400,Near-Crash,Not a Crash,Turn into path (opposite direction),Conflict with vehicle turning into another vehicle path (opposite direction),
150714401,0,4400,5500,5900,Near-Crash,Not a Crash,"Rear-end, striking",Conflict with a lead vehicle,
135877899,0,4000,5400,7900,Near-Crash,Not a Crash,"Rear-end, striking",Conflict with a lead vehicle,
151590876,0,3000,5000,6300,Near-Crash,Not a Crash,"Rear-end, striking",Conflict with a lead vehicle,
61111555,0,,6400,8900,Crash,III  - Minor Crash,Road departure (end),Single vehicle conflict,
116594163,0,,3700,6100,Crash,IV - Low-risk Tire Strike,Road departure (left or right),Single vehicle conflict,
128906365,0,2100,3100,5500,Near-Crash,Not a Crash,"Rear-end, striking",Conflict with a lead vehicle,
132364437,0,4200,5400,6400,Near-Crash,Not a Crash,"Rear-end, striking",Conflict with a lead vehicle,
142476844,0,1100,1400,2100,Near-Crash,Not a Crash,Turn into path (same direction),Conflict with vehicle turning into another vehicle path (same direction),
151861957,0,300,800,2200,Near-Crash,Not a Crash,Animal-related,Conflict with animal,
151878811,0,500,1100,1300,Near-Crash,Not a Crash,Turn into path (same direction),Conflict with vehicle turning into another vehicle path (same direction),
29858014,0,400,1500,4100,Near-Crash,Not a Crash,"Sideswipe, same direction (left or right)",Conflict with vehicle in adjacent lane,
116592037,0,,6700,8600,Crash,IV - Low-risk Tire Strike,Road departure (left or right),Single vehicle conflict,
96898047,0,1800,2600,4300,Near-Crash,Not a Crash,"Rear-end, striking",Conflict with vehicle in adjacent lane,
142486494,0,700,1400,2100,Near-Crash,Not a Crash,"Sideswipe, same direction (left or right)",Conflict with vehicle in adjacent lane,
142049751,0,6300,7300,8200,Near-Crash,Not a Crash,"Rear-end, striking",Conflict with a lead vehicle,
138223761,0,2300,4900,5600,Near-Crash,Not a Crash,Turn into path (same direction),Conflict with vehicle turning into another vehicle path (same direction),
151569199,0,300,2300,3000,Near-Crash,Not a Crash,"Rear-end, striking",Conflict with merging vehicle,
151588195,0,200,1300,2000,Near-Crash,Not a Crash,Animal-related,Conflict with animal,
60631689,0,500,1700,3000,Near-Crash,Not a Crash,Pedalcyclist-related,Conflict with pedalcyclist,
135905441,0,600,3800,4500,Near-Crash,Not a Crash,Animal-related,Conflict with animal,
142005319,0,1500,3200,3800,Near-Crash,Not a Crash,"Rear-end, striking",Conflict with a lead vehicle,
136348542,0,1900,3500,3900,Near-Crash,Not a Crash,"Rear-end, striking",Conflict with a lead vehicle,
135186556,0,,7600,8900,Crash,II - Police-reportable Crash,"Rear-end, struck",Conflict with a following vehicle,
151573788,0,1000,4100,4800,Near-Crash,Not a Crash,"Rear-end, striking",Conflict with vehicle in adjacent lane,
116224315,0,1900,2900,3700,Near-Crash,Not a Crash,"Rear-end, striking",Conflict with a lead vehicle,
61109416,0,,6100,10800,Crash,III  - Minor Crash,Road departure (left or right),Single vehicle conflict,
61426764,0,,1100,1900,Crash,III  - Minor Crash,Road departure (left or right),Single vehicle conflict,
61211840,0,,3300,5100,Crash,III  - Minor Crash,Road departure (left or right),Single vehicle conflict,
151859396,0,900,2100,2500,Near-Crash,Not a Crash,"Rear-end, striking",Conflict with a lead vehicle,
151586569,0,2800,6100,6500,Near-Crash,Not a Crash,"Rear-end, striking",Conflict with a lead vehicle,
151568487,0,,1200,4000,Crash,IV - Low-risk Tire Strike,Road departure (left or right),Single vehicle conflict,
31297526,0,,4400,5700,Crash,IV - Low-risk Tire Strike,Road departure (left or right),Single vehicle conflict,
150882649,0,900,1400,2400,Near-Crash,Not a Crash,"Sideswipe, same direction (left or right)",Conflict with vehicle in adjacent lane,
138157734,0,1200,1600,2600,Crash,IV - Low-risk Tire Strike,Road departure (left or right),Single vehicle conflict,
151593427,0,2000,6200,9300,Near-Crash,Not a Crash,"Sideswipe, same direction (left or right)",Conflict with merging vehicle,
130421941,0,,2200,6200,Crash,IV - Low-risk Tire Strike,Road departure (left or right),Single vehicle conflict,
151574324,0,1900,5000,5800,Near-Crash,Not a Crash,Other,Conflict with obstacle/object in roadway,
151569152,0,100,1700,2900,Near-Crash,Not a Crash,"Rear-end, striking",Conflict with vehicle in adjacent lane,
151545456,0,,3600,5200,Crash,IV - Low-risk Tire Strike,Road departure (left or right),Single vehicle conflict,
151605348,0,900,2200,3500,Near-Crash,Not a Crash,"Rear-end, striking",Conflict with a lead vehicle,
128906341,0,500,1600,4600,Near-Crash,Not a Crash,"Rear-end, striking",Conflict with a lead vehicle,
151591695,0,0,3600,4400,Near-Crash,Not a Crash,Animal-related,Conflict with animal,
138077766,0,700,2000,3400,Near-Crash,Not a Crash,Turn into path (opposite direction),Conflict with vehicle turning into another vehicle path (opposite direction),
128906325,0,2100,3700,4600,Near-Crash,Not a Crash,"Rear-end, striking",Conflict with a lead vehicle,
151859619,0,3900,7000,7700,Near-Crash,Not a Crash,"Rear-end, striking",Conflict with a lead vehicle,
138352121,0,5600,5800,8300,Crash,III  - Minor Crash,Road departure (left or right),Single vehicle conflict,
151589143,0,2700,4200,6800,Near-Crash,Not a Crash,Turn across path,Conflict with vehicle turning across another vehicle path (same direction),
135947088,0,200,1100,1600,Near-Crash,Not a Crash,"Sideswipe, same direction (left or right)",Conflict with merging vehicle,
116591913,0,2100,3900,4400,Near-Crash,Not a Crash,"Rear-end, striking",Conflict with a lead vehicle,
138077499,0,1200,1400,1900,Near-Crash,Not a Crash,Animal-related,Conflict with animal,
135449721,0,800,2500,5100,Near-Crash,Not a Crash,"Rear-end, striking",Conflict with a lead vehicle,
151568844,0,1700,2800,4500,Near-Crash,Not a Crash,"Sideswipe, same direction (left or right)",Conflict with vehicle in adjacent lane,
138107962,0,2400,4400,4400,Near-Crash,Not a Crash,"Rear-end, striking",Conflict with a lead vehicle,
134050338,0,1500,2300,2500,Near-Crash,Not a Crash,"Rear-end, striking",Conflict with a lead vehicle,
134048088,0,200,1700,2100,Near-Crash,Not a Crash,"Rear-end, striking",Conflict with a lead vehicle,
137004029,0,700,1600,2600,Near-Crash,Not a Crash,"Rear-end, striking",Conflict with vehicle in adjacent lane,
151865179,0,1800,2900,3200,Near-Crash,Not a Crash,"Rear-end, striking",Conflict with a lead vehicle,
151582658,0,400,2900,3900,Near-Crash,Not a Crash,"Rear-end, striking",Conflict with a lead vehicle,
130934960,0,1600,1900,2500,Near-Crash,Not a Crash,Road departure (left or right),Single vehicle conflict,
61211791,0,4900,5000,6500,Crash,III  - Minor Crash,Road departure (left or right),Single vehicle conflict,
61114489,0,,1800,3700,Crash,III  - Minor Crash,Road departure (left or right),Single vehicle conflict,
151579593,0,600,2400,3000,Near-Crash,Not a Crash,"Rear-end, striking",Conflict with a lead vehicle,
151587816,0,4200,4700,5500,Near-Crash,Not a Crash,"Rear-end, striking",Conflict with a lead vehicle,
61385906,0,,1500,2200,Crash,IV - Low-risk Tire Strike,Road departure (left or right),Single vehicle conflict,
151574071,0,1700,3700,5900,Near-Crash,Not a Crash,"Rear-end, striking",Conflict with a lead vehicle,
151578943,0,3200,5300,6000,Near-Crash,Not a Crash,"Rear-end, striking",Conflict with a lead vehicle,
151865051,0,600,5600,6700,Near-Crash,Not a Crash,"Rear-end, striking",Conflict with a lead vehicle,
138350645,0,,1000,3000,Crash,IV - Low-risk Tire Strike,Road departure (left or right),Single vehicle conflict,
134938105,0,,2000,3300,Crash,IV - Low-risk Tire Strike,Road departure (left or right),Single vehicle conflict,
135877895,0,700,1700,2000,Near-Crash,Not a Crash,Animal-related,Conflict with animal,
151084950,0,5400,7200,8100,Crash,III  - Minor Crash,Road departure (left or right),Single vehicle conflict,
151865057,0,,10300,11100,Crash,III  - Minor Crash,"Backing, fixed object",Conflict with obstacle/object in roadway,
135188657,0,,2300,5000,Crash,IV - Low-risk Tire Strike,Road departure (left or right),Single vehicle conflict,
29858061,0,100,900,2300,Near-Crash,Not a Crash,"Sideswipe, same direction (left or right)",Conflict with vehicle in adjacent lane,
151587801,0,100,4800,5100,Near-Crash,Not a Crash,"Rear-end, striking",Conflict with a lead vehicle,
150884021,0,100,1700,2300,Near-Crash,Not a Crash,Opposite direction (head-on or sideswipe),Conflict with oncoming traffic,
151856694,0,1200,1900,2500,Near-Crash,Not a Crash,Turn into path (opposite direction),Conflict with vehicle turning into another vehicle path (opposite direction),
132620442,0,2000,4100,6600,Near-Crash,Not a Crash,"Rear-end, striking",Conflict with a lead vehicle,
151856752,0,,1500,3100,Crash,IV - Low-risk Tire Strike,Road departure (left or right),Single vehicle conflict,
150883924,0,2400,4200,6300,Near-Crash,Not a Crash,"Rear-end, striking",Conflict with a lead vehicle,
151856659,0,,1700,2700,Near-Crash,Not a Crash,"Rear-end, struck",Conflict with vehicle in adjacent lane,
151864802,0,900,1700,1900,Near-Crash,Not a Crash,"Rear-end, striking",Conflict with a lead vehicle,
151578839,0,4100,4600,5500,Near-Crash,Not a Crash,"Sideswipe, same direction (left or right)",Conflict with vehicle in adjacent lane,
22594204,0,2500,4300,4700,Near-Crash,Not a Crash,"Rear-end, striking",Conflict with parked vehicle,
61114485,0,,5100,10900,Crash,III  - Minor Crash,Road departure (left or right),Single vehicle conflict,
151878841,0,900,1700,1900,Near-Crash,Not a Crash,"Rear-end, striking",Conflict with a lead vehicle,
131795648,0,,6300,7100,Crash,IV - Low-risk Tire Strike,Road departure (left or right),Single vehicle conflict,
151579941,0,400,2400,3600,Near-Crash,Not a Crash,"Rear-end, striking",Conflict with vehicle in adjacent lane,
64574230,0,3200,5000,5800,Near-Crash,Not a Crash,"Rear-end, striking",Conflict with a lead vehicle,
116591905,0,,2300,3300,Crash,IV - Low-risk Tire Strike,Road departure (end),Single vehicle conflict,
138077526,0,1900,4500,5500,Near-Crash,Not a Crash,"Rear-end, striking",Conflict with a lead vehicle,
61109403,0,6900,6700,16100,Crash,IV - Low-risk Tire Strike,Road departure (left or right),Single vehicle conflict,
128906326,0,1100,2400,4300,Near-Crash,Not a Crash,Turn across path,Conflict with vehicle in adjacent lane,
29884189,0,2800,3600,4900,Near-Crash,Not a Crash,Turn across path,Conflict with vehicle turning across another vehicle path (opposite direction),
151590946,0,2900,4600,5300,Near-Crash,Not a Crash,"Rear-end, striking",Conflict with a lead vehicle,
151573807,0,2100,2700,3900,Near-Crash,Not a Crash,"Rear-end, striking",Conflict with a lead vehicle,
151607635,0,1600,2600,4100,Near-Crash,Not a Crash,"Rear-end, striking",Conflict with a lead vehicle,
134093991,0,600,1400,2500,Near-Crash,Not a Crash,Straight crossing path,Conflict with vehicle moving across another vehicle path (through intersection),
151597677,0,1500,4000,4100,Near-Crash,Not a Crash,"Rear-end, striking",Conflict with a lead vehicle,
61426980,0,500,2400,3100,Near-Crash,Not a Crash,Turn across path,Conflict with vehicle turning across another vehicle path (opposite direction),
151856691,0,100,2800,3900,Near-Crash,Not a Crash,"Rear-end, striking",Conflict with a lead vehicle,
150714376,0,1800,3300,4200,Near-Crash,Not a Crash,Straight crossing path,Conflict with vehicle moving across another vehicle path (through intersection),
151569073,0,1100,2300,3200,Near-Crash,Not a Crash,"Rear-end, striking",Conflict with a lead vehicle,
151866507,0,1500,4300,4800,Near-Crash,Not a Crash,"Rear-end, striking",Conflict with a lead vehicle,
116594166,0,1100,2800,4800,Near-Crash,Not a Crash,Turn across path,Conflict with vehicle turning across another vehicle path (same direction),
36842973,0,,2800,7000,Crash,III  - Minor Crash,Road departure (left or right),Single vehicle conflict,
135946615,0,1400,2800,3000,Near-Crash,Not a Crash,"Rear-end, striking",Conflict with a lead vehicle,
61385929,0,500,1200,1900,Near-Crash,Not a Crash,Animal-related,Conflict with animal,
151569061,0,300,3200,4000,Near-Crash,Not a Crash,"Rear-end, striking",Conflict with a lead vehicle,
138361411,0,900,8300,9900,Near-Crash,Not a Crash,"Rear-end, striking",Conflict with a lead vehicle,
151859569,0,0,1700,1900,Near-Crash,Not a Crash,"Rear-end, striking",Conflict with vehicle in adjacent lane,
151865178,0,700,1200,2000,Near-Crash,Not a Crash,"Rear-end, striking",Conflict with a lead vehicle,
61033672,0,,2500,4600,Crash,IV - Low-risk Tire Strike,Road departure (left or right),Single vehicle conflict,
143062709,0,,1900,3800,Crash,III  - Minor Crash,Road departure (left or right),Single vehicle conflict,
60631695,0,3300,3900,6100,Near-Crash,Not a Crash,Road departure (left or right),Single vehicle conflict,
138077511,0,400,1200,2200,Near-Crash,Not a Crash,"Rear-end, striking",Conflict with vehicle in adjacent lane,
135130300,0,1000,2000,2800,Near-Crash,Not a Crash,"Rear-end, striking",Conflict with a lead vehicle,
61211936,0,1300,1000,2200,Crash,IV - Low-risk Tire Strike,Road departure (left or right),Single vehicle conflict,
151569664,0,2500,3600,4600,Near-Crash,Not a Crash,"Sideswipe, same direction (left or right)",Conflict with vehicle in adjacent lane,
151581047,0,1300,2100,3300,Near-Crash,Not a Crash,"Sideswipe, same direction (left or right)",Conflict with vehicle in adjacent lane,
133190015,0,700,1500,2100,Near-Crash,Not a Crash,Other,Conflict with obstacle/object in roadway,
116591906,0,5400,5700,6700,Near-Crash,Not a Crash,"Rear-end, striking",Conflict with vehicle in adjacent lane,
142200419,0,,1600,3600,Crash,IV - Low-risk Tire Strike,Road departure (left or right),Single vehicle conflict,
151607620,0,500,2100,2300,Near-Crash,Not a Crash,"Sideswipe, same direction (left or right)",Conflict with vehicle in adjacent lane,
61216958,0,100,2400,2900,Near-Crash,Not a Crash,Turn into path (same direction),Conflict with vehicle turning into another vehicle path (same direction),
61211846,0,,1100,3100,Crash,III  - Minor Crash,Road departure (left or right),Single vehicle conflict,
143317413,0,500,1500,1600,Near-Crash,Not a Crash,Animal-related,Conflict with animal,
136199829,0,1000,1700,2000,Near-Crash,Not a Crash,"Rear-end, striking",Conflict with a lead vehicle,
131795649,0,700,1800,3600,Crash,II - Police-reportable Crash,Straight crossing path,Conflict with vehicle moving across another vehicle path (through intersection),
151568567,0,2400,4200,5600,Near-Crash,Not a Crash,Turn across path,Conflict with vehicle turning across another vehicle path (same direction),
116168912,0,,3000,3800,Crash,II - Police-reportable Crash,"Rear-end, struck",Conflict with a following vehicle,
138605536,0,,1600,3200,Crash,III  - Minor Crash,Road departure (left or right),Single vehicle conflict,
151568719,0,3100,3900,4400,Near-Crash,Not a Crash,Other,Conflict with parked vehicle,
135427517,0,300,2200,4300,Near-Crash,Not a Crash,Opposite direction (head-on or sideswipe),Conflict with parked vehicle,
36812425,0,500,3100,3500,Near-Crash,Not a Crash,"Rear-end, striking",Conflict with a lead vehicle,
33575050,0,,3900,4800,Crash,II - Police-reportable Crash,"Rear-end, struck",Conflict with a following vehicle,
138364452,0,600,1700,2900,Near-Crash,Not a Crash,"Rear-end, striking",Conflict with vehicle in adjacent lane,
33575051,0,,3100,4700,Crash,III  - Minor Crash,"Rear-end, striking",Conflict with a lead vehicle,
138364487,0,600,3400,4600,Near-Crash,Not a Crash,"Rear-end, striking",Conflict with a lead vehicle,
138364483,0,500,2300,3000,Near-Crash,Not a Crash,"Rear-end, striking",Conflict with a lead vehicle,
60631690,0,300,1700,3600,Near-Crash,Not a Crash,Animal-related,Conflict with animal,
151586130,0,500,2700,3400,Near-Crash,Not a Crash,"Rear-end, striking",Conflict with a lead vehicle,
142048318,0,1500,3600,6200,Near-Crash,Not a Crash,Pedestrian-related,Conflict with pedestrian,
142049280,0,500,2000,2800,Near-Crash,Not a Crash,Turn across path,Conflict with vehicle turning across another vehicle path (opposite direction),
151859529,0,500,6900,8700,Near-Crash,Not a Crash,"Rear-end, striking",Conflict with a lead vehicle,
151568475,0,1200,3000,3300,Near-Crash,Not a Crash,"Rear-end, striking",Conflict with a lead vehicle,
130473601,0,,2500,3700,Crash,IV - Low-risk Tire Strike,Road departure (left or right),Single vehicle conflict,
135955601,0,2900,3800,4500,Near-Crash,Not a Crash,"Rear-end, striking",Conflict with a lead vehicle,
61216943,0,400,1000,1700,Crash,III  - Minor Crash,Animal-related,Conflict with animal,
138364484,0,400,3600,3600,Near-Crash,Not a Crash,Opposite direction (head-on or sideswipe),Conflict with oncoming traffic,
151607157,0,400,1700,2300,Near-Crash,Not a Crash,"Rear-end, striking",Conflict with a lead vehicle,
33575057,0,800,3000,3600,Near-Crash,Not a Crash,"Rear-end, striking",Conflict with a lead vehicle,
151550376,0,1500,2100,3900,Near-Crash,Not a Crash,Turn into path (same direction),Conflict with vehicle turning into another vehicle path (same direction),
151859432,0,4500,7600,8800,Near-Crash,Not a Crash,"Rear-end, striking",Conflict with a lead vehicle,
151568765,0,500,1700,3000,Near-Crash,Not a Crash,"Rear-end, striking",Conflict with a lead vehicle,
151854595,0,2500,3000,4200,Near-Crash,Not a Crash,"Rear-end, striking",Conflict with a lead vehicle,
142029718,0,200,4500,5100,Near-Crash,Not a Crash,Opposite direction (head-on or sideswipe),Conflict with parked vehicle,
61386956,0,2100,2600,3500,Crash,III  - Minor Crash,Road departure (left or right),Single vehicle conflict,
151859506,0,1600,5500,6300,Near-Crash,Not a Crash,"Rear-end, striking",Conflict with a lead vehicle,
29880061,0,400,2500,3100,Near-Crash,Not a Crash,Turn into path (same direction),Conflict with vehicle turning into another vehicle path (same direction),
151878817,0,900,1800,2200,Near-Crash,Not a Crash,"Rear-end, striking",Conflict with vehicle in adjacent lane,
61216924,0,2500,3300,5300,Crash,III  - Minor Crash,Road departure (left or right),Single vehicle conflict,
29880021,0,3200,6700,7400,Near-Crash,Not a Crash,Pedestrian-related,Conflict with pedestrian,
151878906,0,800,3200,4900,Near-Crash,Not a Crash,"Rear-end, striking",Conflict with a lead vehicle,
29857501,0,1200,2400,4100,Crash,I - Most Severe,Turn across path,Conflict with vehicle turning across another vehicle path (same direction),
151553898,0,,3600,4300,Crash,III  - Minor Crash,Other,Single vehicle conflict,
29878412,0,1700,4200,5100,Near-Crash,Not a Crash,Turn into path (same direction),Conflict with vehicle turning into another vehicle path (same direction),
151570552,0,,2900,9900,Near-Crash,Not a Crash,"Rear-end, struck",Conflict with vehicle in adjacent lane,
151552178,0,2600,3600,4000,Near-Crash,Not a Crash,"Rear-end, striking",Conflict with a lead vehicle,
29877336,0,,1700,3000,Crash,IV - Low-risk Tire Strike,Road departure (left or right),Single vehicle conflict,
22303765,0,2500,3400,5700,Crash,I - Most Severe,"Rear-end, striking",Conflict with a lead vehicle,
151864972,0,700,4200,4700,Near-Crash,Not a Crash,"Rear-end, striking",Conflict with a lead vehicle,
61432375,0,700,1400,3200,Near-Crash,Not a Crash,Animal-related,Conflict with animal,
143062704,0,1000,3400,4100,Near-Crash,Not a Crash,"Rear-end, striking",Conflict with a lead vehicle,
61426957,0,500,2100,2400,Near-Crash,Not a Crash,"Rear-end, striking",Conflict with a lead vehicle,
151586359,0,700,1300,2800,Near-Crash,Not a Crash,"Rear-end, striking",Conflict with vehicle in adjacent lane,
61385904,0,500,1500,2000,Near-Crash,Not a Crash,Turn into path (same direction),Conflict with vehicle turning into another vehicle path (same direction),
151568524,0,1000,2500,2800,Near-Crash,Not a Crash,"Rear-end, striking",Conflict with a lead vehicle,"A near-crash occurred on a bypass/divided highway with traffic signals during daylight hours when the weather was clear and the road surface was dry. The traffic was moderately heavy, with stable flow but restricted maneuverability and speed. A vehicle almost rear-ended the lead vehicle in front of it, narrowly avoiding a collision. The incident was a close call, where the following vehicle nearly struck the rear of the lead vehicle but managed to avoid impact."
128888723,0,600,2900,4300,Near-Crash,Not a Crash,Animal-related,Conflict with animal,
151568581,0,1400,4800,5600,Near-Crash,Not a Crash,"Rear-end, striking",Conflict with a lead vehicle,
151568556,0,3600,4700,6600,Near-Crash,Not a Crash,"Rear-end, striking",Conflict with a lead vehicle,
151568530,0,1600,2500,4100,Near-Crash,Not a Crash,"Rear-end, striking",Conflict with a lead vehicle,
151579944,0,1500,1900,2700,Near-Crash,Not a Crash,"Rear-end, striking",Conflict with vehicle in adjacent lane,
151865105,0,,2700,3900,Crash,III  - Minor Crash,Road departure (left or right),Single vehicle conflict,
61426977,0,3200,3600,7400,Near-Crash,Not a Crash,Road departure (left or right),Single vehicle conflict,
151546952,0,1100,2400,3400,Near-Crash,Not a Crash,Pedalcyclist-related,Conflict with pedalcyclist,
26235291,0,,2500,3400,Crash,IV - Low-risk Tire Strike,Other,Single vehicle conflict,
151866508,0,1900,3100,3400,Near-Crash,Not a Crash,"Rear-end, striking",Conflict with a lead vehicle,
151568462,0,1100,2200,2300,Near-Crash,Not a Crash,Straight crossing path,Conflict with vehicle moving across another vehicle path (through intersection),
143275250,0,1500,3100,4500,Near-Crash,Not a Crash,"Sideswipe, same direction (left or right)",Conflict with vehicle in adjacent lane,
143062670,0,1400,2500,2800,Near-Crash,Not a Crash,Turn into path (same direction),Conflict with vehicle turning into another vehicle path (same direction),
151587813,0,1200,2000,2700,Near-Crash,Not a Crash,Turn into path (opposite direction),Conflict with vehicle turning into another vehicle path (opposite direction),
29880078,0,1400,1800,2800,Near-Crash,Not a Crash,"Rear-end, striking",Conflict with a lead vehicle,
128906352,0,,4400,5400,Crash,IV - Low-risk Tire Strike,Road departure (left or right),Single vehicle conflict,
151568919,0,4900,4500,5200,Crash,IV - Low-risk Tire Strike,Road departure (left or right),Single vehicle conflict,
36812429,0,2800,3900,5000,Near-Crash,Not a Crash,"Rear-end, striking",Conflict with a lead vehicle,
132620448,0,5500,6000,6800,Crash,III  - Minor Crash,"Sideswipe, same direction (left or right)",Conflict with parked vehicle,
151852182,0,,3400,6200,Crash,IV - Low-risk Tire Strike,Road departure (left or right),Single vehicle conflict,
151864926,0,600,6100,7100,Near-Crash,Not a Crash,"Rear-end, striking",Conflict with a lead vehicle,
143262350,0,1000,1400,2400,Near-Crash,Not a Crash,"Sideswipe, same direction (left or right)",Conflict with merging vehicle,
128888506,0,400,500,2200,Crash,III  - Minor Crash,Road departure (left or right),Single vehicle conflict,
151859556,0,300,700,1400,Near-Crash,Not a Crash,"Rear-end, striking",Conflict with a lead vehicle,
151569683,0,2900,4700,5800,Near-Crash,Not a Crash,"Rear-end, striking",Conflict with vehicle in adjacent lane,
61211935,0,,1500,2900,Crash,IV - Low-risk Tire Strike,Road departure (left or right),Single vehicle conflict,
135130155,0,3300,5600,6200,Near-Crash,Not a Crash,Turn into path (same direction),Conflict with vehicle turning into another vehicle path (same direction),
151573570,0,1500,3100,4300,Near-Crash,Not a Crash,"Rear-end, striking",Conflict with a lead vehicle,
61426951,0,100,1300,4100,Near-Crash,Not a Crash,Pedalcyclist-related,Conflict with pedalcyclist,
133321840,0,,2300,4500,Crash,IV - Low-risk Tire Strike,Road departure (left or right),Single vehicle conflict,
128906333,0,100,1600,2000,Near-Crash,Not a Crash,"Rear-end, striking",Conflict with vehicle in adjacent lane,
60631655,0,,2900,5300,Crash,II - Police-reportable Crash,"Rear-end, struck",Conflict with a following vehicle,
131795640,0,700,2000,3200,Near-Crash,Not a Crash,"Rear-end, striking",Conflict with a lead vehicle,
29884164,0,300,1000,1900,Near-Crash,Not a Crash,"Rear-end, striking",Conflict with vehicle in adjacent lane,
143062666,0,1500,5500,6200,Near-Crash,Not a Crash,Turn into path (same direction),Conflict with vehicle turning into another vehicle path (same direction),
116168866,0,500,1700,5200,Near-Crash,Not a Crash,"Sideswipe, same direction (left or right)",Conflict with vehicle in adjacent lane,
143268685,0,100,2800,3400,Near-Crash,Not a Crash,"Sideswipe, same direction (left or right)",Conflict with vehicle in adjacent lane,
151568528,0,2300,3000,3700,Near-Crash,Not a Crash,"Sideswipe, same direction (left or right)",Conflict with vehicle in adjacent lane,
151581040,0,1300,2400,2800,Near-Crash,Not a Crash,"Rear-end, striking",Conflict with vehicle in adjacent lane,
151600668,0,1600,2100,3800,Near-Crash,Not a Crash,"Rear-end, struck",Conflict with a following vehicle,
151568517,0,800,6700,6800,Near-Crash,Not a Crash,"Rear-end, striking",Conflict with a lead vehicle,
151859570,0,2100,3000,3900,Near-Crash,Not a Crash,"Sideswipe, same direction (left or right)",Conflict with vehicle in adjacent lane,
116224316,0,1200,2700,3800,Near-Crash,Not a Crash,"Rear-end, striking",Conflict with a lead vehicle,
61426965,0,4400,8000,8000,Near-Crash,Not a Crash,"Rear-end, striking",Conflict with a lead vehicle,
151856517,0,800,1200,2000,Near-Crash,Not a Crash,Straight crossing path,Conflict with vehicle moving across another vehicle path (through intersection),
151859437,0,1500,4600,5600,Near-Crash,Not a Crash,"Rear-end, striking",Conflict with a lead vehicle,
29880077,0,5200,6700,7300,Near-Crash,Not a Crash,"Rear-end, striking",Conflict with a lead vehicle,
151864759,0,1100,2800,3400,Near-Crash,Not a Crash,"Rear-end, striking",Conflict with a lead vehicle,
30883542,0,400,2100,2700,Near-Crash,Not a Crash,"Rear-end, striking",Conflict with vehicle in adjacent lane,
29858032,0,400,2000,3800,Near-Crash,Not a Crash,"Rear-end, striking",Conflict with a lead vehicle,
134092222,0,2300,2700,3900,Near-Crash,Not a Crash,Road departure (left or right),Single vehicle conflict,
60631621,0,5800,6300,6800,Near-Crash,Not a Crash,"Rear-end, striking",Conflict with a lead vehicle,
60631622,0,,3500,5200,Crash,III  - Minor Crash,"Rear-end, struck",Conflict with a following vehicle,
151609045,0,2500,5100,6400,Near-Crash,Not a Crash,"Rear-end, striking",Conflict with a lead vehicle,
151856741,0,500,1200,2000,Near-Crash,Not a Crash,"Rear-end, striking",Conflict with a lead vehicle,
151568914,0,3600,3900,4800,Near-Crash,Not a Crash,"Rear-end, striking",Conflict with a lead vehicle,
116168892,0,,900,2100,Crash,IV - Low-risk Tire Strike,Road departure (left or right),Single vehicle conflict,
61426808,0,2100,3100,3600,Near-Crash,Not a Crash,Road departure (left or right),Single vehicle conflict,
60632633,0,,5500,8200,Crash,IV - Low-risk Tire Strike,Road departure (left or right),Single vehicle conflict,
151570554,0,600,1100,2400,Near-Crash,Not a Crash,"Sideswipe, same direction (left or right)",Conflict with vehicle in adjacent lane,
151086503,0,2100,2900,3500,Near-Crash,Not a Crash,Backing into traffic,Conflict with parked vehicle,
151569118,0,600,1700,2900,Near-Crash,Not a Crash,"Sideswipe, same direction (left or right)",Conflict with vehicle in adjacent lane,
151569159,0,1500,2600,3300,Near-Crash,Not a Crash,"Sideswipe, same direction (left or right)",Conflict with vehicle in adjacent lane,
116591910,0,1700,2000,4200,Crash,I - Most Severe,"Rear-end, striking",Conflict with a lead vehicle,
151864984,0,1900,2300,4800,Near-Crash,Not a Crash,"Sideswipe, same direction (left or right)",Conflict with vehicle in adjacent lane,
151569158,0,2100,2800,3600,Near-Crash,Not a Crash,"Sideswipe, same direction (left or right)",Conflict with vehicle in adjacent lane,
151864824,0,800,1200,2100,Near-Crash,Not a Crash,"Rear-end, striking",Conflict with a lead vehicle,
151553370,0,3900,2100,4900,Crash,II - Police-reportable Crash,"Rear-end, struck",Conflict with a following vehicle,
135280181,0,1300,2300,3300,Near-Crash,Not a Crash,Pedestrian-related,Conflict with pedestrian,
29859101,0,1100,3100,3600,Near-Crash,Not a Crash,"Rear-end, striking",Conflict with a lead vehicle,
138364477,0,600,2300,3200,Near-Crash,Not a Crash,Other,Single vehicle conflict,"A near-crash occurred during daylight hours on a dry road surface with no adverse weather conditions. The incident happened in a business or industrial area where traffic was flowing freely but with leading traffic present, indicating that there were other vehicles on the road but not causing congestion. The conflict involved a single vehicle, suggesting that the driver may have lost control or made an error that almost led to a crash, but fortunately, no collision occurred."
138364511,0,2100,3200,3700,Near-Crash,Not a Crash,"Rear-end, striking",Conflict with a lead vehicle,
151574072,0,2300,4600,6000,Near-Crash,Not a Crash,"Sideswipe, same direction (left or right)",Conflict with vehicle in adjacent lane,
128906335,0,1000,1900,2700,Near-Crash,Not a Crash,"Rear-end, striking",Conflict with a lead vehicle,
35258182,0,,2500,4300,Crash,III  - Minor Crash,Road departure (left or right),Single vehicle conflict,
35333356,0,1700,2300,3500,Near-Crash,Not a Crash,"Sideswipe, same direction (left or right)",Conflict with a lead vehicle,
151574325,0,400,2100,2700,Near-Crash,Not a Crash,"Rear-end, striking",Conflict with vehicle in adjacent lane,
151600665,0,1800,2800,4100,Near-Crash,Not a Crash,"Rear-end, striking",Conflict with vehicle in adjacent lane,
142341667,0,800,1300,1500,Near-Crash,Not a Crash,Turn into path (opposite direction),Conflict with vehicle turning into another vehicle path (opposite direction),
151859527,0,900,1400,2300,Near-Crash,Not a Crash,"Rear-end, striking",Conflict with vehicle in adjacent lane,
36948263,0,400,1000,2600,Near-Crash,Not a Crash,"Sideswipe, same direction (left or right)",Conflict with vehicle in adjacent lane,
29891540,0,1900,5300,5700,Near-Crash,Not a Crash,Turn into path (opposite direction),Conflict with vehicle turning into another vehicle path (opposite direction),
151870546,0,800,1500,1800,Near-Crash,Not a Crash,"Rear-end, striking",Conflict with vehicle in adjacent lane,
151581048,0,1500,2300,3500,Near-Crash,Not a Crash,"Rear-end, striking",Conflict with vehicle in adjacent lane,
116591914,0,,5000,7200,Crash,III  - Minor Crash,Road departure (left or right),Single vehicle conflict,
143043194,0,1600,2500,3400,Near-Crash,Not a Crash,"Sideswipe, same direction (left or right)",Conflict with vehicle in adjacent lane,
151591141,0,2600,5000,5800,Near-Crash,Not a Crash,"Rear-end, striking",Conflict with a lead vehicle,
151568519,0,1100,1900,3200,Near-Crash,Not a Crash,"Rear-end, striking",Conflict with vehicle in adjacent lane,
151576358,0,1000,2400,3200,Near-Crash,Not a Crash,"Rear-end, striking",Conflict with vehicle in adjacent lane,
116591908,0,300,3000,6800,Crash,III  - Minor Crash,"Rear-end, striking",Conflict with a lead vehicle,
60631677,0,,900,1100,Crash,III  - Minor Crash,Other,Conflict with obstacle/object in roadway,
151865175,0,1400,5200,5400,Near-Crash,Not a Crash,"Rear-end, striking",Conflict with a lead vehicle,
30879209,0,900,4200,4700,Near-Crash,Not a Crash,"Rear-end, striking",Conflict with a lead vehicle,
151582025,0,1000,1600,3200,Near-Crash,Not a Crash,"Sideswipe, same direction (left or right)",Conflict with vehicle in adjacent lane,
135427588,0,2800,4600,6100,Near-Crash,Not a Crash,Turn into path (same direction),Conflict with vehicle turning into another vehicle path (same direction),
130475661,0,,2400,4500,Crash,III  - Minor Crash,Road departure (left or right),Single vehicle conflict,
142049712,0,2300,2800,3600,Near-Crash,Not a Crash,"Rear-end, striking",Conflict with a lead vehicle,
61385895,0,4300,4200,5700,Crash,III  - Minor Crash,Road departure (left or right),Single vehicle conflict,
31281073,0,3300,3400,4600,Crash,III  - Minor Crash,Road departure (left or right),Single vehicle conflict,
151545557,0,200,1000,2600,Near-Crash,Not a Crash,Animal-related,Conflict with animal,
33994004,0,,4100,7400,Crash,I - Most Severe,"Rear-end, struck",Conflict with a following vehicle,
116594160,0,3700,6400,6800,Near-Crash,Not a Crash,"Rear-end, striking",Conflict with a lead vehicle,
29714778,0,,2300,7500,Crash,III  - Minor Crash,Road departure (left or right),Single vehicle conflict,
29878390,0,1200,2700,4300,Near-Crash,Not a Crash,Straight crossing path,Conflict with vehicle moving across another vehicle path (through intersection),
116594165,0,700,1500,2000,Crash,III  - Minor Crash,Animal-related,Conflict with animal,
151568629,0,,7800,8900,Crash,III  - Minor Crash,"Backing, fixed object",Conflict with parked vehicle,
31567663,0,,2100,4200,Crash,IV - Low-risk Tire Strike,Road departure (left or right),Single vehicle conflict,
151866532,0,900,1700,2100,Near-Crash,Not a Crash,Road departure (left or right),Single vehicle conflict,
151864825,0,2600,2900,3300,Near-Crash,Not a Crash,"Rear-end, striking",Conflict with a lead vehicle,
138351819,0,1300,2700,4200,Near-Crash,Not a Crash,"Rear-end, striking",Conflict with a lead vehicle,
150883836,0,,9400,10800,Crash,III  - Minor Crash,"Backing, fixed object",Single vehicle conflict,
61426928,0,200,3000,3000,Near-Crash,Not a Crash,"Rear-end, striking",Conflict with a lead vehicle,
151545542,0,2900,6000,7900,Near-Crash,Not a Crash,"Rear-end, striking",Conflict with a lead vehicle,
29858010,0,100,1800,3400,Near-Crash,Not a Crash,"Rear-end, striking",Conflict with a lead vehicle,
142007641,0,,1200,2800,Crash,III  - Minor Crash,Road departure (left or right),Single vehicle conflict,
151607844,0,900,2500,2700,Near-Crash,Not a Crash,"Rear-end, striking",Conflict with a lead vehicle,
151574972,0,0,3700,5100,Near-Crash,Not a Crash,"Rear-end, striking",Conflict with a lead vehicle,
135184996,0,,1800,3700,Crash,II - Police-reportable Crash,"Rear-end, struck",Conflict with a following vehicle,
134032780,0,1900,2100,3300,Near-Crash,Not a Crash,Turn into path (opposite direction),Conflict with vehicle turning into another vehicle path (opposite direction),
29859108,0,1300,1900,3600,Near-Crash,Not a Crash,Turn into path (opposite direction),Conflict with vehicle turning into another vehicle path (opposite direction),
145435360,0,1300,4000,5200,Near-Crash,Not a Crash,"Rear-end, striking",Conflict with a lead vehicle,
61426941,0,1400,3100,6100,Near-Crash,Not a Crash,"Rear-end, striking",Conflict with a lead vehicle,
131785441,0,2300,4400,5400,Near-Crash,Not a Crash,"Rear-end, striking",Conflict with a lead vehicle,
151587528,0,1200,1800,4600,Near-Crash,Not a Crash,"Sideswipe, same direction (left or right)",Conflict with vehicle in adjacent lane,
151856600,0,0,1300,3600,Near-Crash,Not a Crash,"Rear-end, striking",Conflict with vehicle in adjacent lane,
132790860,0,400,2700,4600,Near-Crash,Not a Crash,Animal-related,Conflict with animal,
138265878,0,2000,3200,3800,Near-Crash,Not a Crash,"Rear-end, striking",Conflict with a lead vehicle,
142049575,0,200,4700,5900,Near-Crash,Not a Crash,"Rear-end, striking",Conflict with a lead vehicle,
136441171,0,100,800,1200,Near-Crash,Not a Crash,"Rear-end, striking",Conflict with a lead vehicle,
135958387,0,400,1400,2100,Near-Crash,Not a Crash,Animal-related,Conflict with animal,
150780309,0,,2000,3200,Crash,IV - Low-risk Tire Strike,Road departure (left or right),Single vehicle conflict,
151586132,0,600,3400,4600,Near-Crash,Not a Crash,"Rear-end, striking",Conflict with a lead vehicle,
116168868,0,,1300,4300,Crash,IV - Low-risk Tire Strike,Road departure (left or right),Single vehicle conflict,
138235876,0,1200,4000,4100,Near-Crash,Not a Crash,"Rear-end, striking",Conflict with a lead vehicle,
151859762,0,2700,3600,4200,Near-Crash,Not a Crash,"Rear-end, striking",Conflict with a lead vehicle,
29880075,0,600,1700,2300,Crash,III  - Minor Crash,Animal-related,Conflict with animal,
143062565,0,1200,3900,4500,Near-Crash,Not a Crash,"Rear-end, striking",Conflict with a lead vehicle,
29880062,0,2300,3800,4400,Near-Crash,Not a Crash,Turn across path,Conflict with vehicle turning across another vehicle path (opposite direction),
151864950,0,2500,4100,4600,Near-Crash,Not a Crash,"Rear-end, striking",Conflict with a lead vehicle,
143062585,0,1000,2000,3100,Near-Crash,Not a Crash,Turn across path,Conflict with vehicle turning across another vehicle path (opposite direction),
133753360,0,1000,3600,4600,Near-Crash,Not a Crash,"Rear-end, striking",Conflict with a lead vehicle,
29730855,0,,3700,10000,Crash,III  - Minor Crash,Other,Conflict with parked vehicle,
135119251,0,,3000,5400,Crash,II - Police-reportable Crash,"Rear-end, struck",Conflict with a following vehicle,
143434599,0,1400,1900,3300,Near-Crash,Not a Crash,"Rear-end, striking",Conflict with vehicle in adjacent lane,
29858066,0,500,1200,2200,Near-Crash,Not a Crash,"Sideswipe, same direction (left or right)",Conflict with vehicle in adjacent lane,
138077600,0,2400,4300,4500,Near-Crash,Not a Crash,"Rear-end, striking",Conflict with a lead vehicle,
151603454,0,900,2200,3600,Near-Crash,Not a Crash,"Rear-end, striking",Conflict with a lead vehicle,
151589157,0,1600,5100,5800,Near-Crash,Not a Crash,"Rear-end, striking",Conflict with vehicle in adjacent lane,
151859938,0,1200,4300,4400,Near-Crash,Not a Crash,"Rear-end, striking",Conflict with a lead vehicle,
151591158,0,100,900,1700,Near-Crash,Not a Crash,Turn across path,Conflict with vehicle turning across another vehicle path (opposite direction),
151576352,0,900,4900,5500,Near-Crash,Not a Crash,"Rear-end, striking",Conflict with a lead vehicle,
150780285,0,500,6800,6800,Near-Crash,Not a Crash,"Rear-end, striking",Conflict with a lead vehicle,
151611068,0,2000,4000,4200,Near-Crash,Not a Crash,"Rear-end, striking",Conflict with a lead vehicle,
151582649,0,4200,6100,7100,Near-Crash,Not a Crash,"Rear-end, striking",Conflict with a lead vehicle,
151856558,0,1800,4100,4700,Near-Crash,Not a Crash,"Rear-end, striking",Conflict with a lead vehicle,
151859809,0,900,3600,4400,Near-Crash,Not a Crash,"Rear-end, striking",Conflict with vehicle in adjacent lane,
128888402,0,,2500,3600,Crash,IV - Low-risk Tire Strike,Road departure (left or right),Single vehicle conflict,
151576351,0,100,4700,5300,Near-Crash,Not a Crash,"Rear-end, striking",Conflict with a lead vehicle,
30881808,0,600,1500,2100,Near-Crash,Not a Crash,"Rear-end, striking",Conflict with a lead vehicle,
151599162,0,7100,8200,8300,Near-Crash,Not a Crash,"Sideswipe, same direction (left or right)",Conflict with vehicle in adjacent lane,
150883923,0,2600,3100,4100,Near-Crash,Not a Crash,Turn across path,Conflict with vehicle turning across another vehicle path (opposite direction),
29858028,0,1600,3200,4100,Near-Crash,Not a Crash,"Rear-end, striking",Conflict with a lead vehicle,
125190060,0,2100,4300,4300,Near-Crash,Not a Crash,Turn into path (opposite direction),Conflict with vehicle turning into another vehicle path (opposite direction),
128906300,0,,2100,3900,Crash,IV - Low-risk Tire Strike,Road departure (left or right),Single vehicle conflict,
29859068,0,200,700,1400,Crash,II - Police-reportable Crash,Road departure (end),Single vehicle conflict,
61211924,0,200,800,1500,Near-Crash,Not a Crash,Pedestrian-related,Conflict with pedestrian,
151569662,0,700,1100,2000,Near-Crash,Not a Crash,"Rear-end, striking",Conflict with a lead vehicle,
151861983,0,4000,5900,6200,Near-Crash,Not a Crash,"Rear-end, striking",Conflict with a lead vehicle,
151864920,0,,3900,4900,Crash,IV - Low-risk Tire Strike,Road departure (left or right),Single vehicle conflict,
151598317,0,1300,2200,2900,Near-Crash,Not a Crash,"Rear-end, striking",Conflict with a lead vehicle,
29858065,0,4000,5400,5900,Near-Crash,Not a Crash,"Rear-end, striking",Conflict with a lead vehicle,
151859461,0,1700,5200,6000,Near-Crash,Not a Crash,"Rear-end, striking",Conflict with a lead vehicle,
151569160,0,2100,5200,6300,Near-Crash,Not a Crash,"Rear-end, striking",Conflict with a lead vehicle,
142029823,0,2100,4900,5300,Near-Crash,Not a Crash,Turn into path (same direction),Conflict with vehicle turning into another vehicle path (same direction),
64574232,0,2200,3700,3900,Near-Crash,Not a Crash,"Rear-end, striking",Conflict with a lead vehicle,
151545673,0,2800,3400,4000,Near-Crash,Not a Crash,"Rear-end, striking",Conflict with a lead vehicle,
151545665,0,5200,5600,6700,Near-Crash,Not a Crash,"Rear-end, striking",Conflict with a lead vehicle,
29884165,0,500,2100,2500,Near-Crash,Not a Crash,"Rear-end, striking",Conflict with a lead vehicle,
151553899,0,,6000,8500,Crash,III  - Minor Crash,Road departure (end),Single vehicle conflict,
151859891,0,900,2200,3400,Near-Crash,Not a Crash,"Rear-end, striking",Conflict with a lead vehicle,
151545666,0,1800,2400,3600,Near-Crash,Not a Crash,Turn into path (opposite direction),Conflict with parked vehicle,
151865001,0,,1600,2100,Crash,IV - Low-risk Tire Strike,Road departure (left or right),Single vehicle conflict,
29714762,0,2800,2600,7500,Crash,III  - Minor Crash,Road departure (left or right),Single vehicle conflict,
151568515,0,600,2700,4100,Near-Crash,Not a Crash,"Sideswipe, same direction (left or right)",Conflict with vehicle in adjacent lane,
142007623,0,600,1300,4400,Near-Crash,Not a Crash,Other,Single vehicle conflict,
29880069,0,,3200,4300,Crash,IV - Low-risk Tire Strike,Road departure (left or right),Single vehicle conflict,
151084884,0,700,1100,4700,Near-Crash,Not a Crash,"Sideswipe, same direction (left or right)",Conflict with vehicle in adjacent lane,
151861999,0,700,1600,2700,Near-Crash,Not a Crash,"Rear-end, striking",Conflict with a lead vehicle,
151607625,0,300,2900,3200,Near-Crash,Not a Crash,"Rear-end, striking",Conflict with a lead vehicle,
29858067,0,1200,2800,7900,Near-Crash,Not a Crash,"Rear-end, striking",Conflict with a lead vehicle,
135449611,0,600,2400,4100,Near-Crash,Not a Crash,"Sideswipe, same direction (left or right)",Conflict with vehicle in adjacent lane,
116592022,0,,5200,6800,Crash,III  - Minor Crash,Road departure (end),Single vehicle conflict,
151581052,0,1000,2600,4100,Near-Crash,Not a Crash,Opposite direction (head-on or sideswipe),Conflict with oncoming traffic,
151870574,0,200,2100,2900,Near-Crash,Not a Crash,"Rear-end, striking",Conflict with vehicle in adjacent lane,
151856602,0,,4000,4800,Crash,IV - Low-risk Tire Strike,Road departure (end),Single vehicle conflict,
30881818,0,,6900,7800,Near-Crash,Not a Crash,"Sideswipe, same direction (left or right)",Conflict with vehicle in adjacent lane,
151589515,0,300,1700,3800,Near-Crash,Not a Crash,"Rear-end, striking",Conflict with vehicle in adjacent lane,
151337488,0,2300,2600,3800,Crash,III  - Minor Crash,"Rear-end, striking",Conflict with a lead vehicle,
151864772,0,0,700,3000,Near-Crash,Not a Crash,Road departure (left or right),Single vehicle conflict,
151086467,0,3100,4100,5900,Near-Crash,Not a Crash,"Rear-end, striking",Conflict with a lead vehicle,
151598178,0,2000,5700,6100,Near-Crash,Not a Crash,"Rear-end, striking",Conflict with a lead vehicle,
151864886,0,300,1100,7900,Near-Crash,Not a Crash,"Rear-end, striking",Conflict with a lead vehicle,
135449626,0,200,5100,8600,Near-Crash,Not a Crash,"Rear-end, striking",Conflict with merging vehicle,
135130139,0,400,800,1700,Near-Crash,Not a Crash,Animal-related,Conflict with animal,
29884794,0,1700,2800,7200,Near-Crash,Not a Crash,"Sideswipe, same direction (left or right)",Conflict with vehicle in adjacent lane,
29859116,0,500,1100,2000,Near-Crash,Not a Crash,Animal-related,Conflict with animal,
116592023,0,2300,3800,5800,Near-Crash,Not a Crash,"Rear-end, striking",Conflict with a lead vehicle,
138221619,0,700,2100,2600,Near-Crash,Not a Crash,"Rear-end, striking",Conflict with a lead vehicle,
36304067,0,0,1800,2300,Near-Crash,Not a Crash,Animal-related,Conflict with animal,
29884196,0,1500,3600,6200,Near-Crash,Not a Crash,"Rear-end, striking",Conflict with vehicle in adjacent lane,
151859471,0,400,1000,2000,Near-Crash,Not a Crash,"Sideswipe, same direction (left or right)",Conflict with vehicle in adjacent lane,
151589168,0,2000,3900,4600,Near-Crash,Not a Crash,"Rear-end, striking",Conflict with a lead vehicle,
135188248,0,1500,2200,5900,Near-Crash,Not a Crash,"Sideswipe, same direction (left or right)",Conflict with vehicle in adjacent lane,
138077538,0,1700,2100,3800,Near-Crash,Not a Crash,"Sideswipe, same direction (left or right)",Conflict with vehicle in adjacent lane,
151569278,0,2500,7800,8900,Near-Crash,Not a Crash,"Sideswipe, same direction (left or right)",Conflict with vehicle in adjacent lane,
151578536,0,2700,5000,6400,Near-Crash,Not a Crash,"Rear-end, striking",Conflict with vehicle in adjacent lane,
151864843,0,700,1300,2200,Near-Crash,Not a Crash,"Rear-end, struck",Conflict with a following vehicle,
33574932,0,800,3900,4200,Near-Crash,Not a Crash,"Sideswipe, same direction (left or right)",Conflict with vehicle in adjacent lane,
151866512,0,300,1600,4000,Near-Crash,Not a Crash,"Rear-end, striking",Conflict with a lead vehicle,
151864848,0,800,1500,3100,Near-Crash,Not a Crash,"Rear-end, struck",Conflict with a following vehicle,
151580978,0,700,3500,4300,Near-Crash,Not a Crash,"Rear-end, striking",Conflict with vehicle in adjacent lane,
151569196,0,200,2900,4600,Near-Crash,Not a Crash,"Rear-end, striking",Conflict with a lead vehicle,
151569263,0,900,3100,7000,Near-Crash,Not a Crash,"Rear-end, struck",Conflict with vehicle in adjacent lane,
151570598,0,,1000,2300,Near-Crash,Not a Crash,"Rear-end, struck",Conflict with a following vehicle,
151864844,0,,2500,4900,Near-Crash,Not a Crash,"Rear-end, struck",Conflict with vehicle in adjacent lane,
135947133,0,800,8600,8900,Near-Crash,Not a Crash,"Rear-end, striking",Conflict with a lead vehicle,
151593376,0,5600,6500,7200,Near-Crash,Not a Crash,"Sideswipe, same direction (left or right)",Conflict with merging vehicle,
29878392,0,2000,4300,5900,Near-Crash,Not a Crash,Turn across path,Conflict with vehicle turning across another vehicle path (same direction),
138361317,0,1200,3000,3200,Near-Crash,Not a Crash,"Rear-end, striking",Conflict with a lead vehicle,
29884802,0,400,1600,2400,Near-Crash,Not a Crash,Animal-related,Conflict with animal,
36842977,0,3000,4100,5000,Near-Crash,Not a Crash,"Sideswipe, same direction (left or right)",Conflict with parked vehicle,
151590871,0,700,1500,3200,Near-Crash,Not a Crash,"Sideswipe, same direction (left or right)",Conflict with vehicle in adjacent lane,
151546981,0,2400,3700,4500,Near-Crash,Not a Crash,"Rear-end, striking",Conflict with a lead vehicle,
29859104,0,5000,3800,7200,Crash,III  - Minor Crash,Road departure (left or right),Single vehicle conflict,
134041017,0,3400,6300,7600,Near-Crash,Not a Crash,"Rear-end, striking",Conflict with a lead vehicle,
142050099,0,500,1200,2900,Near-Crash,Not a Crash,"Rear-end, striking",Conflict with vehicle in adjacent lane,
151569663,0,,300,900,Near-Crash,Not a Crash,"Rear-end, struck",Conflict with a following vehicle,
151584414,0,3200,5000,6300,Near-Crash,Not a Crash,"Rear-end, striking",Conflict with a lead vehicle,
151568525,0,2000,2500,3500,Near-Crash,Not a Crash,"Rear-end, striking",Conflict with a lead vehicle,
151864957,0,1000,2500,2900,Near-Crash,Not a Crash,Turn into path (opposite direction),Conflict with vehicle turning into another vehicle path (opposite direction),
143062688,0,2700,6500,7100,Near-Crash,Not a Crash,"Rear-end, striking",Conflict with a lead vehicle,
29878385,0,6100,8300,9400,Near-Crash,Not a Crash,"Rear-end, striking",Conflict with a lead vehicle,
143062597,0,300,4000,4300,Near-Crash,Not a Crash,"Rear-end, striking",Conflict with a lead vehicle,
31281071,0,500,600,2600,Near-Crash,Not a Crash,Other,Single vehicle conflict,
151568964,0,1500,3100,4400,Near-Crash,Not a Crash,"Sideswipe, same direction (left or right)",Conflict with vehicle in adjacent lane,
151894639,0,,100,7400,Crash,III  - Minor Crash,Road departure (end),Single vehicle conflict,
151568516,0,1000,1600,3900,Near-Crash,Not a Crash,"Sideswipe, same direction (left or right)",Conflict with vehicle in adjacent lane,
151607851,0,100,1600,2300,Near-Crash,Not a Crash,Other,Other,
134898375,0,4300,4700,5300,Near-Crash,Not a Crash,Opposite direction (head-on or sideswipe),Conflict with oncoming traffic,
151598314,0,2900,3400,4300,Near-Crash,Not a Crash,Other,Conflict with obstacle/object in roadway,
61426983,0,700,1900,3600,Near-Crash,Not a Crash,Animal-related,Conflict with animal,
151553148,0,,3000,3700,Crash,III  - Minor Crash,"Rear-end, struck",Conflict with a following vehicle,
142029776,0,1400,2900,3300,Near-Crash,Not a Crash,Turn across path,Conflict with vehicle turning across another vehicle path (opposite direction),
128888504,0,1500,3400,6100,Crash,II - Police-reportable Crash,Turn into path (opposite direction),Conflict with vehicle turning into another vehicle path (opposite direction),
151859802,0,2300,5400,6000,Near-Crash,Not a Crash,"Rear-end, striking",Conflict with a lead vehicle,
60631635,0,2900,4500,5300,Near-Crash,Not a Crash,"Rear-end, striking",Conflict with a lead vehicle,
151568906,0,,5800,7800,Crash,IV - Low-risk Tire Strike,Road departure (left or right),Single vehicle conflict,
151568419,0,300,900,3000,Near-Crash,Not a Crash,Animal-related,Conflict with animal,
151545554,0,1000,2800,6000,Near-Crash,Not a Crash,"Rear-end, striking",Conflict with a lead vehicle,
151568562,0,1400,2600,3800,Near-Crash,Not a Crash,Turn across path,Conflict with vehicle turning across another vehicle path (opposite direction),
151597663,0,1400,5900,6700,Near-Crash,Not a Crash,"Rear-end, striking",Conflict with a lead vehicle,
151859603,0,800,4200,7200,Near-Crash,Not a Crash,"Rear-end, striking",Conflict with a lead vehicle,
29714734,0,2000,2400,3800,Crash,III  - Minor Crash,"Rear-end, striking",Conflict with a lead vehicle,
151545672,0,500,2200,3400,Near-Crash,Not a Crash,"Rear-end, striking",Conflict with a lead vehicle,
151568544,0,100,7600,9500,Near-Crash,Not a Crash,"Rear-end, striking",Conflict with a lead vehicle,
151864799,0,200,800,1500,Near-Crash,Not a Crash,"Sideswipe, same direction (left or right)",Conflict with vehicle in adjacent lane,
29878406,0,800,2800,4900,Near-Crash,Not a Crash,Pedestrian-related,Conflict with pedestrian,
151568700,0,900,2600,3700,Near-Crash,Not a Crash,"Rear-end, striking",Conflict with a lead vehicle,
61114304,0,,2200,4600,Crash,IV - Low-risk Tire Strike,Road departure (left or right),Single vehicle conflict,
60633154,0,3200,3300,7800,Crash,III  - Minor Crash,Road departure (left or right),Single vehicle conflict,
29884183,0,100,5600,8100,Near-Crash,Not a Crash,Animal-related,Conflict with animal,
132520927,0,100,1000,2700,Near-Crash,Not a Crash,Turn across path,Conflict with vehicle turning across another vehicle path (opposite direction),
151580973,0,800,2400,3000,Near-Crash,Not a Crash,Turn into path (opposite direction),Conflict with vehicle turning into another vehicle path (opposite direction),
150883943,0,4400,4800,5300,Near-Crash,Not a Crash,Backing into traffic,Conflict with parked vehicle,
29878404,0,600,4100,5500,Near-Crash,Not a Crash,Turn into path (same direction),Conflict with vehicle turning into another vehicle path (same direction),
142005164,0,1100,3400,4000,Near-Crash,Not a Crash,"Rear-end, striking",Conflict with a lead vehicle,
151568543,0,700,2200,3200,Near-Crash,Not a Crash,"Rear-end, striking",Conflict with vehicle in adjacent lane,
151861942,0,300,1900,2000,Near-Crash,Not a Crash,Turn across path,Conflict with vehicle turning across another vehicle path (opposite direction),
151592658,0,1700,6700,7800,Near-Crash,Not a Crash,"Rear-end, striking",Conflict with a lead vehicle,
151589176,0,700,3400,4500,Near-Crash,Not a Crash,"Rear-end, striking",Conflict with a lead vehicle,
151856767,0,,300,1600,Near-Crash,Not a Crash,Road departure (left or right),Single vehicle conflict,
35257230,0,,7100,8100,Crash,III  - Minor Crash,"Rear-end, striking",Conflict with a lead vehicle,
151609119,0,2000,3600,4200,Crash,III  - Minor Crash,Other,Conflict with obstacle/object in roadway,
151865137,0,1100,2500,2600,Near-Crash,Not a Crash,"Rear-end, striking",Conflict with a lead vehicle,
51722167,0,2800,3300,5400,Near-Crash,Not a Crash,"Sideswipe, same direction (left or right)",Conflict with vehicle in adjacent lane,
151546942,0,1100,2800,3200,Near-Crash,Not a Crash,Turn into path (opposite direction),Conflict with vehicle turning into another vehicle path (opposite direction),
151597675,0,400,2800,4300,Near-Crash,Not a Crash,"Sideswipe, same direction (left or right)",Conflict with vehicle in adjacent lane,
151862024,0,800,4000,4900,Near-Crash,Not a Crash,Turn into path (opposite direction),Conflict with vehicle turning into another vehicle path (opposite direction),
151870535,0,100,2000,2100,Near-Crash,Not a Crash,"Rear-end, striking",Conflict with vehicle in adjacent lane,
151579945,0,1100,2600,3300,Near-Crash,Not a Crash,"Rear-end, striking",Conflict with a lead vehicle,
151600578,0,100,2500,3500,Near-Crash,Not a Crash,Animal-related,Conflict with animal,
29878410,0,400,2700,5300,Near-Crash,Not a Crash,Animal-related,Conflict with animal,
151865145,0,1300,3300,4600,Near-Crash,Not a Crash,"Rear-end, striking",Conflict with a lead vehicle,
151568546,0,1300,2100,3400,Near-Crash,Not a Crash,"Sideswipe, same direction (left or right)",Conflict with vehicle in adjacent lane,
143062744,0,,1900,3100,Crash,IV - Low-risk Tire Strike,Road departure (left or right),Single vehicle conflict,
151568541,0,1300,3100,4600,Near-Crash,Not a Crash,"Rear-end, striking",Conflict with a lead vehicle,
17726433,0,3800,5100,8800,Crash,II - Police-reportable Crash,"Rear-end, striking",Conflict with a lead vehicle,
30883569,0,0,800,1600,Crash,III  - Minor Crash,Animal-related,Conflict with animal,
29878395,0,2100,2700,4600,Crash,III  - Minor Crash,Road departure (left or right),Single vehicle conflict,
151609725,0,500,1900,2200,Near-Crash,Not a Crash,"Rear-end, striking",Conflict with vehicle in adjacent lane,
130934962,0,200,2900,4300,Near-Crash,Not a Crash,Animal-related,Conflict with animal,
151859448,0,2500,4000,4500,Near-Crash,Not a Crash,"Rear-end, striking",Conflict with a lead vehicle,
138592604,0,700,2200,2800,Near-Crash,Not a Crash,"Rear-end, striking",Conflict with a lead vehicle,
61385925,0,2300,1700,4100,Crash,III  - Minor Crash,Road departure (left or right),Single vehicle conflict,
138077537,0,2700,5100,5200,Near-Crash,Not a Crash,"Rear-end, striking",Conflict with a lead vehicle,
151606785,0,,1400,4900,Crash,III  - Minor Crash,Road departure (left or right),Single vehicle conflict,
145435341,0,1300,2600,3200,Near-Crash,Not a Crash,Turn across path,Conflict with vehicle turning across another vehicle path (same direction),
151866526,0,1000,1900,2200,Near-Crash,Not a Crash,"Rear-end, striking",Conflict with a lead vehicle,
151569007,0,300,2800,3900,Near-Crash,Not a Crash,"Rear-end, striking",Conflict with vehicle in adjacent lane,
36842974,0,4200,4300,7100,Crash,III  - Minor Crash,Road departure (left or right),Single vehicle conflict,
151569002,0,300,1500,3900,Near-Crash,Not a Crash,Turn into path (same direction),Conflict with vehicle turning into another vehicle path (same direction),
151589639,0,,1200,4700,Near-Crash,Not a Crash,"Rear-end, struck",Conflict with a following vehicle,
151590866,0,1300,2000,3900,Near-Crash,Not a Crash,"Rear-end, striking",Conflict with a lead vehicle,
151590869,0,100,2400,3400,Near-Crash,Not a Crash,"Sideswipe, same direction (left or right)",Conflict with vehicle in adjacent lane,
151590873,0,100,1100,2400,Near-Crash,Not a Crash,"Rear-end, striking",Conflict with a lead vehicle,
151590875,0,,2100,4400,Near-Crash,Not a Crash,Backing into traffic,Conflict with a lead vehicle,
151590943,0,3000,3900,3900,Near-Crash,Not a Crash,"Rear-end, striking",Conflict with a lead vehicle,
151590944,0,600,1700,2300,Near-Crash,Not a Crash,"Rear-end, striking",Conflict with a lead vehicle,
151590945,0,,1700,2300,Near-Crash,Not a Crash,"Rear-end, struck",Conflict with a following vehicle,
151568760,0,,7200,8400,Crash,IV - Low-risk Tire Strike,Road departure (end),Single vehicle conflict,
151553335,0,,800,1800,Crash,III  - Minor Crash,Road departure (left or right),Single vehicle conflict,
60633147,0,900,4200,7200,Crash,III  - Minor Crash,Road departure (left or right),Single vehicle conflict,
150883030,0,3300,4000,5800,Near-Crash,Not a Crash,Road departure (left or right),Single vehicle conflict,
138221201,0,2400,3500,6900,Crash,III  - Minor Crash,Road departure (left or right),Single vehicle conflict,
143083731,0,2800,3700,4900,Near-Crash,Not a Crash,"Rear-end, striking",Conflict with a lead vehicle,
61114495,0,2400,2600,3600,Crash,III  - Minor Crash,Other,Single vehicle conflict,
29884184,0,1900,3900,5000,Near-Crash,Not a Crash,"Rear-end, striking",Conflict with a lead vehicle,
151568684,0,500,4400,5900,Near-Crash,Not a Crash,"Rear-end, striking",Conflict with a lead vehicle,
61386972,0,1100,1800,2600,Near-Crash,Not a Crash,"Rear-end, striking",Conflict with a lead vehicle,
151859818,0,2700,3900,4700,Near-Crash,Not a Crash,"Sideswipe, same direction (left or right)",Conflict with vehicle in adjacent lane,
35257226,0,200,2600,4500,Near-Crash,Not a Crash,"Sideswipe, same direction (left or right)",Conflict with a lead vehicle,
35258321,0,1000,1700,3000,Near-Crash,Not a Crash,"Sideswipe, same direction (left or right)",Conflict with a lead vehicle,
35258322,0,,3600,10000,Near-Crash,Not a Crash,"Rear-end, struck",Conflict with a following vehicle,
35258323,0,,3200,5200,Near-Crash,Not a Crash,"Rear-end, struck",Conflict with a following vehicle,
151568539,0,4300,4800,5800,Near-Crash,Not a Crash,"Rear-end, striking",Conflict with a lead vehicle,
151859515,0,3400,4600,5600,Near-Crash,Not a Crash,"Rear-end, striking",Conflict with a lead vehicle,
64553438,0,3800,5400,6500,Near-Crash,Not a Crash,"Rear-end, striking",Conflict with a lead vehicle,
36841163,0,800,4000,7000,Crash,III  - Minor Crash,Road departure (left or right),Single vehicle conflict,
116162983,0,3900,4500,5900,Crash,III  - Minor Crash,Road departure (left or right),Single vehicle conflict,
151859566,0,100,1900,2500,Near-Crash,Not a Crash,Turn across path,Conflict with vehicle turning across another vehicle path (opposite direction),
61426946,0,600,1000,2800,Near-Crash,Not a Crash,Road departure (left or right),Single vehicle conflict,
29858029,0,200,900,1800,Near-Crash,Not a Crash,Opposite direction (head-on or sideswipe),Conflict with oncoming traffic,
148593148,0,5800,7200,7600,Near-Crash,Not a Crash,"Rear-end, striking",Conflict with a lead vehicle,
128906304,0,700,1500,2800,Near-Crash,Not a Crash,"Rear-end, striking",Conflict with a lead vehicle,
128903607,0,1000,4400,5100,Near-Crash,Not a Crash,Straight crossing path,Conflict with vehicle moving across another vehicle path (through intersection),
116594167,0,4000,5100,7400,Near-Crash,Not a Crash,Straight crossing path,Conflict with vehicle moving across another vehicle path (through intersection),
29859117,0,4200,5300,6100,Near-Crash,Not a Crash,"Rear-end, striking",Conflict with a lead vehicle,
151575015,0,400,1600,2600,Near-Crash,Not a Crash,"Sideswipe, same direction (left or right)",Conflict with vehicle in adjacent lane,
76264650,0,1200,5500,6100,Near-Crash,Not a Crash,"Rear-end, striking",Conflict with a lead vehicle,
138077603,0,600,2700,4100,Near-Crash,Not a Crash,"Sideswipe, same direction (left or right)",Conflict with vehicle in adjacent lane,
29857500,0,400,900,1300,Crash,III  - Minor Crash,Animal-related,Conflict with animal,
142030111,0,,5800,11100,Crash,IV - Low-risk Tire Strike,Road departure (left or right),Single vehicle conflict,
33574929,0,2300,3500,4800,Near-Crash,Not a Crash,Animal-related,Conflict with animal,
33575049,0,2600,3900,5000,Near-Crash,Not a Crash,"Rear-end, striking",Conflict with a lead vehicle,
132364428,0,1000,1500,2700,Near-Crash,Not a Crash,Straight crossing path,Conflict with vehicle moving across another vehicle path (through intersection),
144846801,0,800,2700,3400,Near-Crash,Not a Crash,"Rear-end, striking",Conflict with a lead vehicle,
151859458,0,200,1900,2900,Near-Crash,Not a Crash,"Rear-end, striking",Conflict with a lead vehicle,
130475664,0,1800,2900,4300,Near-Crash,Not a Crash,Opposite direction (head-on or sideswipe),Conflict with oncoming traffic,
151856650,0,800,5300,5600,Near-Crash,Not a Crash,"Rear-end, striking",Conflict with a lead vehicle,
29730853,0,,7100,8700,Crash,IV - Low-risk Tire Strike,Road departure (end),Single vehicle conflict,
29878396,0,,3700,4800,Crash,IV - Low-risk Tire Strike,Road departure (left or right),Single vehicle conflict,
151864810,0,2500,3700,4200,Near-Crash,Not a Crash,"Rear-end, striking",Conflict with a lead vehicle,
151545656,0,500,2500,5000,Near-Crash,Not a Crash,Turn into path (opposite direction),Conflict with vehicle turning into another vehicle path (opposite direction),
151856673,0,900,2400,3700,Near-Crash,Not a Crash,"Rear-end, striking",Conflict with a lead vehicle,
61033666,0,1400,1200,2600,Crash,IV - Low-risk Tire Strike,Road departure (left or right),Single vehicle conflict,
29712220,0,4500,6300,7700,Crash,III  - Minor Crash,Road departure (left or right),Single vehicle conflict,
151568512,0,1000,2100,3400,Near-Crash,Not a Crash,"Rear-end, striking",Conflict with a lead vehicle,
151859980,0,600,1400,2000,Near-Crash,Not a Crash,Animal-related,Conflict with animal,
151859856,0,1100,3900,7000,Near-Crash,Not a Crash,"Sideswipe, same direction (left or right)",Conflict with vehicle in adjacent lane,
135191442,0,,3400,5500,Crash,III  - Minor Crash,Road departure (left or right),Single vehicle conflict,
151606616,0,,2900,3800,Crash,IV - Low-risk Tire Strike,Road departure (left or right),Single vehicle conflict,
151582997,0,1000,2800,3900,Near-Crash,Not a Crash,"Rear-end, striking",Conflict with a lead vehicle,
142010032,0,100,900,1000,Near-Crash,Not a Crash,Animal-related,Conflict with animal,
142008162,0,3900,3900,7100,Crash,IV - Low-risk Tire Strike,Road departure (left or right),Single vehicle conflict,
