CASEID,CRASHYEAR,PSU,CASENO,CASENUMBER,CATEGORY,CRASHMONTH,DAYOFWEEK,CRASHTIME,EVENTS,VEHICLES,CAIS,CISS,CINJURED,CINJSEV,CTREAT,ALCINV,DRGINV,CNMAIS,CNMISS,CNMINJURED,CNMINJSEV,CNMTREAT,NMALCINV,NMDRGINV,MANCOLL,PV,NM,CASEWGT,PSUSTRAT,VERSION
2400016,2024,77,1,1-77-2024-001-06,6,1,6,17:26,1,2,99,99,0,0,9,2,2,95,95,95,95,95,95,95,1,1,0,540.867295936179,9,9
2400017,2024,10,1,1-10-2024-001-02,2,1,3,07:47,1,2,1,2,1,0,4,2,2,95,95,95,95,95,95,95,4,1,0,27.8730157541747,4,9
2400018,2024,59,1,1-59-2024-001-05,5,1,2,12:15,2,2,1,2,1,0,4,2,2,95,95,95,95,95,95,95,4,1,0,62.0563788379138,6,9
2400019,2024,13,1,1-13-2024-001-05,5,1,3,16:00,3,2,3,14,2,1,3,1,9,95,95,95,95,95,95,95,5,1,0,20.2147445391711,7,9
2400020,2024,54,1,1-54-2024-001-08,8,1,4,10:50,1,2,1,3,3,0,4,2,2,95,95,95,95,95,95,95,5,1,0,161.994257211147,9,9
2400021,2024,54,2,1-54-2024-002-09,9,1,6,19:27,2,1,1,2,1,0,4,2,2,95,95,95,95,95,95,95,0,1,0,339.94783934237,9,9
2400022,2024,82,1,1-82-2024-001-03,3,1,4,20:52,4,4,1,2,2,0,4,2,2,95,95,95,95,95,95,95,1,1,0,28.1106156827631,1,9
2400023,2024,82,2,1-82-2024-002-03,3,1,2,00:22,1,1,0,0,0,0,4,2,2,95,95,95,95,95,95,95,0,1,0,28.1106156827631,1,9
2400024,2024,62,1,1-62-2024-001-06,6,1,3,22:55,1,1,1,1,2,0,4,9,9,95,95,95,95,95,95,95,0,1,0,63.0744733826381,7,9
2400025,2024,62,2,1-62-2024-002-10,10,1,4,06:11,3,1,0,0,0,0,0,9,9,95,95,95,95,95,95,95,0,1,0,1646.87203897318,7,9
2400026,2024,62,3,1-62-2024-003-08,8,1,2,17:10,2,1,1,1,1,0,3,2,1,95,95,95,95,95,95,95,0,1,0,20.8454543525906,7,9
2400029,2024,48,1,1-48-2024-001-06,6,1,3,10:01,2,1,0,0,0,0,4,2,2,95,95,95,95,95,95,95,0,1,0,177.148845745167,12,9
2400030,2024,48,2,1-48-2024-002-04,4,1,6,12:13,1,1,0,0,0,0,0,9,9,95,95,95,95,95,95,95,0,1,0,202.369493090601,12,9
2400031,2024,48,3,1-48-2024-003-03,3,1,6,12:42,3,2,2,4,2,0,4,2,2,95,95,95,95,95,95,95,5,1,0,54.9604072040948,12,9
2400032,2024,19,1,1-19-2024-001-04,4,1,5,14:55,1,2,0,0,0,0,0,2,2,95,95,95,95,95,95,95,1,1,0,686.171980556767,9,9
2400033,2024,19,2,1-19-2024-002-05,5,1,3,22:58,4,1,3,27,1,1,3,1,2,95,95,95,95,95,95,95,0,1,0,49.1552833588875,9,9
2400035,2024,79,1,1-79-2024-001-06,6,1,3,19:50,1,1,99,99,0,0,0,2,2,95,95,95,95,95,95,95,0,1,0,126.263816360641,8,9
2400037,2024,12,1,1-12-2024-001-06,6,1,4,06:15,1,2,9,97,1,0,4,2,2,95,95,95,95,95,95,95,6,1,0,341.619890680719,9,9
2400038,2024,17,1,1-17-2024-001-07,7,1,5,05:27,1,2,0,0,0,0,0,2,2,95,95,95,95,95,95,95,4,1,0,1125.89793451176,4,9
2400039,2024,20,1,1-20-2024-001-03,3,1,2,03:29,1,2,1,3,2,0,4,1,9,95,95,95,95,95,95,95,2,1,0,48.9011133058566,11,9
2400040,2024,81,2,1-81-2024-002-03,3,1,3,21:45,2,1,1,1,1,0,0,2,2,95,95,95,95,95,95,95,0,1,0,266.037932580766,8,9
2400041,2024,11,1,1-11-2024-001-07,7,1,3,07:13,2,1,0,0,0,0,0,2,2,95,95,95,95,95,95,95,0,1,0,39.2977008375247,8,9
2400042,2024,14,1,1-14-2024-001-07,7,1,3,19:50,1,1,0,0,0,0,0,9,9,95,95,95,95,95,95,95,0,1,0,1866.51616575165,8,9
2400043,2024,16,1,1-16-2024-001-04,4,1,7,20:42,1,2,0,0,0,0,0,1,2,95,95,95,95,95,95,95,4,1,0,1184.77644929998,5,9
2400045,2024,25,1,1-25-2024-001-07,7,1,3,18:18,1,1,0,0,0,0,0,2,2,95,95,95,95,95,95,95,0,1,0,4478.5820805509,2,9
2400046,2024,28,1,1-28-2024-001-10,10,1,1,15:48,2,1,0,0,0,0,0,2,2,95,95,95,95,95,95,95,0,1,0,80.5683609045318,3,9
2400047,2024,32,1,1-32-2024-001-03,3,1,6,19:39,3,3,0,0,0,0,4,2,2,95,95,95,95,95,95,95,0,1,0,320.638176083653,7,9
2400048,2024,60,1,1-60-2024-001-NM2,22,1,3,13:07,1,1,95,95,95,95,95,9,2,2,5,1,0,3,2,1,0,0,1,157.912873387776,8,9
2400049,2024,60,2,1-60-2024-002-09,9,1,1,12:40,1,2,1,1,1,0,0,9,9,95,95,95,95,95,95,95,4,1,0,461.937193690162,8,9
2400050,2024,69,1,1-69-2024-001-NM1,21,1,5,19:08,1,1,0,0,0,0,0,9,9,9,97,1,0,4,2,2,0,1,1,7.66811372485411,8,9
2400051,2024,69,2,1-69-2024-002-04,4,1,5,20:00,1,2,0,0,0,0,0,2,2,95,95,95,95,95,95,95,1,1,0,775.494115152989,8,9
2400052,2024,27,1,1-27-2024-001-NM1,21,1,2,02:47,2,1,0,0,0,0,0,2,2,5,38,2,2,1,2,1,0,1,1,20.5862279366663,3,9
2400053,2024,23,1,1-23-2024-001-03,3,1,6,22:49,1,2,1,1,1,0,4,1,2,95,95,95,95,95,95,95,1,1,0,85.4236608807884,5,9
2400055,2024,57,2,1-57-2024-002-03,3,1,6,12:38,1,2,9,97,1,0,9,2,2,95,95,95,95,95,95,95,4,1,0,12.8224544609376,1,9
2400056,2024,22,1,1-22-2024-001-09,9,1,5,06:52,1,2,99,99,0,0,0,2,2,95,95,95,95,95,95,95,4,1,0,55.0527044392151,12,9
2400057,2024,81,3,1-81-2024-003-10,10,1,5,18:21,1,2,0,0,0,0,0,2,2,95,95,95,95,95,95,95,1,1,0,23702.9226403574,8,9
2400058,2024,15,1,1-15-2024-001-05,5,1,6,03:05,1,1,1,1,1,0,4,2,1,95,95,95,95,95,95,95,0,1,0,15.9677578710684,1,9
2400059,2024,57,1,1-57-2024-001-07,7,1,5,17:50,1,2,0,0,0,0,0,2,2,95,95,95,95,95,95,95,1,1,0,44.2620389608346,1,9
2400060,2024,21,1,1-21-2024-001-03,3,1,2,04:38,2,1,1,1,1,0,0,2,2,95,95,95,95,95,95,95,0,1,0,54.9367577389877,11,9
2400061,2024,26,1,1-26-2024-001-03,3,1,7,01:32,2,1,1,1,1,0,4,1,1,95,95,95,95,95,95,95,0,1,0,122.620839003631,10,9
2400062,2024,31,2,1-31-2024-002-07,7,1,6,18:19,1,1,0,0,0,0,0,9,9,95,95,95,95,95,95,95,0,1,0,279.47292149898,6,9
2400063,2024,29,1,1-29-2024-001-04,4,1,5,14:42,1,2,0,0,0,0,4,2,2,95,95,95,95,95,95,95,4,1,0,398.469602501026,2,9
2400064,2024,79,3,1-79-2024-003-04,4,1,4,14:58,1,2,0,0,0,0,4,9,9,95,95,95,95,95,95,95,4,1,0,124.792601068346,8,9
2400065,2024,67,1,1-67-2024-001-07,7,1,4,15:49,1,2,0,0,0,0,0,9,9,95,95,95,95,95,95,95,1,1,0,2055.90770794012,7,9
2400066,2024,73,2,1-73-2024-002-09,9,1,7,05:09,2,1,1,1,1,0,4,9,1,95,95,95,95,95,95,95,0,1,0,33.1279885103634,3,9
2400067,2024,81,4,1-81-2024-004-07,7,1,2,99:99,1,2,1,2,1,0,4,2,2,95,95,95,95,95,95,95,4,1,0,4178.10588447085,8,9
2400069,2024,10,2,1-10-2024-002-06,6,1,3,12:20,2,2,1,3,1,0,4,2,2,95,95,95,95,95,95,95,4,1,0,1275.29137392333,4,9
2400070,2024,13,2,1-13-2024-002-01,1,1,5,18:48,4,3,4,34,2,2,1,9,1,95,95,95,95,95,95,95,5,1,0,148.493580370567,7,9
2400071,2024,62,4,1-62-2024-004-02,2,1,4,18:46,1,2,1,1,1,0,3,1,2,95,95,95,95,95,95,95,1,1,0,61.2648028245878,7,9
2400072,2024,62,5,1-62-2024-005-06,6,1,6,18:08,4,3,1,1,1,0,5,9,9,95,95,95,95,95,95,95,4,1,0,2580.51563805831,7,9
2400074,2024,77,2,1-77-2024-002-07,7,1,4,02:33,1,1,0,0,0,0,0,2,2,95,95,95,95,95,95,95,0,1,0,7758.83172262348,9,9
2400075,2024,77,3,1-77-2024-003-05,5,1,3,04:38,1,2,99,99,0,0,4,9,9,95,95,95,95,95,95,95,4,1,0,90.6570748528622,9,9
2400076,2024,59,2,1-59-2024-002-02,2,1,5,11:53,3,1,1,1,1,0,3,2,1,95,95,95,95,95,95,95,0,1,0,48.7900687173874,6,9
2400077,2024,59,3,1-59-2024-003-02,2,1,4,13:39,1,2,1,1,1,0,4,2,2,95,95,95,95,95,95,95,4,1,0,48.7900687173874,6,9
2400078,2024,59,4,1-59-2024-004-08,8,1,6,09:15,3,1,3,10,2,1,3,2,2,95,95,95,95,95,95,95,0,1,0,111.392066987082,6,9
2400079,2024,59,5,1-59-2024-005-NM2,22,1,5,07:57,1,1,95,95,95,95,95,2,2,1,1,1,0,6,2,2,0,0,1,326.257763636632,6,9
2400080,2024,54,3,1-54-2024-003-04,4,1,3,17:02,1,2,1,1,1,0,0,2,2,95,95,95,95,95,95,95,9,1,0,152.997399597271,9,9
2400081,2024,54,4,1-54-2024-004-09,9,1,6,14:26,1,1,0,0,0,0,4,2,1,95,95,95,95,95,95,95,0,1,0,117.274582131211,9,9
2400082,2024,54,5,1-54-2024-005-07,7,1,6,09:38,1,2,0,0,0,0,0,2,2,95,95,95,95,95,95,95,4,1,0,163.639088013261,9,9
2400083,2024,54,6,1-54-2024-006-10,10,1,7,14:14,1,2,0,0,0,0,0,2,2,95,95,95,95,95,95,95,1,1,0,594.813207503092,9,9
2400085,2024,18,2,1-18-2024-002-02,2,1,5,12:34,6,1,0,0,0,0,2,2,2,95,95,95,95,95,95,95,0,1,0,46.7280335632617,6,9
2400086,2024,48,4,1-48-2024-004-04,4,1,3,07:05,3,3,0,0,0,0,0,2,2,95,95,95,95,95,95,95,0,1,0,144.051903745075,12,9
2400088,2024,48,6,1-48-2024-006-09,9,1,1,08:31,2,2,2,5,1,0,4,9,9,95,95,95,95,95,95,95,9,1,0,253.362227564978,12,9
2400089,2024,48,7,1-48-2024-007-04,4,1,1,08:32,2,1,0,0,0,0,0,2,2,95,95,95,95,95,95,95,0,1,0,144.051903745075,12,9
2400090,2024,73,3,1-73-2024-003-03,3,1,2,01:09,1,1,0,0,0,0,4,9,9,95,95,95,95,95,95,95,0,1,0,59.7233547597489,3,9
2400091,2024,73,4,1-73-2024-004-03,3,1,7,18:02,4,1,99,99,0,0,9,9,9,95,95,95,95,95,95,95,0,1,0,59.7233547597489,3,9
2400092,2024,23,2,1-23-2024-002-10,10,1,1,09:11,3,1,0,0,0,0,0,2,2,95,95,95,95,95,95,95,0,1,0,18788.0442802386,5,9
2400095,2024,30,1,1-30-2024-001-03,3,1,3,07:27,3,2,1,1,1,0,6,2,2,95,95,95,95,95,95,95,4,1,0,414.154548679097,10,9
2400096,2024,30,2,1-30-2024-002-NM1,21,1,1,01:39,1,1,0,0,0,0,0,2,2,2,8,1,0,3,1,1,0,1,1,33.6409129061174,10,9
2400097,2024,19,3,1-19-2024-003-03,3,1,6,01:52,3,1,3,14,1,1,3,2,2,95,95,95,95,95,95,95,0,1,0,130.467157753061,9,9
2400098,2024,19,4,1-19-2024-004-06,6,1,6,14:46,1,2,99,99,0,0,5,2,2,95,95,95,95,95,95,95,5,1,0,659.23547178436,9,9
2400100,2024,82,4,1-82-2024-004-04,4,1,2,16:45,2,3,9,97,1,0,8,2,2,95,95,95,95,95,95,95,1,1,0,198.353605416681,1,9
2400101,2024,62,6,1-62-2024-006-04,4,1,1,03:47,7,1,0,0,0,0,0,9,9,95,95,95,95,95,95,95,0,1,0,2586.0757445383,7,9
2400102,2024,17,2,1-17-2024-002-05,5,1,2,09:47,3,1,1,1,2,0,4,9,2,95,95,95,95,95,95,95,0,1,0,95.9334331296951,4,9
2400103,2024,17,3,1-17-2024-003-07,7,1,7,23:01,1,1,0,0,0,0,0,2,2,95,95,95,95,95,95,95,0,1,0,1461.1053822292,4,9
2400104,2024,17,4,1-17-2024-004-07,7,1,6,09:02,2,2,0,0,0,0,0,2,2,95,95,95,95,95,95,95,4,1,0,1461.10538290808,4,9
2400105,2024,20,2,1-20-2024-002-04,4,1,2,05:45,1,1,0,0,0,0,0,2,2,95,95,95,95,95,95,95,0,1,0,540.560198144809,11,9
2400106,2024,67,2,1-67-2024-002-06,6,1,3,08:12,1,2,1,1,1,0,4,9,9,95,95,95,95,95,95,95,4,1,0,555.780573943308,7,9
2400107,2024,48,8,1-48-2024-008-07,7,1,7,17:05,1,1,0,0,0,0,0,2,2,95,95,95,95,95,95,95,0,1,0,563.199589112615,12,9
2400109,2024,24,1,1-24-2024-001-06,6,1,6,08:33,1,2,9,97,1,0,0,2,2,95,95,95,95,95,95,95,4,1,0,272.903840119745,1,9
2400110,2024,16,2,1-16-2024-002-02,2,1,2,07:45,3,4,1,2,2,0,4,2,2,95,95,95,95,95,95,95,4,1,0,15.1092509057653,5,9
2400111,2024,16,3,1-16-2024-003-NM2,22,1,3,07:50,1,1,95,95,95,95,95,9,9,9,97,1,0,9,9,9,0,0,1,1277.06637139415,5,9
2400112,2024,28,2,1-28-2024-002-NM2,22,1,7,16:00,2,1,95,95,95,95,95,9,9,1,1,1,0,6,2,2,0,0,1,55.8454658150129,3,9
2400113,2024,28,3,1-28-2024-003-06,6,1,3,11:26,1,2,3,14,1,1,3,2,1,95,95,95,95,95,95,95,2,1,0,78.3970439776294,3,9
2400114,2024,14,2,1-14-2024-002-07,7,1,6,09:26,2,3,0,0,0,0,0,9,9,95,95,95,95,95,95,95,1,1,0,1752.86120972687,8,9
2400115,2024,25,2,1-25-2024-002-01,1,1,3,13:16,1,2,3,11,2,2,1,2,2,95,95,95,95,95,95,95,2,1,0,84.4595032082749,2,9
2400116,2024,32,2,1-32-2024-002-02,2,1,4,08:44,2,2,1,1,2,0,4,2,2,95,95,95,95,95,95,95,4,1,0,5.912189285169,7,9
2400118,2024,69,3,1-69-2024-003-NM1,21,1,3,05:38,2,1,0,0,0,0,0,2,2,6,75,1,1,1,2,1,0,1,1,7.66811372485411,8,9
2400119,2024,69,4,1-69-2024-004-05,5,1,3,17:11,1,2,1,1,2,0,4,2,2,95,95,95,95,95,95,95,4,1,0,22.4152869997207,8,9
2400120,2024,60,3,1-60-2024-003-03,3,1,4,09:50,1,2,9,97,1,0,6,2,2,95,95,95,95,95,95,95,1,1,0,151.148648275766,8,9
2400121,2024,60,4,1-60-2024-004-03,3,1,5,11:47,2,2,1,1,2,0,4,2,2,95,95,95,95,95,95,95,4,1,0,151.148648275766,8,9
2400122,2024,52,1,1-52-2024-001-07,7,1,4,14:50,1,2,0,0,0,0,0,2,2,95,95,95,95,95,95,95,4,1,0,27.9760451550854,12,9
2400123,2024,66,1,1-66-2024-001-10,10,1,2,19:47,2,1,0,0,0,0,0,9,9,95,95,95,95,95,95,95,0,1,0,484.778997421925,6,9
2400124,2024,66,2,1-66-2024-002-04,4,1,4,17:45,1,1,0,0,0,0,0,9,9,95,95,95,95,95,95,95,0,1,0,114.973892842,6,9
2400125,2024,66,3,1-66-2024-003-03,3,1,4,14:38,3,1,1,2,1,0,4,2,2,95,95,95,95,95,95,95,0,1,0,79.4686416678806,6,9
2400127,2024,26,2,1-26-2024-002-06,6,1,3,12:40,1,2,1,2,4,0,4,2,2,95,95,95,95,95,95,95,4,1,0,1075.13840105018,10,9
2400128,2024,32,4,1-32-2024-004-05,5,1,3,11:41,2,2,3,27,1,1,3,2,2,95,95,95,95,95,95,95,5,1,0,35.2856461757235,7,9
2400129,2024,27,2,1-27-2024-002-04,4,1,3,02:44,3,1,0,0,0,0,0,1,2,95,95,95,95,95,95,95,0,1,0,116.835121535434,3,9
2400130,2024,27,3,1-27-2024-003-08,8,1,3,15:40,2,1,3,22,3,3,3,2,2,95,95,95,95,95,95,95,0,1,0,27.4102566170998,3,9
2400131,2024,27,4,1-27-2024-004-03,3,1,6,11:22,1,2,1,1,1,0,5,9,9,95,95,95,95,95,95,95,4,1,0,19.9655651519629,3,9
2400132,2024,27,5,1-27-2024-005-04,4,1,2,10:30,1,2,0,0,0,0,4,2,2,95,95,95,95,95,95,95,1,1,0,116.835121519361,3,9
2400133,2024,82,5,1-82-2024-005-03,3,1,2,01:52,1,2,0,0,0,0,4,2,2,95,95,95,95,95,95,95,9,1,0,52.624413969372,1,9
2400134,2024,11,3,1-11-2024-003-03,3,1,2,11:35,1,2,99,99,0,0,0,2,2,95,95,95,95,95,95,95,4,1,0,69.9532021494563,8,9
2400135,2024,21,2,1-21-2024-002-07,7,1,5,17:25,1,2,0,0,0,0,4,1,2,95,95,95,95,95,95,95,6,1,0,8974.81562110273,11,9
2400138,2024,15,3,1-15-2024-003-06,6,1,6,06:40,1,2,1,1,1,0,0,9,9,95,95,95,95,95,95,95,1,1,0,70.1346927021324,1,9
2400139,2024,29,2,1-29-2024-002-03,3,1,4,17:14,2,2,1,1,1,0,5,9,9,95,95,95,95,95,95,95,4,1,0,526.965913964518,2,9
2400140,2024,57,3,1-57-2024-003-06,6,1,2,08:06,2,1,0,0,0,0,4,1,2,95,95,95,95,95,95,95,0,1,0,30.0886094601444,1,9
2400141,2024,57,4,1-57-2024-004-04,4,1,4,13:21,1,2,1,2,2,0,6,9,9,95,95,95,95,95,95,95,4,1,0,60.4357356083445,1,9
2400142,2024,12,2,1-12-2024-002-03,3,1,5,12:59,2,2,1,1,1,0,4,2,2,95,95,95,95,95,95,95,4,1,0,164.057323491007,9,9
2400143,2024,12,3,1-12-2024-003-03,3,1,7,16:00,1,2,1,2,1,0,4,2,2,95,95,95,95,95,95,95,4,1,0,164.057323491007,9,9
2400144,2024,18,3,1-18-2024-003-06,6,1,5,06:39,2,3,1,1,1,0,4,2,2,95,95,95,95,95,95,95,4,1,0,261.884069240543,6,9
2400145,2024,22,2,1-22-2024-002-01,1,1,6,08:28,5,1,9,97,1,0,5,2,2,95,95,95,95,95,95,95,0,1,0,23.1353338048251,12,9
2400146,2024,22,3,1-22-2024-003-06,6,1,2,12:06,1,2,1,1,2,0,4,2,2,95,95,95,95,95,95,95,4,1,0,264.995949253924,12,9
2400148,2024,79,6,1-79-2024-006-09,9,1,5,08:20,1,2,0,0,0,0,0,9,9,95,95,95,95,95,95,95,1,1,0,134.548153434236,8,9
2400150,2024,79,7,1-79-2024-007-06,6,1,6,15:00,1,2,1,1,1,0,6,2,2,95,95,95,95,95,95,95,1,1,0,120.772111910736,8,9
2400151,2024,81,6,1-81-2024-006-03,3,1,6,08:30,3,2,1,1,2,0,0,2,2,95,95,95,95,95,95,95,0,1,0,368.540152823667,8,9
2400152,2024,81,7,1-81-2024-007-02,2,1,1,16:10,12,5,2,5,4,0,4,2,2,95,95,95,95,95,95,95,5,1,0,23.5191438097523,8,9
2400154,2024,77,4,1-77-2024-004-05,5,1,2,17:06,2,2,1,1,1,0,9,2,2,95,95,95,95,95,95,95,2,1,0,90.6570748528622,9,9
2400155,2024,77,5,1-77-2024-005-04,4,1,3,11:38,2,3,0,0,0,0,4,2,2,95,95,95,95,95,95,95,4,1,0,1319.74978076648,9,9
2400156,2024,77,6,1-77-2024-006-06,6,1,5,22:15,3,1,1,1,1,0,4,2,2,95,95,95,95,95,95,95,0,1,0,1192.83431401126,9,9
2400157,2024,73,5,1-73-2024-005-03,3,1,5,09:57,4,1,1,1,1,0,4,9,9,95,95,95,95,95,95,95,0,1,0,23.5881329232141,3,9
2400158,2024,73,6,1-73-2024-006-06,6,1,7,23:09,6,1,2,9,4,0,4,9,9,95,95,95,95,95,95,95,0,1,0,61.3505113045855,3,9
2400159,2024,73,7,1-73-2024-007-09,9,1,5,11:43,3,1,0,0,0,0,4,9,9,95,95,95,95,95,95,95,0,1,0,119.848974462893,3,9
2400161,2024,62,8,1-62-2024-008-09,9,1,6,17:05,1,2,9,97,1,0,9,2,2,95,95,95,95,95,95,95,4,1,0,3480.57935768494,7,9
2400162,2024,62,9,1-62-2024-009-03,3,1,5,14:51,2,1,99,99,0,0,0,9,9,95,95,95,95,95,95,95,0,1,0,398.472275456544,7,9
2400163,2024,18,4,1-18-2024-004-07,7,1,3,17:10,1,2,0,0,0,0,0,2,2,95,95,95,95,95,95,95,4,1,0,1361.28415936014,6,9
2400165,2024,18,6,1-18-2024-006-03,3,1,6,10:32,1,1,99,99,0,0,9,2,2,95,95,95,95,95,95,95,0,1,0,49.1587237763253,6,9
2400166,2024,48,9,1-48-2024-009-01,1,1,7,10:45,4,2,5,38,2,2,1,2,2,95,95,95,95,95,95,95,4,1,0,73.4941053746274,12,9
2400167,2024,48,10,1-48-2024-010-04,4,1,4,12:30,1,1,0,0,0,0,0,2,2,95,95,95,95,95,95,95,0,1,0,482.621928241557,12,9
2400168,2024,48,11,1-48-2024-011-06,6,1,4,15:55,2,2,99,99,0,0,0,2,2,95,95,95,95,95,95,95,1,1,0,422.474337478436,12,9
2400169,2024,48,12,1-48-2024-012-08,8,1,4,23:27,1,1,3,11,1,1,3,2,2,95,95,95,95,95,95,95,0,1,0,118.756702552873,12,9
2400170,2024,13,3,1-13-2024-003-02,2,1,2,02:32,3,3,2,9,1,0,4,1,9,95,95,95,95,95,95,95,1,1,0,10.955434091132,7,9
2400171,2024,13,4,1-13-2024-004-06,6,1,5,15:07,4,1,2,4,1,0,4,9,9,95,95,95,95,95,95,95,0,1,0,2042.25670106002,7,9
2400173,2024,10,3,1-10-2024-003-09,9,1,5,15:25,2,1,0,0,0,0,4,2,2,95,95,95,95,95,95,95,0,1,0,11678.448289215,4,9
2400175,2024,79,9,1-79-2024-009-10,10,1,3,15:59,1,2,0,0,0,0,0,9,9,95,95,95,95,95,95,95,4,1,0,3746.9781522107,8,9
2400176,2024,82,6,1-82-2024-006-03,3,1,6,09:02,1,2,0,0,0,0,5,2,2,95,95,95,95,95,95,95,4,1,0,62.4070790931474,1,9
2400178,2024,59,6,1-59-2024-006-08,8,1,7,19:00,1,2,1,1,1,0,4,1,2,95,95,95,95,95,95,95,2,1,0,157.411754942879,6,9
2400179,2024,59,7,1-59-2024-007-08,8,1,6,07:10,1,1,1,1,1,0,4,2,2,95,95,95,95,95,95,95,0,1,0,157.411754942879,6,9
2400180,2024,59,8,1-59-2024-008-08,8,1,4,15:34,3,1,4,26,1,1,3,1,1,95,95,95,95,95,95,95,0,1,0,157.411754942879,6,9
2400181,2024,59,9,1-59-2024-009-08,8,1,4,18:09,1,2,1,1,1,0,4,2,2,95,95,95,95,95,95,95,9,1,0,157.411754942879,6,9
2400182,2024,23,3,1-23-2024-003-02,2,1,7,10:52,6,2,3,22,2,1,3,1,2,95,95,95,95,95,95,95,4,1,0,62.9617318466021,5,9
2400183,2024,23,4,1-23-2024-004-03,3,1,2,10:00,2,2,1,1,2,0,4,2,2,95,95,95,95,95,95,95,4,1,0,558.578019018061,5,9
2400184,2024,33,1,1-33-2024-001-10,10,1,6,19:20,1,2,0,0,0,0,0,1,2,95,95,95,95,95,95,95,4,1,0,6973.09392875334,12,9
2400185,2024,17,5,1-17-2024-005-07,7,1,3,22:00,2,1,0,0,0,0,0,2,2,95,95,95,95,95,95,95,0,1,0,1237.21865149189,4,9
2400186,2024,17,6,1-17-2024-006-08,8,1,4,22:26,1,1,2,12,1,0,6,1,9,95,95,95,95,95,95,95,0,1,0,91.223874097422,4,9
2400187,2024,17,7,1-17-2024-007-03,3,1,1,14:57,1,1,1,1,2,0,8,2,2,95,95,95,95,95,95,95,0,1,0,94.6581928917778,4,9
2400188,2024,81,151,1-81-2024-151-08,8,1,7,19:00,1,2,1,1,6,0,4,1,2,95,95,95,95,95,95,95,4,1,0,701.365448693135,8,9
2400189,2024,12,4,1-12-2024-004-02,2,1,5,00:13,2,1,9,97,1,0,8,2,2,95,95,95,95,95,95,95,0,1,0,221.517683883591,9,9
2400190,2024,12,5,1-12-2024-005-07,7,1,3,08:25,2,3,1,1,1,0,0,2,2,95,95,95,95,95,95,95,1,1,0,1182.96683096922,9,9
2400191,2024,12,6,1-12-2024-006-03,3,1,4,21:12,3,1,99,99,0,0,9,2,2,95,95,95,95,95,95,95,0,1,0,164.057323491007,9,9
2400196,2024,30,5,1-30-2024-005-03,3,1,2,01:40,2,2,0,0,0,0,0,2,2,95,95,95,95,95,95,95,1,1,0,118.941169354752,10,9
2400197,2024,20,3,1-20-2024-003-08,8,1,7,21:00,5,1,2,6,1,0,4,1,2,95,95,95,95,95,95,95,0,1,0,77.6870340942263,11,9
2400198,2024,20,4,1-20-2024-004-03,3,1,3,19:05,2,1,1,1,2,0,4,2,2,95,95,95,95,95,95,95,0,1,0,91.019415088757,11,9
2400200,2024,19,5,1-19-2024-005-08,8,1,5,09:44,2,2,2,4,3,0,4,2,2,95,95,95,95,95,95,95,4,1,0,143.73874178702,9,9
2400201,2024,19,6,1-19-2024-006-05,5,1,4,02:45,4,1,4,26,1,1,3,1,2,95,95,95,95,95,95,95,0,1,0,49.1552833588875,9,9
2400202,2024,54,7,1-54-2024-007-08,8,1,3,17:30,1,1,1,1,1,0,4,2,2,95,95,95,95,95,95,95,0,1,0,161.994257211147,9,9
2400203,2024,54,8,1-54-2024-008-08,8,1,5,19:30,2,1,2,9,1,0,3,2,1,95,95,95,95,95,95,95,0,1,0,161.994257211147,9,9
2400204,2024,54,9,1-54-2024-009-05,5,1,2,07:29,3,2,4,17,1,1,3,2,2,95,95,95,95,95,95,95,6,1,0,144.976226836895,9,9
2400205,2024,54,10,1-54-2024-010-09,9,1,7,22:09,1,1,1,1,1,0,4,2,2,95,95,95,95,95,95,95,0,1,0,212.116895387815,9,9
2400206,2024,18,7,1-18-2024-007-06,6,1,7,09:05,1,2,3,14,3,1,4,2,2,95,95,95,95,95,95,95,4,1,0,248.39335062653,6,9
2400207,2024,67,3,1-67-2024-003-05,5,1,6,18:40,1,2,1,2,1,0,4,9,9,95,95,95,95,95,95,95,4,1,0,85.727763543455,7,9
2400208,2024,11,4,1-11-2024-004-07,7,1,3,18:44,2,1,0,0,0,0,0,2,2,95,95,95,95,95,95,95,0,1,0,657.057558003413,8,9
2400209,2024,11,5,1-11-2024-005-07,7,1,5,11:22,1,2,0,0,0,0,0,2,2,95,95,95,95,95,95,95,9,1,0,657.057558003413,8,9
2400210,2024,24,2,1-24-2024-002-04,4,1,4,16:50,1,2,9,97,1,0,0,2,2,95,95,95,95,95,95,95,1,1,0,107.064222722261,1,9
2400211,2024,24,3,1-24-2024-003-03,3,1,1,11:05,3,2,9,97,1,0,0,2,2,95,95,95,95,95,95,95,1,1,0,29.9215032432892,1,9
2400212,2024,24,4,1-24-2024-004-04,4,1,2,06:21,4,1,99,99,0,0,0,9,2,95,95,95,95,95,95,95,0,1,0,107.064222722261,1,9
2400213,2024,14,3,1-14-2024-003-03,3,1,2,06:08,2,2,1,2,1,0,4,9,9,95,95,95,95,95,95,95,1,1,0,1131.22927972053,8,9
2400215,2024,16,5,1-16-2024-005-03,3,1,6,08:01,1,2,0,0,0,0,4,2,2,95,95,95,95,95,95,95,1,1,0,644.838532287301,5,9
2400216,2024,16,6,1-16-2024-006-02,2,1,7,05:49,4,1,2,6,1,0,4,2,9,95,95,95,95,95,95,95,0,1,0,15.1092509057653,5,9
2400217,2024,31,3,1-31-2024-003-04,4,1,4,17:56,1,1,0,0,0,0,0,9,9,95,95,95,95,95,95,95,0,1,0,222.052598299916,6,9
2400218,2024,76,1,1-76-2024-001-04,4,1,1,14:04,2,1,0,0,0,0,0,9,9,95,95,95,95,95,95,95,0,1,0,361.810809583017,3,9
2400221,2024,76,4,1-76-2024-004-03,3,1,1,15:08,2,1,1,1,1,0,9,9,9,95,95,95,95,95,95,95,0,1,0,80.9363528734549,3,9
2400222,2024,25,3,1-25-2024-003-05,5,1,4,18:11,3,2,3,11,1,1,3,1,2,95,95,95,95,95,95,95,4,1,0,47.0105431448925,2,9
2400223,2024,25,4,1-25-2024-004-06,6,1,6,18:17,1,2,1,1,1,0,4,2,2,95,95,95,95,95,95,95,4,1,0,1245.50805623473,2,9
2400224,2024,60,5,1-60-2024-005-03,3,1,2,19:13,2,2,2,5,2,0,4,2,2,95,95,95,95,95,95,95,4,1,0,272.233086345417,8,9
2400225,2024,60,6,1-60-2024-006-03,3,1,6,14:50,1,2,2,5,2,0,4,2,2,95,95,95,95,95,95,95,4,1,0,272.233086345417,8,9
2400226,2024,32,5,1-32-2024-005-02,2,1,6,07:30,2,2,1,1,1,0,4,2,2,95,95,95,95,95,95,95,4,1,0,18.5720544399223,7,9
2400227,2024,32,6,1-32-2024-006-09,9,1,2,09:37,1,1,99,99,0,0,0,2,2,95,95,95,95,95,95,95,0,1,0,8239.41132850415,7,9
2400228,2024,32,7,1-32-2024-007-02,2,1,6,12:30,2,2,0,0,0,0,4,2,2,95,95,95,95,95,95,95,4,1,0,18.5720544399223,7,9
2400229,2024,52,2,1-52-2024-002-03,3,1,3,17:23,1,2,0,0,0,0,0,2,2,95,95,95,95,95,95,95,4,1,0,28.0226584874927,12,9
2400230,2024,76,2,1-76-2024-002-07,7,1,3,16:39,3,1,0,0,0,0,0,9,9,95,95,95,95,95,95,95,0,1,0,988.157171960817,3,9
2400232,2024,69,5,1-69-2024-005-06,6,1,5,19:00,1,2,0,0,0,0,4,2,2,95,95,95,95,95,95,95,4,1,0,276.608104427655,8,9
2400233,2024,69,6,1-69-2024-006-01,1,1,4,20:01,3,1,3,22,1,1,1,1,1,95,95,95,95,95,95,95,0,1,0,9.75568259696968,8,9
2400234,2024,27,6,1-27-2024-006-07,7,1,4,11:06,2,1,0,0,0,0,0,2,2,95,95,95,95,95,95,95,0,1,0,196.612062436637,3,9
2400235,2024,27,7,1-27-2024-007-06,6,1,7,14:19,5,1,1,2,1,0,4,2,2,95,95,95,95,95,95,95,0,1,0,61.805879129382,3,9
2400236,2024,27,8,1-27-2024-008-07,7,1,3,18:31,1,1,0,0,0,0,0,9,9,95,95,95,95,95,95,95,0,1,0,196.612062550326,3,9
2400237,2024,27,9,1-27-2024-009-03,3,1,5,23:46,1,2,1,2,2,0,3,2,2,95,95,95,95,95,95,95,4,1,0,11.8514312322575,3,9
2400238,2024,57,5,1-57-2024-005-06,6,1,3,00:05,1,1,9,97,1,0,9,2,2,95,95,95,95,95,95,95,0,1,0,125.615334188791,1,9
2400239,2024,57,6,1-57-2024-006-03,3,1,6,16:24,2,2,9,97,1,0,6,2,2,95,95,95,95,95,95,95,1,1,0,40.3695381904975,1,9
2400240,2024,26,3,1-26-2024-003-06,6,1,1,11:43,2,1,1,3,1,0,4,2,9,95,95,95,95,95,95,95,0,1,0,855.626158255573,10,9
2400241,2024,26,4,1-26-2024-004-06,6,1,5,16:28,1,2,99,99,0,0,0,2,2,95,95,95,95,95,95,95,4,1,0,855.626158255573,10,9
2400243,2024,15,6,1-15-2024-006-03,3,1,2,17:50,1,2,0,0,0,0,4,9,9,95,95,95,95,95,95,95,4,1,0,18.4079052843847,1,9
2400244,2024,15,7,1-15-2024-007-08,8,1,1,13:45,5,1,0,0,0,0,3,2,2,95,95,95,95,95,95,95,0,1,0,15.788345713656,1,9
2400247,2024,21,4,1-21-2024-004-03,3,1,5,04:45,1,2,9,97,1,0,0,2,2,95,95,95,95,95,95,95,4,1,0,127.696919509624,11,9
2400248,2024,22,4,1-22-2024-004-NM2,22,1,3,14:19,1,1,95,95,95,95,95,9,9,1,1,1,0,0,9,9,0,0,1,105.99041920132,12,9
2400249,2024,22,5,1-22-2024-005-04,4,1,7,23:39,1,1,0,0,0,0,0,2,2,95,95,95,95,95,95,95,0,1,0,191.581178145966,12,9
2400250,2024,22,6,1-22-2024-006-03,3,1,2,17:16,2,2,1,1,1,0,4,1,2,95,95,95,95,95,95,95,4,1,0,42.1405403497324,12,9
2400251,2024,28,4,1-28-2024-004-06,6,1,5,08:59,3,1,2,5,1,0,6,2,2,95,95,95,95,95,95,95,0,1,0,44.5186799027896,3,9
2400252,2024,28,5,1-28-2024-005-10,10,1,1,22:45,3,1,0,0,0,0,0,2,2,95,95,95,95,95,95,95,0,1,0,80.5683609045318,3,9
2400255,2024,29,4,1-29-2024-004-03,3,1,1,16:11,1,2,9,97,1,0,8,2,2,95,95,95,95,95,95,95,2,1,0,190.394970171206,2,9
2400256,2024,66,4,1-66-2024-004-09,9,1,5,12:17,3,1,2,9,1,0,3,2,1,95,95,95,95,95,95,95,0,1,0,97.5596917228585,6,9
2400257,2024,82,8,1-82-2024-008-06,6,1,6,16:18,2,2,1,1,1,0,4,2,2,95,95,95,95,95,95,95,4,1,0,194.188153888718,1,9
2400258,2024,29,5,1-29-2024-005-04,4,1,4,07:06,1,2,0,0,0,0,0,2,2,95,95,95,95,95,95,95,1,1,0,701.385085277064,2,9
2400259,2024,76,5,1-76-2024-005-03,3,1,5,20:29,4,1,99,99,0,0,9,9,9,95,95,95,95,95,95,95,0,1,0,80.9363528734549,3,9
2400260,2024,15,9,1-15-2024-009-04,4,1,3,18:13,1,2,0,0,0,0,0,9,9,95,95,95,95,95,95,95,1,1,0,69.967844187878,1,9
2400261,2024,15,10,1-15-2024-010-04,4,1,5,00:30,1,1,99,99,0,0,0,9,9,95,95,95,95,95,95,95,0,1,0,69.9678441688079,1,9
2400262,2024,79,10,1-79-2024-010-06,6,1,7,05:15,1,2,1,1,1,0,4,1,1,95,95,95,95,95,95,95,4,1,0,146.574045627854,8,9
2400263,2024,21,5,1-21-2024-005-08,8,1,1,00:55,3,2,3,22,4,1,3,1,1,95,95,95,95,95,95,95,0,1,0,74.902781366511,11,9
2400264,2024,16,7,1-16-2024-007-05,5,1,3,14:47,5,1,3,14,1,1,3,2,2,95,95,95,95,95,95,95,0,1,0,76.4760312858943,5,9
2400268,2024,30,6,1-30-2024-006-07,7,1,3,07:57,1,2,0,0,0,0,0,2,2,95,95,95,95,95,95,95,4,1,0,1328.37655086562,10,9
2400269,2024,30,7,1-30-2024-007-06,6,1,4,22:45,1,2,0,0,0,0,0,2,2,95,95,95,95,95,95,95,4,1,0,370.101700695762,10,9
2400270,2024,10,4,1-10-2024-004-06,6,1,2,07:05,4,4,1,2,1,0,4,2,2,95,95,95,95,95,95,95,1,1,0,792.161065836576,4,9
2400271,2024,10,5,1-10-2024-005-01,1,1,1,02:19,1,1,5,26,1,1,1,1,1,95,95,95,95,95,95,95,0,1,0,29.6296036839938,4,9
2400272,2024,23,5,1-23-2024-005-09,9,1,4,05:57,4,2,2,4,2,0,4,2,2,95,95,95,95,95,95,95,4,1,0,2575.71266666093,5,9
2400273,2024,23,6,1-23-2024-006-02,2,1,6,06:38,3,1,2,9,1,0,3,2,2,95,95,95,95,95,95,95,0,1,0,62.9617318466021,5,9
2400274,2024,62,10,1-62-2024-010-09,9,1,3,13:42,1,2,1,1,1,0,4,9,9,95,95,95,95,95,95,95,4,1,0,2924.41234542523,7,9
2400275,2024,62,11,1-62-2024-011-01,1,1,5,07:56,1,2,3,14,1,1,1,9,9,95,95,95,95,95,95,95,1,1,0,49.4790764290765,7,9
2400276,2024,62,12,1-62-2024-012-04,4,1,4,17:17,1,1,0,0,0,0,0,9,9,95,95,95,95,95,95,95,0,1,0,1242.8687815942,7,9
2400277,2024,77,7,1-77-2024-007-03,3,1,7,05:48,2,1,0,0,0,0,0,2,9,95,95,95,95,95,95,95,0,1,0,65.1275025618817,9,9
2400278,2024,77,8,1-77-2024-008-09,9,1,2,22:49,2,1,0,0,0,0,0,2,9,95,95,95,95,95,95,95,0,1,0,628.167863029543,9,9
2400279,2024,77,9,1-77-2024-009-08,8,1,2,18:14,1,1,2,5,1,0,4,2,2,95,95,95,95,95,95,95,0,1,0,102.349519441103,9,9
2400281,2024,59,10,1-59-2024-010-07,7,1,2,05:53,1,2,0,0,0,0,0,2,2,95,95,95,95,95,95,95,4,1,0,440.862031028439,6,9
2400282,2024,59,11,1-59-2024-011-02,2,1,5,09:59,1,2,1,2,1,0,4,1,2,95,95,95,95,95,95,95,2,1,0,48.7900687173874,6,9
2400283,2024,59,12,1-59-2024-012-04,4,1,4,12:27,1,2,0,0,0,0,0,2,2,95,95,95,95,95,95,95,4,1,0,133.446453331706,6,9
2400287,2024,81,9,1-81-2024-009-06,6,1,2,02:05,1,1,1,1,1,0,0,1,2,95,95,95,95,95,95,95,0,1,0,1021.97406520686,8,9
2400289,2024,13,5,1-13-2024-005-03,3,1,2,10:58,3,2,99,99,0,0,0,9,9,95,95,95,95,95,95,95,4,1,0,411.723945645397,7,9
2400290,2024,13,6,1-13-2024-006-02,2,1,3,07:35,1,2,1,2,1,0,4,9,9,95,95,95,95,95,95,95,4,1,0,9.13287494953795,7,9
2400291,2024,13,7,1-13-2024-007-09,9,1,3,08:59,1,1,9,97,1,0,0,9,9,95,95,95,95,95,95,95,0,1,0,3966.28929239835,7,9
2400292,2024,48,13,1-48-2024-013-04,4,1,7,17:30,2,1,0,0,0,0,0,2,2,95,95,95,95,95,95,95,0,1,0,85.7677087053401,12,9
2400293,2024,48,14,1-48-2024-014-03,3,1,7,06:29,4,3,0,0,0,0,0,2,2,95,95,95,95,95,95,95,4,1,0,54.9604072040948,12,9
2400296,2024,18,8,1-18-2024-008-06,6,1,6,08:06,1,2,1,1,1,0,4,2,2,95,95,95,95,95,95,95,1,1,0,66.0930169005829,6,9
2400298,2024,18,10,1-18-2024-010-10,10,1,3,17:55,1,1,0,0,0,0,0,2,2,95,95,95,95,95,95,95,0,1,0,3126.95454427084,6,9
2400299,2024,18,11,1-18-2024-011-04,4,1,1,23:10,2,1,0,0,0,0,0,2,2,95,95,95,95,95,95,95,0,1,0,83.4959792301343,6,9
2400300,2024,54,11,1-54-2024-011-10,10,1,2,10:00,1,1,0,0,0,0,0,2,2,95,95,95,95,95,95,95,0,1,0,297.406603751546,9,9
2400301,2024,54,12,1-54-2024-012-07,7,1,7,05:05,1,1,1,3,1,0,6,2,2,95,95,95,95,95,95,95,0,1,0,163.639088013261,9,9
2400302,2024,54,13,1-54-2024-013-07,7,1,6,07:53,1,2,99,99,0,0,9,2,2,95,95,95,95,95,95,95,2,1,0,163.639088013261,9,9
2400303,2024,54,14,1-54-2024-014-07,7,1,4,06:50,1,2,1,1,1,0,0,2,2,95,95,95,95,95,95,95,4,1,0,163.639088013261,9,9
2400304,2024,73,8,1-73-2024-008-07,7,1,4,05:55,1,2,0,0,0,0,0,9,9,95,95,95,95,95,95,95,4,1,0,208.599488788625,3,9
2400305,2024,73,9,1-73-2024-009-04,4,1,2,17:12,1,1,0,0,0,0,0,9,9,95,95,95,95,95,95,95,0,1,0,54.3106720874916,3,9
2400306,2024,73,10,1-73-2024-010-04,4,1,4,18:14,1,1,0,0,0,0,0,9,9,95,95,95,95,95,95,95,0,1,0,54.3106720874916,3,9
2400307,2024,73,11,1-73-2024-011-04,4,1,6,15:07,1,2,0,0,0,0,0,9,9,95,95,95,95,95,95,95,4,1,0,54.3106720874916,3,9
2400308,2024,48,15,1-48-2024-015-07,7,1,6,04:29,1,1,0,0,0,0,0,2,2,95,95,95,95,95,95,95,0,1,0,225.436509667209,12,9
2400309,2024,81,11,1-81-2024-011-03,3,1,1,00:00,1,2,99,99,0,0,9,9,9,95,95,95,95,95,95,95,4,1,0,275.889085247726,8,9
2400310,2024,67,4,1-67-2024-004-05,5,1,5,09:43,1,2,1,2,1,0,4,2,2,95,95,95,95,95,95,95,4,1,0,96.9891704382482,7,9
2400311,2024,79,11,1-79-2024-011-06,6,1,3,06:32,2,2,3,19,2,1,3,9,9,95,95,95,95,95,95,95,4,1,0,537.61971125089,8,9
2400312,2024,79,12,1-79-2024-012-05,5,1,5,11:14,1,1,1,1,1,0,6,2,2,95,95,95,95,95,95,95,0,1,0,121.577378642075,8,9
2400313,2024,17,8,1-17-2024-008-08,8,1,2,02:47,1,1,2,5,1,0,3,1,2,95,95,95,95,95,95,95,0,1,0,98.1097831692489,4,9
2400314,2024,17,9,1-17-2024-009-03,3,1,3,18:46,1,2,1,1,1,0,4,2,2,95,95,95,95,95,95,95,4,1,0,60.7880401010966,4,9
2400316,2024,17,11,1-17-2024-011-07,7,1,4,07:33,3,2,0,0,0,0,5,2,2,95,95,95,95,95,95,95,4,1,0,794.522848000315,4,9
2400317,2024,59,14,1-59-2024-014-04,4,1,3,11:24,5,3,0,0,0,0,0,2,2,95,95,95,95,95,95,95,4,1,0,133.446453331706,6,9
2400319,2024,33,3,1-33-2024-003-07,7,1,3,19:50,1,2,0,0,0,0,0,2,2,95,95,95,95,95,95,95,4,1,0,340.191805857762,12,9
2400320,2024,19,7,1-19-2024-007-03,3,1,2,08:19,2,3,0,0,0,0,4,2,2,95,95,95,95,95,95,95,1,1,0,102.392802520555,9,9
2400321,2024,19,8,1-19-2024-008-05,5,1,3,10:10,2,2,2,5,1,0,3,2,2,95,95,95,95,95,95,95,4,1,0,49.1552833588875,9,9
2400322,2024,12,7,1-12-2024-007-05,5,1,2,02:06,2,1,3,10,2,1,3,1,1,95,95,95,95,95,95,95,0,1,0,241.497853716308,9,9
2400323,2024,12,8,1-12-2024-008-04,4,1,3,21:14,2,1,1,1,3,0,0,2,2,95,95,95,95,95,95,95,0,1,0,272.072310301009,9,9
2400325,2024,12,10,1-12-2024-010-02,2,1,2,02:41,1,1,3,11,1,1,3,2,2,95,95,95,95,95,95,95,0,1,0,221.517683883591,9,9
2400326,2024,12,9,1-12-2024-009-09,9,1,1,18:28,1,2,1,2,1,0,4,2,2,95,95,95,95,95,95,95,4,1,0,517.295150771829,9,9
2400327,2024,30,8,1-30-2024-008-03,3,1,4,09:34,2,2,1,1,2,0,4,2,2,95,95,95,95,95,95,95,4,1,0,147.061529962125,10,9
2400329,2024,30,10,1-30-2024-010-03,3,1,6,17:09,3,3,99,99,0,0,0,2,2,95,95,95,95,95,95,95,4,1,0,147.061529949055,10,9
2400330,2024,30,11,1-30-2024-011-04,4,1,1,13:27,1,2,0,0,0,0,0,2,2,95,95,95,95,95,95,95,4,1,0,687.170044972848,10,9
2400332,2024,20,6,1-20-2024-006-04,4,1,5,00:24,3,1,0,0,0,0,0,1,2,95,95,95,95,95,95,95,0,1,0,136.860096301972,11,9
2400333,2024,20,7,1-20-2024-007-06,6,1,2,13:17,2,2,99,99,0,0,9,2,2,95,95,95,95,95,95,95,5,1,0,119.111028080302,11,9
2400334,2024,77,11,1-77-2024-011-06,6,1,2,16:43,1,2,1,1,1,0,4,2,2,95,95,95,95,95,95,95,1,1,0,329.081744532079,9,9
2400335,2024,11,6,1-11-2024-006-03,3,1,6,17:05,1,2,1,1,3,0,4,2,2,95,95,95,95,95,95,95,1,1,0,84.2498727782102,8,9
2400337,2024,11,8,1-11-2024-008-04,4,1,6,13:50,1,2,0,0,0,0,0,2,2,95,95,95,95,95,95,95,4,1,0,308.948683709192,8,9
2400338,2024,24,5,1-24-2024-005-04,4,1,6,11:34,3,3,0,0,0,0,0,2,2,95,95,95,95,95,95,95,4,1,0,265.224620418869,1,9
2400339,2024,24,6,1-24-2024-006-08,8,1,6,23:25,1,2,3,17,4,2,1,2,2,95,95,95,95,95,95,95,2,1,0,59.5669287216797,1,9
2400340,2024,24,7,1-24-2024-007-08,8,1,2,19:33,6,2,2,5,2,0,3,1,2,95,95,95,95,95,95,95,1,1,0,59.5669287216797,1,9
2400342,2024,25,6,1-25-2024-006-03,3,1,4,17:45,2,3,3,11,2,1,3,2,2,95,95,95,95,95,95,95,4,1,0,123.15049611068,2,9
2400343,2024,25,7,1-25-2024-007-09,9,1,1,13:37,2,1,0,0,0,0,4,2,1,95,95,95,95,95,95,95,0,1,0,1070.93065887179,2,9
2400344,2024,14,4,1-14-2024-004-09,9,1,5,07:01,1,2,9,97,1,0,0,9,9,95,95,95,95,95,95,95,5,1,0,1299.85084492369,8,9
2400345,2024,14,5,1-14-2024-005-07,7,1,5,07:20,1,2,0,0,0,0,0,9,9,95,95,95,95,95,95,95,1,1,0,1828.86190504672,8,9
2400346,2024,60,7,1-60-2024-007-03,3,1,2,09:29,1,2,1,1,1,0,4,2,2,95,95,95,95,95,95,95,9,1,0,345.48704437529,8,9
2400348,2024,16,9,1-16-2024-009-01,1,1,4,12:53,7,3,6,75,1,1,1,1,1,95,95,95,95,95,95,95,0,1,0,15.8174891263142,5,9
2400349,2024,16,10,1-16-2024-010-04,4,1,3,18:48,2,3,0,0,0,0,0,2,2,95,95,95,95,95,95,95,4,1,0,437.74021765386,5,9
2400351,2024,69,7,1-69-2024-007-05,5,1,5,15:53,1,1,3,27,1,1,3,2,1,95,95,95,95,95,95,95,0,1,0,9.01516669072706,8,9
2400352,2024,69,8,1-69-2024-008-06,6,1,4,07:28,1,2,1,1,1,0,4,2,2,95,95,95,95,95,95,95,1,1,0,283.459404118065,8,9
2400353,2024,76,6,1-76-2024-006-10,10,1,4,06:14,1,1,0,0,0,0,0,9,9,95,95,95,95,95,95,95,0,1,0,84.6789860292199,3,9
2400354,2024,76,7,1-76-2024-007-07,7,1,2,01:45,2,1,9,97,2,0,9,9,9,95,95,95,95,95,95,95,0,1,0,72.7960942583928,3,9
2400355,2024,76,8,1-76-2024-008-04,4,1,1,13:13,2,1,0,0,0,0,0,9,9,95,95,95,95,95,95,95,0,1,0,86.4714255045695,3,9
2400356,2024,76,9,1-76-2024-009-07,7,1,1,15:45,3,1,0,0,0,0,0,9,9,95,95,95,95,95,95,95,0,1,0,72.7960942583928,3,9
2400357,2024,25,5,1-25-2024-005-06,6,1,5,11:02,1,2,0,0,0,0,4,9,9,95,95,95,95,95,95,95,1,1,0,456.185546555652,2,9
2400359,2024,52,4,1-52-2024-004-03,3,1,1,13:40,1,2,1,1,1,0,0,2,2,95,95,95,95,95,95,95,4,1,0,68.9591235242687,12,9
2400360,2024,32,8,1-32-2024-008-03,3,1,2,12:35,1,2,99,99,0,0,9,2,2,95,95,95,95,95,95,95,1,1,0,117.958565984753,7,9
2400361,2024,32,9,1-32-2024-009-06,6,1,2,09:40,2,1,1,2,1,0,4,2,1,95,95,95,95,95,95,95,0,1,0,436.953115043188,7,9
2400364,2024,82,11,1-82-2024-011-04,4,1,3,22:18,1,1,0,0,0,0,0,2,2,95,95,95,95,95,95,95,0,1,0,562.692885591091,1,9
2400365,2024,52,3,1-52-2024-003-07,7,1,2,02:00,2,2,1,1,2,0,4,1,9,95,95,95,95,95,95,95,4,1,0,1615.30739878604,12,9
2400366,2024,32,12,1-32-2024-012-08,8,1,7,08:02,1,1,5,33,1,1,3,2,9,95,95,95,95,95,95,95,0,1,0,82.3211387868321,7,9
2400367,2024,32,13,1-32-2024-013-04,4,1,3,19:49,2,2,0,0,0,0,0,2,2,95,95,95,95,95,95,95,4,1,0,437.229111981031,7,9
2400368,2024,57,7,1-57-2024-007-06,6,1,3,15:50,1,2,9,97,1,0,9,9,9,95,95,95,95,95,95,95,4,1,0,292.912717603309,1,9
2400369,2024,57,8,1-57-2024-008-08,8,1,1,12:48,2,1,9,97,1,0,8,2,2,95,95,95,95,95,95,95,0,1,0,73.1668973237709,1,9
2400370,2024,28,6,1-28-2024-006-09,9,1,5,17:55,4,1,9,97,1,0,9,2,2,95,95,95,95,95,95,95,0,1,0,112.3042323572,3,9
2400371,2024,28,7,1-28-2024-007-03,3,1,7,17:53,1,1,1,1,1,0,4,2,2,95,95,95,95,95,95,95,0,1,0,28.3089754479373,3,9
2400373,2024,28,9,1-28-2024-009-04,4,1,1,17:34,2,1,0,0,0,0,0,2,2,95,95,95,95,95,95,95,0,1,0,71.2959194174348,3,9
2400376,2024,27,12,1-27-2024-012-03,3,1,1,08:22,1,2,1,1,2,0,4,2,2,95,95,95,95,95,95,95,4,1,0,11.8514312322575,3,9
2400377,2024,27,13,1-27-2024-013-06,6,1,3,17:21,4,1,1,2,3,0,4,2,9,95,95,95,95,95,95,95,0,1,0,61.805879129382,3,9
2400378,2024,28,10,1-28-2024-010-07,7,1,7,14:51,1,2,0,0,0,0,0,2,2,95,95,95,95,95,95,95,4,1,0,214.278819624665,3,9
2400379,2024,20,8,1-20-2024-008-07,7,1,4,17:20,2,3,1,1,1,0,4,1,2,95,95,95,95,95,95,95,1,1,0,432.198032471815,11,9
2400380,2024,82,12,1-82-2024-012-04,4,1,4,12:58,1,2,0,0,0,0,0,2,2,95,95,95,95,95,95,95,4,1,0,562.692885550509,1,9
2400381,2024,22,7,1-22-2024-007-10,10,1,2,22:50,1,1,0,0,0,0,0,2,2,95,95,95,95,95,95,95,0,1,0,690.106980890975,12,9
2400382,2024,22,8,1-22-2024-008-09,9,1,2,08:55,1,1,99,99,0,0,0,2,2,95,95,95,95,95,95,95,0,1,0,106.253945996444,12,9
2400383,2024,22,9,1-22-2024-009-07,7,1,7,18:43,1,1,0,0,0,0,0,9,9,95,95,95,95,95,95,95,0,1,0,124.897930025658,12,9
2400384,2024,22,10,1-22-2024-010-09,9,1,3,14:23,1,2,1,1,1,0,4,2,2,95,95,95,95,95,95,95,4,1,0,82.5530701270361,12,9
2400385,2024,15,11,1-15-2024-011-04,4,1,6,20:55,2,2,0,0,0,0,0,9,9,95,95,95,95,95,95,95,1,1,0,55.2798962387699,1,9
2400386,2024,15,12,1-15-2024-012-05,5,1,7,12:49,3,2,1,1,2,0,4,9,1,95,95,95,95,95,95,95,4,1,0,6.82003949815675,1,9
2400388,2024,15,14,1-15-2024-014-07,7,1,7,12:45,1,2,0,0,0,0,0,9,9,95,95,95,95,95,95,95,4,1,0,314.881929096078,1,9
2400389,2024,26,5,1-26-2024-005-02,2,1,4,14:52,2,3,2,5,2,0,3,2,2,95,95,95,95,95,95,95,1,1,0,21.1529220587709,10,9
2400390,2024,26,6,1-26-2024-006-02,2,1,2,18:23,7,4,2,5,4,0,3,1,1,95,95,95,95,95,95,95,5,1,0,21.1529220587709,10,9
2400391,2024,26,7,1-26-2024-007-03,3,1,2,11:31,3,3,2,6,1,0,4,2,2,95,95,95,95,95,95,95,4,1,0,452.994694882318,10,9
2400393,2024,21,7,1-21-2024-007-06,6,1,7,13:45,6,2,1,2,1,0,4,2,2,95,95,95,95,95,95,95,1,1,0,372.971644380709,11,9
2400394,2024,21,8,1-21-2024-008-06,6,1,7,20:24,1,2,0,0,0,0,4,1,1,95,95,95,95,95,95,95,9,1,0,372.971644325078,11,9
2400399,2024,16,12,1-16-2024-012-05,5,1,1,14:39,5,2,1,1,1,0,4,9,9,95,95,95,95,95,95,95,5,1,0,15.6592746300539,5,9
2400400,2024,48,17,1-48-2024-017-09,9,1,6,21:05,1,1,9,97,1,0,0,2,2,95,95,95,95,95,95,95,0,1,0,101.415372752228,12,9
2400401,2024,31,4,1-31-2024-004-09,9,1,2,08:10,2,1,1,1,1,0,4,2,9,95,95,95,95,95,95,95,0,1,0,161.39423315543,6,9
2400402,2024,31,5,1-31-2024-005-07,7,1,6,05:21,1,1,0,0,0,0,0,9,9,95,95,95,95,95,95,95,0,1,0,230.868935151332,6,9
2400403,2024,31,6,1-31-2024-006-08,8,1,3,19:21,1,1,1,1,1,0,4,2,2,95,95,95,95,95,95,95,0,1,0,222.937813489072,6,9
2400404,2024,31,7,1-31-2024-007-07,7,1,3,05:50,1,2,0,0,0,0,0,2,2,95,95,95,95,95,95,95,1,1,0,230.868935151332,6,9
2400405,2024,27,14,1-27-2024-014-04,4,1,4,08:25,1,2,0,0,0,0,0,2,2,95,95,95,95,95,95,95,4,1,0,41.3707233122351,3,9
2400406,2024,29,6,1-29-2024-006-03,3,1,5,21:44,1,1,0,0,0,0,4,1,2,95,95,95,95,95,95,95,0,1,0,841.96957708731,2,9
2400407,2024,29,7,1-29-2024-007-04,4,1,3,18:23,1,2,0,0,0,0,0,2,2,95,95,95,95,95,95,95,1,1,0,3101.68332155677,2,9
2400408,2024,66,5,1-66-2024-005-07,7,1,2,20:50,1,1,0,0,0,0,0,2,2,95,95,95,95,95,95,95,0,1,0,133.367571576148,6,9
2400409,2024,66,6,1-66-2024-006-10,10,1,1,17:11,1,2,0,0,0,0,0,2,2,95,95,95,95,95,95,95,4,1,0,242.389498710963,6,9
2400410,2024,21,9,1-21-2024-009-08,8,1,1,12:30,1,1,2,12,1,0,3,2,2,95,95,95,95,95,95,95,0,1,0,70.3079544036467,11,9
2400411,2024,27,15,1-27-2024-015-06,6,1,2,19:16,1,2,1,1,1,0,0,2,2,95,95,95,95,95,95,95,1,1,0,41.6891280851768,3,9
2400412,2024,30,12,1-30-2024-012-08,8,1,5,02:24,2,1,2,5,1,0,4,2,1,95,95,95,95,95,95,95,0,1,0,134.135999343334,10,9
2400413,2024,15,15,1-15-2024-015-03,3,1,1,00:45,2,2,1,1,1,0,9,9,9,95,95,95,95,95,95,95,2,1,0,14.5436393843836,1,9
2400414,2024,16,13,1-16-2024-013-06,6,1,7,12:39,1,2,2,9,2,0,3,2,2,95,95,95,95,95,95,95,2,1,0,405.229056944154,5,9
2400415,2024,17,12,1-17-2024-012-06,6,1,3,07:57,1,2,2,4,1,0,4,2,2,95,95,95,95,95,95,95,4,1,0,225.176724198035,4,9
2400416,2024,33,4,1-33-2024-004-07,7,1,2,12:20,1,2,0,0,0,0,0,2,2,95,95,95,95,95,95,95,1,1,0,340.191805857762,12,9
2400417,2024,18,12,1-18-2024-012-06,6,1,3,14:50,1,2,99,99,0,0,9,2,2,95,95,95,95,95,95,95,1,1,0,66.0930169005829,6,9
2400418,2024,10,6,1-10-2024-006-04,4,1,2,14:49,1,2,0,0,0,0,0,2,2,95,95,95,95,95,95,95,4,1,0,615.9949585601,4,9
2400419,2024,10,7,1-10-2024-007-06,6,2,7,16:55,1,2,0,0,0,0,4,2,2,95,95,95,95,95,95,95,4,1,0,529.49150245627,4,9
2400421,2024,77,13,1-77-2024-013-06,6,1,2,11:48,1,2,0,0,0,0,0,2,2,95,95,95,95,95,95,95,9,1,0,589.423606928976,9,9
2400422,2024,77,14,1-77-2024-014-08,8,1,2,20:07,5,1,1,1,1,0,4,1,2,95,95,95,95,95,95,95,0,1,0,157.408312207112,9,9
2400423,2024,77,15,1-77-2024-015-06,6,1,3,17:15,2,3,99,99,0,0,0,2,2,95,95,95,95,95,95,95,1,1,0,589.423606928976,9,9
2400424,2024,81,12,1-81-2024-012-07,7,1,2,06:35,1,2,99,99,0,0,0,2,2,95,95,95,95,95,95,95,4,1,0,9063.48157464611,8,9
2400425,2024,81,13,1-81-2024-013-08,8,2,7,07:55,1,1,2,5,3,0,3,1,2,95,95,95,95,95,95,95,0,1,0,473.74855910244,8,9
2400427,2024,62,14,1-62-2024-014-03,3,1,2,18:59,1,2,1,1,2,0,4,2,2,95,95,95,95,95,95,95,4,1,0,402.933322817671,7,9
2400428,2024,62,15,1-62-2024-015-03,3,1,6,13:11,3,2,1,1,1,0,4,9,9,95,95,95,95,95,95,95,4,1,0,402.933322814975,7,9
2400429,2024,59,15,1-59-2024-015-05,5,1,2,21:00,1,1,1,1,1,0,4,2,2,95,95,95,95,95,95,95,0,1,0,53.1907731759788,6,9
2400430,2024,59,16,1-59-2024-016-01,1,1,3,09:09,1,1,4,26,1,1,1,2,1,95,95,95,95,95,95,95,0,1,0,53.4084683471652,6,9
2400431,2024,59,17,1-59-2024-017-04,4,1,3,07:45,1,2,0,0,0,0,0,2,2,95,95,95,95,95,95,95,1,1,0,413.969194806684,6,9
2400432,2024,59,18,1-59-2024-018-09,9,2,6,18:33,2,2,9,97,1,0,9,2,2,95,95,95,95,95,95,95,4,1,0,656.937720347964,6,9
2400433,2024,54,15,1-54-2024-015-02,2,2,7,02:05,2,1,3,11,3,1,4,2,2,95,95,95,95,95,95,95,0,1,0,132.981711816027,9,9
2400435,2024,54,17,1-54-2024-017-10,10,1,1,19:44,1,2,0,0,0,0,0,2,2,95,95,95,95,95,95,95,1,1,0,446.109905627319,9,9
2400436,2024,54,18,1-54-2024-018-09,9,1,2,11:59,1,2,9,97,1,0,9,2,2,95,95,95,95,95,95,95,4,1,0,117.274582131211,9,9
2400437,2024,13,8,1-13-2024-008-01,1,1,4,01:56,3,1,3,11,1,1,1,1,1,95,95,95,95,95,95,95,0,1,0,40.3492319807666,7,9
2400438,2024,13,9,1-13-2024-009-06,6,1,7,19:53,3,1,2,4,1,0,4,2,9,95,95,95,95,95,95,95,0,1,0,1232.50475036611,7,9
2400439,2024,13,10,1-13-2024-010-04,4,1,2,12:22,3,1,0,0,0,0,0,9,9,95,95,95,95,95,95,95,0,1,0,1455.25041551642,7,9
2400440,2024,48,18,1-48-2024-018-08,8,1,4,22:14,1,1,2,5,2,0,3,2,2,95,95,95,95,95,95,95,0,1,0,96.1411607504999,12,9
2400441,2024,48,19,1-48-2024-019-06,6,1,3,08:20,1,2,3,27,2,1,3,2,2,95,95,95,95,95,95,95,4,1,0,331.155309276651,12,9
2400442,2024,18,13,1-18-2024-013-04,4,1,7,23:33,2,2,99,99,0,0,9,1,2,95,95,95,95,95,95,95,2,1,0,151.429476813471,6,9
2400443,2024,18,14,1-18-2024-014-04,4,1,3,12:05,2,1,0,0,0,0,0,2,2,95,95,95,95,95,95,95,0,1,0,151.429476813471,6,9
2400444,2024,18,15,1-18-2024-015-03,3,1,6,18:10,1,1,99,99,0,0,0,2,2,95,95,95,95,95,95,95,0,1,0,34.6070615401308,6,9
2400446,2024,62,13,1-62-2024-013-01,1,1,7,18:13,4,2,3,22,1,1,1,9,1,95,95,95,95,95,95,95,1,1,0,59.5483306771287,7,9
2400447,2024,67,5,1-67-2024-005-NM2,22,2,7,14:38,1,1,95,95,95,95,95,2,2,1,1,1,0,0,2,9,0,0,1,483.798087598719,7,9
2400448,2024,82,13,1-82-2024-013-NM2,22,1,3,08:34,1,1,95,95,95,95,95,9,9,9,97,1,0,8,9,9,0,0,1,387.535062825824,1,9
2400449,2024,82,14,1-82-2024-014-03,3,1,4,13:05,3,3,0,0,0,0,0,2,2,95,95,95,95,95,95,95,4,1,0,172.284856255446,1,9
2400450,2024,12,11,1-12-2024-011-03,3,1,5,12:10,7,1,1,2,1,0,4,2,1,95,95,95,95,95,95,95,0,1,0,164.057323491007,9,9
2400451,2024,12,12,1-12-2024-012-06,6,1,3,04:33,1,1,1,1,1,0,4,1,1,95,95,95,95,95,95,95,0,1,0,479.780340296165,9,9
2400452,2024,33,5,1-33-2024-005-08,8,1,4,18:00,1,1,2,5,1,0,6,2,1,95,95,95,95,95,95,95,0,1,0,68.2200589003777,12,9
2400453,2024,33,6,1-33-2024-006-01,1,1,6,16:55,4,1,3,10,1,1,1,1,1,95,95,95,95,95,95,95,0,1,0,35.1791324819626,12,9
2400456,2024,19,9,1-19-2024-009-03,3,2,5,12:57,2,2,1,3,2,0,4,2,2,95,95,95,95,95,95,95,4,1,0,77.5073834776398,9,9
2400457,2024,19,10,1-19-2024-010-03,3,1,4,19:22,1,2,9,97,1,0,9,2,2,95,95,95,95,95,95,95,9,1,0,77.5073834776398,9,9
2400458,2024,23,7,1-23-2024-007-03,3,1,2,22:15,3,1,99,99,0,0,9,2,2,95,95,95,95,95,95,95,0,1,0,67.0121986366785,5,9
2400459,2024,23,8,1-23-2024-008-06,6,1,2,13:30,1,2,99,99,0,0,4,2,2,95,95,95,95,95,95,95,6,1,0,248.232832399594,5,9
2400460,2024,20,9,1-20-2024-009-10,10,1,5,13:49,3,1,0,0,0,0,0,2,9,95,95,95,95,95,95,95,0,1,0,4482.88774982948,11,9
2400462,2024,20,11,1-20-2024-011-05,5,1,7,22:24,2,1,9,97,1,0,8,1,2,95,95,95,95,95,95,95,0,1,0,19.9171728154044,11,9
2400463,2024,17,13,1-17-2024-013-03,3,1,7,11:49,4,1,1,1,1,0,3,2,2,95,95,95,95,95,95,95,0,1,0,60.1064786597745,4,9
2400465,2024,17,15,1-17-2024-015-09,9,1,4,20:25,1,2,0,0,0,0,6,2,2,95,95,95,95,95,95,95,1,1,0,274.320609978229,4,9
2400466,2024,17,16,1-17-2024-016-07,7,2,6,15:15,1,2,0,0,0,0,0,9,9,95,95,95,95,95,95,95,1,1,0,294.521780483511,4,9
2400467,2024,30,13,1-30-2024-013-03,3,1,2,19:30,3,1,99,99,0,0,0,2,2,95,95,95,95,95,95,95,0,1,0,244.56972641216,10,9
2400468,2024,30,14,1-30-2024-014-03,3,1,4,14:14,2,2,1,1,1,0,4,2,2,95,95,95,95,95,95,95,4,1,0,244.56972649451,10,9
2400469,2024,30,15,1-30-2024-015-03,3,1,6,22:11,1,2,99,99,0,0,0,2,2,95,95,95,95,95,95,95,4,1,0,244.569726390693,10,9
2400470,2024,30,16,1-30-2024-016-NM2,22,1,3,07:37,2,1,95,95,95,95,95,2,2,1,1,1,0,4,2,2,0,0,1,614.931666902505,10,9
2400471,2024,73,12,1-73-2024-012-03,3,1,7,10:07,1,2,0,0,0,0,4,9,9,95,95,95,95,95,95,95,9,1,0,24.7530556281062,3,9
2400472,2024,73,13,1-73-2024-013-03,3,1,6,09:48,2,2,1,1,1,0,3,9,9,95,95,95,95,95,95,95,6,1,0,24.7530556281062,3,9
2400473,2024,73,14,1-73-2024-014-04,4,1,6,10:43,2,2,0,0,0,0,0,9,9,95,95,95,95,95,95,95,4,1,0,151.097341902945,3,9
2400474,2024,73,15,1-73-2024-015-06,6,1,1,14:16,1,2,99,99,0,0,8,9,9,95,95,95,95,95,95,95,4,1,0,125.07432970974,3,9
2400475,2024,18,17,1-18-2024-017-09,9,1,2,17:05,4,1,99,99,0,0,0,2,2,95,95,95,95,95,95,95,0,1,0,225.042342558066,6,9
2400476,2024,11,10,1-11-2024-010-03,3,1,2,20:18,1,2,1,1,1,0,4,2,2,95,95,95,95,95,95,95,4,1,0,177.14570109594,8,9
2400477,2024,11,11,1-11-2024-011-04,4,1,4,11:08,1,2,0,0,0,0,0,2,2,95,95,95,95,95,95,95,1,1,0,649.602537945758,8,9
2400478,2024,11,12,1-11-2024-012-02,2,1,4,12:34,1,2,0,0,0,0,4,2,2,95,95,95,95,95,95,95,4,1,0,30.7614595081659,8,9
2400479,2024,24,8,1-24-2024-008-06,6,1,5,14:00,1,2,0,0,0,0,0,2,2,95,95,95,95,95,95,95,4,1,0,177.603839279044,1,9
2400482,2024,14,6,1-14-2024-006-03,3,1,1,12:07,1,2,0,0,0,0,4,9,9,95,95,95,95,95,95,95,1,1,0,585.300247424027,8,9
2400483,2024,14,7,1-14-2024-007-05,5,1,1,13:32,1,1,1,1,1,0,4,9,9,95,95,95,95,95,95,95,0,1,0,76.4230415651045,8,9
2400484,2024,16,14,1-16-2024-014-06,6,1,6,05:36,1,2,99,99,0,0,5,9,9,95,95,95,95,95,95,95,5,1,0,417.557410219575,5,9
2400485,2024,16,15,1-16-2024-015-03,3,1,4,02:00,3,1,99,99,0,0,5,9,9,95,95,95,95,95,95,95,0,1,0,112.722559097346,5,9
2400486,2024,16,16,1-16-2024-016-03,3,2,7,17:13,1,2,0,0,0,0,5,2,2,95,95,95,95,95,95,95,4,1,0,112.722559063275,5,9
2400487,2024,16,17,1-16-2024-017-08,8,2,6,14:14,3,3,5,38,1,1,3,1,1,95,95,95,95,95,95,95,1,1,0,94.1778924135248,5,9
2400488,2024,57,9,1-57-2024-009-NM1,21,1,2,17:38,1,1,0,0,0,0,0,2,2,1,1,1,0,8,2,2,0,1,1,15.1868109907281,1,9
2400489,2024,57,10,1-57-2024-010-07,7,1,7,12:09,2,3,1,1,1,0,4,2,2,95,95,95,95,95,95,95,1,1,0,4161.80828692966,1,9
2400490,2024,25,8,1-25-2024-008-03,3,2,5,18:26,4,1,0,0,0,0,4,2,9,95,95,95,95,95,95,95,0,1,0,168.492584658142,2,9
2400492,2024,25,10,1-25-2024-010-08,8,1,4,16:29,2,1,2,4,1,0,3,2,9,95,95,95,95,95,95,95,0,1,0,115.991726046301,2,9
2400493,2024,24,9,1-24-2024-009-03,3,1,4,01:39,3,1,9,97,1,0,0,1,9,95,95,95,95,95,95,95,0,1,0,57.0773068448119,1,9
2400494,2024,24,10,1-24-2024-010-03,3,1,2,18:15,1,2,1,3,2,0,4,2,2,95,95,95,95,95,95,95,4,1,0,57.0773068448119,1,9
2400495,2024,76,10,1-76-2024-010-04,4,1,7,17:25,2,1,0,0,0,0,0,9,9,95,95,95,95,95,95,95,0,1,0,167.149097164829,3,9
2400496,2024,76,11,1-76-2024-011-03,3,1,1,17:16,1,2,1,1,1,0,4,9,9,95,95,95,95,95,95,95,2,1,0,71.5495535595937,3,9
2400499,2024,52,5,1-52-2024-005-09,9,1,7,14:33,4,4,99,99,0,0,0,2,2,95,95,95,95,95,95,95,1,1,0,203.384126194142,12,9
2400500,2024,52,6,1-52-2024-006-03,3,1,1,13:07,2,2,1,1,1,0,4,9,9,95,95,95,95,95,95,95,5,1,0,23.1510657715199,12,9
2400501,2024,69,9,1-69-2024-009-03,3,2,5,05:09,1,2,1,1,1,0,4,2,2,95,95,95,95,95,95,95,4,1,0,53.1458448007769,8,9
2400502,2024,69,10,1-69-2024-010-03,3,2,5,16:15,1,2,1,1,2,0,4,2,2,95,95,95,95,95,95,95,4,1,0,53.1458448007769,8,9
2400503,2024,60,8,1-60-2024-008-03,3,1,5,06:39,1,2,0,0,0,0,4,2,2,95,95,95,95,95,95,95,1,1,0,298.61564899349,8,9
2400504,2024,76,12,1-76-2024-012-04,4,1,1,20:36,4,1,0,0,0,0,0,9,9,95,95,95,95,95,95,95,0,1,0,167.149097164829,3,9
2400505,2024,32,14,1-32-2024-014-06,6,1,6,18:14,1,2,9,97,1,0,0,9,9,95,95,95,95,95,95,95,4,1,0,3016.84209269126,7,9
2400506,2024,32,15,1-32-2024-015-02,2,2,7,11:38,3,3,2,4,1,0,4,2,2,95,95,95,95,95,95,95,5,1,0,16.1834771830848,7,9
2400507,2024,76,14,1-76-2024-014-04,4,1,3,17:26,2,1,0,0,0,0,0,9,9,95,95,95,95,95,95,95,0,1,0,167.149097164829,3,9
2400508,2024,27,16,1-27-2024-016-09,9,1,4,21:04,1,2,0,0,0,0,0,2,2,95,95,95,95,95,95,95,4,1,0,92.4966943327305,3,9
2400509,2024,27,17,1-27-2024-017-07,7,1,5,11:10,1,2,0,0,0,0,0,9,9,95,95,95,95,95,95,95,4,1,0,215.40102180113,3,9
2400511,2024,27,19,1-27-2024-019-04,4,1,2,12:03,1,2,0,0,0,0,0,2,9,95,95,95,95,95,95,95,5,1,0,55.1587910094803,3,9
2400512,2024,15,16,1-15-2024-016-03,3,1,2,08:00,2,2,1,2,1,0,4,9,9,95,95,95,95,95,95,95,2,1,0,20.3353299094226,1,9
2400513,2024,15,17,1-15-2024-017-03,3,1,2,08:00,1,2,1,1,1,0,4,9,9,95,95,95,95,95,95,95,4,1,0,20.3353299094226,1,9
2400514,2024,15,18,1-15-2024-018-NM2,22,2,5,07:21,1,1,95,95,95,95,95,9,2,9,97,1,0,8,9,9,0,0,1,48.0070740321826,1,9
2400515,2024,15,19,1-15-2024-019-06,6,2,5,07:45,2,2,0,0,0,0,4,2,2,95,95,95,95,95,95,95,1,1,0,75.3280244914705,1,9
2400516,2024,26,8,1-26-2024-008-05,5,1,6,12:40,5,2,4,21,2,1,3,2,2,95,95,95,95,95,95,95,4,1,0,21.9285367853072,10,9
2400518,2024,26,10,1-26-2024-010-NM2,22,1,7,02:05,1,1,95,95,95,95,95,9,9,1,1,1,0,3,2,9,0,0,1,585.861766834301,10,9
2400519,2024,21,10,1-21-2024-010-05,5,1,3,13:55,2,2,3,10,1,1,3,2,1,95,95,95,95,95,95,95,4,1,0,25.7030855752346,11,9
2400520,2024,21,11,1-21-2024-011-02,2,1,1,13:05,2,1,2,5,1,0,4,2,2,95,95,95,95,95,95,95,0,1,0,22.3979516230092,11,9
2400521,2024,21,12,1-21-2024-012-03,3,1,7,00:54,1,2,1,1,2,0,0,1,9,95,95,95,95,95,95,95,4,1,0,259.724843953535,11,9
2400522,2024,17,17,1-17-2024-017-04,4,1,4,05:40,1,2,0,0,0,0,0,2,2,95,95,95,95,95,95,95,4,1,0,95.7997808721022,4,9
2400523,2024,26,11,1-26-2024-011-06,6,1,4,10:40,2,2,99,99,0,0,0,2,2,95,95,95,95,95,95,95,5,1,0,689.488079747103,10,9
2400524,2024,28,11,1-28-2024-011-10,10,1,1,12:01,1,1,0,0,0,0,0,2,2,95,95,95,95,95,95,95,0,1,0,80.5683609045318,3,9
2400525,2024,28,12,1-28-2024-012-04,4,2,5,15:10,3,1,0,0,0,0,0,2,2,95,95,95,95,95,95,95,0,1,0,47.851485985308,3,9
2400526,2024,28,13,1-28-2024-013-04,4,1,1,20:47,3,1,0,0,0,0,0,1,2,95,95,95,95,95,95,95,0,1,0,47.851485985308,3,9
2400527,2024,29,8,1-29-2024-008-03,3,1,3,19:32,2,2,99,99,0,0,0,9,9,95,95,95,95,95,95,95,4,1,0,495.342811614364,2,9
2400528,2024,29,9,1-29-2024-009-06,6,2,1,03:17,1,2,0,0,0,0,4,9,9,95,95,95,95,95,95,95,4,1,0,1541.32684243005,2,9
2400529,2024,27,18,1-27-2024-018-06,6,2,6,08:30,2,1,1,1,2,0,4,2,2,95,95,95,95,95,95,95,0,1,0,47.6279948664491,3,9
2400530,2024,22,11,1-22-2024-011-09,9,2,6,14:03,2,2,0,0,0,0,5,2,2,95,95,95,95,95,95,95,4,1,0,36.2059290664589,12,9
2400531,2024,22,12,1-22-2024-012-09,9,2,7,13:59,3,4,9,97,1,0,9,2,2,95,95,95,95,95,95,95,1,1,0,36.2059290664589,12,9
2400532,2024,22,13,1-22-2024-013-09,9,2,1,11:14,2,1,3,10,1,1,3,2,1,95,95,95,95,95,95,95,0,1,0,36.2059290664589,12,9
2400533,2024,22,14,1-22-2024-014-10,10,1,4,14:07,1,2,0,0,0,0,0,9,9,95,95,95,95,95,95,95,1,1,0,302.665477612854,12,9
2400534,2024,25,11,1-25-2024-011-08,8,2,1,01:33,3,1,2,9,1,0,3,1,1,95,95,95,95,95,95,95,0,1,0,115.991726003141,2,9
2400535,2024,77,16,1-77-2024-016-03,3,1,2,07:53,2,2,1,1,1,0,4,2,2,95,95,95,95,95,95,95,4,1,0,116.650917615877,9,9
2400536,2024,79,15,1-79-2024-015-06,6,1,3,22:30,1,1,9,97,1,0,9,1,9,95,95,95,95,95,95,95,0,1,0,120.772111910736,8,9
2400537,2024,79,16,1-79-2024-016-07,7,2,5,09:30,1,1,1,1,1,0,6,9,9,95,95,95,95,95,95,95,0,1,0,127.333087924962,8,9
2400538,2024,20,12,1-20-2024-012-03,3,1,7,17:02,1,2,9,97,1,0,0,2,2,95,95,95,95,95,95,95,4,1,0,71.8583094019882,11,9
2400539,2024,31,8,1-31-2024-008-06,6,2,6,16:28,1,2,1,1,1,0,5,9,9,95,95,95,95,95,95,95,4,1,0,238.979638420053,6,9
2400540,2024,31,9,1-31-2024-009-07,7,2,5,07:55,1,1,0,0,0,0,0,2,2,95,95,95,95,95,95,95,0,1,0,230.868935151332,6,9
2400541,2024,23,9,1-23-2024-009-03,3,1,4,08:40,1,2,99,99,0,0,0,2,2,95,95,95,95,95,95,95,4,1,0,341.793285163894,5,9
2400542,2024,23,10,1-23-2024-010-02,2,2,7,20:53,7,2,4,29,2,1,3,2,2,95,95,95,95,95,95,95,4,1,0,62.9617318466021,5,9
2400543,2024,57,11,1-57-2024-011-05,5,1,4,11:52,1,2,9,97,1,0,8,2,2,95,95,95,95,95,95,95,4,1,0,10.3384940041349,1,9
2400545,2024,81,14,1-81-2024-014-02,2,2,5,19:40,3,2,2,5,1,0,4,2,2,95,95,95,95,95,95,95,4,1,0,28.5268950366683,8,9
2400546,2024,81,15,1-81-2024-015-09,9,2,5,21:38,2,1,99,99,0,0,0,1,2,95,95,95,95,95,95,95,0,1,0,10746.2349441596,8,9
2400547,2024,59,19,1-59-2024-019-04,4,2,3,11:36,2,3,0,0,0,0,0,2,2,95,95,95,95,95,95,95,1,1,0,105.325659634205,6,9
2400548,2024,59,20,1-59-2024-020-07,7,2,2,17:00,1,2,0,0,0,0,0,2,2,95,95,95,95,95,95,95,5,1,0,347.96042207525,6,9
2400549,2024,59,21,1-59-2024-021-04,4,2,4,13:47,2,1,1,1,1,0,0,2,2,95,95,95,95,95,95,95,0,1,0,105.325659634205,6,9
2400550,2024,59,22,1-59-2024-022-07,7,2,6,19:12,1,1,0,0,0,0,0,2,2,95,95,95,95,95,95,95,0,1,0,347.96042207525,6,9
2400551,2024,10,8,1-10-2024-008-01,1,2,6,20:17,7,3,6,75,2,1,1,1,2,95,95,95,95,95,95,95,0,1,0,78.4498878232952,4,9
2400552,2024,10,9,1-10-2024-009-06,6,2,6,14:20,1,2,3,14,1,1,3,2,2,95,95,95,95,95,95,95,4,1,0,892.611193551112,4,9
2400553,2024,77,17,1-77-2024-017-05,5,2,1,19:44,4,1,3,14,1,1,3,2,2,95,95,95,95,95,95,95,0,1,0,90.6570748528622,9,9
2400554,2024,77,18,1-77-2024-018-06,6,2,1,15:39,3,1,99,99,0,0,0,1,2,95,95,95,95,95,95,95,0,1,0,578.824092897886,9,9
2400556,2024,77,20,1-77-2024-020-03,3,2,5,20:12,1,2,99,99,0,0,0,2,2,95,95,95,95,95,95,95,4,1,0,114.553202113012,9,9
2400557,2024,62,16,1-62-2024-016-04,4,2,6,18:00,3,2,99,99,0,0,0,2,2,95,95,95,95,95,95,95,4,1,0,2472.48073760357,7,9
2400558,2024,62,17,1-62-2024-017-01,1,1,1,05:55,11,1,3,19,1,1,1,1,2,95,95,95,95,95,95,95,0,1,0,98.4303935828124,7,9
2400559,2024,62,18,1-62-2024-018-03,3,1,5,09:23,5,1,1,1,1,0,4,9,9,95,95,95,95,95,95,95,0,1,0,666.028503256452,7,9
2400560,2024,18,18,1-18-2024-018-03,3,2,5,20:37,2,2,1,1,1,0,0,2,2,95,95,95,95,95,95,95,4,1,0,34.6070615401308,6,9
2400561,2024,18,19,1-18-2024-019-07,7,2,2,20:41,3,2,0,0,0,0,0,2,2,95,95,95,95,95,95,95,4,1,0,950.591365303636,6,9
2400562,2024,18,20,1-18-2024-020-06,6,2,4,08:17,3,1,9,97,1,0,0,2,2,95,95,95,95,95,95,95,0,1,0,173.45428776267,6,9
2400564,2024,48,20,1-48-2024-020-05,5,1,3,06:52,1,2,1,2,1,0,4,2,2,95,95,95,95,95,95,95,4,1,0,80.9035530796695,12,9
2400565,2024,48,21,1-48-2024-021-03,3,2,1,20:43,1,1,1,2,1,0,4,2,2,95,95,95,95,95,95,95,0,1,0,54.9604072040948,12,9
2400566,2024,48,22,1-48-2024-022-07,7,2,7,17:04,1,2,0,0,0,0,0,2,2,95,95,95,95,95,95,95,4,1,0,630.467870665179,12,9
2400568,2024,73,16,1-73-2024-016-06,6,2,7,17:41,2,2,1,1,1,0,4,9,9,95,95,95,95,95,95,95,6,1,0,37.0946854309253,3,9
2400569,2024,73,17,1-73-2024-017-04,4,2,7,08:21,1,1,0,0,0,0,0,9,9,95,95,95,95,95,95,95,0,1,0,42.0002530809935,3,9
2400571,2024,73,19,1-73-2024-019-06,6,1,6,15:44,1,2,2,5,1,0,4,9,9,95,95,95,95,95,95,95,2,1,0,37.0946854309253,3,9
2400572,2024,13,11,1-13-2024-011-03,3,2,6,11:52,5,3,2,5,1,0,3,9,9,95,95,95,95,95,95,95,5,1,0,435.984145595408,7,9
2400573,2024,13,12,1-13-2024-012-05,5,1,1,23:31,1,1,3,14,1,1,3,2,1,95,95,95,95,95,95,95,0,1,0,51.7064900609408,7,9
2400574,2024,13,13,1-13-2024-013-NM1,21,2,2,13:27,1,1,2,5,1,0,3,9,9,1,2,1,0,3,2,9,0,1,1,16.3827604184312,7,9
2400575,2024,82,15,1-82-2024-015-02,2,1,7,15:12,1,2,9,97,1,0,8,2,2,95,95,95,95,95,95,95,2,1,0,23.9814262485552,1,9
2400577,2024,54,19,1-54-2024-019-05,5,2,7,15:30,1,1,2,4,1,0,4,2,2,95,95,95,95,95,95,95,0,1,0,144.976226836895,9,9
2400578,2024,54,20,1-54-2024-020-10,10,2,2,18:15,1,2,0,0,0,0,0,2,2,95,95,95,95,95,95,95,1,1,0,297.406603751546,9,9
2400579,2024,54,21,1-54-2024-021-10,10,2,3,17:53,2,1,0,0,0,0,0,9,9,95,95,95,95,95,95,95,0,1,0,297.406603751546,9,9
2400581,2024,30,18,1-30-2024-018-NM1,21,2,6,20:21,1,1,0,0,0,0,0,2,2,3,22,1,1,3,1,2,0,1,1,28.3509494483113,10,9
2400582,2024,30,19,1-30-2024-019-03,3,1,3,09:58,1,2,2,5,1,0,4,2,2,95,95,95,95,95,95,95,4,1,0,421.925490231688,10,9
2400584,2024,79,17,1-79-2024-017-03,3,2,7,08:00,10,2,2,12,3,0,3,9,9,95,95,95,95,95,95,95,1,1,0,135.026101730896,8,9
2400585,2024,79,18,1-79-2024-018-08,8,2,3,14:45,3,2,3,14,2,1,3,9,9,95,95,95,95,95,95,95,4,1,0,96.4912561292005,8,9
2400587,2024,57,13,1-57-2024-013-04,4,1,3,12:48,1,2,99,99,0,0,9,2,2,95,95,95,95,95,95,95,5,1,0,652.929188608722,1,9
2400589,2024,19,11,1-19-2024-011-09,9,2,2,15:40,3,1,1,1,1,0,8,2,2,95,95,95,95,95,95,95,0,1,0,436.023489736323,9,9
2400592,2024,33,8,1-33-2024-008-04,4,1,4,06:50,1,2,1,1,1,0,6,2,2,95,95,95,95,95,95,95,4,1,0,415.349865952481,12,9
2400593,2024,48,24,1-48-2024-024-09,9,2,6,09:59,1,1,9,97,1,0,0,2,2,95,95,95,95,95,95,95,0,1,0,283.62368724658,12,9
2400594,2024,33,7,1-33-2024-007-09,9,2,6,06:35,4,1,9,97,1,0,0,2,2,95,95,95,95,95,95,95,0,1,0,461.610101044979,12,9
2400595,2024,17,18,1-17-2024-018-03,3,2,2,12:11,1,2,1,1,1,0,4,2,2,95,95,95,95,95,95,95,4,1,0,56.2627107467575,4,9
2400596,2024,17,19,1-17-2024-019-09,9,2,3,22:33,2,1,1,2,1,0,4,1,2,95,95,95,95,95,95,95,0,1,0,396.702966109167,4,9
2400597,2024,17,20,1-17-2024-020-03,3,2,2,09:56,1,2,1,1,1,0,4,2,2,95,95,95,95,95,95,95,4,1,0,56.2627107467575,4,9
2400598,2024,17,21,1-17-2024-021-03,3,2,2,07:29,1,2,3,14,1,1,3,2,2,95,95,95,95,95,95,95,2,1,0,60.1064786597745,4,9
2400599,2024,67,6,1-67-2024-006-06,6,2,6,14:04,1,2,1,2,2,0,4,2,2,95,95,95,95,95,95,95,4,1,0,1017.74731775636,7,9
2400600,2024,77,21,1-77-2024-021-09,9,1,2,14:54,2,1,1,1,1,0,4,2,1,95,95,95,95,95,95,95,0,1,0,1104.88867750072,9,9
2400604,2024,20,15,1-20-2024-015-04,4,2,2,14:00,1,2,0,0,0,0,0,2,2,95,95,95,95,95,95,95,9,1,0,98.2982956547551,11,9
2400605,2024,20,16,1-20-2024-016-04,4,1,4,22:44,2,1,0,0,0,0,0,2,2,95,95,95,95,95,95,95,0,1,0,98.2982956547551,11,9
2400606,2024,11,13,1-11-2024-013-07,7,1,7,16:30,1,2,0,0,0,0,0,2,2,95,95,95,95,95,95,95,4,1,0,2307.2300651724,8,9
2400607,2024,11,14,1-11-2024-014-07,7,1,2,10:47,2,2,0,0,0,0,0,2,2,95,95,95,95,95,95,95,4,1,0,2307.2300651724,8,9
2400608,2024,11,15,1-11-2024-015-09,9,1,1,11:04,1,1,2,5,2,0,4,2,2,95,95,95,95,95,95,95,0,1,0,1357.74178221116,8,9
2400609,2024,24,11,1-24-2024-011-03,3,2,2,09:08,1,2,9,97,1,0,0,2,2,95,95,95,95,95,95,95,9,1,0,56.1071654769514,1,9
2400610,2024,24,12,1-24-2024-012-09,9,1,3,13:04,1,2,0,0,0,0,5,2,2,95,95,95,95,95,95,95,4,1,0,489.140467238966,1,9
2400611,2024,24,13,1-24-2024-013-NM2,22,2,3,18:34,1,1,95,95,95,95,95,9,9,6,75,1,1,1,2,2,0,0,1,147.143075961834,1,9
2400612,2024,28,14,1-28-2024-014-09,9,1,6,23:20,3,1,1,1,1,0,4,1,2,95,95,95,95,95,95,95,0,1,0,102.35859040919,3,9
2400613,2024,28,15,1-28-2024-015-04,4,1,5,20:10,1,1,0,0,0,0,0,9,2,95,95,95,95,95,95,95,0,1,0,64.9819660427781,3,9
2400614,2024,28,16,1-28-2024-016-03,3,2,7,14:07,1,2,0,0,0,0,4,2,2,95,95,95,95,95,95,95,1,1,0,28.3089754479373,3,9
2400615,2024,28,17,1-28-2024-017-06,6,1,5,15:23,2,3,1,3,1,0,4,2,2,95,95,95,95,95,95,95,4,1,0,52.5156468300851,3,9
2400616,2024,16,18,1-16-2024-018-05,5,1,4,18:40,1,2,1,1,1,0,6,1,9,95,95,95,95,95,95,95,2,1,0,32.2194722089817,5,9
2400617,2024,16,19,1-16-2024-019-06,6,2,4,12:14,1,2,0,0,0,0,4,2,2,95,95,95,95,95,95,95,1,1,0,1006.3508458628,5,9
2400618,2024,16,20,1-16-2024-020-NM1,21,1,1,11:09,2,2,0,0,0,0,0,2,2,6,75,1,1,1,2,1,0,1,1,19.3635256654646,5,9
2400619,2024,16,21,1-16-2024-021-NM1,21,2,6,20:07,1,1,0,0,0,0,0,9,9,2,12,1,0,3,2,1,0,1,1,61.8147074429554,5,9
2400620,2024,14,8,1-14-2024-008-03,3,1,7,13:14,2,2,99,99,0,0,8,9,9,95,95,95,95,95,95,95,4,1,0,352.013089948165,8,9
2400621,2024,14,9,1-14-2024-009-04,4,2,6,14:26,3,3,0,0,0,0,0,9,9,95,95,95,95,95,95,95,4,1,0,1430.40940723328,8,9
2400623,2024,25,13,1-25-2024-013-03,3,2,2,14:42,1,2,1,1,1,0,9,2,2,95,95,95,95,95,95,95,1,1,0,91.2305084010372,2,9
2400624,2024,25,14,1-25-2024-014-05,5,2,7,09:27,2,2,3,10,3,1,3,2,2,95,95,95,95,95,95,95,4,1,0,39.3581661506128,2,9
2400625,2024,60,9,1-60-2024-009-NM1,21,2,7,23:53,1,1,0,0,0,0,0,2,2,3,22,1,1,1,1,2,0,1,1,140.53984277194,8,9
2400626,2024,76,15,1-76-2024-015-03,3,1,4,15:41,6,2,2,6,2,0,4,9,9,95,95,95,95,95,95,95,4,1,0,71.5495535595937,3,9
2400627,2024,76,16,1-76-2024-016-06,6,2,6,07:43,2,1,0,0,0,0,0,9,9,95,95,95,95,95,95,95,0,1,0,69.290638741677,3,9
2400628,2024,76,17,1-76-2024-017-09,9,2,5,11:33,2,1,0,0,0,0,4,9,9,95,95,95,95,95,95,95,0,1,0,94.1839114302948,3,9
2400629,2024,76,18,1-76-2024-018-06,6,2,5,23:09,3,1,0,0,0,0,0,1,9,95,95,95,95,95,95,95,0,1,0,69.290638741677,3,9
2400630,2024,69,11,1-69-2024-011-NM1,21,2,2,19:07,1,1,0,0,0,0,0,2,2,9,97,1,0,8,9,9,0,1,1,7.66811372485411,8,9
2400631,2024,69,12,1-69-2024-012-08,8,2,5,18:08,2,3,3,10,1,1,3,9,9,95,95,95,95,95,95,95,1,1,0,148.766413435097,8,9
2400632,2024,52,7,1-52-2024-007-06,6,1,1,18:07,1,2,1,1,1,0,4,2,2,95,95,95,95,95,95,95,4,1,0,65.0868095156168,12,9
2400633,2024,52,8,1-52-2024-008-09,9,1,5,17:50,1,2,1,2,2,0,3,1,2,95,95,95,95,95,95,95,4,1,0,113.161757099385,12,9
2400634,2024,32,16,1-32-2024-016-04,4,2,7,22:37,4,3,1,2,2,0,4,1,2,95,95,95,95,95,95,95,4,1,0,1682.09877420889,7,9
2400635,2024,32,17,1-32-2024-017-02,2,2,5,14:30,2,1,1,1,1,0,4,2,2,95,95,95,95,95,95,95,0,1,0,9.01771538898963,7,9
2400636,2024,32,18,1-32-2024-018-02,2,2,3,15:24,4,1,3,14,1,1,3,2,2,95,95,95,95,95,95,95,0,1,0,9.01771538689787,7,9
2400637,2024,32,19,1-32-2024-019-02,2,2,4,17:47,3,2,1,1,1,0,4,2,2,95,95,95,95,95,95,95,5,1,0,9.01771538689787,7,9
2400638,2024,19,13,1-19-2024-013-07,7,2,1,13:50,2,1,1,1,1,0,0,2,2,95,95,95,95,95,95,95,0,1,0,907.714709607439,9,9
2400639,2024,18,22,1-18-2024-022-03,3,1,3,16:00,1,2,99,99,0,0,0,2,2,95,95,95,95,95,95,95,4,1,0,34.6070615401308,6,9
2400640,2024,25,15,1-25-2024-015-04,4,2,5,17:53,3,1,0,0,0,0,0,9,9,95,95,95,95,95,95,95,0,1,0,329.519302705053,2,9
2400641,2024,66,7,1-66-2024-007-07,7,1,4,16:45,1,2,0,0,0,0,0,2,9,95,95,95,95,95,95,95,4,1,0,133.367571576148,6,9
2400642,2024,66,8,1-66-2024-008-10,10,2,6,05:32,1,1,0,0,0,0,0,9,9,95,95,95,95,95,95,95,0,1,0,403.982497851604,6,9
2400643,2024,66,9,1-66-2024-009-02,2,2,4,13:14,2,1,3,9,1,1,4,2,9,95,95,95,95,95,95,95,0,1,0,107.302186022856,6,9
2400645,2024,27,20,1-27-2024-020-04,4,2,5,06:36,3,1,0,0,0,0,0,2,9,95,95,95,95,95,95,95,0,1,0,40.905197628877,3,9
2400646,2024,27,21,1-27-2024-021-03,3,2,5,10:55,1,2,1,1,2,0,4,2,2,95,95,95,95,95,95,95,4,1,0,11.8514312322575,3,9
2400647,2024,27,22,1-27-2024-022-07,7,2,6,16:28,1,2,0,0,0,0,0,2,9,95,95,95,95,95,95,95,4,1,0,159.739203959613,3,9
2400648,2024,27,23,1-27-2024-023-03,3,1,3,21:45,1,1,0,0,0,0,4,2,2,95,95,95,95,95,95,95,0,1,0,12.590621175417,3,9
2400650,2024,22,16,1-22-2024-016-04,4,1,4,14:17,1,2,0,0,0,0,0,2,2,95,95,95,95,95,95,95,1,1,0,53.2870024901003,12,9
2400651,2024,22,17,1-22-2024-017-04,4,2,7,21:51,2,3,1,2,1,0,6,1,2,95,95,95,95,95,95,95,2,1,0,53.2870024901003,12,9
2400652,2024,22,18,1-22-2024-018-NM2,22,2,4,16:05,1,1,95,95,95,95,95,2,2,1,1,1,0,4,2,2,0,0,1,29.4805146666259,12,9
2400653,2024,12,13,1-12-2024-013-09,9,2,6,13:14,1,2,9,97,1,0,4,2,2,95,95,95,95,95,95,95,4,1,0,244.052569677692,9,9
2400654,2024,12,14,1-12-2024-014-06,6,1,6,21:28,2,1,1,2,1,0,4,2,2,95,95,95,95,95,95,95,0,1,0,257.996460650317,9,9
2400655,2024,21,13,1-21-2024-013-03,3,1,1,15:50,3,1,9,97,1,0,9,2,2,95,95,95,95,95,95,95,0,1,0,177.853805987358,11,9
2400656,2024,21,14,1-21-2024-014-03,3,2,2,08:15,1,1,1,1,1,0,3,2,2,95,95,95,95,95,95,95,0,1,0,177.853805962019,11,9
2400657,2024,21,15,1-21-2024-015-03,3,2,2,15:15,1,1,1,2,1,0,4,2,2,95,95,95,95,95,95,95,0,1,0,177.85380592518,11,9
2400658,2024,22,19,1-22-2024-019-04,4,1,3,16:10,1,2,0,0,0,0,0,2,2,95,95,95,95,95,95,95,4,1,0,53.2870024901003,12,9
2400659,2024,26,12,1-26-2024-012-05,5,1,7,13:25,2,2,2,9,1,0,8,2,2,95,95,95,95,95,95,95,9,1,0,44.028673942891,10,9
2400661,2024,26,14,1-26-2024-014-02,2,1,4,18:55,1,2,1,1,2,0,4,2,2,95,95,95,95,95,95,95,4,1,0,21.1529220587709,10,9
2400662,2024,26,13,1-26-2024-013-NM2,22,1,4,10:52,1,1,95,95,95,95,95,2,2,9,97,1,0,9,2,2,0,0,1,1176.30815772609,10,9
2400663,2024,30,21,1-30-2024-021-06,6,2,3,15:47,1,2,1,2,1,0,4,2,2,95,95,95,95,95,95,95,4,1,0,1312.87881431416,10,9
2400664,2024,29,10,1-29-2024-010-03,3,2,4,01:57,1,1,99,99,0,0,9,9,9,95,95,95,95,95,95,95,0,1,0,612.448165622638,2,9
2400665,2024,29,11,1-29-2024-011-07,7,1,3,09:26,2,1,0,0,0,0,0,2,9,95,95,95,95,95,95,95,0,1,0,7341.26859271286,2,9
2400666,2024,20,17,1-20-2024-017-03,3,2,1,11:03,3,1,1,1,1,0,4,2,2,95,95,95,95,95,95,95,0,1,0,27.4936400859491,11,9
2400667,2024,15,20,1-15-2024-020-10,10,2,6,06:55,1,2,0,0,0,0,0,9,9,95,95,95,95,95,95,95,4,1,0,466.557818558881,1,9
2400670,2024,15,23,1-15-2024-023-06,6,2,1,01:48,9,1,1,1,1,0,4,9,9,95,95,95,95,95,95,95,0,1,0,10.1571644211931,1,9
2400671,2024,66,11,1-66-2024-011-10,10,1,3,15:56,2,2,0,0,0,0,0,2,2,95,95,95,95,95,95,95,5,1,0,403.982497851604,6,9
2400672,2024,73,20,1-73-2024-020-07,7,2,6,08:37,5,1,0,0,0,0,0,9,9,95,95,95,95,95,95,95,0,1,0,161.316937996536,3,9
2400673,2024,15,24,1-15-2024-024-09,9,1,2,11:10,1,2,0,0,0,0,4,2,2,95,95,95,95,95,95,95,4,1,0,29.7083376485839,1,9
2400674,2024,15,25,1-15-2024-025-04,4,2,3,23:50,3,1,1,1,1,0,0,2,2,95,95,95,95,95,95,95,0,1,0,12.0772640225884,1,9
2400675,2024,82,17,1-82-2024-017-06,6,2,6,18:48,1,2,1,1,1,0,6,2,2,95,95,95,95,95,95,95,1,1,0,683.552932832882,1,9
2400677,2024,11,17,1-11-2024-017-NM1,21,2,7,23:58,1,1,99,99,0,0,9,2,2,3,10,1,1,1,2,1,0,1,1,37.1071357763572,8,9
2400678,2024,11,18,1-11-2024-018-NM1,21,2,4,18:50,1,1,0,0,0,0,0,2,2,1,1,1,1,1,1,2,0,1,1,37.1071357763572,8,9
2400679,2024,24,14,1-24-2024-014-07,7,1,2,08:46,3,2,9,97,1,0,6,2,2,95,95,95,95,95,95,95,4,1,0,456.632617918593,1,9
2400680,2024,24,15,1-24-2024-015-06,6,2,5,12:39,1,2,0,0,0,0,4,2,2,95,95,95,95,95,95,95,4,1,0,119.681847498873,1,9
2400681,2024,24,16,1-24-2024-016-03,3,1,4,18:15,1,2,0,0,0,0,5,2,2,95,95,95,95,95,95,95,4,1,0,38.4626681561449,1,9
2400682,2024,59,23,1-59-2024-023-08,8,2,6,18:50,4,1,2,5,2,0,3,2,1,95,95,95,95,95,95,95,0,1,0,90.2221060039316,6,9
2400683,2024,59,24,1-59-2024-024-NM1,21,2,4,17:52,1,1,0,0,0,0,0,2,2,1,1,1,0,4,2,2,0,1,1,62.3822922049643,6,9
2400684,2024,59,25,1-59-2024-025-NM2,22,2,6,11:55,1,1,95,95,95,95,95,9,9,1,1,1,0,3,2,2,0,0,1,264.2527724963,6,9
2400685,2024,59,26,1-59-2024-026-04,4,2,6,17:29,2,2,1,1,1,0,0,2,2,95,95,95,95,95,95,95,0,1,0,406.376487914372,6,9
2400686,2024,57,14,1-57-2024-014-03,3,2,3,13:21,2,1,2,9,1,0,8,2,2,95,95,95,95,95,95,95,0,1,0,801.488027441767,1,9
2400687,2024,57,15,1-57-2024-015-02,2,2,3,22:07,2,1,9,97,1,0,8,2,2,95,95,95,95,95,95,95,0,1,0,36.8561902184078,1,9
2400688,2024,14,10,1-14-2024-010-02,2,1,3,15:25,1,1,1,1,1,0,4,1,1,95,95,95,95,95,95,95,0,1,0,73.7387227230028,8,9
2400689,2024,14,11,1-14-2024-011-08,8,2,6,21:57,1,1,3,10,1,1,3,1,1,95,95,95,95,95,95,95,0,1,0,123.221173387433,8,9
2400691,2024,25,17,1-25-2024-017-08,8,2,7,22:35,3,1,3,10,1,1,3,1,2,95,95,95,95,95,95,95,0,1,0,74.1101384065828,2,9
2400692,2024,25,18,1-25-2024-018-09,9,2,7,17:22,3,1,1,1,1,0,4,2,2,95,95,95,95,95,95,95,0,1,0,936.174035091189,2,9
2400693,2024,77,22,1-77-2024-022-NM2,22,2,6,16:47,1,1,95,95,95,95,95,2,2,2,5,1,0,4,2,2,0,0,1,426.24158292944,9,9
2400694,2024,77,23,1-77-2024-023-05,5,2,1,13:11,5,1,1,1,1,0,4,2,2,95,95,95,95,95,95,95,0,1,0,90.6570748528622,9,9
2400696,2024,77,25,1-77-2024-025-08,8,2,4,06:20,1,2,3,14,2,1,3,2,2,95,95,95,95,95,95,95,1,1,0,165.2937449122,9,9
2400697,2024,52,9,1-52-2024-009-03,3,1,2,18:21,3,1,99,99,0,0,4,1,2,95,95,95,95,95,95,95,0,1,0,14.3319114740878,12,9
2400698,2024,52,10,1-52-2024-010-07,7,2,7,19:15,1,2,0,0,0,0,0,1,9,95,95,95,95,95,95,95,5,1,0,33.8657388719454,12,9
2400699,2024,16,22,1-16-2024-022-02,2,2,6,16:00,2,3,2,12,1,0,3,2,2,95,95,95,95,95,95,95,1,1,0,18.740072057542,5,9
2400700,2024,16,23,1-16-2024-023-02,2,2,6,16:01,1,2,0,0,0,0,4,2,2,95,95,95,95,95,95,95,1,1,0,18.740072057542,5,9
2400701,2024,16,24,1-16-2024-024-02,2,2,3,21:33,2,1,3,10,1,1,4,1,9,95,95,95,95,95,95,95,0,1,0,18.740072057542,5,9
2400702,2024,16,25,1-16-2024-025-05,5,2,5,18:23,1,2,9,97,1,0,4,1,9,95,95,95,95,95,95,95,4,1,0,118.760350648911,5,9
2400704,2024,81,17,1-81-2024-017-06,6,2,3,18:38,1,2,99,99,0,0,0,2,2,95,95,95,95,95,95,95,1,1,0,2054.68257038709,8,9
2400706,2024,31,11,1-31-2024-011-06,6,1,5,01:00,1,1,9,97,1,0,0,9,9,95,95,95,95,95,95,95,0,1,0,238.979638420053,6,9
2400707,2024,31,12,1-31-2024-012-09,9,2,4,18:23,2,1,9,97,1,0,9,2,2,95,95,95,95,95,95,95,0,1,0,161.39423315543,6,9
2400708,2024,31,13,1-31-2024-013-07,7,2,6,16:37,2,2,0,0,0,0,0,9,9,95,95,95,95,95,95,95,4,1,0,230.868935151332,6,9
2400709,2024,62,19,1-62-2024-019-04,4,2,6,12:26,2,3,1,1,1,0,0,2,2,95,95,95,95,95,95,95,4,1,0,4409.67367710073,7,9
2400710,2024,62,20,1-62-2024-020-04,4,1,3,09:47,2,2,0,0,0,0,0,9,9,95,95,95,95,95,95,95,5,1,0,4409.67367606145,7,9
2400711,2024,62,21,1-62-2024-021-02,2,2,1,00:12,1,2,4,29,2,1,3,2,9,95,95,95,95,95,95,95,2,1,0,61.2648028245878,7,9
2400712,2024,73,21,1-73-2024-021-04,4,2,6,07:01,1,2,0,0,0,0,0,9,9,95,95,95,95,95,95,95,4,1,0,75.7755830449397,3,9
2400713,2024,73,22,1-73-2024-022-06,6,2,7,12:27,7,1,0,0,0,0,3,9,9,95,95,95,95,95,95,95,0,1,0,62.7249966038343,3,9
2400714,2024,73,23,1-73-2024-023-10,10,2,7,06:10,1,1,0,0,0,0,0,2,9,95,95,95,95,95,95,95,0,1,0,2512.5488603596,3,9
2400715,2024,73,24,1-73-2024-024-06,6,2,7,04:00,1,1,0,0,0,0,0,9,9,95,95,95,95,95,95,95,0,1,0,62.7249966038343,3,9
2400716,2024,60,10,1-60-2024-010-03,3,2,4,11:10,1,2,1,1,1,0,4,2,2,95,95,95,95,95,95,95,1,1,0,127.604666833159,8,9
2400717,2024,79,19,1-79-2024-019-10,10,2,2,18:20,1,1,0,0,0,0,0,9,9,95,95,95,95,95,95,95,0,1,0,522.105641274134,8,9
2400718,2024,79,20,1-79-2024-020-03,3,2,2,08:23,5,2,1,1,2,0,4,9,9,95,95,95,95,95,95,95,6,1,0,104.756877618907,8,9
2400719,2024,10,10,1-10-2024-010-02,2,2,1,23:23,2,1,9,97,1,0,8,2,2,95,95,95,95,95,95,95,0,1,0,22.3566511295402,4,9
2400720,2024,10,11,1-10-2024-011-08,8,1,2,17:11,2,2,1,2,2,0,4,1,1,95,95,95,95,95,95,95,2,1,0,287.61039403465,4,9
2400725,2024,48,26,1-48-2024-026-03,3,2,5,03:21,1,1,0,0,0,0,0,2,2,95,95,95,95,95,95,95,0,1,0,54.9604072040948,12,9
2400726,2024,48,27,1-48-2024-027-07,7,2,5,08:50,2,1,0,0,0,0,7,2,2,95,95,95,95,95,95,95,0,1,0,569.085745084138,12,9
2400727,2024,48,28,1-48-2024-028-04,4,2,5,08:15,6,1,0,0,0,0,0,2,2,95,95,95,95,95,95,95,0,1,0,145.557430364465,12,9
2400728,2024,32,20,1-32-2024-020-01,1,2,7,00:00,4,2,3,22,1,1,1,1,2,95,95,95,95,95,95,95,1,1,0,35.2552566821877,7,9
2400729,2024,32,21,1-32-2024-021-NM1,21,1,6,00:01,2,2,0,0,0,0,0,2,2,2,5,1,0,3,2,2,0,1,1,10.924164677076,7,9
2400730,2024,32,22,1-32-2024-022-NM1,21,1,4,18:08,1,1,1,1,1,0,0,2,2,2,5,1,0,3,2,9,0,1,1,10.9241646727683,7,9
2400735,2024,18,26,1-18-2024-026-04,4,2,6,15:48,2,2,0,0,0,0,0,2,2,95,95,95,95,95,95,95,4,1,0,239.178929734892,6,9
2400738,2024,28,18,1-28-2024-018-09,9,2,3,10:18,2,1,1,1,1,0,9,2,2,95,95,95,95,95,95,95,0,1,0,34.7771381559099,3,9
2400739,2024,28,19,1-28-2024-019-09,9,2,5,01:22,2,1,1,1,1,0,4,2,1,95,95,95,95,95,95,95,0,1,0,34.7771381559099,3,9
2400740,2024,28,20,1-28-2024-020-08,8,2,5,14:47,3,1,3,14,2,1,3,2,1,95,95,95,95,95,95,95,0,1,0,48.0385140677194,3,9
2400741,2024,28,21,1-28-2024-021-07,7,1,1,18:50,1,1,0,0,0,0,0,2,2,95,95,95,95,95,95,95,0,1,0,44.330330715033,3,9
2400742,2024,76,19,1-76-2024-019-07,7,2,7,08:37,5,1,0,0,0,0,0,9,9,95,95,95,95,95,95,95,0,1,0,80.4588410219785,3,9
2400743,2024,76,20,1-76-2024-020-03,3,2,4,21:10,4,2,9,97,1,0,5,9,9,95,95,95,95,95,95,95,4,1,0,71.5495535595937,3,9
2400744,2024,76,21,1-76-2024-021-10,10,2,1,10:10,1,2,0,0,0,0,0,9,9,95,95,95,95,95,95,95,4,1,0,444.564676677323,3,9
2400745,2024,76,22,1-76-2024-022-06,6,2,4,19:23,6,1,99,99,0,0,8,9,9,95,95,95,95,95,95,95,0,1,0,69.290638741677,3,9
2400746,2024,33,9,1-33-2024-009-03,3,2,6,11:15,1,2,0,0,0,0,4,2,2,95,95,95,95,95,95,95,4,1,0,26.4087044256374,12,9
2400747,2024,33,10,1-33-2024-010-06,6,2,4,07:45,7,1,99,99,0,0,0,2,2,95,95,95,95,95,95,95,0,1,0,133.440131762511,12,9
2400748,2024,27,24,1-27-2024-024-06,6,2,2,20:19,3,2,1,1,1,0,4,1,2,95,95,95,95,95,95,95,4,1,0,50.9387159232509,3,9
2400749,2024,27,25,1-27-2024-025-06,6,2,3,17:29,3,2,1,2,1,0,4,2,2,95,95,95,95,95,95,95,4,1,0,20.2078569673904,3,9
2400750,2024,27,26,1-27-2024-026-04,4,2,4,12:07,1,2,0,0,0,0,0,9,9,95,95,95,95,95,95,95,4,1,0,23.4030628879883,3,9
2400752,2024,19,14,1-19-2024-014-03,3,2,3,14:22,2,3,1,1,1,0,4,2,2,95,95,95,95,95,95,95,4,1,0,137.40249401059,9,9
2400753,2024,19,15,1-19-2024-015-06,6,2,6,22:30,3,2,1,1,2,0,4,9,9,95,95,95,95,95,95,95,4,1,0,694.278924469739,9,9
2400756,2024,13,14,1-13-2024-014-02,2,2,4,15:48,1,2,2,5,3,0,4,9,9,95,95,95,95,95,95,95,4,1,0,9.13287494953795,7,9
2400757,2024,30,22,1-30-2024-022-05,5,1,6,21:05,4,1,2,6,2,0,3,1,2,95,95,95,95,95,95,95,0,1,0,81.1099107810627,10,9
2400758,2024,30,23,1-30-2024-023-05,5,2,1,12:49,1,2,3,14,2,1,3,1,9,95,95,95,95,95,95,95,2,1,0,81.1099107766211,10,9
2400759,2024,30,24,1-30-2024-024-02,2,1,2,13:05,3,4,2,5,2,0,3,2,2,95,95,95,95,95,95,95,1,1,0,18.7124163743047,10,9
2400760,2024,30,25,1-30-2024-025-02,2,2,6,11:32,3,4,3,10,1,1,3,2,2,95,95,95,95,95,95,95,5,1,0,16.2875943881497,10,9
2400761,2024,32,24,1-32-2024-024-01,1,2,7,22:31,4,1,6,75,1,1,1,2,1,95,95,95,95,95,95,95,0,1,0,35.2552566712832,7,9
2400762,2024,18,27,1-18-2024-027-08,8,2,7,01:50,1,1,2,12,2,0,3,1,1,95,95,95,95,95,95,95,0,1,0,56.5663772378367,6,9
2400763,2024,18,28,1-18-2024-028-03,3,2,3,18:35,2,2,0,0,0,0,4,2,2,95,95,95,95,95,95,95,6,1,0,37.4691262436427,6,9
2400764,2024,12,15,1-12-2024-015-05,5,2,2,18:59,1,2,1,1,1,0,4,2,2,95,95,95,95,95,95,95,1,1,0,241.497853716308,9,9
2400766,2024,12,16,1-12-2024-016-08,8,2,5,21:35,2,1,1,2,1,0,4,1,2,95,95,95,95,95,95,95,0,1,0,453.341827207528,9,9
2400767,2024,31,14,1-31-2024-014-10,10,1,6,18:07,1,1,0,0,0,0,0,2,2,95,95,95,95,95,95,95,0,1,0,629.390692181651,6,9
2400768,2024,17,22,1-17-2024-022-07,7,2,7,15:21,3,2,0,0,0,0,0,2,2,95,95,95,95,95,95,95,6,1,0,334.329957078067,4,9
2400769,2024,17,23,1-17-2024-023-10,10,2,6,07:45,1,1,0,0,0,0,0,2,2,95,95,95,95,95,95,95,0,1,0,2627.47744766494,4,9
2400770,2024,17,24,1-17-2024-024-09,9,2,5,14:49,2,2,1,2,1,0,4,2,2,95,95,95,95,95,95,95,1,1,0,311.398354328333,4,9
2400771,2024,17,25,1-17-2024-025-06,6,2,4,09:52,1,2,9,97,1,0,4,2,2,95,95,95,95,95,95,95,1,1,0,94.7528755365864,4,9
2400772,2024,81,18,1-81-2024-018-03,3,2,5,19:21,2,3,0,0,0,0,3,2,2,95,95,95,95,95,95,95,4,1,0,554.676008048992,8,9
2400773,2024,21,16,1-21-2024-016-07,7,1,6,22:09,1,2,0,0,0,0,0,1,2,95,95,95,95,95,95,95,1,1,0,1727.55001206392,11,9
2400775,2024,21,18,1-21-2024-018-03,3,1,5,09:06,2,2,1,1,1,0,4,2,2,95,95,95,95,95,95,95,4,1,0,144.121526471186,11,9
2400776,2024,27,27,1-27-2024-027-06,6,2,7,00:54,1,2,1,1,1,0,4,9,9,95,95,95,95,95,95,95,4,1,0,20.2078569673904,3,9
2400777,2024,20,18,1-20-2024-018-06,6,2,4,14:05,1,1,1,1,2,0,6,2,2,95,95,95,95,95,95,95,0,1,0,220.336429698362,11,9
2400780,2024,23,11,1-23-2024-011-02,2,2,5,15:33,1,2,3,11,2,1,3,2,2,95,95,95,95,95,95,95,2,1,0,62.9617318466021,5,9
2400781,2024,23,12,1-23-2024-012-05,5,2,3,14:29,2,2,2,9,1,0,3,2,2,95,95,95,95,95,95,95,2,1,0,97.8753376757072,5,9
2400783,2024,20,19,1-20-2024-019-06,6,2,2,17:11,2,1,1,2,1,0,4,2,2,95,95,95,95,95,95,95,0,1,0,220.336429698362,11,9
2400784,2024,26,15,1-26-2024-015-05,5,1,2,02:56,1,2,1,1,2,0,6,2,2,95,95,95,95,95,95,95,1,1,0,37.7123897005153,10,9
2400785,2024,26,16,1-26-2024-016-05,5,2,6,08:34,2,2,1,1,1,0,8,1,9,95,95,95,95,95,95,95,5,1,0,37.7123897005153,10,9
2400786,2024,26,17,1-26-2024-017-03,3,2,7,18:06,3,3,2,4,2,0,3,2,2,95,95,95,95,95,95,95,4,1,0,381.076602666498,10,9
2400787,2024,54,22,1-54-2024-022-06,6,2,4,16:15,1,2,1,1,1,0,4,2,2,95,95,95,95,95,95,95,4,1,0,431.29120176655,9,9
2400788,2024,54,23,1-54-2024-023-05,5,2,4,16:08,3,2,1,1,2,0,4,2,2,95,95,95,95,95,95,95,4,1,0,144.976226836895,9,9
2400789,2024,21,19,1-21-2024-019-03,3,1,4,13:29,1,2,3,11,2,1,3,2,2,95,95,95,95,95,95,95,4,1,0,144.121526471186,11,9
2400790,2024,69,13,1-69-2024-013-02,2,2,2,01:28,1,1,9,97,1,0,8,1,2,95,95,95,95,95,95,95,0,1,0,9.2899222432138,8,9
2400791,2024,69,14,1-69-2024-014-02,2,2,7,01:12,1,1,3,10,1,1,6,2,2,95,95,95,95,95,95,95,0,1,0,9.2899222432138,8,9
2400792,2024,82,21,1-82-2024-021-03,3,2,4,03:06,3,2,99,99,0,0,9,2,2,95,95,95,95,95,95,95,4,1,0,56.9370444405153,1,9
2400794,2024,15,27,1-15-2024-027-05,5,2,3,13:30,1,2,1,1,1,0,4,2,2,95,95,95,95,95,95,95,4,1,0,13.6400789963135,1,9
2400795,2024,29,12,1-29-2024-012-09,9,2,1,10:40,1,1,0,0,0,0,4,1,2,95,95,95,95,95,95,95,0,1,0,1200.43767350335,2,9
2400797,2024,22,20,1-22-2024-020-06,6,2,4,14:33,1,2,0,0,0,0,5,2,2,95,95,95,95,95,95,95,4,1,0,25.2675524846257,12,9
2400798,2024,22,21,1-22-2024-021-06,6,2,6,08:00,2,2,0,0,0,0,0,2,2,95,95,95,95,95,95,95,5,1,0,25.2675524846257,12,9
2400799,2024,22,22,1-22-2024-022-07,7,2,1,10:10,1,2,3,9,2,1,3,2,2,95,95,95,95,95,95,95,4,1,0,98.6738695779625,12,9
2400800,2024,22,23,1-22-2024-023-07,7,2,3,16:07,1,2,0,0,0,0,0,2,2,95,95,95,95,95,95,95,4,1,0,98.6738695779625,12,9
2400801,2024,48,29,1-48-2024-029-04,4,2,7,15:10,2,2,0,0,0,0,0,2,2,95,95,95,95,95,95,95,1,1,0,145.557430364465,12,9
2400802,2024,77,26,1-77-2024-026-03,3,2,3,06:50,1,2,1,1,1,0,4,2,2,95,95,95,95,95,95,95,4,1,0,122.494592247471,9,9
2400803,2024,66,12,1-66-2024-012-09,9,2,7,15:30,6,1,9,97,1,0,9,2,2,95,95,95,95,95,95,95,0,1,0,97.5596917228585,6,9
2400804,2024,66,13,1-66-2024-013-06,6,2,6,21:00,2,1,2,5,1,0,6,1,2,95,95,95,95,95,95,95,0,1,0,124.972344097308,6,9
2400805,2024,66,14,1-66-2024-014-10,10,2,7,18:53,3,1,0,0,0,0,0,2,2,95,95,95,95,95,95,95,0,1,0,727.168496132888,6,9
2400806,2024,66,15,1-66-2024-015-06,6,2,1,14:36,2,2,2,5,2,0,6,2,2,95,95,95,95,95,95,95,4,1,0,124.972344097308,6,9
2400807,2024,25,19,1-25-2024-019-03,3,2,2,16:50,4,3,0,0,0,0,4,2,2,95,95,95,95,95,95,95,4,1,0,107.654306093074,2,9
2400808,2024,13,17,1-13-2024-017-03,3,2,4,17:38,3,2,9,97,1,0,0,9,9,95,95,95,95,95,95,95,9,1,0,165.322256679905,7,9
2400809,2024,13,18,1-13-2024-018-03,3,2,5,06:58,3,2,99,99,0,0,9,9,9,95,95,95,95,95,95,95,5,1,0,165.322256679905,7,9
2400810,2024,15,28,1-15-2024-028-04,4,2,6,20:56,1,2,0,0,0,0,4,2,2,95,95,95,95,95,95,95,4,1,0,268.38869764623,1,9
2400811,2024,29,14,1-29-2024-014-03,3,2,3,16:37,1,1,1,1,1,0,4,2,2,95,95,95,95,95,95,95,0,1,0,169.206558242073,2,9
2400812,2024,20,21,1-20-2024-021-03,3,2,3,08:45,2,1,1,1,1,0,0,2,2,95,95,95,95,95,95,95,0,1,0,70.8104625329888,11,9
2400813,2024,18,29,1-18-2024-029-03,3,2,5,17:48,1,2,99,99,0,0,9,2,2,95,95,95,95,95,95,95,4,1,0,37.4691262436427,6,9
2400814,2024,11,19,1-11-2024-019-05,5,2,1,01:14,2,1,1,1,2,0,4,1,2,95,95,95,95,95,95,95,0,1,0,47.8296245732879,8,9
2400815,2024,23,13,1-23-2024-013-NM1,21,2,6,21:31,3,2,1,1,3,0,8,2,2,1,1,1,0,3,2,2,6,1,1,75.3524398717664,5,9
2400816,2024,23,14,1-23-2024-014-03,3,2,7,10:19,2,2,99,99,0,0,0,2,2,95,95,95,95,95,95,95,1,1,0,462.678615890691,5,9
2400817,2024,57,16,1-57-2024-016-05,5,2,4,08:31,6,3,4,41,2,1,3,2,2,95,95,95,95,95,95,95,1,1,0,55.3733551294336,1,9
2400819,2024,81,19,1-81-2024-019-01,1,2,7,20:39,5,2,6,75,9,6,1,1,1,95,95,95,95,95,95,95,4,1,0,96.2081604062078,8,9
2400820,2024,81,20,1-81-2024-020-NM1,21,2,6,16:00,4,1,0,0,0,0,0,2,2,4,24,2,1,3,2,1,0,1,1,29.8109810103183,8,9
2400821,2024,13,19,1-13-2024-019-05,5,2,7,19:02,4,2,2,12,4,0,3,9,9,95,95,95,95,95,95,95,4,1,0,60.3736833423052,7,9
2400824,2024,10,12,1-10-2024-012-09,9,2,6,20:24,1,2,0,0,0,0,4,2,2,95,95,95,95,95,95,95,6,1,0,1057.88880962125,4,9
2400825,2024,10,13,1-10-2024-013-NM1,21,2,2,02:55,3,3,99,99,0,0,9,2,2,4,29,1,1,1,2,2,0,1,1,60.5767032793963,4,9
2400826,2024,59,27,1-59-2024-027-06,6,2,6,16:00,2,1,1,1,1,0,4,9,9,95,95,95,95,95,95,95,0,1,0,181.695806750984,6,9
2400827,2024,59,28,1-59-2024-028-04,4,2,6,15:30,1,2,0,0,0,0,0,2,2,95,95,95,95,95,95,95,2,1,0,210.089582417027,6,9
2400828,2024,59,29,1-59-2024-029-07,7,2,2,11:35,1,2,1,2,1,0,4,2,2,95,95,95,95,95,95,95,4,1,0,694.065055232765,6,9
2400829,2024,59,30,1-59-2024-030-01,1,2,2,19:42,1,1,6,75,1,1,1,9,9,95,95,95,95,95,95,95,0,1,0,53.4084683471652,6,9
2400830,2024,77,27,1-77-2024-027-NM2,22,2,6,11:57,1,1,95,95,95,95,95,2,2,1,1,1,0,8,2,2,0,0,1,330.223105550016,9,9
2400831,2024,77,28,1-77-2024-028-NM2,22,2,3,15:38,1,1,95,95,95,95,95,2,2,1,1,1,0,4,2,2,0,0,1,330.223105550016,9,9
2400832,2024,77,29,1-77-2024-029-NM1,21,2,3,19:12,1,1,99,99,0,0,9,2,2,1,1,1,1,1,2,1,0,1,1,113.21347390618,9,9
2400833,2024,77,30,1-77-2024-030-08,8,2,4,14:10,3,1,1,1,1,0,4,2,2,95,95,95,95,95,95,95,0,1,0,128.058396831579,9,9
2400836,2024,18,31,1-18-2024-031-02,2,1,4,06:10,2,2,5,27,1,1,3,2,1,95,95,95,95,95,95,95,4,1,0,46.7280335632617,6,9
2400837,2024,18,32,1-18-2024-032-10,10,2,2,05:15,1,1,0,0,0,0,0,2,2,95,95,95,95,95,95,95,0,1,0,3834.18658920448,6,9
2400838,2024,18,33,1-18-2024-033-06,6,2,2,08:28,2,2,0,0,0,0,4,2,2,95,95,95,95,95,95,95,4,1,0,81.041459174576,6,9
2400840,2024,62,23,1-62-2024-023-02,2,2,3,16:56,1,2,2,5,1,0,3,9,9,95,95,95,95,95,95,95,4,1,0,27.4104501869369,7,9
2400841,2024,62,24,1-62-2024-024-03,3,2,2,09:45,1,2,9,97,2,0,9,2,2,95,95,95,95,95,95,95,4,1,0,408.645387459911,7,9
2400842,2024,73,25,1-73-2024-025-06,6,2,3,07:44,9,1,1,2,3,0,6,9,9,95,95,95,95,95,95,95,0,1,0,37.0946854309253,3,9
2400844,2024,73,27,1-73-2024-027-06,6,2,5,05:17,1,1,99,99,0,0,0,9,9,95,95,95,95,95,95,95,0,1,0,37.0946854309253,3,9
2400845,2024,73,28,1-73-2024-028-10,10,2,5,23:36,1,1,0,0,0,0,0,9,9,95,95,95,95,95,95,95,0,1,0,664.209578041169,3,9
2400846,2024,82,22,1-82-2024-022-NM2,22,2,3,12:51,1,1,95,95,95,95,95,2,2,1,1,1,0,4,2,2,0,0,1,774.715121583303,1,9
2400847,2024,82,23,1-82-2024-023-NM2,22,2,7,18:09,1,1,95,95,95,95,95,9,2,2,4,1,0,4,9,9,0,0,1,774.715121490359,1,9
2400848,2024,79,21,1-79-2024-021-03,3,2,6,16:14,1,2,1,1,1,0,0,9,9,95,95,95,95,95,95,95,4,1,0,104.756877618907,8,9
2400849,2024,79,22,1-79-2024-022-04,4,2,6,14:05,1,2,0,0,0,0,0,2,9,95,95,95,95,95,95,95,1,1,0,332.18965032769,8,9
2400850,2024,18,34,1-18-2024-034-04,4,2,7,11:20,1,2,0,0,0,0,0,2,2,95,95,95,95,95,95,95,4,1,0,102.380498112207,6,9
2400851,2024,30,26,1-30-2024-026-09,9,2,2,19:28,2,1,1,1,1,0,3,9,9,95,95,95,95,95,95,95,0,1,0,3176.76897626647,10,9
2400852,2024,30,27,1-30-2024-027-05,5,1,2,08:12,2,2,1,1,1,0,3,2,2,95,95,95,95,95,95,95,4,1,0,31.7722666149377,10,9
2400854,2024,30,29,1-30-2024-029-02,2,2,5,15:31,2,2,2,5,3,0,4,9,9,95,95,95,95,95,95,95,4,1,0,41.0620689400047,10,9
2400855,2024,12,17,1-12-2024-017-03,3,2,5,07:30,2,3,1,2,1,0,4,2,2,95,95,95,95,95,95,95,4,1,0,365.80465840508,9,9
2400856,2024,12,18,1-12-2024-018-03,3,2,1,10:04,1,2,1,1,1,0,4,2,2,95,95,95,95,95,95,95,4,1,0,365.80465840508,9,9
2400858,2024,33,12,1-33-2024-012-08,8,2,3,07:50,2,1,1,2,2,0,4,2,2,95,95,95,95,95,95,95,0,1,0,29.5346785988684,12,9
2400859,2024,17,26,1-17-2024-026-04,4,2,5,16:05,1,2,0,0,0,0,0,2,2,95,95,95,95,95,95,95,4,1,0,73.2511684159124,4,9
2400860,2024,17,27,1-17-2024-027-04,4,2,7,16:19,1,2,0,0,0,0,0,2,2,95,95,95,95,95,95,95,4,1,0,73.2511684159124,4,9
2400861,2024,17,28,1-17-2024-028-10,10,2,7,00:11,1,1,0,0,0,0,5,2,2,95,95,95,95,95,95,95,0,1,0,1344.77037686484,4,9
2400862,2024,17,29,1-17-2024-029-04,4,2,3,21:32,1,1,0,0,0,0,0,2,2,95,95,95,95,95,95,95,0,1,0,69.0851041143821,4,9
2400863,2024,69,15,1-69-2024-015-02,2,2,5,07:17,6,1,1,1,1,0,8,9,9,95,95,95,95,95,95,95,0,1,0,8.43191074883387,8,9
2400864,2024,69,16,1-69-2024-016-02,2,2,1,03:05,1,1,3,10,1,1,6,2,1,95,95,95,95,95,95,95,0,1,0,8.43191074883387,8,9
2400865,2024,48,30,1-48-2024-030-07,7,2,2,00:30,1,1,0,0,0,0,0,2,2,95,95,95,95,95,95,95,0,1,0,103.361334065564,12,9
2400866,2024,48,31,1-48-2024-031-09,9,2,4,18:29,2,2,2,4,1,0,4,2,2,95,95,95,95,95,95,95,4,1,0,69.6007046591066,12,9
2400867,2024,20,22,1-20-2024-022-03,3,2,3,17:20,2,1,1,1,1,0,0,2,2,95,95,95,95,95,95,95,0,1,0,107.59759588711,11,9
2400868,2024,20,23,1-20-2024-023-01,1,1,6,06:35,3,1,9,97,1,1,1,9,1,95,95,95,95,95,95,95,0,1,0,35.0220589332575,11,9
2400869,2024,20,24,1-20-2024-024-01,1,2,6,21:40,3,1,9,97,1,1,1,9,9,95,95,95,95,95,95,95,0,1,0,35.0220589332575,11,9
2400870,2024,62,25,1-62-2024-025-06,6,2,7,16:12,2,2,0,0,0,0,5,9,9,95,95,95,95,95,95,95,4,1,0,1513.74233408127,7,9
2400871,2024,33,13,1-33-2024-013-04,4,2,6,09:00,1,2,99,99,0,0,0,2,2,95,95,95,95,95,95,95,1,1,0,111.292117176714,12,9
2400872,2024,57,18,1-57-2024-018-02,2,2,1,10:50,4,3,1,1,1,0,4,2,2,95,95,95,95,95,95,95,5,1,0,9.61567555511826,1,9
2400873,2024,11,20,1-11-2024-020-03,3,2,7,19:30,1,2,1,1,1,0,4,2,2,95,95,95,95,95,95,95,1,1,0,45.0595330598255,8,9
2400874,2024,11,21,1-11-2024-021-06,6,2,3,17:30,1,2,1,1,1,0,4,2,2,95,95,95,95,95,95,95,1,1,0,166.913722361013,8,9
2400875,2024,11,22,1-11-2024-022-03,3,2,2,12:50,1,2,0,0,0,0,0,2,2,95,95,95,95,95,95,95,4,1,0,45.0595330598255,8,9
2400876,2024,24,17,1-24-2024-017-03,3,2,3,23:48,2,1,9,97,1,0,0,2,2,95,95,95,95,95,95,95,0,1,0,28.7833246640805,1,9
2400877,2024,24,18,1-24-2024-018-06,6,2,1,21:06,3,2,1,2,1,0,4,1,2,95,95,95,95,95,95,95,1,1,0,89.5632476398201,1,9
2400879,2024,25,20,1-25-2024-020-09,9,2,7,23:36,4,1,1,1,1,0,4,2,2,95,95,95,95,95,95,95,0,1,0,390.268448646161,2,9
2400880,2024,25,21,1-25-2024-021-07,7,2,4,01:53,1,2,0,0,0,0,0,2,2,95,95,95,95,95,95,95,4,1,0,653.722280729562,2,9
2400881,2024,25,22,1-25-2024-022-06,6,2,7,01:50,4,1,1,1,1,0,4,2,2,95,95,95,95,95,95,95,0,1,0,166.243093495036,2,9
2400882,2024,60,11,1-60-2024-011-03,3,2,3,11:46,1,2,1,1,1,0,4,2,2,95,95,95,95,95,95,95,1,1,0,329.229012511834,8,9
2400884,2024,14,13,1-14-2024-013-NM2,22,2,1,10:56,1,1,95,95,95,95,95,9,9,3,22,1,1,1,2,2,0,0,1,678.185114701579,8,9
2400885,2024,16,26,1-16-2024-026-02,2,2,2,16:31,3,2,2,9,2,0,3,9,9,95,95,95,95,95,95,95,4,1,0,15.1092509057653,5,9
2400886,2024,16,27,1-16-2024-027-05,5,2,2,14:40,4,2,3,14,2,1,3,2,2,95,95,95,95,95,95,95,4,1,0,21.4662920187919,5,9
2400887,2024,16,28,1-16-2024-028-04,4,2,7,08:33,2,1,0,0,0,0,0,9,9,95,95,95,95,95,95,95,0,1,0,724.275671728201,5,9
2400888,2024,16,29,1-16-2024-029-09,9,2,7,10:00,2,1,1,1,2,0,4,2,2,95,95,95,95,95,95,95,0,1,0,1910.29204097108,5,9
2400889,2024,31,15,1-31-2024-015-07,7,2,2,03:05,1,2,0,0,0,0,0,9,9,95,95,95,95,95,95,95,4,1,0,401.711947163317,6,9
2400890,2024,31,16,1-31-2024-016-10,10,2,6,17:00,1,2,0,0,0,0,0,9,9,95,95,95,95,95,95,95,5,1,0,419.593794787767,6,9
2400891,2024,31,17,1-31-2024-017-04,4,2,6,09:20,1,1,0,0,0,0,0,2,2,95,95,95,95,95,95,95,0,1,0,222.052598299916,6,9
2400892,2024,31,18,1-31-2024-018-07,7,2,6,12:49,3,1,0,0,0,0,0,2,2,95,95,95,95,95,95,95,0,1,0,230.868935151332,6,9
2400894,2024,76,24,1-76-2024-024-04,4,2,7,17:42,1,1,0,0,0,0,0,9,9,95,95,95,95,95,95,95,0,1,0,86.4714255045695,3,9
2400895,2024,76,25,1-76-2024-025-07,7,2,1,18:09,1,1,0,0,0,0,0,9,9,95,95,95,95,95,95,95,0,1,0,72.7960942583928,3,9
2400896,2024,76,26,1-76-2024-026-07,7,2,1,23:39,1,1,0,0,0,0,0,9,9,95,95,95,95,95,95,95,0,1,0,72.7960942583928,3,9
2400897,2024,32,25,1-32-2024-025-02,2,2,2,00:03,5,3,2,6,2,0,3,1,1,95,95,95,95,95,95,95,0,1,0,6.82324656710563,7,9
2400900,2024,32,28,1-32-2024-028-02,2,2,6,12:02,2,2,9,97,1,0,9,2,2,95,95,95,95,95,95,95,4,1,0,6.80938847594463,7,9
2400901,2024,52,11,1-52-2024-011-03,3,1,6,13:32,2,3,1,1,2,0,4,2,2,95,95,95,95,95,95,95,4,1,0,19.4411121960784,12,9
2400902,2024,52,12,1-52-2024-012-06,6,2,6,17:26,1,2,1,1,1,0,4,2,2,95,95,95,95,95,95,95,4,1,0,98.2336933778546,12,9
2400903,2024,28,22,1-28-2024-022-05,5,2,5,19:14,1,1,2,5,1,0,4,2,2,95,95,95,95,95,95,95,0,1,0,41.6717563477699,3,9
2400904,2024,28,23,1-28-2024-023-06,6,2,7,18:23,1,1,0,0,0,0,4,2,2,95,95,95,95,95,95,95,0,1,0,603.235641208148,3,9
2400905,2024,27,28,1-27-2024-028-07,7,2,2,22:05,6,1,1,1,1,0,0,1,9,95,95,95,95,95,95,95,0,1,0,91.8337725309603,3,9
2400906,2024,27,29,1-27-2024-029-07,7,2,3,17:47,1,2,0,0,0,0,0,2,9,95,95,95,95,95,95,95,4,1,0,91.833772569866,3,9
2400908,2024,27,31,1-27-2024-031-06,6,2,3,17:41,1,2,1,1,1,0,5,2,2,95,95,95,95,95,95,95,4,1,0,41.6891280851768,3,9
2400910,2024,66,17,1-66-2024-017-09,9,2,2,23:10,3,1,1,1,1,0,4,2,2,95,95,95,95,95,95,95,0,1,0,117.638784393433,6,9
2400911,2024,66,18,1-66-2024-018-04,4,2,7,03:15,2,1,2,5,1,0,4,1,2,95,95,95,95,95,95,95,0,1,0,114.973892842,6,9
2400913,2024,76,27,1-76-2024-027-10,10,2,5,21:00,2,1,0,0,0,0,0,9,9,95,95,95,95,95,95,95,0,1,0,169.35797205844,3,9
2400914,2024,27,30,1-27-2024-030-04,4,2,2,21:50,1,1,0,0,0,0,0,2,2,95,95,95,95,95,95,95,0,1,0,23.5163223733446,3,9
2400915,2024,66,16,1-66-2024-016-07,7,2,5,06:45,2,2,0,0,0,0,0,2,2,95,95,95,95,95,95,95,2,1,0,240.716767785159,6,9
2400916,2024,66,19,1-66-2024-019-10,10,2,1,00:05,2,1,0,0,0,0,0,2,2,95,95,95,95,95,95,95,0,1,0,2078.08596894865,6,9
2400917,2024,15,29,1-15-2024-029-05,5,2,3,21:30,1,1,2,4,1,0,4,9,9,95,95,95,95,95,95,95,0,1,0,13.6400789963135,1,9
2400918,2024,15,30,1-15-2024-030-06,6,2,7,21:30,1,2,99,99,0,0,4,9,9,95,95,95,95,95,95,95,4,1,0,76.6723208142616,1,9
2400919,2024,15,31,1-15-2024-031-04,4,2,5,11:43,3,2,0,0,0,0,0,9,9,95,95,95,95,95,95,95,5,1,0,78.6733014995686,1,9
2400923,2024,21,22,1-21-2024-022-NM1,21,2,6,22:50,1,1,0,0,0,0,0,9,9,3,27,1,1,3,1,1,0,1,1,12.4076963253184,11,9
2400924,2024,26,18,1-26-2024-018-05,5,2,3,04:27,5,2,3,10,2,1,3,1,1,95,95,95,95,95,95,95,1,1,0,43.8292003608038,10,9
2400925,2024,26,19,1-26-2024-019-05,5,1,6,17:52,2,2,3,19,2,1,3,2,1,95,95,95,95,95,95,95,2,1,0,43.8292003608038,10,9
2400926,2024,26,20,1-26-2024-020-03,3,2,4,07:20,2,2,1,1,1,0,4,2,2,95,95,95,95,95,95,95,0,1,0,442.885823564136,10,9
2400929,2024,22,24,1-22-2024-024-09,9,2,3,11:36,1,2,1,1,2,0,4,2,2,95,95,95,95,95,95,95,4,1,0,38.1287781911826,12,9
2400930,2024,22,25,1-22-2024-025-06,6,2,4,18:52,1,2,9,97,1,0,0,2,2,95,95,95,95,95,95,95,4,1,0,25.2675524846257,12,9
2400931,2024,22,26,1-22-2024-026-09,9,2,6,14:49,1,2,1,1,1,0,4,2,2,95,95,95,95,95,95,95,4,1,0,38.1287781911826,12,9
2400932,2024,22,27,1-22-2024-027-07,7,2,5,16:10,3,2,0,0,0,0,0,2,2,95,95,95,95,95,95,95,4,1,0,57.686594357798,12,9
2400933,2024,32,29,1-32-2024-029-09,9,2,6,03:00,1,1,99,99,0,0,9,2,2,95,95,95,95,95,95,95,0,1,0,3020.95563688852,7,9
2400934,2024,32,30,1-32-2024-030-01,1,2,1,03:00,2,1,4,21,3,1,1,2,9,95,95,95,95,95,95,95,0,1,0,68.3257663555808,7,9
2400935,2024,15,33,1-15-2024-033-08,8,2,6,22:35,4,1,3,19,1,1,3,2,2,95,95,95,95,95,95,95,0,1,0,17.7527448056281,1,9
2400936,2024,24,20,1-24-2024-020-04,4,2,3,18:06,1,1,0,0,0,0,0,2,2,95,95,95,95,95,95,95,0,1,0,102.991626372028,1,9
2400937,2024,73,29,1-73-2024-029-07,7,2,2,06:16,1,1,0,0,0,0,0,9,9,95,95,95,95,95,95,95,0,1,0,76.9392533066881,3,9
2400938,2024,14,14,1-14-2024-014-03,3,2,4,16:15,1,2,0,0,0,0,4,9,9,95,95,95,95,95,95,95,6,1,0,240.559510739589,8,9
2400939,2024,13,22,1-13-2024-022-09,9,2,3,11:39,2,3,99,99,0,0,0,9,9,95,95,95,95,95,95,95,1,1,0,1432.19031127233,7,9
2400940,2024,13,23,1-13-2024-023-08,8,2,4,06:03,5,2,3,14,2,1,3,9,1,95,95,95,95,95,95,95,4,1,0,113.376165364455,7,9
2400941,2024,30,30,1-30-2024-030-04,4,2,1,12:41,1,2,0,0,0,0,0,2,2,95,95,95,95,95,95,95,4,1,0,1500.1737776518,10,9
2400942,2024,21,23,1-21-2024-023-03,3,2,3,08:20,2,1,1,1,1,0,4,2,2,95,95,95,95,95,95,95,0,1,0,77.564710588741,11,9
2400943,2024,21,24,1-21-2024-024-03,3,1,2,07:18,2,3,1,1,3,0,4,1,9,95,95,95,95,95,95,95,4,1,0,77.5647105892145,11,9
2400948,2024,13,24,1-13-2024-024-01,1,2,6,14:14,1,2,3,22,1,1,1,1,1,95,95,95,95,95,95,95,9,1,0,56.8234365067384,7,9
2400949,2024,13,25,1-13-2024-025-02,2,2,3,11:22,3,2,1,1,2,0,4,9,9,95,95,95,95,95,95,95,4,1,0,9.3110805778853,7,9
2400950,2024,13,26,1-13-2024-026-08,8,2,4,21:12,4,1,3,14,1,1,3,1,1,95,95,95,95,95,95,95,0,1,0,357.334347001105,7,9
2400951,2024,23,15,1-23-2024-015-08,8,2,6,12:19,4,1,1,1,1,0,3,2,2,95,95,95,95,95,95,95,0,1,0,59.3467156686336,5,9
2400952,2024,23,16,1-23-2024-016-09,9,3,6,09:00,1,2,1,1,1,0,4,9,9,95,95,95,95,95,95,95,1,1,0,749.679537257472,5,9
2400953,2024,59,31,1-59-2024-031-01,1,2,1,00:15,1,1,5,57,1,1,1,1,2,95,95,95,95,95,95,95,0,1,0,53.4084683471652,6,9
2400954,2024,59,32,1-59-2024-032-07,7,2,3,09:45,2,1,0,0,0,0,0,2,2,95,95,95,95,95,95,95,0,1,0,1121.12083244465,6,9
2400955,2024,59,33,1-59-2024-033-06,6,2,5,23:42,2,1,1,1,1,0,6,1,2,95,95,95,95,95,95,95,0,1,0,293.492594938454,6,9
2400956,2024,73,30,1-73-2024-030-04,4,2,1,15:40,2,2,1,1,2,0,4,1,9,95,95,95,95,95,95,95,6,1,0,46.5556133289521,3,9
2400957,2024,73,31,1-73-2024-031-06,6,2,2,11:35,1,2,9,97,1,0,4,2,9,95,95,95,95,95,95,95,4,1,0,38.5374888665136,3,9
2400959,2024,73,33,1-73-2024-033-08,8,1,2,18:59,4,1,1,2,1,0,8,1,9,95,95,95,95,95,95,95,0,1,0,40.1180243892693,3,9
2400960,2024,57,19,1-57-2024-019-NM1,21,2,3,08:21,2,2,1,1,1,0,4,9,9,9,97,1,0,4,2,2,4,1,1,15.0398443849994,1,9
2400962,2024,81,21,1-81-2024-021-01,1,2,2,22:29,3,1,3,27,1,1,1,1,2,95,95,95,95,95,95,95,0,1,0,66.9848935846813,8,9
2400963,2024,81,22,1-81-2024-022-09,9,2,7,08:20,5,1,1,1,1,0,4,1,2,95,95,95,95,95,95,95,0,1,0,4796.11655826995,8,9
2400965,2024,77,32,1-77-2024-032-03,3,2,6,09:55,2,2,1,2,1,0,4,2,2,95,95,95,95,95,95,95,4,1,0,110.200563996459,9,9
2400966,2024,77,33,1-77-2024-033-09,9,2,3,17:10,1,2,0,0,0,0,4,2,2,95,95,95,95,95,95,95,1,1,0,1062.90660730513,9,9
2400967,2024,77,34,1-77-2024-034-08,8,3,7,02:19,2,1,2,4,1,0,4,2,2,95,95,95,95,95,95,95,0,1,0,148.704229143531,9,9
2400968,2024,62,26,1-62-2024-026-03,3,2,3,08:47,1,2,0,0,0,0,5,9,9,95,95,95,95,95,95,95,4,1,0,347.553871011176,7,9
2400969,2024,62,27,1-62-2024-027-03,3,2,5,06:43,3,4,1,1,1,0,4,9,9,95,95,95,95,95,95,95,1,1,0,347.553871052625,7,9
2400970,2024,62,28,1-62-2024-028-09,9,2,6,12:06,2,3,0,0,0,0,0,2,2,95,95,95,95,95,95,95,4,1,0,3035.81680191226,7,9
2400971,2024,10,14,1-10-2024-014-09,9,2,5,23:49,3,2,0,0,0,0,4,2,2,95,95,95,95,95,95,95,4,1,0,2016.1478848675,4,9
2400972,2024,10,15,1-10-2024-015-07,7,2,4,23:10,4,2,0,0,0,0,0,2,2,95,95,95,95,95,95,95,1,1,0,3357.93988423277,4,9
2400973,2024,30,31,1-30-2024-031-02,2,2,7,11:38,2,2,2,4,1,0,3,2,2,95,95,95,95,95,95,95,4,1,0,16.6145707079083,10,9
2400974,2024,30,32,1-30-2024-032-03,3,2,5,12:04,1,2,99,99,0,0,0,2,2,95,95,95,95,95,95,95,4,1,0,313.838331797314,10,9
2400975,2024,30,33,1-30-2024-033-10,10,2,4,19:01,5,1,0,0,0,0,0,9,9,95,95,95,95,95,95,95,0,1,0,19366.7239945855,10,9
2400977,2024,54,24,1-54-2024-024-05,5,3,6,14:40,2,1,0,0,0,0,5,2,2,95,95,95,95,95,95,95,0,1,0,144.976226836895,9,9
2400978,2024,54,25,1-54-2024-025-09,9,3,7,20:25,2,1,2,5,1,0,4,2,2,95,95,95,95,95,95,95,0,1,0,117.274582131211,9,9
2400979,2024,54,26,1-54-2024-026-04,4,2,4,16:55,1,2,0,0,0,0,0,2,2,95,95,95,95,95,95,95,4,1,0,152.997399597271,9,9
2400980,2024,54,27,1-54-2024-027-08,8,2,3,18:30,10,1,3,14,1,1,3,1,2,95,95,95,95,95,95,95,0,1,0,161.994257211147,9,9
2400981,2024,48,32,1-48-2024-032-08,8,2,1,11:42,2,1,2,5,2,0,3,2,2,95,95,95,95,95,95,95,0,1,0,96.1411607504999,12,9
2400984,2024,48,35,1-48-2024-035-04,4,2,2,23:33,2,1,0,0,0,0,0,2,2,95,95,95,95,95,95,95,0,1,0,179.536136506328,12,9
2400985,2024,18,35,1-18-2024-035-10,10,2,3,18:56,1,2,0,0,0,0,0,2,2,95,95,95,95,95,95,95,4,1,0,3169.43297739792,6,9
2400986,2024,18,36,1-18-2024-036-07,7,2,3,08:40,1,1,99,99,0,0,9,2,2,95,95,95,95,95,95,95,0,1,0,367.133830568572,6,9
2400987,2024,18,37,1-18-2024-037-03,3,2,5,12:04,4,1,1,1,1,0,4,2,2,95,95,95,95,95,95,95,0,1,0,34.6070615401308,6,9
2400988,2024,18,38,1-18-2024-038-04,4,2,5,16:16,1,2,9,97,2,0,9,2,2,95,95,95,95,95,95,95,4,1,0,84.630238881144,6,9
2400989,2024,82,24,1-82-2024-024-06,6,2,5,15:30,1,2,9,97,1,0,9,2,2,95,95,95,95,95,95,95,1,1,0,296.299852754582,1,9
2400991,2024,33,14,1-33-2024-014-09,9,2,1,20:45,3,1,2,4,1,0,4,1,2,95,95,95,95,95,95,95,0,1,0,254.441893481535,12,9
2400992,2024,33,15,1-33-2024-015-09,9,2,7,21:00,4,1,1,1,1,0,6,1,2,95,95,95,95,95,95,95,0,1,0,254.441893481535,12,9
2400993,2024,12,19,1-12-2024-019-09,9,2,5,15:32,2,2,0,0,0,0,4,2,9,95,95,95,95,95,95,95,4,1,0,386.993347232444,9,9
2400994,2024,12,20,1-12-2024-020-04,4,2,2,16:12,1,2,1,1,3,0,4,2,2,95,95,95,95,95,95,95,4,1,0,243.899610339648,9,9
2400995,2024,82,26,1-82-2024-026-04,4,2,6,20:19,2,3,0,0,0,0,0,2,2,95,95,95,95,95,95,95,1,1,0,358.918120939719,1,9
2400996,2024,77,35,1-77-2024-035-03,3,3,7,10:48,3,1,99,99,0,0,0,2,2,95,95,95,95,95,95,95,0,1,0,110.200563996459,9,9
2400997,2024,19,16,1-19-2024-016-03,3,2,4,14:49,1,2,1,1,1,0,4,9,9,95,95,95,95,95,95,95,1,1,0,69.7381806387851,9,9
2400998,2024,19,17,1-19-2024-017-04,4,2,4,12:14,1,1,0,0,0,0,0,2,2,95,95,95,95,95,95,95,0,1,0,376.7598096276,9,9
2400999,2024,79,23,1-79-2024-023-09,9,2,2,19:20,2,1,1,2,2,0,6,9,9,95,95,95,95,95,95,95,0,1,0,1745.97381842404,8,9
2401000,2024,79,24,1-79-2024-024-09,9,2,5,15:30,1,2,1,2,2,0,4,9,9,95,95,95,95,95,95,95,4,1,0,1745.97381842404,8,9
2401001,2024,69,17,1-69-2024-017-02,2,2,5,08:05,2,2,9,97,1,0,8,2,2,95,95,95,95,95,95,95,1,1,0,17.6221452227151,8,9
2401002,2024,69,18,1-69-2024-018-02,2,3,6,07:43,5,2,1,1,4,0,8,2,2,95,95,95,95,95,95,95,0,1,0,17.6221452308209,8,9
2401003,2024,20,25,1-20-2024-025-03,3,2,4,22:20,4,1,1,1,2,0,4,2,2,95,95,95,95,95,95,95,0,1,0,30.7883079321252,11,9
2401004,2024,20,26,1-20-2024-026-08,8,2,6,12:19,3,3,9,97,1,0,8,2,2,95,95,95,95,95,95,95,1,1,0,26.278484934148,11,9
2401005,2024,20,27,1-20-2024-027-06,6,2,2,08:17,1,2,1,1,1,0,0,2,2,95,95,95,95,95,95,95,6,1,0,95.8020270388408,11,9
2401006,2024,17,30,1-17-2024-030-07,7,2,5,17:03,1,2,0,0,0,0,0,2,2,95,95,95,95,95,95,95,2,1,0,405.540149208172,4,9
2401008,2024,17,32,1-17-2024-032-04,4,2,4,07:33,1,2,0,0,0,0,0,2,2,95,95,95,95,95,95,95,4,1,0,131.910982492372,4,9
2401009,2024,17,33,1-17-2024-033-04,4,3,1,09:00,2,2,0,0,0,0,0,2,2,95,95,95,95,95,95,95,4,1,0,131.910982492372,4,9
2401010,2024,17,31,1-17-2024-031-09,9,2,6,20:15,1,2,99,99,0,0,8,2,2,95,95,95,95,95,95,95,4,1,0,377.724258351331,4,9
2401011,2024,48,36,1-48-2024-036-03,3,2,2,00:20,2,1,0,0,0,0,0,2,2,95,95,95,95,95,95,95,0,1,0,54.9604072040948,12,9
2401012,2024,11,23,1-11-2024-023-06,6,2,7,08:57,4,3,0,0,0,0,0,2,2,95,95,95,95,95,95,95,4,1,0,318.462503685406,8,9
2401013,2024,11,24,1-11-2024-024-03,3,2,4,17:33,1,2,1,1,2,0,4,2,2,95,95,95,95,95,95,95,4,1,0,85.9711922432037,8,9
2401014,2024,11,25,1-11-2024-025-03,3,2,4,17:52,2,3,9,97,1,0,4,2,2,95,95,95,95,95,95,95,1,1,0,85.9711922432037,8,9
2401015,2024,24,21,1-24-2024-021-05,5,2,6,21:20,2,2,3,14,3,1,3,2,2,95,95,95,95,95,95,95,4,1,0,30.2115379575138,1,9
2401016,2024,24,22,1-24-2024-022-NM1,21,2,6,18:25,1,1,0,0,0,0,4,9,9,3,19,1,1,1,2,1,0,1,1,81.6170730667138,1,9
2401017,2024,24,23,1-24-2024-023-05,5,2,4,08:18,1,2,3,22,3,1,3,2,1,95,95,95,95,95,95,95,4,1,0,30.2115379575138,1,9
2401018,2024,60,12,1-60-2024-012-04,4,3,7,02:45,1,1,0,0,0,0,0,2,2,95,95,95,95,95,95,95,0,1,0,1122.95553268025,8,9
2401021,2024,25,23,1-25-2024-023-05,5,2,6,10:15,2,2,1,2,1,0,4,2,2,95,95,95,95,95,95,95,4,1,0,47.0105431448925,2,9
2401022,2024,25,24,1-25-2024-024-10,10,2,3,12:37,1,2,0,0,0,0,0,2,2,95,95,95,95,95,95,95,1,1,0,6366.35415870068,2,9
2401024,2024,16,30,1-16-2024-030-09,9,2,3,13:20,1,2,1,1,3,0,5,9,9,95,95,95,95,95,95,95,4,1,0,1561.49805500175,5,9
2401025,2024,16,31,1-16-2024-031-05,5,2,4,15:27,4,3,99,99,0,0,4,9,9,95,95,95,95,95,95,95,6,1,0,17.5468318569652,5,9
2401026,2024,16,32,1-16-2024-032-09,9,3,6,09:41,1,1,0,0,0,0,5,2,2,95,95,95,95,95,95,95,0,1,0,1561.49805505811,5,9
2401027,2024,16,33,1-16-2024-033-NM2,22,2,4,17:25,2,1,95,95,95,95,95,2,2,2,5,2,0,4,2,2,0,0,1,439.019791611487,5,9
2401028,2024,31,19,1-31-2024-019-10,10,2,5,03:24,2,1,0,0,0,0,0,9,9,95,95,95,95,95,95,95,0,1,0,419.593794787767,6,9
2401029,2024,31,20,1-31-2024-020-09,9,2,6,15:35,1,1,3,19,1,1,3,2,2,95,95,95,95,95,95,95,0,1,0,161.39423315543,6,9
2401030,2024,31,21,1-31-2024-021-06,6,3,1,21:22,1,1,1,3,1,0,4,9,9,95,95,95,95,95,95,95,0,1,0,238.979638420053,6,9
2401031,2024,31,22,1-31-2024-022-07,7,2,6,14:30,1,1,0,0,0,0,0,2,2,95,95,95,95,95,95,95,0,1,0,230.868935151332,6,9
2401032,2024,14,16,1-14-2024-016-04,4,2,7,09:21,1,2,0,0,0,0,0,9,9,95,95,95,95,95,95,95,1,1,0,677.371691967794,8,9
2401033,2024,32,31,1-32-2024-031-03,3,2,6,17:09,1,2,2,4,1,0,3,2,2,95,95,95,95,95,95,95,4,1,0,207.133649393863,7,9
2401034,2024,32,32,1-32-2024-032-06,6,2,2,12:43,1,2,99,99,0,0,5,2,2,95,95,95,95,95,95,95,4,1,0,767.283771020163,7,9
2401036,2024,32,34,1-32-2024-034-NM1,21,2,1,04:59,4,3,0,0,0,0,0,2,2,3,11,1,1,4,2,2,2,1,1,15.678814367208,7,9
2401037,2024,25,25,1-25-2024-025-09,9,2,5,10:00,1,2,1,1,1,0,4,2,2,95,95,95,95,95,95,95,4,1,0,483.612196811158,2,9
2401038,2024,28,24,1-28-2024-024-06,6,1,1,12:51,2,1,0,0,0,0,0,2,2,95,95,95,95,95,95,95,0,1,0,62.971932038369,3,9
2401039,2024,28,25,1-28-2024-025-04,4,2,1,20:11,2,1,0,0,0,0,0,2,2,95,95,95,95,95,95,95,0,1,0,77.9203950892058,3,9
2401040,2024,28,26,1-28-2024-026-09,9,2,2,14:06,1,2,1,2,1,0,4,2,2,95,95,95,95,95,95,95,4,1,0,122.739004237079,3,9
2401041,2024,28,27,1-28-2024-027-01,1,2,3,07:50,2,2,2,12,2,1,1,2,2,95,95,95,95,95,95,95,2,1,0,36.6185653494975,3,9
2401042,2024,52,13,1-52-2024-013-NM1,21,2,6,00:41,1,1,0,0,0,0,0,9,9,3,11,1,1,3,9,1,0,1,1,20.9023614233441,12,9
2401043,2024,52,14,1-52-2024-014-03,3,2,3,14:14,3,1,1,1,1,0,4,2,2,95,95,95,95,95,95,95,0,1,0,140.163579846144,12,9
2401044,2024,15,34,1-15-2024-034-03,3,2,5,10:30,1,2,99,99,0,0,9,2,2,95,95,95,95,95,95,95,4,1,0,16.4515804834085,1,9
2401045,2024,15,35,1-15-2024-035-03,3,2,5,11:56,5,2,0,0,0,0,4,2,2,95,95,95,95,95,95,95,0,1,0,22.844722638109,1,9
2401048,2024,76,28,1-76-2024-028-04,4,3,6,21:27,2,1,0,0,0,0,0,9,9,95,95,95,95,95,95,95,0,1,0,86.4714255045695,3,9
2401049,2024,76,29,1-76-2024-029-06,6,2,5,17:15,4,1,1,1,1,0,4,9,9,95,95,95,95,95,95,95,0,1,0,69.290638741677,3,9
2401050,2024,76,30,1-76-2024-030-10,10,2,3,22:47,5,1,0,0,0,0,0,9,9,95,95,95,95,95,95,95,0,1,0,84.6789860292199,3,9
2401051,2024,27,32,1-27-2024-032-06,6,2,4,12:50,1,1,1,1,1,0,4,2,2,95,95,95,95,95,95,95,0,1,0,50.9387159232509,3,9
2401052,2024,27,33,1-27-2024-033-04,4,2,7,22:03,4,1,0,0,0,0,0,2,2,95,95,95,95,95,95,95,0,1,0,50.8014521302521,3,9
2401053,2024,27,34,1-27-2024-034-NM2,22,3,7,18:14,3,1,95,95,95,95,95,2,2,1,1,1,0,4,2,2,0,0,1,32.7871735473087,3,9
2401054,2024,27,35,1-27-2024-035-07,7,2,3,16:41,1,1,0,0,0,0,0,2,2,95,95,95,95,95,95,95,0,1,0,198.385143986492,3,9
2401055,2024,21,25,1-21-2024-025-08,8,2,5,04:21,2,1,2,5,1,0,8,2,1,95,95,95,95,95,95,95,0,1,0,78.3803996099035,11,9
2401056,2024,21,26,1-21-2024-026-05,5,2,3,12:05,2,1,2,9,1,0,3,2,1,95,95,95,95,95,95,95,0,1,0,13.223965808446,11,9
2401057,2024,21,27,1-21-2024-027-06,6,2,5,07:38,1,2,9,97,1,0,0,2,2,95,95,95,95,95,95,95,1,1,0,415.794582168058,11,9
2401061,2024,22,28,1-22-2024-028-09,9,2,4,18:05,4,2,1,3,2,0,4,2,2,95,95,95,95,95,95,95,4,1,0,74.8175999070324,12,9
2401063,2024,22,30,1-22-2024-030-09,9,2,2,06:50,1,1,2,5,1,0,4,2,2,95,95,95,95,95,95,95,0,1,0,74.8175999070324,12,9
2401064,2024,22,31,1-22-2024-031-06,6,3,2,09:05,3,2,1,1,1,0,4,2,1,95,95,95,95,95,95,95,0,1,0,25.2675524846257,12,9
2401065,2024,22,29,1-22-2024-029-07,7,2,6,17:08,2,3,0,0,0,0,0,2,2,95,95,95,95,95,95,95,4,1,0,113.194619429454,12,9
2401066,2024,26,24,1-26-2024-024-03,3,2,1,22:44,3,2,99,99,0,0,9,2,2,95,95,95,95,95,95,95,4,1,0,142.578004216692,10,9
2401067,2024,30,35,1-30-2024-035-05,5,2,7,02:21,1,2,2,6,3,0,3,1,9,95,95,95,95,95,95,95,4,1,0,31.0583053089904,10,9
2401069,2024,32,35,1-32-2024-035-05,5,2,7,02:00,3,1,1,2,1,0,4,1,2,95,95,95,95,95,95,95,0,1,0,24.5654666372372,7,9
2401070,2024,26,25,1-26-2024-025-07,7,3,1,11:30,2,3,0,0,0,0,0,2,2,95,95,95,95,95,95,95,1,1,0,1644.96878847166,10,9
2401071,2024,14,17,1-14-2024-017-03,3,2,3,16:55,1,2,2,6,1,0,4,9,9,95,95,95,95,95,95,95,4,1,0,166.696122891279,8,9
2401072,2024,15,38,1-15-2024-038-03,3,2,3,11:24,2,3,0,0,0,0,5,9,9,95,95,95,95,95,95,95,4,1,0,16.4515804876236,1,9
2401073,2024,15,39,1-15-2024-039-04,4,2,5,20:30,2,2,0,0,0,0,0,9,9,95,95,95,95,95,95,95,4,1,0,62.5319177717728,1,9
2401074,2024,73,34,1-73-2024-034-04,4,2,2,07:29,1,2,0,0,0,0,0,9,9,95,95,95,95,95,95,95,1,1,0,46.5556133289521,3,9
2401075,2024,66,20,1-66-2024-020-10,10,1,5,10:04,1,2,0,0,0,0,0,2,2,95,95,95,95,95,95,95,1,1,0,242.389498710963,6,9
2401076,2024,66,21,1-66-2024-021-10,10,2,5,16:40,1,2,0,0,0,0,0,2,2,95,95,95,95,95,95,95,1,1,0,242.389498710963,6,9
2401077,2024,26,26,1-26-2024-026-09,9,2,3,11:20,1,2,1,1,1,0,4,2,2,95,95,95,95,95,95,95,1,1,0,1221.82366657134,10,9
2401078,2024,48,37,1-48-2024-037-06,6,2,5,17:38,1,1,9,97,2,0,5,1,2,95,95,95,95,95,95,95,0,1,0,157.161135633244,12,9
2401079,2024,59,34,1-59-2024-034-02,2,3,1,17:59,1,1,4,17,2,2,3,2,2,95,95,95,95,95,95,95,0,1,0,48.7900687173874,6,9
2401080,2024,59,35,1-59-2024-035-03,3,3,4,14:00,1,2,1,1,1,0,4,2,2,95,95,95,95,95,95,95,4,1,0,47.4858553951671,6,9
2401081,2024,59,36,1-59-2024-036-07,7,3,6,17:18,1,2,0,0,0,0,0,2,2,95,95,95,95,95,95,95,4,1,0,916.555792512821,6,9
2401082,2024,59,37,1-59-2024-037-03,3,3,6,18:44,1,2,1,1,1,0,4,2,2,95,95,95,95,95,95,95,4,1,0,47.4858553951671,6,9
2401083,2024,77,36,1-77-2024-036-09,9,3,2,05:54,1,1,0,0,0,0,0,2,2,95,95,95,95,95,95,95,0,1,0,825.00994640781,9,9
2401084,2024,77,37,1-77-2024-037-NM2,22,3,2,14:10,1,1,95,95,95,95,95,2,2,1,1,1,0,4,2,2,0,0,1,297.636915073691,9,9
2401085,2024,77,38,1-77-2024-038-NM2,22,3,3,09:50,1,1,95,95,95,95,95,2,2,1,1,1,0,9,2,2,0,0,1,297.636915073691,9,9
2401087,2024,23,17,1-23-2024-017-02,2,3,7,17:55,2,2,3,17,4,1,3,2,2,95,95,95,95,95,95,95,4,1,0,62.9617318466021,5,9
2401088,2024,23,18,1-23-2024-018-06,6,3,2,15:38,2,3,1,1,3,0,4,2,2,95,95,95,95,95,95,95,1,1,0,763.863599221831,5,9
2401089,2024,57,22,1-57-2024-022-02,2,2,2,14:02,2,2,9,97,1,0,8,9,9,95,95,95,95,95,95,95,4,1,0,13.1815107490417,1,9
2401091,2024,81,23,1-81-2024-023-04,4,3,3,19:37,1,2,0,0,0,0,0,2,2,95,95,95,95,95,95,95,4,1,0,2096.4964888712,8,9
2401092,2024,81,24,1-81-2024-024-10,10,3,3,16:30,1,2,0,0,0,0,0,2,2,95,95,95,95,95,95,95,1,1,0,24230.4540548434,8,9
2401094,2024,54,29,1-54-2024-029-04,4,3,6,05:40,1,1,0,0,0,0,0,2,2,95,95,95,95,95,95,95,0,1,0,152.997399597271,9,9
2401098,2024,10,16,1-10-2024-016-NM1,21,3,2,21:11,2,1,0,0,0,0,0,9,9,4,34,2,1,3,1,2,0,1,1,31.3806248143146,4,9
2401099,2024,10,17,1-10-2024-017-07,7,3,2,13:30,1,2,0,0,0,0,0,2,2,95,95,95,95,95,95,95,4,1,0,3323.62657555429,4,9
2401100,2024,62,29,1-62-2024-029-05,5,3,7,09:10,1,2,3,11,1,1,3,9,9,95,95,95,95,95,95,95,4,1,0,271.102583200318,7,9
2401101,2024,62,30,1-62-2024-030-02,2,3,2,15:45,1,2,5,35,2,1,3,1,9,95,95,95,95,95,95,95,1,1,0,143.712548638116,7,9
2401102,2024,48,38,1-48-2024-038-07,7,3,1,15:44,2,1,0,0,0,0,0,2,2,95,95,95,95,95,95,95,0,1,0,606.894233071279,12,9
2401103,2024,48,39,1-48-2024-039-04,4,3,2,11:07,3,1,0,0,0,0,0,2,2,95,95,95,95,95,95,95,0,1,0,155.227864749639,12,9
2401104,2024,48,40,1-48-2024-040-07,7,2,5,03:50,1,1,0,0,0,0,0,2,2,95,95,95,95,95,95,95,0,1,0,606.894233071279,12,9
2401105,2024,48,41,1-48-2024-041-03,3,3,5,09:24,5,3,2,5,3,0,4,2,2,95,95,95,95,95,95,95,5,1,0,54.9604072040948,12,9
2401107,2024,18,40,1-18-2024-040-05,5,3,7,02:34,2,1,2,6,2,0,6,1,2,95,95,95,95,95,95,95,0,1,0,50.9427492020977,6,9
2401108,2024,18,41,1-18-2024-041-07,7,2,4,12:23,1,2,0,0,0,0,0,2,2,95,95,95,95,95,95,95,1,1,0,726.729956937561,6,9
2401109,2024,18,42,1-18-2024-042-03,3,3,1,12:05,2,3,9,97,1,0,9,2,2,95,95,95,95,95,95,95,4,1,0,34.6070615401308,6,9
2401110,2024,19,18,1-19-2024-018-04,4,3,2,08:35,1,2,0,0,0,0,0,9,9,95,95,95,95,95,95,95,6,1,0,873.061101190973,9,9
2401111,2024,19,19,1-19-2024-019-01,1,3,6,12:20,2,1,9,97,1,1,1,9,9,95,95,95,95,95,95,95,0,1,0,49.8247383260155,9,9
2401113,2024,13,28,1-13-2024-028-NM1,21,2,4,08:24,2,1,99,99,0,0,9,9,9,2,6,1,0,3,2,2,0,1,1,14.5007405645646,7,9
2401114,2024,13,29,1-13-2024-029-04,4,2,7,17:11,1,2,0,0,0,0,0,9,9,95,95,95,95,95,95,95,4,1,0,1687.8283781712,7,9
2401115,2024,66,22,1-66-2024-022-06,6,3,7,20:46,3,2,4,17,1,1,3,2,2,95,95,95,95,95,95,95,4,1,0,124.972344097308,6,9
2401116,2024,66,23,1-66-2024-023-07,7,2,5,12:23,2,2,1,1,1,0,0,2,2,95,95,95,95,95,95,95,1,1,0,161.444955065863,6,9
2401117,2024,66,24,1-66-2024-024-06,6,2,4,07:04,3,1,1,1,1,0,4,2,9,95,95,95,95,95,95,95,0,1,0,124.972344097308,6,9
2401118,2024,66,25,1-66-2024-025-09,9,2,3,07:43,1,2,99,99,0,0,9,2,9,95,95,95,95,95,95,95,4,1,0,97.5596917228585,6,9
2401120,2024,33,17,1-33-2024-017-07,7,2,3,22:30,4,1,0,0,0,0,0,1,2,95,95,95,95,95,95,95,0,1,0,616.947043508982,12,9
2401121,2024,12,21,1-12-2024-021-03,3,2,5,19:54,3,2,1,1,2,0,4,2,2,95,95,95,95,95,95,95,2,1,0,213.260129545021,9,9
2401122,2024,12,22,1-12-2024-022-03,3,2,2,20:11,1,2,1,1,1,0,4,2,2,95,95,95,95,95,95,95,4,1,0,213.260129545021,9,9
2401123,2024,73,35,1-73-2024-035-04,4,3,6,03:23,1,1,0,0,0,0,0,9,9,95,95,95,95,95,95,95,0,1,0,77.4663849930113,3,9
2401124,2024,73,36,1-73-2024-036-04,4,3,7,12:57,2,2,0,0,0,0,0,9,9,95,95,95,95,95,95,95,4,1,0,77.4663849930113,3,9
2401125,2024,73,37,1-73-2024-037-04,4,3,1,18:18,1,1,0,0,0,0,0,9,9,95,95,95,95,95,95,95,0,1,0,77.4663849930113,3,9
2401126,2024,73,38,1-73-2024-038-03,3,3,5,07:15,1,1,99,99,0,0,8,9,9,95,95,95,95,95,95,95,0,1,0,23.5881329232141,3,9
2401127,2024,79,25,1-79-2024-025-07,7,3,2,19:39,1,1,0,0,0,0,0,9,9,95,95,95,95,95,95,95,0,1,0,1675.03909054681,8,9
2401128,2024,79,26,1-79-2024-026-03,3,3,3,08:14,2,1,3,17,2,1,3,2,1,95,95,95,95,95,95,95,0,1,0,139.014214440248,8,9
2401130,2024,30,37,1-30-2024-037-03,3,2,5,18:07,1,2,0,0,0,0,0,2,2,95,95,95,95,95,95,95,4,1,0,107.342152836678,10,9
2401131,2024,30,38,1-30-2024-038-08,8,3,7,22:37,5,1,4,34,1,1,3,2,1,95,95,95,95,95,95,95,0,1,0,97.9076373187586,10,9
2401133,2024,18,43,1-18-2024-043-03,3,2,5,07:00,6,1,1,1,1,0,0,2,2,95,95,95,95,95,95,95,0,1,0,34.6070615401308,6,9
2401135,2024,82,28,1-82-2024-028-04,4,3,1,08:11,4,2,0,0,0,0,0,2,2,95,95,95,95,95,95,95,4,1,0,204.821008822142,1,9
2401136,2024,77,40,1-77-2024-040-06,6,2,3,12:46,1,2,1,1,1,0,4,2,2,95,95,95,95,95,95,95,1,1,0,432.202486626462,9,9
2401137,2024,17,34,1-17-2024-034-04,4,3,6,18:40,1,2,0,0,0,0,0,2,2,95,95,95,95,95,95,95,5,1,0,387.639619467061,4,9
2401138,2024,17,35,1-17-2024-035-07,7,3,6,19:47,3,2,0,0,0,0,0,2,2,95,95,95,95,95,95,95,4,1,0,1191.73874796029,4,9
2401139,2024,17,36,1-17-2024-036-05,5,3,1,01:27,1,1,1,1,1,0,6,1,2,95,95,95,95,95,95,95,0,1,0,65.2966472785888,4,9
2401140,2024,17,37,1-17-2024-037-07,7,3,7,22:07,1,2,0,0,0,0,4,2,2,95,95,95,95,95,95,95,4,1,0,1191.73874796029,4,9
2401142,2024,82,29,1-82-2024-029-04,4,2,5,18:20,1,1,0,0,0,0,0,2,2,95,95,95,95,95,95,95,0,1,0,204.821008822528,1,9
2401143,2024,30,39,1-30-2024-039-NM2,22,3,7,13:03,1,1,95,95,95,95,95,2,2,9,97,1,0,0,2,2,0,0,1,269.894765505706,10,9
2401144,2024,69,19,1-69-2024-019-04,4,3,1,08:59,1,2,0,0,0,0,0,2,2,95,95,95,95,95,95,95,1,1,0,290.299898225657,8,9
2401145,2024,69,20,1-69-2024-020-03,3,3,2,16:53,1,2,0,0,0,0,3,2,2,95,95,95,95,95,95,95,6,1,0,75.2386140829049,8,9
2401146,2024,20,28,1-20-2024-028-NM1,21,2,6,22:28,3,1,2,4,1,0,6,2,2,3,17,2,1,3,1,1,0,1,1,43.971490849978,11,9
2401147,2024,20,29,1-20-2024-029-03,3,3,6,22:24,3,1,1,1,1,0,8,1,2,95,95,95,95,95,95,95,0,1,0,112.627774697382,11,9
2401148,2024,20,30,1-20-2024-030-04,4,2,5,10:08,2,1,0,0,0,0,0,1,2,95,95,95,95,95,95,95,0,1,0,402.679247328854,11,9
2401149,2024,33,18,1-33-2024-018-03,3,2,5,18:37,3,1,0,0,0,0,4,1,2,95,95,95,95,95,95,95,0,1,0,27.3329411219541,12,9
2401150,2024,11,26,1-11-2024-026-09,9,3,6,13:50,2,3,99,99,0,0,9,2,2,95,95,95,95,95,95,95,5,1,0,1381.58145851241,8,9
2401151,2024,11,27,1-11-2024-027-07,7,2,5,17:40,1,2,0,0,0,0,0,2,2,95,95,95,95,95,95,95,1,1,0,2347.74116870245,8,9
2401152,2024,11,28,1-11-2024-028-03,3,2,1,15:58,2,2,1,1,2,0,4,2,2,95,95,95,95,95,95,95,1,1,0,136.762566507973,8,9
2401153,2024,24,24,1-24-2024-024-04,4,2,5,16:07,1,2,0,0,0,0,0,2,2,95,95,95,95,95,95,95,4,1,0,134.47964575983,1,9
2401154,2024,24,25,1-24-2024-025-06,6,2,6,00:23,1,2,1,2,3,0,4,2,2,95,95,95,95,95,95,95,4,1,0,116.94575801916,1,9
2401155,2024,24,26,1-24-2024-026-03,3,3,7,01:23,2,2,2,4,2,0,4,2,2,95,95,95,95,95,95,95,4,1,0,37.5833593561642,1,9
2401156,2024,60,13,1-60-2024-013-03,3,3,4,11:42,1,2,1,1,1,0,4,2,2,95,95,95,95,95,95,95,4,1,0,228.262148598629,8,9
2401157,2024,16,34,1-16-2024-034-06,6,3,2,12:26,2,3,1,2,1,0,4,9,9,95,95,95,95,95,95,95,1,1,0,444.975684448216,5,9
2401159,2024,16,36,1-16-2024-036-09,9,3,4,10:27,3,4,99,99,0,0,0,9,9,95,95,95,95,95,95,95,1,1,0,1267.79203502257,5,9
2401160,2024,16,37,1-16-2024-037-07,7,3,6,17:53,1,2,0,0,0,0,0,2,2,95,95,95,95,95,95,95,4,1,0,1515.06385581799,5,9
2401161,2024,25,26,1-25-2024-026-06,6,3,5,17:15,1,2,1,1,1,0,4,2,2,95,95,95,95,95,95,95,1,1,0,113.807897238659,2,9
2401162,2024,25,27,1-25-2024-027-07,7,3,7,12:04,2,2,0,0,0,0,0,2,2,95,95,95,95,95,95,95,5,1,0,447.529918693012,2,9
2401163,2024,25,28,1-25-2024-028-03,3,3,6,07:02,2,3,1,1,1,0,6,2,2,95,95,95,95,95,95,95,1,1,0,55.0753664902521,2,9
2401164,2024,28,28,1-28-2024-028-06,6,2,2,09:26,2,1,0,0,0,0,6,2,2,95,95,95,95,95,95,95,0,1,0,44.5186799027896,3,9
2401165,2024,28,29,1-28-2024-029-10,10,3,3,16:01,1,2,0,0,0,0,0,2,2,95,95,95,95,95,95,95,1,1,0,80.5683609045318,3,9
2401166,2024,28,30,1-28-2024-030-10,10,3,6,13:52,1,2,0,0,0,0,0,2,2,95,95,95,95,95,95,95,4,1,0,80.5683609045318,3,9
2401168,2024,27,36,1-27-2024-036-03,3,3,5,11:20,1,1,1,1,2,0,4,2,9,95,95,95,95,95,95,95,0,1,0,32.3914110115022,3,9
2401169,2024,27,37,1-27-2024-037-04,4,3,2,09:38,1,2,1,1,1,0,6,2,9,95,95,95,95,95,95,95,9,1,0,118.467609431067,3,9
2401170,2024,27,38,1-27-2024-038-03,3,3,4,15:18,1,2,1,1,2,0,4,2,2,95,95,95,95,95,95,95,4,1,0,20.2445355763671,3,9
2401171,2024,27,39,1-27-2024-039-02,2,3,7,01:17,2,1,2,4,2,0,4,1,9,95,95,95,95,95,95,95,0,1,0,16.0023432140122,3,9
2401175,2024,32,39,1-32-2024-039-05,5,3,6,00:09,4,2,2,5,1,0,3,1,9,95,95,95,95,95,95,95,5,1,0,29.2292884498511,7,9
2401176,2024,28,32,1-28-2024-032-10,10,2,5,07:10,1,1,0,0,0,0,0,2,2,95,95,95,95,95,95,95,0,1,0,80.5683609045318,3,9
2401177,2024,52,15,1-52-2024-015-09,9,2,1,01:27,1,2,3,14,3,1,3,1,2,95,95,95,95,95,95,95,4,1,0,308.439233897572,12,9
2401178,2024,52,16,1-52-2024-016-03,3,2,7,03:09,1,1,1,1,1,0,4,1,2,95,95,95,95,95,95,95,0,1,0,35.109411555864,12,9
2401179,2024,32,40,1-32-2024-040-NM1,21,3,6,20:32,2,2,0,0,0,0,0,2,2,2,4,1,0,4,2,2,1,1,1,15.2268214619951,7,9
2401180,2024,32,41,1-32-2024-041-NM1,21,2,2,03:35,1,1,0,0,0,0,0,9,2,6,75,1,1,1,1,9,0,1,1,15.2268214619951,7,9
2401181,2024,22,32,1-22-2024-032-09,9,2,6,08:05,2,1,99,99,0,0,9,2,2,95,95,95,95,95,95,95,0,1,0,75.7198396139139,12,9
2401182,2024,22,33,1-22-2024-033-10,10,3,7,13:04,1,2,0,0,0,0,0,9,9,95,95,95,95,95,95,95,4,1,0,632.984210388483,12,9
2401183,2024,22,34,1-22-2024-034-NM2,22,3,3,09:57,1,1,95,95,95,95,95,2,2,3,17,1,1,3,2,2,0,0,1,24.4305122731702,12,9
2401185,2024,26,27,1-26-2024-027-09,9,3,2,15:15,3,1,99,99,0,0,8,2,2,95,95,95,95,95,95,95,0,1,0,1278.42089527898,10,9
2401187,2024,26,29,1-26-2024-029-03,3,2,3,07:33,1,2,1,1,1,0,6,2,2,95,95,95,95,95,95,95,9,1,0,149.182492355291,10,9
2401188,2024,76,31,1-76-2024-031-06,6,2,7,18:30,6,1,1,1,1,0,5,9,9,95,95,95,95,95,95,95,0,1,0,69.290638741677,3,9
2401189,2024,76,32,1-76-2024-032-07,7,1,1,09:24,1,1,1,1,1,0,0,9,9,95,95,95,95,95,95,95,0,1,0,72.7960942583928,3,9
2401194,2024,26,30,1-26-2024-030-06,6,3,7,03:26,2,1,1,1,1,0,8,2,9,95,95,95,95,95,95,95,0,1,0,464.201709285297,10,9
2401195,2024,15,43,1-15-2024-043-03,3,3,6,07:45,1,2,99,99,0,0,8,9,9,95,95,95,95,95,95,95,4,1,0,13.5934492145627,1,9
2401196,2024,22,36,1-22-2024-036-04,4,2,4,07:34,1,2,0,0,0,0,5,2,2,95,95,95,95,95,95,95,5,1,0,36.8082711468397,12,9
2401197,2024,32,42,1-32-2024-042-05,5,2,5,19:58,1,2,5,25,3,2,3,1,2,95,95,95,95,95,95,95,4,1,0,29.2292884585872,7,9
2401198,2024,13,30,1-13-2024-030-NM2,22,2,6,11:56,2,1,95,95,95,95,95,9,9,2,4,2,0,4,9,9,0,0,1,1161.47481366351,7,9
2401199,2024,30,40,1-30-2024-040-07,7,2,2,16:28,1,2,0,0,0,0,0,2,2,95,95,95,95,95,95,95,1,1,0,1198.83468004154,10,9
2401200,2024,15,44,1-15-2024-044-03,3,3,7,12:35,1,2,0,0,0,0,0,9,9,95,95,95,95,95,95,95,1,1,0,13.5934492145627,1,9
2401201,2024,15,45,1-15-2024-045-04,4,2,5,17:25,1,2,0,0,0,0,0,9,9,95,95,95,95,95,95,95,1,1,0,51.6682545714718,1,9
2401202,2024,15,46,1-15-2024-046-03,3,3,6,10:05,1,2,2,9,1,0,4,9,9,95,95,95,95,95,95,95,4,1,0,13.5934492145627,1,9
2401203,2024,54,31,1-54-2024-031-10,10,3,3,18:45,2,1,0,0,0,0,0,1,2,95,95,95,95,95,95,95,0,1,0,594.813207503092,9,9
2401204,2024,31,23,1-31-2024-023-10,10,3,7,14:15,1,2,0,0,0,0,0,2,2,95,95,95,95,95,95,95,4,1,0,730.093202930715,6,9
2401206,2024,31,25,1-31-2024-025-NM2,22,3,6,13:37,1,1,95,95,95,95,95,2,2,1,2,1,0,4,2,2,0,0,1,197.377933176122,6,9
2401207,2024,16,38,1-16-2024-038-05,5,3,3,15:15,1,2,1,1,2,0,4,2,2,95,95,95,95,95,95,95,2,1,0,15.6592746300539,5,9
2401208,2024,77,41,1-77-2024-041-06,6,3,1,19:53,6,1,1,1,1,0,6,1,9,95,95,95,95,95,95,95,0,1,0,808.070771802769,9,9
2401209,2024,77,42,1-77-2024-042-03,3,3,4,17:23,3,4,2,4,2,0,4,2,2,95,95,95,95,95,95,95,1,1,0,159.92267008186,9,9
2401210,2024,77,43,1-77-2024-043-05,5,3,3,18:32,2,1,2,5,1,0,3,1,2,95,95,95,95,95,95,95,0,1,0,90.6570748528622,9,9
2401211,2024,77,44,1-77-2024-044-08,8,3,2,18:31,1,2,1,1,1,0,4,2,2,95,95,95,95,95,95,95,1,1,0,215.799053241345,9,9
2401213,2024,13,32,1-13-2024-032-02,2,3,1,15:30,1,1,1,2,1,0,4,9,9,95,95,95,95,95,95,95,0,1,0,9.13287494953795,7,9
2401214,2024,13,33,1-13-2024-033-02,2,3,3,13:10,2,2,5,26,2,1,3,2,9,95,95,95,95,95,95,95,4,1,0,9.13287494953795,7,9
2401215,2024,57,24,1-57-2024-024-03,3,3,4,12:57,1,2,99,99,0,0,8,2,2,95,95,95,95,95,95,95,4,1,0,150.626658568776,1,9
2401216,2024,57,25,1-57-2024-025-03,3,3,7,22:57,1,2,99,99,0,0,4,2,2,95,95,95,95,95,95,95,4,1,0,150.626658607379,1,9
2401217,2024,59,38,1-59-2024-038-08,8,3,6,07:55,3,2,2,5,2,0,3,2,2,95,95,95,95,95,95,95,4,1,0,57.7250441257383,6,9
2401218,2024,59,39,1-59-2024-039-06,6,3,1,15:33,2,2,1,1,2,0,4,1,2,95,95,95,95,95,95,95,4,1,0,101.680035710738,6,9
2401219,2024,59,40,1-59-2024-040-07,7,3,2,16:18,1,2,0,0,0,0,0,2,2,95,95,95,95,95,95,95,1,1,0,388.410502496422,6,9
2401220,2024,59,41,1-59-2024-041-04,4,3,6,12:03,1,2,1,2,1,0,6,2,2,95,95,95,95,95,95,95,4,1,0,117.569671114612,6,9
2401221,2024,23,19,1-23-2024-019-04,4,3,6,08:46,2,2,0,0,0,0,0,2,2,95,95,95,95,95,95,95,6,1,0,730.927295842337,5,9
2401222,2024,23,20,1-23-2024-020-02,2,3,4,17:50,1,2,1,1,5,0,4,2,2,95,95,95,95,95,95,95,2,1,0,62.9617318466021,5,9
2401223,2024,54,32,1-54-2024-032-02,2,3,5,07:25,2,3,1,3,2,0,4,2,2,95,95,95,95,95,95,95,4,1,0,135.524498741715,9,9
2401224,2024,81,25,1-81-2024-025-05,5,3,2,07:30,3,4,1,1,2,0,4,2,2,95,95,95,95,95,95,95,1,1,0,62.3562447625643,8,9
2401225,2024,81,26,1-81-2024-026-08,8,3,7,14:20,2,2,0,0,0,0,0,9,9,95,95,95,95,95,95,95,5,1,0,311.568158784373,8,9
2401226,2024,10,18,1-10-2024-018-02,2,3,1,15:03,2,1,1,1,1,0,3,2,2,95,95,95,95,95,95,95,0,1,0,22.3566511295402,4,9
2401227,2024,10,19,1-10-2024-019-06,6,3,5,10:15,2,3,99,99,0,0,0,2,2,95,95,95,95,95,95,95,1,1,0,685.041478534248,4,9
2401228,2024,73,39,1-73-2024-039-03,3,3,6,19:38,1,2,2,9,4,0,4,1,1,95,95,95,95,95,95,95,2,1,0,23.5881329232141,3,9
2401229,2024,73,40,1-73-2024-040-04,4,3,6,21:21,11,1,0,0,0,0,0,1,9,95,95,95,95,95,95,95,0,1,0,101.005219693877,3,9
2401230,2024,73,41,1-73-2024-041-06,6,3,4,07:29,1,2,0,0,0,0,5,2,2,95,95,95,95,95,95,95,1,1,0,83.6094135826125,3,9
2401231,2024,73,42,1-73-2024-042-01,1,3,5,06:57,2,2,4,20,3,2,1,9,9,95,95,95,95,95,95,95,2,1,0,29.6045947385831,3,9
2401232,2024,62,31,1-62-2024-031-06,6,3,2,18:45,1,2,1,2,1,0,4,9,9,95,95,95,95,95,95,95,1,1,0,4736.59279411858,7,9
2401233,2024,62,32,1-62-2024-032-01,1,3,4,18:33,5,4,4,36,3,1,1,2,2,95,95,95,95,95,95,95,4,1,0,188.971843846857,7,9
2401234,2024,62,33,1-62-2024-033-05,5,3,3,15:45,1,2,1,1,1,0,4,9,9,95,95,95,95,95,95,95,4,1,0,151.647430427332,7,9
2401235,2024,48,42,1-48-2024-042-05,5,3,1,11:00,1,2,2,6,1,0,4,2,2,95,95,95,95,95,95,95,1,1,0,80.9035530796695,12,9
2401236,2024,48,43,1-48-2024-043-08,8,3,4,17:05,1,1,1,1,1,0,4,2,2,95,95,95,95,95,95,95,0,1,0,104.372049299083,12,9
2401237,2024,48,44,1-48-2024-044-04,4,3,5,17:59,2,2,1,1,1,0,0,2,2,95,95,95,95,95,95,95,4,1,0,424.163340716026,12,9
2401238,2024,48,45,1-48-2024-045-02,2,3,3,13:18,3,1,3,14,1,1,3,2,2,95,95,95,95,95,95,95,0,1,0,74.210049573419,12,9
2401239,2024,18,44,1-18-2024-044-07,7,3,7,12:47,1,2,0,0,0,0,0,2,2,95,95,95,95,95,95,95,1,1,0,1257.59168950676,6,9
2401240,2024,18,45,1-18-2024-045-05,5,3,7,20:41,8,1,0,0,0,0,4,1,1,95,95,95,95,95,95,95,0,1,0,50.9427492020977,6,9
2401243,2024,18,47,1-18-2024-047-08,8,3,3,11:00,1,1,3,17,1,1,3,2,1,95,95,95,95,95,95,95,0,1,0,60.2730059457291,6,9
2401244,2024,79,27,1-79-2024-027-03,3,3,4,20:10,1,2,1,2,1,0,4,9,9,95,95,95,95,95,95,95,6,1,0,104.756877618907,8,9
2401245,2024,79,28,1-79-2024-028-04,4,3,5,06:50,1,2,1,1,1,0,6,9,9,95,95,95,95,95,95,95,9,1,0,222.177481341307,8,9
2401246,2024,19,20,1-19-2024-020-06,6,3,7,00:37,4,1,0,0,0,0,4,1,2,95,95,95,95,95,95,95,0,1,0,291.019579336203,9,9
2401250,2024,30,41,1-30-2024-041-NM1,21,3,6,10:32,1,1,0,0,0,0,0,2,2,3,10,1,1,3,2,1,0,1,1,28.3509494483113,10,9
2401251,2024,30,42,1-30-2024-042-05,5,3,1,02:04,5,1,2,6,1,0,3,1,1,95,95,95,95,95,95,95,0,1,0,57.232530512796,10,9
2401253,2024,30,44,1-30-2024-044-02,2,3,2,14:19,1,2,1,3,2,0,4,2,2,95,95,95,95,95,95,95,4,1,0,41.0620689400047,10,9
2401254,2024,33,19,1-33-2024-019-08,8,3,6,19:05,2,2,2,5,1,0,4,1,2,95,95,95,95,95,95,95,4,1,0,39.8865413755801,12,9
2401256,2024,18,48,1-18-2024-048-03,3,3,6,16:43,3,4,1,1,2,0,0,2,2,95,95,95,95,95,95,95,1,1,0,45.4141790035401,6,9
2401257,2024,17,38,1-17-2024-038-04,4,3,5,16:09,1,2,0,0,0,0,0,2,2,95,95,95,95,95,95,95,1,1,0,79.274721302653,4,9
2401259,2024,17,40,1-17-2024-040-06,6,3,5,10:39,1,2,0,0,0,0,4,2,2,95,95,95,95,95,95,95,4,1,0,69.0724294993801,4,9
2401260,2024,17,41,1-17-2024-041-07,7,3,6,13:17,1,2,0,0,0,0,0,2,2,95,95,95,95,95,95,95,2,1,0,243.718011272748,4,9
2401263,2024,20,33,1-20-2024-033-08,8,2,5,21:00,2,1,99,99,0,0,4,9,9,95,95,95,95,95,95,95,0,1,0,50.2674690140219,11,9
2401266,2024,19,22,1-19-2024-022-06,6,3,4,18:49,1,2,1,1,1,0,4,2,2,95,95,95,95,95,95,95,4,1,0,291.019579336203,9,9
2401267,2024,69,21,1-69-2024-021-01,1,3,1,21:30,1,2,4,34,2,2,1,1,1,95,95,95,95,95,95,95,2,1,0,7.73450557740044,8,9
2401268,2024,17,39,1-17-2024-039-07,7,3,4,20:05,1,1,0,0,0,0,0,2,2,95,95,95,95,95,95,95,0,1,0,243.718011392817,4,9
2401269,2024,69,23,1-69-2024-023-07,7,3,3,05:47,2,2,1,2,1,0,4,2,2,95,95,95,95,95,95,95,4,1,0,889.873418242702,8,9
2401271,2024,24,28,1-24-2024-028-01,1,2,7,18:06,2,2,5,43,2,1,1,2,1,95,95,95,95,95,95,95,2,1,0,23.1726143074507,1,9
2401272,2024,24,29,1-24-2024-029-04,4,3,4,14:47,1,2,0,0,0,0,0,2,2,95,95,95,95,95,95,95,4,1,0,300.011267961684,1,9
2401273,2024,60,14,1-60-2024-014-03,3,3,2,08:10,2,2,0,0,0,0,4,2,2,95,95,95,95,95,95,95,4,1,0,623.203929289304,8,9
2401275,2024,16,39,1-16-2024-039-01,1,3,6,20:14,1,2,4,41,2,2,1,1,1,95,95,95,95,95,95,95,4,1,0,44.4680085854866,5,9
2401276,2024,16,40,1-16-2024-040-08,8,3,2,01:40,1,1,2,9,1,0,3,1,2,95,95,95,95,95,95,95,0,1,0,293.684778521298,5,9
2401277,2024,11,29,1-11-2024-029-02,2,2,7,17:08,1,2,3,10,3,1,3,2,2,95,95,95,95,95,95,95,6,1,0,30.7614595081659,8,9
2401278,2024,11,30,1-11-2024-030-06,6,3,2,20:50,1,2,99,99,0,0,0,2,2,95,95,95,95,95,95,95,9,1,0,4617.44446865698,8,9
2401279,2024,11,31,1-11-2024-031-02,2,2,1,15:55,4,1,3,14,1,1,4,2,2,95,95,95,95,95,95,95,0,1,0,30.7614595081659,8,9
2401280,2024,25,29,1-25-2024-029-05,5,2,1,23:05,1,1,1,1,1,0,4,1,2,95,95,95,95,95,95,95,0,1,0,78.4416239674917,2,9
2401281,2024,24,30,1-24-2024-030-06,6,3,7,00:25,4,1,0,0,0,0,4,2,2,95,95,95,95,95,95,95,0,1,0,260.894836150354,1,9
2401282,2024,32,43,1-32-2024-043-02,2,3,4,07:17,5,2,2,6,1,0,3,2,2,95,95,95,95,95,95,95,5,1,0,4.13903443658647,7,9
2401286,2024,52,17,1-52-2024-017-NM2,22,3,3,15:01,1,1,95,95,95,95,95,9,9,4,29,1,1,3,9,9,0,0,1,35.2372312111538,12,9
2401287,2024,52,18,1-52-2024-018-06,6,2,6,10:32,1,2,99,99,0,0,4,2,2,95,95,95,95,95,95,95,4,1,0,51.2449045834941,12,9
2401288,2024,14,18,1-14-2024-018-03,3,3,3,10:00,1,2,9,97,1,0,0,9,9,95,95,95,95,95,95,95,4,1,0,227.574403402927,8,9
2401289,2024,14,19,1-14-2024-019-04,4,3,6,17:34,1,2,0,0,0,0,5,9,9,95,95,95,95,95,95,95,6,1,0,924.75131399512,8,9
2401290,2024,32,46,1-32-2024-046-05,5,3,1,02:06,1,1,1,1,1,0,3,1,1,95,95,95,95,95,95,95,0,1,0,19.3075499927048,7,9
2401291,2024,12,23,1-12-2024-023-08,8,3,7,19:44,1,1,3,10,2,1,3,2,2,95,95,95,95,95,95,95,0,1,0,357.730823345316,9,9
2401292,2024,12,24,1-12-2024-024-04,4,3,7,21:08,9,1,0,0,0,0,4,2,2,95,95,95,95,95,95,95,0,1,0,1344.85073916677,9,9
2401293,2024,32,47,1-32-2024-047-06,6,3,6,08:42,2,3,0,0,0,0,0,2,2,95,95,95,95,95,95,95,1,1,0,603.056721371505,7,9
2401294,2024,27,40,1-27-2024-040-04,4,3,7,20:38,10,1,0,0,0,0,0,2,2,95,95,95,95,95,95,95,0,1,0,94.2504458585864,3,9
2401295,2024,27,41,1-27-2024-041-03,3,3,6,12:34,1,2,1,1,2,0,4,2,2,95,95,95,95,95,95,95,1,1,0,16.1061450800047,3,9
2401297,2024,27,43,1-27-2024-043-NM1,21,3,6,19:11,1,1,0,0,0,0,0,2,2,1,1,1,0,4,2,2,0,1,1,20.2398432682456,3,9
2401298,2024,22,37,1-22-2024-037-06,6,3,7,01:28,1,2,1,1,1,0,0,1,2,95,95,95,95,95,95,95,2,1,0,88.2065738868729,12,9
2401299,2024,22,38,1-22-2024-038-03,3,3,7,09:19,2,1,1,2,1,0,4,2,2,95,95,95,95,95,95,95,0,1,0,26.576495712423,12,9
2401300,2024,22,39,1-22-2024-039-05,5,3,4,16:37,10,2,1,1,1,0,4,9,9,95,95,95,95,95,95,95,1,1,0,25.2675524846257,12,9
2401301,2024,22,40,1-22-2024-040-09,9,3,3,00:27,1,1,0,0,0,0,0,2,2,95,95,95,95,95,95,95,0,1,0,248.55054585854,12,9
2401302,2024,15,47,1-15-2024-047-04,4,3,1,15:55,1,2,0,0,0,0,0,9,9,95,95,95,95,95,95,95,4,1,0,66.8680943727573,1,9
2401304,2024,15,49,1-15-2024-049-04,4,3,7,15:36,1,2,0,0,0,0,0,9,9,95,95,95,95,95,95,95,4,1,0,66.8680943932722,1,9
2401305,2024,15,50,1-15-2024-050-03,3,3,3,15:45,1,2,99,99,0,0,5,9,9,95,95,95,95,95,95,95,4,1,0,17.5923892237022,1,9
2401306,2024,26,31,1-26-2024-031-NM1,21,1,4,20:48,1,1,0,0,0,0,0,2,2,9,97,1,1,1,1,9,0,1,1,25.7030205312635,10,9
2401309,2024,82,32,1-82-2024-032-10,10,3,1,00:23,1,1,0,0,0,0,0,2,2,95,95,95,95,95,95,95,0,1,0,7602.82091849432,1,9
2401311,2024,33,21,1-33-2024-021-09,9,3,1,14:15,1,2,2,9,1,0,3,2,1,95,95,95,95,95,95,95,1,1,0,285.100622993936,12,9
2401312,2024,26,34,1-26-2024-034-05,5,3,6,21:30,12,1,3,10,1,1,3,2,2,95,95,95,95,95,95,95,0,1,0,29.4855896961851,10,9
2401314,2024,29,16,1-29-2024-016-09,9,2,4,16:02,1,2,99,99,0,0,0,9,9,95,95,95,95,95,95,95,1,1,0,2020.97759690055,2,9
2401315,2024,32,48,1-32-2024-048-03,3,3,7,12:51,2,2,2,4,1,0,4,2,2,95,95,95,95,95,95,95,4,1,0,162.799402458161,7,9
2401316,2024,28,33,1-28-2024-033-04,4,3,2,23:30,1,1,0,0,0,0,0,2,2,95,95,95,95,95,95,95,0,1,0,47.851485985308,3,9
2401317,2024,28,34,1-28-2024-034-09,9,3,5,20:04,1,1,1,1,1,0,4,2,2,95,95,95,95,95,95,95,0,1,0,34.7771381559099,3,9
2401318,2024,28,35,1-28-2024-035-10,10,3,6,19:44,1,1,0,0,0,0,0,2,2,95,95,95,95,95,95,95,0,1,0,80.5683609045318,3,9
2401319,2024,15,51,1-15-2024-051-04,4,3,4,12:20,2,3,0,0,0,0,0,9,9,95,95,95,95,95,95,95,5,1,0,66.8680943727573,1,9
2401320,2024,30,45,1-30-2024-045-01,1,3,1,04:21,1,2,5,43,5,2,1,1,1,95,95,95,95,95,95,95,4,1,0,103.130123271809,10,9
2401321,2024,20,34,1-20-2024-034-03,3,2,2,08:35,1,2,0,0,0,0,0,2,2,95,95,95,95,95,95,95,4,1,0,58.894198765666,11,9
2401322,2024,20,35,1-20-2024-035-06,6,3,7,22:28,3,1,1,1,1,0,4,2,2,95,95,95,95,95,95,95,0,1,0,183.257346750518,11,9
2401323,2024,27,44,1-27-2024-044-09,9,3,7,22:45,2,2,2,5,3,0,5,1,2,95,95,95,95,95,95,95,2,1,0,158.05014073623,3,9
2401324,2024,66,26,1-66-2024-026-NM2,22,2,3,18:40,1,1,95,95,95,95,95,2,9,3,10,1,1,3,2,1,0,0,1,110.074249285118,6,9
2401325,2024,66,27,1-66-2024-027-04,4,3,1,16:46,1,1,0,0,0,0,0,2,9,95,95,95,95,95,95,95,0,1,0,114.973892842,6,9
2401326,2024,66,28,1-66-2024-028-10,10,3,4,07:42,2,2,1,1,1,0,5,2,2,95,95,95,95,95,95,95,1,1,0,727.168496132888,6,9
2401327,2024,66,29,1-66-2024-029-02,2,3,6,23:24,2,1,1,1,1,0,4,1,2,95,95,95,95,95,95,95,0,1,0,107.302186022856,6,9
2401328,2024,31,26,1-31-2024-026-04,4,3,2,14:11,1,2,0,0,0,0,0,9,9,95,95,95,95,95,95,95,4,1,0,222.052598299916,6,9
2401329,2024,31,27,1-31-2024-027-07,7,3,2,01:51,1,1,0,0,0,0,0,9,9,95,95,95,95,95,95,95,0,1,0,230.868935151332,6,9
2401330,2024,31,28,1-31-2024-028-03,3,3,5,15:00,3,3,1,1,4,0,4,2,2,95,95,95,95,95,95,95,1,1,0,151.964719784207,6,9
2401331,2024,29,17,1-29-2024-017-03,3,3,7,17:48,1,2,99,99,0,0,8,9,9,95,95,95,95,95,95,95,4,1,0,284.864988100977,2,9
2401332,2024,13,34,1-13-2024-034-03,3,3,5,17:47,1,2,2,4,3,0,4,9,9,95,95,95,95,95,95,95,4,1,0,335.706007364194,7,9
2401333,2024,26,35,1-26-2024-035-01,1,2,5,07:28,3,3,1,3,4,1,1,9,9,95,95,95,95,95,95,95,2,1,0,37.8344754262411,10,9
2401334,2024,77,45,1-77-2024-045-05,5,3,6,10:26,1,2,2,5,4,0,4,2,2,95,95,95,95,95,95,95,2,1,0,90.6570748528622,9,9
2401335,2024,77,46,1-77-2024-046-09,9,3,1,16:27,3,1,99,99,0,0,9,2,2,95,95,95,95,95,95,95,0,1,0,1115.38810302438,9,9
2401336,2024,77,47,1-77-2024-047-03,3,3,1,18:51,2,3,0,0,0,0,4,2,2,95,95,95,95,95,95,95,1,1,0,115.641766815117,9,9
2401337,2024,77,48,1-77-2024-048-05,5,3,2,18:43,1,2,1,1,2,0,4,2,2,95,95,95,95,95,95,95,4,1,0,90.6570748528622,9,9
2401338,2024,59,42,1-59-2024-042-02,2,3,1,07:30,1,1,1,1,1,0,4,2,2,95,95,95,95,95,95,95,0,1,0,48.7900687173874,6,9
2401339,2024,59,43,1-59-2024-043-NM2,22,3,4,10:51,1,1,95,95,95,95,95,2,2,1,1,1,0,4,2,9,0,0,1,260.431399312795,6,9
2401340,2024,59,44,1-59-2024-044-08,8,3,6,15:32,1,2,3,9,1,1,3,2,2,95,95,95,95,95,95,95,1,1,0,88.9173994035588,6,9
2401341,2024,59,45,1-59-2024-045-08,8,3,3,19:16,2,3,0,0,0,0,4,2,2,95,95,95,95,95,95,95,1,1,0,88.9173994035588,6,9
2401344,2024,23,21,1-23-2024-021-01,1,3,2,10:28,1,2,3,22,1,1,1,9,9,95,95,95,95,95,95,95,4,1,0,85.3902974951551,5,9
2401345,2024,23,22,1-23-2024-022-05,5,3,2,01:58,3,1,2,5,1,0,3,1,1,95,95,95,95,95,95,95,0,1,0,85.7233957400311,5,9
2401346,2024,81,27,1-81-2024-027-02,2,3,3,10:35,1,2,3,22,2,1,3,1,1,95,95,95,95,95,95,95,2,1,0,30.8995068274556,8,9
2401347,2024,81,28,1-81-2024-028-05,5,3,6,00:00,2,1,1,1,1,0,4,1,2,95,95,95,95,95,95,95,0,1,0,184.417144420412,8,9
2401348,2024,57,26,1-57-2024-026-03,3,3,5,01:49,2,1,9,97,1,0,9,1,2,95,95,95,95,95,95,95,0,1,0,113.193207903283,1,9
2401349,2024,62,34,1-62-2024-034-04,4,3,3,17:07,2,2,0,0,0,0,0,9,9,95,95,95,95,95,95,95,4,1,0,814.399144757816,7,9
2401351,2024,62,36,1-62-2024-036-04,4,3,2,16:27,1,2,1,1,1,0,4,2,2,95,95,95,95,95,95,95,4,1,0,814.399144757816,7,9
2401352,2024,54,33,1-54-2024-033-06,6,3,6,19:55,1,1,1,1,1,0,0,2,2,95,95,95,95,95,95,95,0,1,0,154.880686626287,9,9
2401353,2024,10,20,1-10-2024-020-NM2,22,3,2,14:38,1,1,95,95,95,95,95,2,2,1,1,1,0,4,2,2,0,0,1,1035.08583897877,4,9
2401354,2024,10,21,1-10-2024-021-02,2,3,3,15:10,2,2,1,2,4,0,4,2,2,95,95,95,95,95,95,95,4,1,0,22.3566511295402,4,9
2401355,2024,18,49,1-18-2024-049-04,4,3,4,20:55,1,1,0,0,0,0,0,2,2,95,95,95,95,95,95,95,0,1,0,70.6522327035531,6,9
2401357,2024,18,51,1-18-2024-051-08,8,3,6,12:10,4,1,4,21,1,1,3,2,2,95,95,95,95,95,95,95,0,1,0,56.5663772378367,6,9
2401358,2024,18,52,1-18-2024-052-04,4,3,6,18:29,1,1,0,0,0,0,0,2,2,95,95,95,95,95,95,95,0,1,0,70.6522327035531,6,9
2401359,2024,48,46,1-48-2024-046-03,3,3,3,12:05,1,2,1,1,1,0,4,2,2,95,95,95,95,95,95,95,4,1,0,54.9604072040948,12,9
2401360,2024,48,47,1-48-2024-047-05,5,3,3,12:00,4,2,1,2,2,0,4,2,2,95,95,95,95,95,95,95,4,1,0,80.9035530796695,12,9
2401361,2024,48,48,1-48-2024-048-04,4,3,5,11:02,2,2,1,1,1,0,4,2,2,95,95,95,95,95,95,95,0,1,0,165.134842134162,12,9
2401362,2024,48,49,1-48-2024-049-04,4,3,7,22:36,1,1,0,0,0,0,0,2,2,95,95,95,95,95,95,95,0,1,0,165.134842134162,12,9
2401363,2024,13,35,1-13-2024-035-05,5,3,4,17:04,7,3,4,29,3,1,3,9,9,95,95,95,95,95,95,95,4,1,0,38.0193356006179,7,9
2401364,2024,13,36,1-13-2024-036-02,2,3,7,11:21,2,2,1,3,5,0,4,9,9,95,95,95,95,95,95,95,4,1,0,9.13287494953795,7,9
2401365,2024,13,37,1-13-2024-037-03,3,3,3,13:56,1,2,99,99,0,0,0,9,9,95,95,95,95,95,95,95,1,1,0,320.575377140628,7,9
2401366,2024,13,38,1-13-2024-038-07,7,3,7,20:12,2,1,0,0,0,0,0,9,9,95,95,95,95,95,95,95,0,1,0,4101.1572958259,7,9
2401367,2024,62,35,1-62-2024-035-04,4,3,7,16:36,2,2,0,0,0,0,0,2,2,95,95,95,95,95,95,95,4,1,0,814.399144757816,7,9
2401368,2024,57,28,1-57-2024-028-03,3,3,1,11:46,1,2,9,97,1,0,8,2,2,95,95,95,95,95,95,95,1,1,0,113.193207903283,1,9
2401369,2024,19,23,1-19-2024-023-07,7,3,2,06:30,4,1,0,0,0,0,0,2,2,95,95,95,95,95,95,95,0,1,0,441.36432951908,9,9
2401370,2024,19,24,1-19-2024-024-07,7,3,6,11:07,1,2,0,0,0,0,0,2,2,95,95,95,95,95,95,95,4,1,0,441.36432951908,9,9
2401371,2024,67,7,1-67-2024-007-02,2,3,6,23:10,2,1,1,1,4,0,4,1,2,95,95,95,95,95,95,95,0,1,0,100.295251755123,7,9
2401372,2024,30,46,1-30-2024-046-03,3,3,6,15:42,3,3,9,97,1,0,0,2,2,95,95,95,95,95,95,95,4,1,0,249.652206633611,10,9
2401373,2024,30,47,1-30-2024-047-03,3,3,3,18:26,3,2,99,99,0,0,9,9,9,95,95,95,95,95,95,95,4,1,0,249.652206693651,10,9
2401374,2024,30,48,1-30-2024-048-03,3,3,3,17:21,2,3,9,97,2,0,9,2,2,95,95,95,95,95,95,95,1,1,0,249.652206728706,10,9
2401375,2024,30,49,1-30-2024-049-04,4,3,5,13:16,1,2,0,0,0,0,0,2,2,95,95,95,95,95,95,95,9,1,0,1166.54245421628,10,9
2401376,2024,73,43,1-73-2024-043-06,6,3,6,06:41,5,1,0,0,0,0,4,9,9,95,95,95,95,95,95,95,0,1,0,37.0946854309253,3,9
2401378,2024,73,45,1-73-2024-045-07,7,3,5,05:35,1,1,0,0,0,0,0,9,9,95,95,95,95,95,95,95,0,1,0,83.6823530605529,3,9
2401379,2024,73,46,1-73-2024-046-04,4,3,1,08:00,2,1,0,0,0,0,0,9,9,95,95,95,95,95,95,95,0,1,0,38.9268584589882,3,9
2401380,2024,79,29,1-79-2024-029-09,9,3,5,22:59,2,1,99,99,0,0,9,9,9,95,95,95,95,95,95,95,0,1,0,1215.24688521058,8,9
2401381,2024,79,30,1-79-2024-030-03,3,3,7,10:41,1,2,99,99,0,0,0,9,9,95,95,95,95,95,95,95,4,1,0,134.621776940086,8,9
2401382,2024,33,22,1-33-2024-022-08,8,3,3,15:20,2,1,3,10,1,1,3,2,1,95,95,95,95,95,95,95,0,1,0,52.1863466296815,12,9
2401383,2024,33,23,1-33-2024-023-03,3,3,2,17:00,2,3,1,1,1,0,0,2,2,95,95,95,95,95,95,95,4,1,0,37.4648103957919,12,9
2401384,2024,20,36,1-20-2024-036-02,2,3,6,20:55,1,1,3,14,2,1,3,1,2,95,95,95,95,95,95,95,0,1,0,19.9171728154044,11,9
2401386,2024,20,38,1-20-2024-038-06,6,3,2,08:23,1,2,2,6,1,0,3,2,2,95,95,95,95,95,95,95,4,1,0,33.0071902111751,11,9
2401388,2024,69,24,1-69-2024-024-03,3,3,4,08:00,2,3,1,2,1,0,4,2,2,95,95,95,95,95,95,95,1,1,0,31.9575332623976,8,9
2401390,2024,17,42,1-17-2024-042-06,6,3,5,17:43,1,2,0,0,0,0,4,9,2,95,95,95,95,95,95,95,4,1,0,94.3786367934732,4,9
2401391,2024,17,43,1-17-2024-043-04,4,3,3,14:50,1,2,0,0,0,0,0,2,2,95,95,95,95,95,95,95,4,1,0,108.318763208509,4,9
2401392,2024,17,44,1-17-2024-044-08,8,3,3,19:05,1,1,2,5,1,0,4,1,1,95,95,95,95,95,95,95,0,1,0,100.828872719668,4,9
2401394,2024,25,30,1-25-2024-030-09,9,3,5,11:18,5,1,1,1,2,0,6,2,2,95,95,95,95,95,95,95,0,1,0,123.800297630527,2,9
2401395,2024,25,31,1-25-2024-031-04,4,3,5,08:10,3,3,0,0,0,0,0,2,2,95,95,95,95,95,95,95,5,1,0,51.4206151647524,2,9
2401397,2024,25,33,1-25-2024-033-06,6,3,7,12:18,3,4,0,0,0,0,4,9,9,95,95,95,95,95,95,95,1,1,0,63.4952900131591,2,9
2401398,2024,24,31,1-24-2024-031-04,4,3,2,15:23,1,2,0,0,0,0,0,9,9,95,95,95,95,95,95,95,4,1,0,162.587056004165,1,9
2401399,2024,24,32,1-24-2024-032-03,3,3,7,20:20,1,1,0,0,0,0,0,2,2,95,95,95,95,95,95,95,0,1,0,45.4386068459632,1,9
2401401,2024,24,34,1-24-2024-034-03,3,3,2,17:54,1,2,2,5,2,0,6,2,2,95,95,95,95,95,95,95,4,1,0,45.4386068459632,1,9
2401402,2024,11,32,1-11-2024-032-02,2,3,6,08:22,1,2,2,5,2,0,3,2,2,95,95,95,95,95,95,95,2,1,0,30.7614595081659,8,9
2401404,2024,11,34,1-11-2024-034-06,6,3,2,06:39,1,1,1,1,1,0,4,2,2,95,95,95,95,95,95,95,0,1,0,464.191411913823,8,9
2401405,2024,11,35,1-11-2024-035-04,4,3,7,14:42,1,2,99,99,0,0,9,2,2,95,95,95,95,95,95,95,4,1,0,459.524679856525,8,9
2401406,2024,14,20,1-14-2024-020-04,4,3,1,17:43,2,1,1,1,1,0,5,9,9,95,95,95,95,95,95,95,0,1,0,450.741350654507,8,9
2401408,2024,60,15,1-60-2024-015-03,3,3,6,11:35,1,2,1,1,1,0,3,2,2,95,95,95,95,95,95,95,6,1,0,394.462238361686,8,9
2401410,2024,16,42,1-16-2024-042-04,4,3,4,19:52,1,2,0,0,0,0,0,2,2,95,95,95,95,95,95,95,4,1,0,837.680255873977,5,9
2401411,2024,16,43,1-16-2024-043-01,1,2,4,18:24,5,1,4,36,1,1,1,2,2,95,95,95,95,95,95,95,0,1,0,26.4826489473316,5,9
2401412,2024,16,44,1-16-2024-044-01,1,3,3,20:58,2,1,3,22,1,1,1,1,1,95,95,95,95,95,95,95,0,1,0,26.4826489473316,5,9
2401413,2024,76,33,1-76-2024-033-09,9,3,3,17:59,2,2,99,99,0,0,0,9,9,95,95,95,95,95,95,95,4,1,0,82.5706054598967,3,9
2401414,2024,76,34,1-76-2024-034-03,3,3,2,23:55,1,1,1,1,1,0,4,9,9,95,95,95,95,95,95,95,0,1,0,71.5495535595937,3,9
2401415,2024,76,35,1-76-2024-035-08,8,3,3,05:49,1,2,3,22,1,1,3,1,9,95,95,95,95,95,95,95,2,1,0,75.1501837907099,3,9
2401417,2024,27,45,1-27-2024-045-07,7,3,6,23:30,3,1,0,0,0,0,5,2,2,95,95,95,95,95,95,95,0,1,0,61.6841306108297,3,9
2401418,2024,27,46,1-27-2024-046-07,7,3,1,09:02,1,2,0,0,0,0,0,9,9,95,95,95,95,95,95,95,5,1,0,61.6841306108297,3,9
2401419,2024,27,47,1-27-2024-047-03,3,3,3,07:13,2,2,1,1,1,0,4,2,9,95,95,95,95,95,95,95,4,1,0,11.8514312322575,3,9
2401420,2024,27,48,1-27-2024-048-10,10,3,1,00:58,2,1,0,0,0,0,0,9,9,95,95,95,95,95,95,95,0,1,0,370.559341949188,3,9
2401421,2024,28,36,1-28-2024-036-07,7,1,5,20:38,2,1,0,0,0,0,0,2,2,95,95,95,95,95,95,95,0,1,0,44.330330715033,3,9
2401422,2024,28,37,1-28-2024-037-10,10,1,1,08:15,2,1,0,0,0,0,0,2,2,95,95,95,95,95,95,95,0,1,0,80.5683609045318,3,9
2401423,2024,28,38,1-28-2024-038-10,10,2,5,08:47,1,1,0,0,0,0,0,2,2,95,95,95,95,95,95,95,0,1,0,80.5683609045318,3,9
2401424,2024,28,39,1-28-2024-039-06,6,3,7,13:51,2,3,1,1,1,0,4,2,2,95,95,95,95,95,95,95,1,1,0,44.5186799027896,3,9
2401425,2024,32,49,1-32-2024-049-03,3,3,6,16:13,1,2,9,97,1,0,9,2,2,95,95,95,95,95,95,95,4,1,0,276.474895047324,7,9
2401426,2024,32,50,1-32-2024-050-07,7,3,2,09:04,2,2,0,0,0,0,0,2,2,95,95,95,95,95,95,95,4,1,0,3530.85820797275,7,9
2401428,2024,32,52,1-32-2024-052-02,2,3,5,11:58,1,2,1,1,1,0,4,2,2,95,95,95,95,95,95,95,4,1,0,5.49389453568411,7,9
2401429,2024,52,19,1-52-2024-019-07,7,2,1,14:15,1,1,0,0,0,0,0,2,2,95,95,95,95,95,95,95,0,1,0,2619.08789895051,12,9
2401430,2024,52,20,1-52-2024-020-08,8,1,6,13:25,2,2,3,11,2,1,3,1,2,95,95,95,95,95,95,95,1,1,0,137.42346763645,12,9
2401431,2024,76,36,1-76-2024-036-10,10,2,3,16:38,2,1,0,0,0,0,0,9,9,95,95,95,95,95,95,95,0,1,0,254.03695808766,3,9
2401432,2024,69,26,1-69-2024-026-03,3,3,7,04:00,5,1,99,99,0,0,9,9,9,95,95,95,95,95,95,95,0,1,0,31.9575332623976,8,9
2401433,2024,24,35,1-24-2024-035-07,7,3,7,19:03,3,3,0,0,0,0,0,1,2,95,95,95,95,95,95,95,1,1,0,539.451655185704,1,9
2401434,2024,16,41,1-16-2024-041-03,3,3,1,20:13,5,2,1,2,3,0,4,9,9,95,95,95,95,95,95,95,6,1,0,209.342329809814,5,9
2401435,2024,32,53,1-32-2024-053-NM1,21,3,4,22:53,2,1,0,0,0,0,0,1,9,3,17,1,1,3,1,2,0,1,1,17.0813061121433,7,9
2401436,2024,12,25,1-12-2024-025-04,4,3,3,05:41,3,2,0,0,0,0,0,2,2,95,95,95,95,95,95,95,0,1,0,578.80653797021,9,9
2401437,2024,12,26,1-12-2024-026-04,4,3,3,22:11,4,1,0,0,0,0,0,2,2,95,95,95,95,95,95,95,0,1,0,578.80653797021,9,9
2401438,2024,21,28,1-21-2024-028-03,3,3,4,17:50,2,2,1,1,1,0,6,2,2,95,95,95,95,95,95,95,4,1,0,120.932946646978,11,9
2401439,2024,26,36,1-26-2024-036-06,6,3,6,19:38,4,1,1,2,2,0,6,2,2,95,95,95,95,95,95,95,0,1,0,468.146518591354,10,9
2401440,2024,26,37,1-26-2024-037-06,6,3,3,22:23,1,1,1,1,1,0,4,2,9,95,95,95,95,95,95,95,0,1,0,468.146518591354,10,9
2401441,2024,26,38,1-26-2024-038-07,7,3,5,21:50,2,2,3,13,1,1,3,2,2,95,95,95,95,95,95,95,4,1,0,1735.79347772046,10,9
2401442,2024,26,39,1-26-2024-039-NM1,21,3,3,00:55,3,3,0,0,0,0,0,1,9,1,2,1,0,4,9,9,9,1,1,25.7030205312635,10,9
2401445,2024,22,41,1-22-2024-041-09,9,3,6,13:20,3,1,1,1,1,0,9,2,2,95,95,95,95,95,95,95,0,1,0,110.953032166063,12,9
2401446,2024,22,42,1-22-2024-042-06,6,3,7,15:05,2,1,2,6,6,0,3,2,2,95,95,95,95,95,95,95,0,1,0,36.9156947743252,12,9
2401447,2024,22,43,1-22-2024-043-04,4,3,6,19:32,1,2,1,1,1,0,4,2,2,95,95,95,95,95,95,95,4,1,0,53.9355248684657,12,9
2401450,2024,15,53,1-15-2024-053-03,3,3,6,19:16,1,2,1,2,2,0,4,9,9,95,95,95,95,95,95,95,4,1,0,26.3875727991169,1,9
2401452,2024,15,55,1-15-2024-055-03,3,3,6,08:05,2,3,1,1,1,0,4,9,9,95,95,95,95,95,95,95,1,1,0,26.3875727951593,1,9
2401453,2024,22,45,1-22-2024-045-NM2,22,3,2,18:57,1,1,95,95,95,95,95,2,2,1,1,1,0,6,2,2,0,0,1,29.8393033504253,12,9
2401454,2024,82,34,1-82-2024-034-06,6,3,7,07:08,1,2,1,1,1,0,4,2,2,95,95,95,95,95,95,95,4,1,0,800.841188446379,1,9
2401455,2024,82,35,1-82-2024-035-05,5,3,5,08:51,1,2,1,2,1,0,6,2,2,95,95,95,95,95,95,95,4,1,0,25.4700204073912,1,9
2401457,2024,18,53,1-18-2024-053-06,6,3,6,17:33,1,2,1,1,1,0,4,2,2,95,95,95,95,95,95,95,4,1,0,55.9262763691806,6,9
2401458,2024,15,56,1-15-2024-056-03,3,2,1,15:03,2,2,99,99,0,0,4,9,9,95,95,95,95,95,95,95,4,1,0,26.387572804085,1,9
2401459,2024,15,57,1-15-2024-057-NM2,22,3,1,12:00,1,1,95,95,95,95,95,9,9,2,5,1,0,3,2,2,0,0,1,62.2950385720824,1,9
2401460,2024,14,22,1-14-2024-022-04,4,3,4,15:50,1,2,0,0,0,0,0,9,9,95,95,95,95,95,95,95,5,1,0,450.741350654507,8,9
2401461,2024,73,47,1-73-2024-047-07,7,3,2,06:46,1,2,0,0,0,0,0,9,9,95,95,95,95,95,95,95,2,1,0,83.6823530605529,3,9
2401462,2024,31,29,1-31-2024-029-07,7,3,6,19:20,1,1,0,0,0,0,0,2,2,95,95,95,95,95,95,95,0,1,0,230.868935151332,6,9
2401463,2024,31,30,1-31-2024-030-10,10,3,6,18:37,1,2,0,0,0,0,0,9,9,95,95,95,95,95,95,95,1,1,0,730.093202930715,6,9
2401464,2024,66,30,1-66-2024-030-10,10,3,3,07:45,3,1,0,0,0,0,0,9,9,95,95,95,95,95,95,95,0,1,0,242.389498710963,6,9
2401465,2024,66,31,1-66-2024-031-10,10,3,4,02:35,1,2,0,0,0,0,0,9,9,95,95,95,95,95,95,95,1,1,0,242.389498710963,6,9
2401466,2024,66,32,1-66-2024-032-10,10,3,6,14:06,1,2,0,0,0,0,0,2,2,95,95,95,95,95,95,95,1,1,0,242.389498710963,6,9
2401467,2024,66,33,1-66-2024-033-09,9,3,5,15:18,1,2,1,1,2,0,4,2,9,95,95,95,95,95,95,95,4,1,0,97.5596917228585,6,9
2401468,2024,25,34,1-25-2024-034-06,6,3,7,06:15,1,1,99,99,0,0,0,9,9,95,95,95,95,95,95,95,0,1,0,52.7353531300239,2,9
2401469,2024,20,40,1-20-2024-040-04,4,3,4,14:19,4,3,0,0,0,0,0,2,2,95,95,95,95,95,95,95,1,1,0,37.925684160105,11,9
2401470,2024,20,41,1-20-2024-041-09,9,3,6,16:30,2,3,1,1,1,0,4,2,2,95,95,95,95,95,95,95,5,1,0,98.2193631427361,11,9
2401471,2024,11,36,1-11-2024-036-03,3,3,6,02:35,2,2,99,99,0,0,0,9,9,95,95,95,95,95,95,95,5,1,0,125.31173575998,8,9
2401480,2024,77,49,1-77-2024-049-06,6,3,6,06:29,1,2,2,5,1,0,4,2,2,95,95,95,95,95,95,95,1,1,0,445.668209705361,9,9
2401481,2024,77,50,1-77-2024-050-NM2,22,3,4,23:14,1,1,95,95,95,95,95,2,2,1,1,1,0,4,2,2,0,0,1,306.910106229355,9,9
2401482,2024,77,51,1-77-2024-051-03,3,3,2,18:05,3,2,1,2,1,0,4,2,2,95,95,95,95,95,95,95,4,1,0,88.2007524015232,9,9
2401483,2024,77,52,1-77-2024-052-03,3,3,3,17:25,2,2,99,99,0,0,9,2,2,95,95,95,95,95,95,95,5,1,0,88.2007524015232,9,9
2401485,2024,57,30,1-57-2024-030-03,3,3,2,15:00,1,2,1,2,1,0,4,2,2,95,95,95,95,95,95,95,4,1,0,119.858768946284,1,9
2401486,2024,59,46,1-59-2024-046-04,4,3,6,11:25,1,2,1,1,1,0,0,2,2,95,95,95,95,95,95,95,4,1,0,188.953461767209,6,9
2401487,2024,59,47,1-59-2024-047-NM2,22,3,3,16:25,1,1,95,95,95,95,95,9,9,1,1,1,0,5,2,2,0,0,1,122.869992801552,6,9
2401488,2024,59,48,1-59-2024-048-08,8,3,4,13:11,1,2,2,4,1,0,3,2,2,95,95,95,95,95,95,95,4,1,0,57.7250441257383,6,9
2401489,2024,59,49,1-59-2024-049-NM2,22,3,7,01:17,1,1,95,95,95,95,95,9,9,0,0,0,0,6,2,2,0,0,1,122.869992801552,6,9
2401490,2024,81,29,1-81-2024-029-04,4,3,5,20:37,1,2,99,99,0,0,0,9,9,95,95,95,95,95,95,95,1,1,0,3479.41374986717,8,9
2401491,2024,81,30,1-81-2024-030-03,3,3,2,08:33,2,2,9,97,1,0,0,2,2,95,95,95,95,95,95,95,4,1,0,1102.17295370825,8,9
2401492,2024,23,23,1-23-2024-023-02,2,3,2,14:41,6,1,2,6,1,0,3,2,2,95,95,95,95,95,95,95,0,1,0,66.8610187089374,5,9
2401493,2024,62,37,1-62-2024-037-04,4,3,7,16:54,5,1,0,0,0,0,0,2,2,95,95,95,95,95,95,95,0,1,0,1683.0237030981,7,9
2401494,2024,62,38,1-62-2024-038-03,3,3,4,15:38,1,1,1,1,1,0,4,9,9,95,95,95,95,95,95,95,0,1,0,453.367235938922,7,9
2401495,2024,62,39,1-62-2024-039-02,2,3,4,14:24,2,2,3,17,3,1,3,9,9,95,95,95,95,95,95,95,4,1,0,27.4104501869369,7,9
2401496,2024,57,29,1-57-2024-029-03,3,3,6,12:41,2,2,1,1,1,0,4,2,2,95,95,95,95,95,95,95,1,1,0,119.858768977002,1,9
2401498,2024,54,34,1-54-2024-034-09,9,3,2,14:10,1,1,0,0,0,0,4,2,2,95,95,95,95,95,95,95,0,1,0,117.274582131211,9,9
2401499,2024,54,35,1-54-2024-035-10,10,3,4,07:15,1,2,0,0,0,0,0,2,2,95,95,95,95,95,95,95,4,1,0,297.406603751546,9,9
2401501,2024,54,37,1-54-2024-037-04,4,3,6,08:34,1,2,0,0,0,0,0,2,2,95,95,95,95,95,95,95,1,1,0,152.997399597271,9,9
2401502,2024,48,50,1-48-2024-050-02,2,3,3,19:17,3,2,0,0,0,0,3,2,1,95,95,95,95,95,95,95,6,1,0,74.210049573419,12,9
2401503,2024,48,51,1-48-2024-051-04,4,3,3,08:50,2,1,0,0,0,0,0,2,2,95,95,95,95,95,95,95,0,1,0,196.887261223323,12,9
2401504,2024,48,52,1-48-2024-052-03,3,3,7,18:34,3,2,9,97,2,0,7,2,2,95,95,95,95,95,95,95,5,1,0,54.9604072040948,12,9
2401505,2024,48,53,1-48-2024-053-04,4,3,4,10:45,1,1,0,0,0,0,0,2,2,95,95,95,95,95,95,95,0,1,0,196.887261223323,12,9
2401506,2024,18,54,1-18-2024-054-06,6,3,1,18:47,5,1,2,4,1,0,4,2,2,95,95,95,95,95,95,95,0,1,0,193.747887224114,6,9
2401507,2024,18,55,1-18-2024-055-04,4,3,1,11:30,3,1,0,0,0,0,0,2,2,95,95,95,95,95,95,95,0,1,0,244.763672868508,6,9
2401510,2024,13,39,1-13-2024-039-02,2,3,5,00:54,2,3,1,1,1,0,4,1,2,95,95,95,95,95,95,95,4,1,0,23.3376752291307,7,9
2401511,2024,13,40,1-13-2024-040-08,8,3,4,20:56,7,1,4,29,3,1,3,1,1,95,95,95,95,95,95,95,0,1,0,895.63750046512,7,9
2401512,2024,13,41,1-13-2024-041-01,1,3,2,04:15,3,2,5,30,1,1,1,1,9,95,95,95,95,95,95,95,5,1,0,142.42459784573,7,9
2401514,2024,73,48,1-73-2024-048-09,9,3,3,15:14,3,2,1,2,1,0,4,9,9,95,95,95,95,95,95,95,4,1,0,104.13258287305,3,9
2401515,2024,73,49,1-73-2024-049-09,9,3,1,19:59,1,2,3,14,2,1,3,9,9,95,95,95,95,95,95,95,4,1,0,104.13258287305,3,9
2401516,2024,73,50,1-73-2024-050-04,4,3,1,09:20,2,2,0,0,0,0,0,2,2,95,95,95,95,95,95,95,4,1,0,64.3960375902502,3,9
2401517,2024,73,51,1-73-2024-051-04,4,3,2,22:44,3,1,0,0,0,0,0,9,9,95,95,95,95,95,95,95,0,1,0,64.3960375902502,3,9
2401518,2024,18,58,1-18-2024-058-08,8,3,5,12:55,3,2,2,4,1,0,4,2,2,95,95,95,95,95,95,95,4,1,0,56.5663772378367,6,9
2401519,2024,19,25,1-19-2024-025-03,3,3,3,14:05,1,2,1,1,1,0,0,2,2,95,95,95,95,95,95,95,4,1,0,190.877805911702,9,9
2401520,2024,19,26,1-19-2024-026-05,5,3,3,15:00,2,1,3,22,1,1,3,2,2,95,95,95,95,95,95,95,0,1,0,49.1552833588875,9,9
2401522,2024,30,51,1-30-2024-051-10,10,3,4,05:00,1,1,0,0,0,0,0,2,2,95,95,95,95,95,95,95,0,1,0,15404.7873273306,10,9
2401523,2024,30,52,1-30-2024-052-03,3,3,4,15:10,4,3,2,5,1,0,4,2,2,95,95,95,95,95,95,95,4,1,0,249.635031514874,10,9
2401524,2024,30,53,1-30-2024-053-06,6,3,2,08:22,4,1,1,1,2,0,3,2,1,95,95,95,95,95,95,95,0,1,0,776.773510770729,10,9
2401525,2024,33,24,1-33-2024-024-08,8,3,5,06:34,2,2,5,38,3,1,3,2,1,95,95,95,95,95,95,95,4,1,0,29.5346785988684,12,9
2401526,2024,33,25,1-33-2024-025-06,6,3,2,02:10,3,1,3,17,1,1,3,1,1,95,95,95,95,95,95,95,0,1,0,86.5029641253402,12,9
2401527,2024,17,47,1-17-2024-047-03,3,3,6,06:45,1,1,1,1,1,0,4,2,2,95,95,95,95,95,95,95,0,1,0,82.6608290635667,4,9
2401528,2024,17,48,1-17-2024-048-04,4,3,1,20:08,1,1,0,0,0,0,0,2,2,95,95,95,95,95,95,95,0,1,0,97.3687234598479,4,9
2401529,2024,17,49,1-17-2024-049-04,4,3,1,00:58,1,1,0,0,0,0,0,2,2,95,95,95,95,95,95,95,0,1,0,97.3687234141501,4,9
2401530,2024,17,50,1-17-2024-050-04,4,3,3,17:32,1,2,0,0,0,0,0,2,2,95,95,95,95,95,95,95,4,1,0,97.3687234521927,4,9
2401531,2024,17,51,1-17-2024-051-06,6,3,3,19:16,1,2,1,2,1,0,4,2,2,95,95,95,95,95,95,95,4,1,0,84.8378168091199,4,9
2401533,2024,79,32,1-79-2024-032-04,4,3,3,17:50,1,2,0,0,0,0,0,9,9,95,95,95,95,95,95,95,4,1,0,213.632193597411,8,9
2401534,2024,12,27,1-12-2024-027-10,10,3,2,00:16,3,2,1,1,1,0,6,2,2,95,95,95,95,95,95,95,4,1,0,10950.8685767775,9,9
2401535,2024,12,28,1-12-2024-028-NM2,22,3,6,12:54,1,1,95,95,95,95,95,2,2,2,9,1,0,6,9,2,0,0,1,249.68170357321,9,9
2401536,2024,20,42,1-20-2024-042-03,3,3,6,23:04,3,1,0,0,0,0,4,2,2,95,95,95,95,95,95,95,0,1,0,27.1320616706374,11,9
2401538,2024,20,44,1-20-2024-044-06,6,3,3,17:11,2,2,1,1,1,0,4,2,2,95,95,95,95,95,95,95,1,1,0,84.425117207488,11,9
2401539,2024,69,27,1-69-2024-027-02,2,3,3,12:32,3,1,2,5,1,0,3,2,2,95,95,95,95,95,95,95,0,1,0,7.30201599951961,8,9
2401540,2024,69,28,1-69-2024-028-10,10,3,1,08:46,2,1,99,99,0,0,0,2,2,95,95,95,95,95,95,95,0,1,0,7550.06141425054,8,9
2401541,2024,11,37,1-11-2024-037-04,4,2,1,00:10,2,1,0,0,0,0,7,1,2,95,95,95,95,95,95,95,0,1,0,267.838588479671,8,9
2401542,2024,11,38,1-11-2024-038-09,9,3,2,14:45,1,2,2,9,1,0,3,2,1,95,95,95,95,95,95,95,4,1,0,737.845284351843,8,9
2401544,2024,60,16,1-60-2024-016-06,6,3,7,13:25,2,2,1,2,1,0,4,2,2,95,95,95,95,95,95,95,4,1,0,1248.1545482148,8,9
2401546,2024,14,24,1-14-2024-024-02,2,3,6,17:47,2,3,2,5,2,0,3,9,9,95,95,95,95,95,95,95,1,1,0,73.7387227230028,8,9
2401547,2024,25,35,1-25-2024-035-07,7,3,1,13:54,1,2,0,0,0,0,0,2,2,95,95,95,95,95,95,95,4,1,0,531.122940469494,2,9
2401548,2024,25,36,1-25-2024-036-06,6,3,7,15:20,2,2,1,1,1,0,4,2,2,95,95,95,95,95,95,95,4,1,0,135.065796727433,2,9
2401549,2024,25,37,1-25-2024-037-06,6,3,4,16:17,1,2,9,97,1,0,0,2,2,95,95,95,95,95,95,95,1,1,0,135.065796752148,2,9
2401550,2024,11,39,1-11-2024-039-06,6,3,2,08:42,1,2,1,1,1,0,4,2,2,95,95,95,95,95,95,95,1,1,0,270.558640267597,8,9
2401552,2024,76,38,1-76-2024-038-07,7,3,2,06:51,1,2,1,1,1,0,0,9,9,95,95,95,95,95,95,95,4,1,0,95.7843345491499,3,9
2401553,2024,76,39,1-76-2024-039-09,9,3,7,14:03,4,1,9,97,1,0,8,9,9,95,95,95,95,95,95,95,0,1,0,82.5706054598967,3,9
2401554,2024,76,40,1-76-2024-040-04,4,3,7,16:20,2,1,1,1,1,0,0,9,9,95,95,95,95,95,95,95,0,1,0,86.4714255045695,3,9
2401555,2024,16,45,1-16-2024-045-03,3,3,7,07:25,6,1,0,0,0,0,0,9,9,95,95,95,95,95,95,95,0,1,0,256.821744116867,5,9
2401556,2024,16,46,1-16-2024-046-07,7,3,2,17:17,1,2,0,0,0,0,0,9,9,95,95,95,95,95,95,95,1,1,0,3239.15555206761,5,9
2401557,2024,67,9,1-67-2024-009-03,3,3,3,13:22,2,3,0,0,0,0,0,9,9,95,95,95,95,95,95,95,4,1,0,308.739029181547,7,9
2401558,2024,79,33,1-79-2024-033-04,4,3,6,12:26,1,1,0,0,0,0,0,9,9,95,95,95,95,95,95,95,0,1,0,213.632193597411,8,9
2401560,2024,52,22,1-52-2024-022-03,3,3,7,23:52,3,3,9,97,1,0,0,1,2,95,95,95,95,95,95,95,1,1,0,18.6968585475994,12,9
2401566,2024,82,37,1-82-2024-037-03,3,3,7,14:03,3,2,99,99,0,0,8,2,2,95,95,95,95,95,95,95,4,1,0,106.104530062029,1,9
2401567,2024,24,36,1-24-2024-036-03,3,3,3,16:19,5,4,2,5,3,0,3,2,2,95,95,95,95,95,95,95,2,1,0,174.327977699745,1,9
2401568,2024,32,55,1-32-2024-055-02,2,3,1,23:00,1,2,5,30,2,1,3,2,2,95,95,95,95,95,95,95,1,1,0,5.39420777852474,7,9
2401570,2024,27,49,1-27-2024-049-06,6,3,4,16:32,1,2,1,1,1,0,4,9,9,95,95,95,95,95,95,95,4,1,0,40.7043990647032,3,9
2401571,2024,27,50,1-27-2024-050-03,3,3,1,12:41,3,2,3,14,2,1,3,9,1,95,95,95,95,95,95,95,2,1,0,11.8514312322575,3,9
2401572,2024,27,51,1-27-2024-051-04,4,3,2,07:29,1,2,0,0,0,0,0,9,9,95,95,95,95,95,95,95,4,1,0,47.1404569184189,3,9
2401573,2024,27,52,1-27-2024-052-05,5,3,6,15:06,1,1,2,6,1,0,3,2,1,95,95,95,95,95,95,95,0,1,0,17.445702179906,3,9
2401574,2024,32,58,1-32-2024-058-05,5,3,4,01:53,3,1,2,9,1,0,4,1,1,95,95,95,95,95,95,95,0,1,0,32.1941835787257,7,9
2401575,2024,32,59,1-32-2024-059-06,6,3,5,22:25,3,2,1,1,1,0,4,2,2,95,95,95,95,95,95,95,5,1,0,1005.56097425004,7,9
2401576,2024,32,60,1-32-2024-060-02,2,3,5,14:33,1,2,1,1,3,0,4,2,2,95,95,95,95,95,95,95,2,1,0,5.39420777852474,7,9
2401577,2024,26,40,1-26-2024-040-03,3,3,1,03:20,2,1,9,97,1,0,9,2,2,95,95,95,95,95,95,95,0,1,0,477.259051653786,10,9
2401578,2024,18,59,1-18-2024-059-09,9,3,4,05:55,3,1,2,5,1,0,4,2,2,95,95,95,95,95,95,95,0,1,0,363.748138569445,6,9
2401579,2024,15,58,1-15-2024-058-02,2,3,5,11:30,1,2,9,97,1,0,8,9,9,95,95,95,95,95,95,95,4,1,0,13.160978448786,1,9
2401580,2024,15,59,1-15-2024-059-03,3,3,6,08:19,1,2,1,1,1,0,4,9,9,95,95,95,95,95,95,95,4,1,0,43.1856179238068,1,9
2401581,2024,15,60,1-15-2024-060-03,3,3,3,16:32,2,2,1,1,3,0,3,9,9,95,95,95,95,95,95,95,4,1,0,43.1856179301711,1,9
2401582,2024,15,61,1-15-2024-061-06,6,3,6,15:25,1,2,0,0,0,0,0,9,9,95,95,95,95,95,95,95,4,1,0,159.972191236291,1,9
2401583,2024,21,29,1-21-2024-029-04,4,3,3,23:10,3,3,0,0,0,0,0,2,2,95,95,95,95,95,95,95,0,1,0,1022.49780376156,11,9
2401584,2024,21,30,1-21-2024-030-02,2,3,7,01:35,3,3,4,21,1,1,3,1,2,95,95,95,95,95,95,95,1,1,0,9.63819602034845,11,9
2401585,2024,22,46,1-22-2024-046-01,1,3,4,12:25,2,2,4,24,1,1,1,2,1,95,95,95,95,95,95,95,2,1,0,23.1353338048251,12,9
2401586,2024,22,47,1-22-2024-047-10,10,3,6,11:38,1,2,0,0,0,0,0,2,2,95,95,95,95,95,95,95,9,1,0,520.337693702736,12,9
2401587,2024,22,48,1-22-2024-048-10,10,3,2,17:25,1,2,0,0,0,0,0,2,2,95,95,95,95,95,95,95,1,1,0,520.337693702736,12,9
2401588,2024,22,49,1-22-2024-049-04,4,3,2,22:23,1,2,0,0,0,0,0,2,2,95,95,95,95,95,95,95,4,1,0,32.0683092145635,12,9
2401589,2024,30,54,1-30-2024-054-03,3,3,3,15:25,1,2,0,0,0,0,5,2,2,95,95,95,95,95,95,95,4,1,0,249.635031598929,10,9
2401591,2024,28,41,1-28-2024-041-08,8,3,4,05:52,3,2,1,1,1,0,3,2,2,95,95,95,95,95,95,95,2,1,0,48.0385140677194,3,9
2401592,2024,28,42,1-28-2024-042-NM2,22,1,6,19:14,1,1,95,95,95,95,95,2,2,1,1,1,1,1,2,2,0,0,1,37.9334438090452,3,9
2401593,2024,66,34,1-66-2024-034-03,3,3,4,08:18,6,4,1,2,2,0,4,2,9,95,95,95,95,95,95,95,1,1,0,79.4686416678806,6,9
2401594,2024,66,35,1-66-2024-035-10,10,3,2,11:00,2,1,0,0,0,0,0,2,9,95,95,95,95,95,95,95,0,1,0,484.778997421925,6,9
2401595,2024,66,36,1-66-2024-036-09,9,3,1,11:40,2,1,99,99,0,0,0,2,9,95,95,95,95,95,95,95,0,1,0,97.5596917228585,6,9
2401596,2024,66,37,1-66-2024-037-03,3,3,3,07:10,4,1,3,14,1,1,3,2,9,95,95,95,95,95,95,95,0,1,0,79.4686416678806,6,9
2401597,2024,14,25,1-14-2024-025-03,3,3,4,15:10,2,1,4,21,1,1,3,2,2,95,95,95,95,95,95,95,0,1,0,1227.40456315265,8,9
2401598,2024,76,41,1-76-2024-041-10,10,3,7,15:59,1,1,0,0,0,0,0,9,9,95,95,95,95,95,95,95,0,1,0,529.243662706543,3,9
2401599,2024,52,23,1-52-2024-023-03,3,3,6,00:49,1,1,2,6,1,0,4,1,9,95,95,95,95,95,95,95,0,1,0,18.6968585475994,12,9
2401600,2024,20,45,1-20-2024-045-04,4,3,4,10:07,1,2,0,0,0,0,0,2,2,95,95,95,95,95,95,95,4,1,0,97.0055406081488,11,9
2401601,2024,31,31,1-31-2024-031-03,3,3,2,06:45,1,1,0,0,0,0,0,9,9,95,95,95,95,95,95,95,0,1,0,151.964719784207,6,9
2401602,2024,31,32,1-31-2024-032-04,4,3,7,06:24,1,1,0,0,0,0,0,2,2,95,95,95,95,95,95,95,0,1,0,222.052598299916,6,9
2401603,2024,82,38,1-82-2024-038-03,3,3,5,11:13,1,1,9,97,1,0,0,2,2,95,95,95,95,95,95,95,0,1,0,106.104530068342,1,9
2401604,2024,54,38,1-54-2024-038-10,10,3,1,13:50,1,1,1,1,1,0,0,2,2,95,95,95,95,95,95,95,0,1,0,297.406603751546,9,9
2401610,2024,77,53,1-77-2024-053-08,8,3,7,15:55,2,1,2,6,2,0,3,1,1,95,95,95,95,95,95,95,0,1,0,105.1925616478,9,9
2401611,2024,77,54,1-77-2024-054-09,9,4,2,15:50,2,2,99,99,0,0,9,2,2,95,95,95,95,95,95,95,1,1,0,751.894343952246,9,9
2401612,2024,77,55,1-77-2024-055-04,4,3,2,21:20,1,2,0,0,0,0,0,2,2,95,95,95,95,95,95,95,4,1,0,435.809175167292,9,9
2401613,2024,77,56,1-77-2024-056-05,5,4,6,17:25,4,1,3,22,2,2,3,2,2,95,95,95,95,95,95,95,0,1,0,90.6570748528622,9,9
2401614,2024,59,50,1-59-2024-050-03,3,4,3,22:00,1,2,1,1,2,0,4,9,2,95,95,95,95,95,95,95,4,1,0,45.7235198932283,6,9
2401615,2024,59,51,1-59-2024-051-NM2,22,4,5,11:12,1,1,95,95,95,95,95,2,2,1,1,1,0,4,2,2,0,0,1,173.711917950995,6,9
2401616,2024,59,52,1-59-2024-052-01,1,4,5,01:06,1,1,3,19,1,1,1,2,1,95,95,95,95,95,95,95,0,1,0,53.4084683471652,6,9
2401617,2024,59,53,1-59-2024-053-04,4,4,5,08:20,2,2,0,0,0,0,0,2,2,95,95,95,95,95,95,95,1,1,0,267.139823960724,6,9
2401618,2024,57,31,1-57-2024-031-03,3,3,6,17:04,2,2,0,0,0,0,4,9,9,95,95,95,95,95,95,95,4,1,0,507.864905147841,1,9
2401619,2024,57,32,1-57-2024-032-03,3,3,6,14:53,1,2,1,1,1,0,6,9,9,95,95,95,95,95,95,95,1,1,0,507.864905147841,1,9
2401620,2024,23,24,1-23-2024-024-03,3,4,2,17:48,4,4,1,1,2,0,4,2,1,95,95,95,95,95,95,95,4,1,0,140.549541808304,5,9
2401621,2024,23,25,1-23-2024-025-06,6,4,3,00:31,2,1,0,0,0,0,0,2,2,95,95,95,95,95,95,95,0,1,0,520.636713394511,5,9
2401622,2024,81,31,1-81-2024-031-03,3,3,1,19:19,1,2,9,97,1,0,5,2,2,95,95,95,95,95,95,95,4,1,0,1518.38116385716,8,9
2401624,2024,13,42,1-13-2024-042-02,2,3,5,16:00,1,2,1,1,1,0,4,2,2,95,95,95,95,95,95,95,4,1,0,12.4259730918703,7,9
2401625,2024,13,43,1-13-2024-043-01,1,3,1,22:49,6,1,5,38,1,1,1,2,1,95,95,95,95,95,95,95,0,1,0,75.8329269212162,7,9
2401626,2024,13,44,1-13-2024-044-02,2,3,1,10:50,2,1,1,2,1,0,3,9,9,95,95,95,95,95,95,95,0,1,0,16.539360702524,7,9
2401627,2024,13,45,1-13-2024-045-02,2,3,2,17:27,1,2,3,10,1,1,3,2,2,95,95,95,95,95,95,95,4,1,0,12.4259730918703,7,9
2401628,2024,30,55,1-30-2024-055-05,5,3,6,17:09,1,2,2,5,1,0,3,1,2,95,95,95,95,95,95,95,4,1,0,51.5414011291568,10,9
2401629,2024,30,56,1-30-2024-056-03,3,3,3,13:55,2,2,1,2,2,0,4,2,9,95,95,95,95,95,95,95,4,1,0,520.816161472832,10,9
2401631,2024,73,53,1-73-2024-053-06,6,4,6,08:53,1,1,9,97,1,0,0,9,9,95,95,95,95,95,95,95,0,1,0,124.237921920993,3,9
2401633,2024,62,41,1-62-2024-041-02,2,3,2,01:16,3,1,5,43,2,1,3,1,9,95,95,95,95,95,95,95,0,1,0,40.5230025519482,7,9
2401634,2024,62,42,1-62-2024-042-02,2,4,3,09:09,1,2,3,14,3,1,3,9,9,95,95,95,95,95,95,95,4,1,0,37.7593130714705,7,9
2401635,2024,48,54,1-48-2024-054-03,3,3,1,15:53,7,3,1,1,2,0,9,2,2,95,95,95,95,95,95,95,0,1,0,54.9604072040948,12,9
2401636,2024,48,55,1-48-2024-055-03,3,4,4,16:57,1,2,0,0,0,0,3,2,2,95,95,95,95,95,95,95,4,1,0,54.9604072040948,12,9
2401639,2024,18,60,1-18-2024-060-06,6,3,7,08:34,2,2,1,2,1,0,4,2,2,95,95,95,95,95,95,95,4,1,0,54.423046779444,6,9
2401640,2024,18,61,1-18-2024-061-04,4,3,5,04:00,6,1,0,0,0,0,0,2,2,95,95,95,95,95,95,95,0,1,0,64.044330522557,6,9
2401642,2024,18,63,1-18-2024-063-09,9,3,7,01:27,1,2,1,1,2,0,4,1,2,95,95,95,95,95,95,95,4,1,0,95.1775471436952,6,9
2401643,2024,73,52,1-73-2024-052-04,4,4,3,06:08,1,1,0,0,0,0,0,2,2,95,95,95,95,95,95,95,0,1,0,150.08691079434,3,9
2401644,2024,79,34,1-79-2024-034-06,6,4,2,15:48,3,1,1,2,2,0,4,2,2,95,95,95,95,95,95,95,0,1,0,448.844720308613,8,9
2401645,2024,79,35,1-79-2024-035-06,6,4,5,21:33,2,1,1,1,2,0,4,2,2,95,95,95,95,95,95,95,0,1,0,448.844720308613,8,9
2401646,2024,12,29,1-12-2024-029-03,3,4,2,21:12,2,2,99,99,0,0,9,2,2,95,95,95,95,95,95,95,6,1,0,325.380358257164,9,9
2401647,2024,12,30,1-12-2024-030-06,6,4,4,15:20,2,2,1,1,2,0,4,2,2,95,95,95,95,95,95,95,4,1,0,1644.10935042381,9,9
2401649,2024,33,27,1-33-2024-027-03,3,3,7,23:57,6,1,1,1,1,0,0,2,2,95,95,95,95,95,95,95,0,1,0,17.2161737549189,12,9
2401651,2024,69,30,1-69-2024-030-06,6,4,6,14:14,1,2,1,1,3,0,4,2,2,95,95,95,95,95,95,95,1,1,0,115.993326241037,8,9
2401652,2024,17,52,1-17-2024-052-07,7,4,3,08:44,1,1,0,0,0,0,0,2,2,95,95,95,95,95,95,95,0,1,0,364.699531711488,4,9
2401653,2024,17,53,1-17-2024-053-06,6,4,3,15:27,3,2,1,2,1,0,4,2,2,95,95,95,95,95,95,95,5,1,0,103.359955056797,4,9
2401654,2024,17,54,1-17-2024-054-07,7,4,3,12:59,1,2,0,0,0,0,0,2,2,95,95,95,95,95,95,95,5,1,0,364.699531711488,4,9
2401655,2024,17,55,1-17-2024-055-07,7,4,3,14:56,2,1,0,0,0,0,0,2,2,95,95,95,95,95,95,95,0,1,0,364.699531685358,4,9
2401657,2024,20,47,1-20-2024-047-10,10,3,4,12:10,2,1,0,0,0,0,0,2,2,95,95,95,95,95,95,95,0,1,0,1223.79041483901,11,9
2401658,2024,20,48,1-20-2024-048-04,4,3,5,07:02,2,3,0,0,0,0,0,2,2,95,95,95,95,95,95,95,1,1,0,70.1358271332578,11,9
2401659,2024,20,49,1-20-2024-049-04,4,4,3,20:04,1,1,0,0,0,0,0,2,2,95,95,95,95,95,95,95,0,1,0,70.135827129492,11,9
2401660,2024,18,64,1-18-2024-064-09,9,3,6,16:12,1,1,1,1,1,0,4,2,2,95,95,95,95,95,95,95,0,1,0,95.1775471436952,6,9
2401661,2024,11,40,1-11-2024-040-02,2,2,1,15:14,1,2,1,1,1,0,4,2,2,95,95,95,95,95,95,95,1,1,0,30.7614595081659,8,9
2401662,2024,11,41,1-11-2024-041-03,3,3,5,17:10,1,2,0,0,0,0,4,2,2,95,95,95,95,95,95,95,4,1,0,152.094599148101,8,9
2401663,2024,11,42,1-11-2024-042-09,9,3,2,14:48,1,2,1,2,2,0,4,2,2,95,95,95,95,95,95,95,4,1,0,1536.46632619055,8,9
2401664,2024,11,43,1-11-2024-043-05,5,3,7,17:00,1,2,3,19,2,1,3,2,2,95,95,95,95,95,95,95,4,1,0,31.8812723055547,8,9
2401665,2024,24,37,1-24-2024-037-NM2,22,3,7,20:20,1,1,95,95,95,95,95,9,9,3,14,1,1,3,1,2,0,0,1,87.1884768897586,1,9
2401666,2024,24,38,1-24-2024-038-07,7,3,7,01:33,1,2,0,0,0,0,0,2,2,95,95,95,95,95,95,95,4,1,0,394.698169083861,1,9
2401667,2024,24,39,1-24-2024-039-04,4,3,5,16:59,2,2,99,99,0,0,0,2,2,95,95,95,95,95,95,95,4,1,0,118.9593408305,1,9
2401668,2024,24,40,1-24-2024-040-03,3,3,6,18:08,1,2,0,0,0,0,5,2,2,95,95,95,95,95,95,95,4,1,0,33.2458613397881,1,9
2401669,2024,25,38,1-25-2024-038-07,7,3,3,23:49,2,1,0,0,0,0,0,2,1,95,95,95,95,95,95,95,0,1,0,222.137103780198,2,9
2401670,2024,25,39,1-25-2024-039-04,4,4,3,15:11,3,1,0,0,0,0,0,2,2,95,95,95,95,95,95,95,0,1,0,55.0816370883036,2,9
2401671,2024,25,40,1-25-2024-040-09,9,4,5,12:39,2,1,0,0,0,0,0,2,2,95,95,95,95,95,95,95,0,1,0,132.614575781808,2,9
2401672,2024,60,17,1-60-2024-017-03,3,4,6,13:55,1,2,1,3,1,0,4,2,2,95,95,95,95,95,95,95,4,1,0,837.497473917714,8,9
2401673,2024,16,47,1-16-2024-047-03,3,3,7,11:32,1,2,0,0,0,0,4,9,1,95,95,95,95,95,95,95,1,1,0,434.848487710843,5,9
2401680,2024,32,61,1-32-2024-061-07,7,4,3,13:15,3,2,0,0,0,0,0,2,2,95,95,95,95,95,95,95,4,1,0,1936.34687707345,7,9
2401681,2024,32,62,1-32-2024-062-04,4,3,6,03:00,2,1,0,0,0,0,0,1,2,95,95,95,95,95,95,95,0,1,0,562.002399856569,7,9
2401682,2024,32,63,1-32-2024-063-03,3,3,2,07:29,2,3,1,1,1,0,4,2,2,95,95,95,95,95,95,95,1,1,0,151.620730071484,7,9
2401683,2024,32,64,1-32-2024-064-05,5,3,2,15:00,1,2,2,4,1,0,3,2,2,95,95,95,95,95,95,95,4,1,0,17.9817909745579,7,9
2401686,2024,14,26,1-14-2024-026-08,8,4,4,09:30,1,2,3,14,3,1,3,2,9,95,95,95,95,95,95,95,6,1,0,128.530640298038,8,9
2401689,2024,28,44,1-28-2024-044-05,5,3,3,21:55,2,1,1,1,1,0,4,2,1,95,95,95,95,95,95,95,0,1,0,41.6717563477699,3,9
2401691,2024,28,46,1-28-2024-046-06,6,4,5,15:10,2,1,1,1,1,0,5,2,2,95,95,95,95,95,95,95,0,1,0,46.0829401699488,3,9
2401692,2024,52,24,1-52-2024-024-03,3,3,2,16:54,1,2,2,6,4,0,3,2,2,95,95,95,95,95,95,95,4,1,0,14.3319114740878,12,9
2401693,2024,52,25,1-52-2024-025-09,9,3,6,20:21,3,1,1,2,1,0,4,1,2,95,95,95,95,95,95,95,0,1,0,38.898663722822,12,9
2401694,2024,28,47,1-28-2024-047-07,7,3,6,20:48,1,1,0,0,0,0,0,2,2,95,95,95,95,95,95,95,0,1,0,171.379503094117,3,9
2401695,2024,66,38,1-66-2024-038-10,10,3,1,20:00,3,1,0,0,0,0,0,2,9,95,95,95,95,95,95,95,0,1,0,242.389498710963,6,9
2401696,2024,66,39,1-66-2024-039-10,10,3,5,00:01,6,1,0,0,0,0,0,1,9,95,95,95,95,95,95,95,0,1,0,242.389498710963,6,9
2401697,2024,66,40,1-66-2024-040-10,10,3,1,20:52,1,2,1,2,3,0,5,2,9,95,95,95,95,95,95,95,4,1,0,242.389498710963,6,9
2401698,2024,66,41,1-66-2024-041-09,9,3,5,22:03,6,1,1,1,1,0,8,2,9,95,95,95,95,95,95,95,0,1,0,97.5596917228585,6,9
2401700,2024,26,42,1-26-2024-042-07,7,3,4,00:30,1,1,1,2,1,0,6,2,2,95,95,95,95,95,95,95,0,1,0,1479.5523151324,10,9
2401702,2024,26,44,1-26-2024-044-03,3,4,2,15:05,1,1,1,1,1,0,8,2,2,95,95,95,95,95,95,95,0,1,0,128.240497755438,10,9
2401703,2024,26,41,1-26-2024-041-03,3,3,6,10:15,1,2,1,1,1,0,5,2,2,95,95,95,95,95,95,95,1,1,0,128.240497755438,10,9
2401704,2024,27,53,1-27-2024-053-06,6,4,4,21:45,6,1,0,0,0,0,4,2,2,95,95,95,95,95,95,95,0,1,0,50.9387159232509,3,9
2401705,2024,27,54,1-27-2024-054-07,7,4,4,17:30,1,1,0,0,0,0,6,2,2,95,95,95,95,95,95,95,0,1,0,213.887263487774,3,9
2401706,2024,27,55,1-27-2024-055-03,3,4,3,07:59,1,2,0,0,0,0,4,9,9,95,95,95,95,95,95,95,4,1,0,12.6103689545478,3,9
2401707,2024,27,56,1-27-2024-056-04,4,4,4,14:43,1,2,1,1,1,0,0,2,2,95,95,95,95,95,95,95,4,1,0,54.7711555466727,3,9
2401708,2024,54,39,1-54-2024-039-10,10,4,3,13:00,2,1,1,1,1,0,6,2,2,95,95,95,95,95,95,95,0,1,0,297.406603751546,9,9
2401709,2024,54,40,1-54-2024-040-09,9,4,4,14:15,1,2,1,2,2,0,4,2,2,95,95,95,95,95,95,95,4,1,0,117.274582131211,9,9
2401710,2024,54,41,1-54-2024-041-10,10,4,5,03:35,1,1,0,0,0,0,0,2,2,95,95,95,95,95,95,95,0,1,0,297.406603751546,9,9
2401711,2024,15,62,1-15-2024-062-06,6,3,7,06:55,1,2,0,0,0,0,4,9,9,95,95,95,95,95,95,95,1,1,0,86.0208872627184,1,9
2401715,2024,26,45,1-26-2024-045-NM2,22,4,3,18:30,1,1,95,95,95,95,95,2,9,1,1,1,0,3,2,2,0,0,1,339.064613159241,10,9
2401716,2024,16,49,1-16-2024-049-04,4,4,3,09:54,2,1,0,0,0,0,0,2,9,95,95,95,95,95,95,95,0,1,0,1740.03983223416,5,9
2401717,2024,21,31,1-21-2024-031-01,1,4,3,12:48,3,1,5,33,1,1,1,1,1,95,95,95,95,95,95,95,0,1,0,117.966202199051,11,9
2401718,2024,21,32,1-21-2024-032-NM2,22,2,5,22:00,1,1,95,95,95,95,95,2,2,4,24,1,1,3,1,2,0,0,1,2513.96756463306,11,9
2401719,2024,81,33,1-81-2024-033-02,2,4,3,23:00,2,2,3,17,1,1,3,9,9,95,95,95,95,95,95,95,1,1,0,30.1720920470308,8,9
2401722,2024,20,50,1-20-2024-050-03,3,3,3,11:20,3,2,99,99,0,0,8,2,2,95,95,95,95,95,95,95,4,1,0,20.5664841454884,11,9
2401723,2024,22,50,1-22-2024-050-07,7,3,6,11:50,1,2,0,0,0,0,0,2,2,95,95,95,95,95,95,95,4,1,0,172.502323958184,12,9
2401724,2024,22,52,1-22-2024-052-NM2,22,3,6,17:06,1,1,95,95,95,95,95,2,2,2,5,1,0,4,2,9,0,0,1,30.6635507189318,12,9
2401725,2024,15,66,1-15-2024-066-06,6,3,1,11:30,1,2,99,99,0,0,5,9,9,95,95,95,95,95,95,95,4,1,0,86.0208872627184,1,9
2401726,2024,15,67,1-15-2024-067-04,4,3,3,16:30,1,2,0,0,0,0,0,9,9,95,95,95,95,95,95,95,1,1,0,88.2658451567982,1,9
2401727,2024,69,31,1-69-2024-031-09,9,4,5,13:50,3,1,9,97,1,0,8,2,2,95,95,95,95,95,95,95,0,1,0,487.337287690364,8,9
2401728,2024,48,58,1-48-2024-058-09,9,3,7,17:15,1,1,1,1,1,0,6,2,2,95,95,95,95,95,95,95,0,1,0,244.140868382295,12,9
2401729,2024,28,48,1-28-2024-048-06,6,3,7,12:00,1,1,1,1,2,0,4,2,2,95,95,95,95,95,95,95,0,1,0,46.0829401699488,3,9
2401730,2024,15,68,1-15-2024-068-03,3,3,6,12:50,1,2,99,99,0,0,8,2,2,95,95,95,95,95,95,95,9,1,0,23.2219434054944,1,9
2401731,2024,76,46,1-76-2024-046-04,4,1,7,06:53,2,1,0,0,0,0,0,9,9,95,95,95,95,95,95,95,0,1,0,466.820603617286,3,9
2401732,2024,76,47,1-76-2024-047-04,4,1,3,04:11,1,1,0,0,0,0,0,9,9,95,95,95,95,95,95,95,0,1,0,466.820603617286,3,9
2401733,2024,76,48,1-76-2024-048-03,3,1,4,08:11,2,1,0,0,0,0,4,9,9,95,95,95,95,95,95,95,0,1,0,104.426833331839,3,9
2401734,2024,76,49,1-76-2024-049-03,3,1,2,23:47,1,1,99,99,0,0,0,9,9,95,95,95,95,95,95,95,0,1,0,104.426833331839,3,9
2401735,2024,82,40,1-82-2024-040-05,5,4,2,07:40,1,2,2,5,1,0,3,2,2,95,95,95,95,95,95,95,4,1,0,28.440342171533,1,9
2401736,2024,31,33,1-31-2024-033-08,8,3,7,02:40,1,1,2,9,1,0,3,1,2,95,95,95,95,95,95,95,0,1,0,222.937813489072,6,9
2401737,2024,31,34,1-31-2024-034-09,9,4,6,16:00,2,1,1,1,1,0,4,2,9,95,95,95,95,95,95,95,0,1,0,161.39423315543,6,9
2401738,2024,33,28,1-33-2024-028-04,4,3,1,15:00,2,2,99,99,0,0,0,2,2,95,95,95,95,95,95,95,4,1,0,61.5448384435777,12,9
2401739,2024,14,28,1-14-2024-028-03,3,3,7,02:27,1,1,99,99,0,0,0,9,9,95,95,95,95,95,95,95,0,1,0,190.636933185473,8,9
2401741,2024,77,58,1-77-2024-058-06,6,4,3,17:44,2,2,0,0,0,0,4,2,2,95,95,95,95,95,95,95,1,1,0,216.01935162615,9,9
2401742,2024,77,59,1-77-2024-059-04,4,4,7,20:00,1,1,0,0,0,0,0,2,2,95,95,95,95,95,95,95,0,1,0,239.003429563678,9,9
2401743,2024,77,60,1-77-2024-060-04,4,4,3,23:45,1,1,1,1,1,0,0,2,2,95,95,95,95,95,95,95,0,1,0,239.003429563678,9,9
2401744,2024,59,54,1-59-2024-054-09,9,4,3,08:10,2,2,0,0,0,0,0,2,2,95,95,95,95,95,95,95,1,1,0,544.058692708323,6,9
2401746,2024,59,56,1-59-2024-056-08,8,4,4,10:53,11,1,3,27,1,1,3,1,2,95,95,95,95,95,95,95,0,1,0,76.1156511324638,6,9
2401747,2024,59,57,1-59-2024-057-09,9,4,7,01:29,1,1,1,1,1,0,0,2,2,95,95,95,95,95,95,95,0,1,0,544.058692708323,6,9
2401748,2024,23,26,1-23-2024-026-01,1,3,1,02:38,4,2,3,19,5,5,1,1,1,95,95,95,95,95,95,95,2,1,0,65.7022791512024,5,9
2401749,2024,23,27,1-23-2024-027-03,3,4,3,09:00,2,1,0,0,0,0,4,2,2,95,95,95,95,95,95,95,0,1,0,556.156366737895,5,9
2401750,2024,57,33,1-57-2024-033-NM1,21,3,4,19:29,1,1,0,0,0,0,0,9,9,5,50,1,1,1,2,1,0,1,1,38.5305215581579,1,9
2401751,2024,57,34,1-57-2024-034-01,1,3,1,21:50,1,2,4,21,2,1,1,9,9,95,95,95,95,95,95,95,4,1,0,152.225504336235,1,9
2401752,2024,13,46,1-13-2024-046-NM2,22,4,5,17:55,1,1,95,95,95,95,95,9,9,1,2,1,0,6,9,9,0,0,1,2482.68938093394,7,9
2401753,2024,13,47,1-13-2024-047-02,2,4,2,22:43,3,3,1,1,3,0,3,2,2,95,95,95,95,95,95,95,4,1,0,16.3912096638119,7,9
2401754,2024,13,48,1-13-2024-048-02,2,4,3,19:08,1,2,2,5,2,0,4,2,2,95,95,95,95,95,95,95,4,1,0,58.2530897040008,7,9
2401755,2024,81,34,1-81-2024-034-NM1,21,4,3,20:02,7,1,0,0,0,0,0,2,2,3,22,1,1,3,9,9,0,1,1,46.909790827141,8,9
2401757,2024,62,43,1-62-2024-043-05,5,4,5,12:07,2,2,2,4,2,0,3,9,9,95,95,95,95,95,95,95,4,1,0,36.6153826086227,7,9
2401758,2024,62,44,1-62-2024-044-06,6,4,3,13:12,2,2,99,99,0,0,0,9,9,95,95,95,95,95,95,95,5,1,0,1143.6537824324,7,9
2401759,2024,62,45,1-62-2024-045-06,6,4,3,05:58,1,2,2,9,1,0,4,2,2,95,95,95,95,95,95,95,4,1,0,1143.65378250163,7,9
2401760,2024,17,56,1-17-2024-056-03,3,4,7,14:01,1,2,1,1,1,0,0,2,2,95,95,95,95,95,95,95,4,1,0,56.2627107467575,4,9
2401761,2024,17,57,1-17-2024-057-05,5,4,2,07:28,3,2,1,1,2,0,4,2,2,95,95,95,95,95,95,95,5,1,0,95.9334331296951,4,9
2401762,2024,17,58,1-17-2024-058-04,4,4,3,07:50,1,2,0,0,0,0,0,2,2,95,95,95,95,95,95,95,4,1,0,197.162844163136,4,9
2401763,2024,17,59,1-17-2024-059-07,7,4,5,16:27,1,2,0,0,0,0,0,2,2,95,95,95,95,95,95,95,4,1,0,606.147022253054,4,9
2401764,2024,59,55,1-59-2024-055-03,3,4,6,07:33,2,2,1,3,2,0,4,2,2,95,95,95,95,95,95,95,4,1,0,58.6800668118589,6,9
2401765,2024,73,54,1-73-2024-054-06,6,4,1,10:52,5,1,1,2,1,0,4,9,9,95,95,95,95,95,95,95,0,1,0,57.2521131397256,3,9
2401766,2024,73,55,1-73-2024-055-03,3,3,4,13:09,1,2,1,3,2,0,4,9,9,95,95,95,95,95,95,95,1,1,0,23.5881329232141,3,9
2401767,2024,73,56,1-73-2024-056-04,4,4,2,14:46,6,1,0,0,0,0,0,9,9,95,95,95,95,95,95,95,0,1,0,69.1640093839777,3,9
2401768,2024,73,57,1-73-2024-057-03,3,4,6,05:50,2,3,2,4,1,0,4,9,9,95,95,95,95,95,95,95,4,1,0,23.5881329232141,3,9
2401769,2024,48,59,1-48-2024-059-03,3,4,7,17:16,1,1,9,97,2,0,0,2,2,95,95,95,95,95,95,95,0,1,0,54.9604072040948,12,9
2401770,2024,48,60,1-48-2024-060-03,3,1,6,22:29,2,2,9,97,1,0,0,2,2,95,95,95,95,95,95,95,5,1,0,54.9604072040948,12,9
2401771,2024,48,61,1-48-2024-061-09,9,4,2,06:35,1,1,3,10,3,1,4,2,2,95,95,95,95,95,95,95,0,1,0,358.379999658213,12,9
2401772,2024,48,62,1-48-2024-062-04,4,4,2,19:19,1,1,0,0,0,0,0,2,2,95,95,95,95,95,95,95,0,1,0,203.76092249854,12,9
2401773,2024,33,29,1-33-2024-029-NM2,22,4,6,22:05,1,1,95,95,95,95,95,2,2,4,29,1,1,3,1,1,0,0,1,84.6784527844662,12,9
2401774,2024,33,30,1-33-2024-030-04,4,4,6,13:05,4,4,0,0,0,0,0,2,2,95,95,95,95,95,95,95,0,1,0,204.969070657332,12,9
2401775,2024,10,22,1-10-2024-022-09,9,4,5,07:00,2,2,2,4,1,0,4,2,2,95,95,95,95,95,95,95,4,1,0,1830.24730147451,4,9
2401776,2024,10,23,1-10-2024-023-07,7,4,1,07:00,2,1,0,0,0,0,0,2,2,95,95,95,95,95,95,95,0,1,0,3048.3182593189,4,9
2401777,2024,79,36,1-79-2024-036-05,5,4,3,18:13,3,1,2,5,1,0,3,1,2,95,95,95,95,95,95,95,0,1,0,121.577378642075,8,9
2401778,2024,79,37,1-79-2024-037-09,9,4,3,20:10,1,2,1,2,2,0,4,9,9,95,95,95,95,95,95,95,4,1,0,1088.66212433472,8,9
2401780,2024,30,58,1-30-2024-058-03,3,3,6,21:06,1,2,9,97,2,0,4,1,1,95,95,95,95,95,95,95,4,1,0,203.469910150752,10,9
2401781,2024,30,59,1-30-2024-059-05,5,4,5,17:18,4,5,3,19,3,1,3,2,2,95,95,95,95,95,95,95,4,1,0,20.1359424598253,10,9
2401783,2024,12,31,1-12-2024-031-04,4,4,3,13:31,2,2,0,0,0,0,0,2,2,95,95,95,95,95,95,95,4,1,0,607.770605908014,9,9
2401784,2024,12,32,1-12-2024-032-06,6,4,4,18:05,1,2,99,99,0,0,0,2,2,95,95,95,95,95,95,95,4,1,0,558.459080550855,9,9
2401785,2024,18,65,1-18-2024-065-03,3,3,5,16:33,1,2,0,0,0,0,0,2,2,95,95,95,95,95,95,95,4,1,0,102.622080295098,6,9
2401786,2024,18,66,1-18-2024-066-04,4,4,5,09:25,1,2,0,0,0,0,0,2,2,95,95,95,95,95,95,95,1,1,0,655.073704482614,6,9
2401787,2024,69,32,1-69-2024-032-08,8,4,6,03:25,4,1,1,1,1,0,8,1,9,95,95,95,95,95,95,95,0,1,0,168.132556552678,8,9
2401788,2024,69,33,1-69-2024-033-NM1,21,4,7,20:53,1,1,0,0,0,0,0,2,2,9,97,1,1,1,9,9,0,1,1,7.66811372485411,8,9
2401790,2024,81,35,1-81-2024-035-NM1,21,4,7,17:35,4,1,2,9,1,0,3,1,9,3,22,1,1,3,2,2,0,1,1,46.909790827141,8,9
2401791,2024,20,51,1-20-2024-051-04,4,3,7,21:00,4,1,0,0,0,0,0,1,2,95,95,95,95,95,95,95,0,1,0,238.680467959212,11,9
2401793,2024,20,53,1-20-2024-053-NM2,22,3,7,15:19,1,1,95,95,95,95,95,2,2,1,2,1,0,6,2,2,0,0,1,172.732860679058,11,9
2401794,2024,54,42,1-54-2024-042-10,10,4,5,21:50,2,1,0,0,0,0,0,2,2,95,95,95,95,95,95,95,0,1,0,297.406603751546,9,9
2401795,2024,54,43,1-54-2024-043-06,6,4,3,16:40,1,2,0,0,0,0,4,2,2,95,95,95,95,95,95,95,4,1,0,154.880686626287,9,9
2401796,2024,20,52,1-20-2024-052-09,9,3,6,22:08,5,1,1,1,1,0,9,2,9,95,95,95,95,95,95,95,0,1,0,618.131065443623,11,9
2401797,2024,11,44,1-11-2024-044-03,3,3,7,22:20,3,2,0,0,0,0,4,1,2,95,95,95,95,95,95,95,0,1,0,91.405838766837,8,9
2401798,2024,11,45,1-11-2024-045-04,4,4,2,16:47,1,2,0,0,0,0,0,2,2,95,95,95,95,95,95,95,1,1,0,335.189984733753,8,9
2401799,2024,11,46,1-11-2024-046-06,6,4,3,08:30,2,3,1,2,1,0,4,2,2,95,95,95,95,95,95,95,1,1,0,338.59402790186,8,9
2401800,2024,60,18,1-60-2024-018-NM1,21,4,2,20:28,1,1,0,0,0,0,0,2,2,2,12,1,1,1,1,1,0,1,1,135.73456108388,8,9
2401801,2024,14,29,1-14-2024-029-03,3,3,6,15:39,1,2,1,1,1,0,4,9,9,95,95,95,95,95,95,95,1,1,0,228.862516808655,8,9
2401802,2024,14,30,1-14-2024-030-04,4,4,6,14:59,1,2,0,0,0,0,0,9,9,95,95,95,95,95,95,95,4,1,0,929.985578247642,8,9
2401803,2024,25,41,1-25-2024-041-07,7,4,5,05:39,1,1,0,0,0,0,0,2,2,95,95,95,95,95,95,95,0,1,0,202.901831517933,2,9
2401804,2024,25,42,1-25-2024-042-06,6,4,5,11:51,1,2,1,1,2,0,9,2,2,95,95,95,95,95,95,95,4,1,0,63.4952900131591,2,9
2401805,2024,25,43,1-25-2024-043-04,4,4,2,13:08,3,3,0,0,0,0,0,9,9,95,95,95,95,95,95,95,5,1,0,53.7806372420421,2,9
2401806,2024,16,50,1-16-2024-050-10,10,4,2,18:56,1,1,0,0,0,0,0,9,9,95,95,95,95,95,95,95,0,1,0,14369.5040655811,5,9
2401807,2024,16,51,1-16-2024-051-09,9,4,4,08:33,4,1,1,1,3,0,8,2,2,95,95,95,95,95,95,95,0,1,0,1530.01312543752,5,9
2401808,2024,16,52,1-16-2024-052-05,5,4,7,23:03,2,2,3,10,2,1,3,9,9,95,95,95,95,95,95,95,4,1,0,17.1930300888655,5,9
2401809,2024,16,53,1-16-2024-053-03,3,4,1,11:17,1,2,99,99,0,0,4,2,2,95,95,95,95,95,95,95,4,1,0,144.969974195399,5,9
2401810,2024,24,41,1-24-2024-041-09,9,3,3,11:05,1,2,0,0,0,0,5,2,2,95,95,95,95,95,95,95,1,1,0,865.279919567885,1,9
2401811,2024,24,42,1-24-2024-042-03,3,4,3,15:15,2,2,1,2,2,0,4,2,2,95,95,95,95,95,95,95,4,1,0,99.2524783527311,1,9
2401812,2024,24,43,1-24-2024-043-NM1,21,4,7,23:25,1,1,0,0,0,0,0,2,2,2,9,1,0,3,2,1,0,1,1,23.1726143074507,1,9
2401813,2024,28,49,1-28-2024-049-03,3,3,7,10:16,2,1,1,1,1,0,4,2,2,95,95,95,95,95,95,95,0,1,0,28.3089754479373,3,9
2401815,2024,28,51,1-28-2024-051-09,9,3,1,03:00,4,1,2,5,1,0,4,2,2,95,95,95,95,95,95,95,0,1,0,35.1195291082184,3,9
2401816,2024,28,52,1-28-2024-052-09,9,4,2,13:25,1,2,1,2,1,0,4,2,2,95,95,95,95,95,95,95,1,1,0,35.1195291082184,3,9
2401817,2024,52,26,1-52-2024-026-03,3,3,7,18:50,1,2,99,99,0,0,4,2,2,95,95,95,95,95,95,95,4,1,0,24.5452841772009,12,9
2401818,2024,52,27,1-52-2024-027-07,7,3,4,18:00,1,2,0,0,0,0,0,2,2,95,95,95,95,95,95,95,4,1,0,574.95190063988,12,9
2401819,2024,28,53,1-28-2024-053-07,7,3,7,23:05,2,1,0,0,0,0,0,2,2,95,95,95,95,95,95,95,0,1,0,67.0087946387236,3,9
2401820,2024,32,65,1-32-2024-065-08,8,3,6,10:47,4,2,2,5,2,0,3,1,1,95,95,95,95,95,95,95,1,1,0,278.767920785187,7,9
2401821,2024,32,66,1-32-2024-066-02,2,4,6,03:20,1,2,1,1,2,0,4,1,9,95,95,95,95,95,95,95,4,1,0,17.1247047795289,7,9
2401822,2024,32,67,1-32-2024-067-02,2,3,7,02:12,1,2,1,1,2,0,4,9,9,95,95,95,95,95,95,95,4,1,0,7.93753269067258,7,9
2401823,2024,32,68,1-32-2024-068-05,5,3,2,08:54,4,2,1,2,1,0,4,2,2,95,95,95,95,95,95,95,4,1,0,47.373478183051,7,9
2401826,2024,76,50,1-76-2024-050-05,5,3,1,20:53,1,1,1,2,1,0,4,9,9,95,95,95,95,95,95,95,0,1,0,69.290638741677,3,9
2401827,2024,76,51,1-76-2024-051-03,3,4,7,13:37,3,3,2,5,1,0,4,9,9,95,95,95,95,95,95,95,4,1,0,71.5495535595937,3,9
2401828,2024,76,52,1-76-2024-052-09,9,4,5,07:33,3,1,99,99,0,0,9,9,9,95,95,95,95,95,95,95,0,1,0,82.5706054598967,3,9
2401829,2024,76,53,1-76-2024-053-10,10,3,1,20:13,1,1,0,0,0,0,0,9,9,95,95,95,95,95,95,95,0,1,0,84.6789860292199,3,9
2401830,2024,27,57,1-27-2024-057-06,6,4,3,12:10,1,2,99,99,0,0,4,2,9,95,95,95,95,95,95,95,1,1,0,50.9387159232509,3,9
2401831,2024,27,58,1-27-2024-058-07,7,4,2,16:11,1,2,0,0,0,0,0,2,9,95,95,95,95,95,95,95,4,1,0,79.1723766293606,3,9
2401832,2024,27,59,1-27-2024-059-04,4,4,6,12:20,1,2,0,0,0,0,0,9,9,95,95,95,95,95,95,95,1,1,0,20.2740569148603,3,9
2401833,2024,27,60,1-27-2024-060-04,4,4,4,17:08,1,2,1,1,1,0,4,9,9,95,95,95,95,95,95,95,1,1,0,41.9395991935004,3,9
2401834,2024,82,43,1-82-2024-043-03,3,3,2,09:26,2,2,9,97,1,0,8,2,2,95,95,95,95,95,95,95,4,1,0,125.800642505231,1,9
2401835,2024,15,69,1-15-2024-069-03,3,4,6,15:20,1,1,0,0,0,0,5,2,2,95,95,95,95,95,95,95,0,1,0,17.7674654778176,1,9
2401837,2024,15,71,1-15-2024-071-03,3,3,7,17:44,2,2,3,10,1,1,3,2,2,95,95,95,95,95,95,95,2,1,0,17.7674654785444,1,9
2401839,2024,22,53,1-22-2024-053-04,4,4,2,13:24,1,2,0,0,0,0,0,2,2,95,95,95,95,95,95,95,4,1,0,35.2314390008151,12,9
2401840,2024,22,54,1-22-2024-054-07,7,4,6,08:10,2,1,0,0,0,0,0,2,2,95,95,95,95,95,95,95,0,1,0,109.652025727266,12,9
2401841,2024,22,55,1-22-2024-055-04,4,3,5,11:55,3,1,0,0,0,0,5,2,2,95,95,95,95,95,95,95,0,1,0,35.2314390008151,12,9
2401842,2024,22,56,1-22-2024-056-NM2,22,4,2,11:10,2,1,95,95,95,95,95,2,2,3,10,1,1,3,2,1,0,0,1,24.4305122731702,12,9
2401843,2024,77,61,1-77-2024-061-06,6,4,7,14:09,1,2,1,1,1,0,4,2,2,95,95,95,95,95,95,95,4,1,0,216.01935162615,9,9
2401844,2024,26,46,1-26-2024-046-NM1,21,4,6,13:45,6,2,2,5,1,0,6,2,9,1,1,1,0,8,9,2,4,1,1,25.7030205312635,10,9
2401845,2024,26,47,1-26-2024-047-07,7,4,5,07:45,1,2,1,1,2,0,0,2,2,95,95,95,95,95,95,95,1,1,0,4189.99064745265,10,9
2401849,2024,29,18,1-29-2024-018-03,3,4,1,20:21,1,1,1,1,1,0,4,9,9,95,95,95,95,95,95,95,0,1,0,104.719093140208,2,9
2401850,2024,29,19,1-29-2024-019-03,3,4,7,19:38,1,2,1,2,1,0,4,9,9,95,95,95,95,95,95,95,4,1,0,104.719093140208,2,9
2401851,2024,15,73,1-15-2024-073-04,4,4,7,13:20,1,2,0,0,0,0,0,9,9,95,95,95,95,95,95,95,5,1,0,67.5335534717889,1,9
2401852,2024,15,74,1-15-2024-074-03,3,4,3,09:50,1,2,1,2,1,0,3,2,2,95,95,95,95,95,95,95,4,1,0,17.7674654778176,1,9
2401853,2024,66,42,1-66-2024-042-09,9,3,5,10:56,1,2,1,1,1,0,4,2,9,95,95,95,95,95,95,95,1,1,0,97.5596917228585,6,9
2401854,2024,66,43,1-66-2024-043-10,10,4,2,07:39,1,2,1,1,1,0,6,9,9,95,95,95,95,95,95,95,4,1,0,242.389498710963,6,9
2401855,2024,66,44,1-66-2024-044-07,7,3,3,14:12,2,3,1,3,1,0,4,2,9,95,95,95,95,95,95,95,1,1,0,133.367571576148,6,9
2401856,2024,66,45,1-66-2024-045-07,7,3,2,06:00,1,2,0,0,0,0,0,9,9,95,95,95,95,95,95,95,5,1,0,133.367571576148,6,9
2401857,2024,26,49,1-26-2024-049-05,5,3,7,11:21,2,2,2,6,3,0,4,2,2,95,95,95,95,95,95,95,4,1,0,35.9401339092254,10,9
2401858,2024,21,35,1-21-2024-035-05,5,4,5,06:40,1,1,3,17,2,1,8,2,2,95,95,95,95,95,95,95,0,1,0,24.0451985663992,11,9
2401859,2024,82,44,1-82-2024-044-03,3,3,5,19:14,1,2,0,0,0,0,0,2,2,95,95,95,95,95,95,95,4,1,0,125.800642505231,1,9
2401860,2024,21,36,1-21-2024-036-01,1,1,2,00:15,6,1,5,29,1,1,1,1,1,95,95,95,95,95,95,95,0,1,0,23.9453718932787,11,9
2401861,2024,30,61,1-30-2024-061-07,7,3,2,22:04,1,2,99,99,0,0,0,2,2,95,95,95,95,95,95,95,1,1,0,2272.42307235268,10,9
2401862,2024,30,62,1-30-2024-062-NM2,22,4,6,22:46,1,1,95,95,95,95,95,2,2,1,1,1,0,4,2,2,0,0,1,511.59271785067,10,9
2401864,2024,77,63,1-77-2024-063-07,7,4,4,02:45,1,1,0,0,0,0,0,2,2,95,95,95,95,95,95,95,0,1,0,2827.15580820604,9,9
2401865,2024,77,64,1-77-2024-064-07,7,4,4,18:00,3,2,1,1,2,0,4,2,2,95,95,95,95,95,95,95,4,1,0,2827.15580820604,9,9
2401866,2024,77,65,1-77-2024-065-08,8,4,4,21:04,2,1,1,1,1,0,3,2,1,95,95,95,95,95,95,95,0,1,0,206.918069773792,9,9
2401867,2024,81,36,1-81-2024-036-02,2,4,7,19:18,1,1,3,22,2,1,3,9,9,95,95,95,95,95,95,95,0,1,0,19.0849903848337,8,9
2401868,2024,81,37,1-81-2024-037-08,8,4,2,18:15,1,2,2,12,1,0,3,9,1,95,95,95,95,95,95,95,2,1,0,235.193251994868,8,9
2401870,2024,62,46,1-62-2024-046-04,4,3,2,06:09,1,2,0,0,0,0,0,9,9,95,95,95,95,95,95,95,4,1,0,1812.01125111156,7,9
2401871,2024,62,47,1-62-2024-047-03,3,4,2,05:54,3,3,2,4,2,0,4,9,9,95,95,95,95,95,95,95,1,1,0,488.113465600307,7,9
2401872,2024,62,48,1-62-2024-048-02,2,4,3,18:13,4,1,2,5,1,0,3,1,2,95,95,95,95,95,95,95,0,1,0,40.5230025519482,7,9
2401873,2024,62,49,1-62-2024-049-02,2,3,6,21:41,3,3,4,41,6,4,3,1,1,95,95,95,95,95,95,95,2,1,0,40.5230025519482,7,9
2401874,2024,59,58,1-59-2024-058-07,7,4,2,08:25,1,2,0,0,0,0,0,2,2,95,95,95,95,95,95,95,4,1,0,867.897414955515,6,9
2401875,2024,59,59,1-59-2024-059-01,1,4,3,18:03,4,2,6,75,1,1,1,2,9,95,95,95,95,95,95,95,1,1,0,53.4084683471652,6,9
2401876,2024,59,60,1-59-2024-060-04,4,4,2,14:27,1,2,0,0,0,0,0,2,2,95,95,95,95,95,95,95,4,1,0,262.707658473992,6,9
2401877,2024,59,61,1-59-2024-061-01,1,4,5,17:40,1,1,3,17,1,1,1,2,2,95,95,95,95,95,95,95,0,1,0,53.4084683471652,6,9
2401878,2024,23,28,1-23-2024-028-03,3,4,1,19:21,1,2,1,2,1,0,3,2,2,95,95,95,95,95,95,95,4,1,0,125.990035635089,5,9
2401879,2024,23,29,1-23-2024-029-03,3,4,3,15:38,1,2,99,99,0,0,0,2,2,95,95,95,95,95,95,95,1,1,0,125.990035635089,5,9
2401880,2024,54,44,1-54-2024-044-10,10,4,6,19:25,2,1,0,0,0,0,0,2,2,95,95,95,95,95,95,95,0,1,0,594.813207503092,9,9
2401881,2024,54,45,1-54-2024-045-09,9,4,1,13:00,2,1,99,99,0,0,8,9,9,95,95,95,95,95,95,95,0,1,0,117.274582131211,9,9
2401882,2024,54,46,1-54-2024-046-07,7,4,2,07:56,2,1,0,0,0,0,0,2,2,95,95,95,95,95,95,95,0,1,0,163.639088013261,9,9
2401883,2024,54,47,1-54-2024-047-06,6,4,5,18:46,2,2,1,1,1,0,4,1,2,95,95,95,95,95,95,95,4,1,0,154.880686626287,9,9
2401884,2024,57,35,1-57-2024-035-03,3,4,5,19:31,2,3,9,97,3,0,8,9,9,95,95,95,95,95,95,95,1,1,0,168.570265700135,1,9
2401885,2024,57,36,1-57-2024-036-02,2,4,6,08:46,2,1,9,97,1,0,5,9,9,95,95,95,95,95,95,95,0,1,0,8.84567916097239,1,9
2401886,2024,57,37,1-57-2024-037-03,3,4,3,09:05,3,3,0,0,0,0,4,9,9,95,95,95,95,95,95,95,5,1,0,168.570265700135,1,9
2401887,2024,10,24,1-10-2024-024-02,2,4,1,19:48,1,1,1,2,1,0,4,2,2,95,95,95,95,95,95,95,0,1,0,22.3566511295402,4,9
2401888,2024,10,25,1-10-2024-025-08,8,4,4,14:06,5,1,2,6,1,0,3,2,2,95,95,95,95,95,95,95,0,1,0,469.660121887338,4,9
2401889,2024,13,49,1-13-2024-049-02,2,4,7,19:44,2,1,2,9,1,0,3,1,2,95,95,95,95,95,95,95,0,1,0,10.2488631638442,7,9
2401890,2024,13,50,1-13-2024-050-03,3,4,2,20:15,1,1,1,1,1,0,3,2,2,95,95,95,95,95,95,95,0,1,0,515.764062906219,7,9
2401891,2024,13,51,1-13-2024-051-02,2,4,5,00:42,6,4,5,38,1,1,1,9,1,95,95,95,95,95,95,95,0,1,0,10.2488631638442,7,9
2401892,2024,13,52,1-13-2024-052-03,3,4,4,16:54,3,3,1,1,1,0,4,2,2,95,95,95,95,95,95,95,4,1,0,515.764062852312,7,9
2401893,2024,18,67,1-18-2024-067-06,6,4,4,21:03,1,2,9,97,1,0,0,2,2,95,95,95,95,95,95,95,4,1,0,256.576748444126,6,9
2401894,2024,18,68,1-18-2024-068-03,3,4,2,11:37,1,2,1,1,1,0,5,2,2,95,95,95,95,95,95,95,1,1,0,50.7782735422604,6,9
2401895,2024,48,63,1-48-2024-063-06,6,4,2,10:28,3,2,9,97,1,0,0,2,2,95,95,95,95,95,95,95,4,1,0,304.60247073674,12,9
2401896,2024,48,64,1-48-2024-064-07,7,4,2,05:53,2,1,0,0,0,0,0,2,2,95,95,95,95,95,95,95,0,1,0,1360.45275911138,12,9
2401897,2024,48,65,1-48-2024-065-03,3,4,7,23:03,3,2,1,1,1,0,4,2,2,95,95,95,95,95,95,95,1,1,0,60.2828887438597,12,9
2401898,2024,48,66,1-48-2024-066-01,1,3,5,00:15,3,1,5,35,1,1,1,2,2,95,95,95,95,95,95,95,0,1,0,73.4941053746274,12,9
2401899,2024,79,38,1-79-2024-038-04,4,4,2,16:54,1,2,9,97,1,0,6,9,9,95,95,95,95,95,95,95,1,1,0,115.664170328803,8,9
2401900,2024,79,39,1-79-2024-039-09,9,4,2,15:12,2,2,99,99,0,0,4,9,9,95,95,95,95,95,95,95,4,1,0,285.188995996857,8,9
2401901,2024,79,40,1-79-2024-040-03,3,4,5,17:21,2,2,1,1,1,0,0,9,9,95,95,95,95,95,95,95,4,1,0,104.756877618907,8,9
2401902,2024,73,58,1-73-2024-058-NM1,21,4,2,13:25,1,1,0,0,0,0,0,9,9,1,1,1,0,4,2,9,0,1,1,34.5788324725448,3,9
2401903,2024,73,59,1-73-2024-059-02,2,4,3,07:48,4,2,2,5,1,0,3,9,9,95,95,95,95,95,95,95,6,1,0,31.8497733664116,3,9
2401904,2024,73,60,1-73-2024-060-03,3,4,1,12:05,1,2,3,14,1,1,4,9,9,95,95,95,95,95,95,95,2,1,0,68.2979904850395,3,9
2401905,2024,73,61,1-73-2024-061-05,5,4,3,12:29,1,2,1,2,1,0,3,9,9,95,95,95,95,95,95,95,1,1,0,34.7225186472303,3,9
2401906,2024,12,33,1-12-2024-033-10,10,4,7,08:18,1,1,0,0,0,0,0,2,2,95,95,95,95,95,95,95,0,1,0,4973.4993690477,9,9
2401907,2024,12,34,1-12-2024-034-07,7,4,6,13:18,2,2,0,0,0,0,0,2,2,95,95,95,95,95,95,95,4,1,0,576.109319146399,9,9
2401908,2024,33,31,1-33-2024-031-01,1,1,6,07:47,5,1,2,5,1,1,1,9,1,95,95,95,95,95,95,95,0,1,0,40.9514113335778,12,9
2401913,2024,30,66,1-30-2024-066-05,5,4,2,13:48,1,2,2,5,1,0,4,2,2,95,95,95,95,95,95,95,4,1,0,49.6844070809453,10,9
2401914,2024,69,34,1-69-2024-034-03,3,4,4,10:30,2,2,1,1,1,0,3,2,2,95,95,95,95,95,95,95,4,1,0,43.5412991894678,8,9
2401915,2024,69,35,1-69-2024-035-04,4,4,6,16:55,2,3,0,0,0,0,0,2,2,95,95,95,95,95,95,95,1,1,0,167.99930298274,8,9
2401916,2024,69,36,1-69-2024-036-02,2,4,6,17:20,2,2,1,1,1,0,4,2,2,95,95,95,95,95,95,95,4,1,0,7.30201599951961,8,9
2401917,2024,19,27,1-19-2024-027-09,9,4,2,15:17,1,2,2,4,5,0,3,2,2,95,95,95,95,95,95,95,4,1,0,701.520150030231,9,9
2401918,2024,19,28,1-19-2024-028-09,9,4,3,03:40,1,1,3,14,1,1,3,2,2,95,95,95,95,95,95,95,0,1,0,701.520150030231,9,9
2401919,2024,30,65,1-30-2024-065-02,2,4,3,20:44,4,1,3,22,1,1,3,2,1,95,95,95,95,95,95,95,0,1,0,16.2875943881497,10,9
2401920,2024,30,63,1-30-2024-063-06,6,4,4,18:01,2,2,1,1,1,0,4,2,2,95,95,95,95,95,95,95,4,1,0,1562.20211000449,10,9
2401922,2024,20,55,1-20-2024-055-01,1,2,6,16:34,4,2,3,17,3,2,1,2,1,95,95,95,95,95,95,95,2,1,0,35.0220589332575,11,9
2401923,2024,20,56,1-20-2024-056-06,6,4,7,02:10,1,1,1,1,1,0,0,2,2,95,95,95,95,95,95,95,0,1,0,149.662270809166,11,9
2401924,2024,20,57,1-20-2024-057-10,10,4,1,08:00,2,1,0,0,0,0,0,2,2,95,95,95,95,95,95,95,0,1,0,3000.57386828289,11,9
2401925,2024,17,60,1-17-2024-060-06,6,4,2,15:00,1,2,1,1,1,0,9,2,2,95,95,95,95,95,95,95,4,1,0,64.8641554918048,4,9
2401927,2024,17,62,1-17-2024-062-07,7,4,6,18:56,1,2,0,0,0,0,5,2,2,95,95,95,95,95,95,95,4,1,0,178.744079138108,4,9
2401928,2024,17,63,1-17-2024-063-08,8,4,3,07:39,2,2,1,2,2,0,3,2,2,95,95,95,95,95,95,95,4,1,0,66.7779698608357,4,9
2401929,2024,11,47,1-11-2024-047-06,6,4,7,21:58,1,2,0,0,0,0,4,2,2,95,95,95,95,95,95,95,4,1,0,214.849720047451,8,9
2401930,2024,11,48,1-11-2024-048-04,4,3,6,10:19,1,2,0,0,0,0,0,2,2,95,95,95,95,95,95,95,4,1,0,212.689735932465,8,9
2401931,2024,11,49,1-11-2024-049-04,4,3,2,15:03,1,2,0,0,0,0,0,2,2,95,95,95,95,95,95,95,4,1,0,212.689735932465,8,9
2401933,2024,24,44,1-24-2024-044-03,3,3,5,19:07,1,2,1,1,1,0,5,2,2,95,95,95,95,95,95,95,4,1,0,261.920098591793,1,9
2401934,2024,24,45,1-24-2024-045-03,3,4,5,08:54,1,2,0,0,0,0,0,9,9,95,95,95,95,95,95,95,4,1,0,32.3570562743358,1,9
2401936,2024,24,47,1-24-2024-047-03,3,4,7,08:43,3,2,99,99,0,0,6,2,2,95,95,95,95,95,95,95,0,1,0,32.3570562743358,1,9
2401937,2024,60,19,1-60-2024-019-03,3,4,3,14:13,1,2,1,1,1,0,4,2,2,95,95,95,95,95,95,95,4,1,0,418.980773569658,8,9
2401938,2024,60,20,1-60-2024-020-02,2,4,5,18:05,1,2,1,2,2,0,4,2,2,95,95,95,95,95,95,95,4,1,0,98.7373875661215,8,9
2401939,2024,25,44,1-25-2024-044-03,3,4,2,15:01,1,2,1,1,1,0,4,2,2,95,95,95,95,95,95,95,9,1,0,180.703200158329,2,9
2401940,2024,25,45,1-25-2024-045-04,4,4,5,23:45,8,1,0,0,0,0,0,1,1,95,95,95,95,95,95,95,0,1,0,652.68947390091,2,9
2401941,2024,25,46,1-25-2024-046-04,4,4,4,07:57,1,2,0,0,0,0,0,2,2,95,95,95,95,95,95,95,5,1,0,652.689474059063,2,9
2401942,2024,16,54,1-16-2024-054-03,3,4,6,20:36,3,2,1,1,1,0,4,9,9,95,95,95,95,95,95,95,4,1,0,181.223141575247,5,9
2401943,2024,16,55,1-16-2024-055-02,2,4,1,16:46,1,2,3,11,5,1,3,2,2,95,95,95,95,95,95,95,2,1,0,15.1092509057653,5,9
2401944,2024,16,56,1-16-2024-056-04,4,4,5,22:10,1,2,0,0,0,0,0,2,2,95,95,95,95,95,95,95,4,1,0,725.161737275765,5,9
2401948,2024,28,55,1-28-2024-055-04,4,4,2,09:38,3,1,0,0,0,0,0,2,2,95,95,95,95,95,95,95,0,1,0,47.851485985308,3,9
2401949,2024,28,56,1-28-2024-056-04,4,4,2,02:13,1,1,0,0,0,0,0,2,2,95,95,95,95,95,95,95,0,1,0,47.851485985308,3,9
2401950,2024,28,57,1-28-2024-057-04,4,4,1,10:55,1,1,0,0,0,0,0,2,2,95,95,95,95,95,95,95,0,1,0,47.851485985308,3,9
2401951,2024,52,28,1-52-2024-028-10,10,4,6,10:44,1,2,0,0,0,0,0,2,2,95,95,95,95,95,95,95,1,1,0,9291.95853337927,12,9
2401952,2024,52,29,1-52-2024-029-08,8,3,7,09:18,1,1,2,12,1,0,3,2,2,95,95,95,95,95,95,95,0,1,0,56.4756093246108,12,9
2401953,2024,14,31,1-14-2024-031-02,2,4,4,21:20,3,3,2,4,2,0,4,1,1,95,95,95,95,95,95,95,1,1,0,81.6126543321507,8,9
2401954,2024,14,32,1-14-2024-032-02,2,4,3,14:01,2,2,5,38,3,2,3,9,9,95,95,95,95,95,95,95,2,1,0,81.6126543321507,8,9
2401955,2024,32,69,1-32-2024-069-02,2,4,2,05:14,5,4,2,5,1,0,4,2,2,95,95,95,95,95,95,95,0,1,0,7.09521986759074,7,9
2401958,2024,32,72,1-32-2024-072-05,5,4,1,00:10,1,1,9,97,1,0,8,2,2,95,95,95,95,95,95,95,0,1,0,42.3463129791254,7,9
2401960,2024,76,55,1-76-2024-055-07,7,2,2,05:26,2,1,0,0,0,0,0,9,9,95,95,95,95,95,95,95,0,1,0,72.7960942583928,3,9
2401963,2024,27,61,1-27-2024-061-06,6,4,1,09:59,1,2,1,2,1,0,4,2,9,95,95,95,95,95,95,95,4,1,0,21.2396268743235,3,9
2401964,2024,27,62,1-27-2024-062-04,4,4,6,10:23,1,2,0,0,0,0,4,2,9,95,95,95,95,95,95,95,4,1,0,24.5979731675322,3,9
2401965,2024,27,63,1-27-2024-063-09,9,4,2,11:48,1,2,0,0,0,0,4,2,9,95,95,95,95,95,95,95,4,1,0,41.2487504471852,3,9
2401967,2024,81,39,1-81-2024-039-08,8,4,7,99:99,5,1,3,17,1,1,3,9,9,95,95,95,95,95,95,95,0,1,0,235.193251994868,8,9
2401968,2024,77,66,1-77-2024-066-03,3,4,2,09:31,1,1,1,1,1,0,4,2,2,95,95,95,95,95,95,95,0,1,0,153.341220498318,9,9
2401969,2024,16,57,1-16-2024-057-07,7,4,4,17:14,4,5,0,0,0,0,0,9,9,95,95,95,95,95,95,95,1,1,0,2285.67073751597,5,9
2401970,2024,82,45,1-82-2024-045-03,3,4,3,16:01,1,2,9,97,1,0,9,2,2,95,95,95,95,95,95,95,4,1,0,140.052412148362,1,9
2401971,2024,82,46,1-82-2024-046-06,6,4,7,13:08,1,2,99,99,0,0,0,2,2,95,95,95,95,95,95,95,4,1,0,435.792217139692,1,9
2401972,2024,82,47,1-82-2024-047-06,6,4,6,02:35,2,2,0,0,0,0,4,2,2,95,95,95,95,95,95,95,1,1,0,435.792217139692,1,9
2401973,2024,28,58,1-28-2024-058-10,10,4,5,12:18,1,2,0,0,0,0,0,2,2,95,95,95,95,95,95,95,6,1,0,463.268075201058,3,9
2401975,2024,32,70,1-32-2024-070-09,9,4,7,01:54,2,1,99,99,0,0,0,9,9,95,95,95,95,95,95,95,0,1,0,3147.76349296009,7,9
2401976,2024,32,73,1-32-2024-073-09,9,4,6,10:04,2,2,3,10,1,1,3,2,2,95,95,95,95,95,95,95,4,1,0,3147.76349296009,7,9
2401978,2024,26,51,1-26-2024-051-02,2,4,2,12:35,1,2,9,97,2,0,8,2,2,95,95,95,95,95,95,95,4,1,0,21.1529220587709,10,9
2401979,2024,26,52,1-26-2024-052-06,6,4,5,08:20,1,2,1,2,2,0,6,2,2,95,95,95,95,95,95,95,4,1,0,383.903476267962,10,9
2401980,2024,26,53,1-26-2024-053-NM2,22,4,7,18:34,1,1,95,95,95,95,95,2,2,1,1,1,0,0,2,2,0,0,1,326.204869245419,10,9
2401982,2024,15,76,1-15-2024-076-04,4,4,1,16:57,2,3,1,1,1,0,4,9,9,95,95,95,95,95,95,95,4,1,0,41.2444654462738,1,9
2401983,2024,15,77,1-15-2024-077-06,6,4,5,13:45,1,2,0,0,0,0,0,2,2,95,95,95,95,95,95,95,4,1,0,40.1954516492076,1,9
2401985,2024,76,58,1-76-2024-058-10,10,2,7,06:08,2,1,0,0,0,0,0,9,9,95,95,95,95,95,95,95,0,1,0,84.6789860292199,3,9
2401986,2024,76,59,1-76-2024-059-10,10,2,2,10:11,2,1,0,0,0,0,0,9,9,95,95,95,95,95,95,95,0,1,0,84.6789860292199,3,9
2401987,2024,76,60,1-76-2024-060-10,10,2,6,18:10,1,1,0,0,0,0,0,9,9,95,95,95,95,95,95,95,0,1,0,84.6789860292199,3,9
2401990,2024,21,39,1-21-2024-039-09,9,4,7,11:20,1,2,1,1,1,0,9,2,2,95,95,95,95,95,95,95,1,1,0,1610.50311914975,11,9
2401991,2024,22,57,1-22-2024-057-04,4,4,3,21:30,2,1,1,1,1,0,0,2,2,95,95,95,95,95,95,95,0,1,0,32.0683092145635,12,9
2401992,2024,22,58,1-22-2024-058-07,7,2,3,03:15,2,1,0,0,0,0,0,2,2,95,95,95,95,95,95,95,0,1,0,77.3544414610742,12,9
2401993,2024,22,59,1-22-2024-059-07,7,4,5,20:30,1,2,0,0,0,0,0,2,2,95,95,95,95,95,95,95,1,1,0,77.3544414610742,12,9
2401995,2024,26,54,1-26-2024-054-03,3,4,3,13:05,5,2,1,1,1,0,4,2,2,95,95,95,95,95,95,95,4,1,0,123.376705143315,10,9
2401996,2024,33,33,1-33-2024-033-03,3,2,1,18:45,3,2,1,1,2,0,4,2,2,95,95,95,95,95,95,95,4,1,0,185.717209095167,12,9
2401997,2024,24,48,1-24-2024-048-03,3,4,1,20:23,1,2,0,0,0,0,5,2,2,95,95,95,95,95,95,95,4,1,0,32.3570562743358,1,9
2401998,2024,20,58,1-20-2024-058-09,9,4,2,07:55,1,2,99,99,0,0,8,2,2,95,95,95,95,95,95,95,9,1,0,445.349417242887,11,9
2401999,2024,31,35,1-31-2024-035-04,4,4,2,23:18,1,1,0,0,0,0,0,1,2,95,95,95,95,95,95,95,0,1,0,222.052598299916,6,9
2402000,2024,31,36,1-31-2024-036-08,8,4,5,12:30,1,2,3,17,2,1,3,2,1,95,95,95,95,95,95,95,6,1,0,222.937813489072,6,9
2402001,2024,31,37,1-31-2024-037-10,10,4,4,08:18,1,2,0,0,0,0,0,2,9,95,95,95,95,95,95,95,5,1,0,419.593794787767,6,9
2402002,2024,31,38,1-31-2024-038-10,10,4,4,09:37,2,1,99,99,0,0,9,2,2,95,95,95,95,95,95,95,0,1,0,419.593794787767,6,9
2402003,2024,15,79,1-15-2024-079-09,9,4,2,13:30,2,2,1,2,1,0,4,9,9,95,95,95,95,95,95,95,5,1,0,117.566281270162,1,9
2402004,2024,15,80,1-15-2024-080-06,6,4,6,16:00,1,2,1,1,1,0,4,9,9,95,95,95,95,95,95,95,1,1,0,40.1954516492076,1,9
2402005,2024,66,46,1-66-2024-046-09,9,4,7,18:52,2,1,1,1,1,0,4,2,9,95,95,95,95,95,95,95,0,1,0,97.5596917228585,6,9
2402006,2024,17,64,1-17-2024-064-07,7,4,6,05:17,1,2,0,0,0,0,0,2,2,95,95,95,95,95,95,95,1,1,0,178.74407922116,4,9
2402007,2024,21,40,1-21-2024-040-01,1,2,5,16:10,2,2,6,75,5,2,1,2,2,95,95,95,95,95,95,95,2,1,0,24.9428514164702,11,9
2402008,2024,11,51,1-11-2024-051-03,3,4,6,01:55,2,2,2,9,1,0,3,1,9,95,95,95,95,95,95,95,5,1,0,58.0001927129368,8,9
2402009,2024,30,67,1-30-2024-067-03,3,3,4,20:28,4,3,1,1,1,0,4,2,2,95,95,95,95,95,95,95,4,1,0,502.051585863858,10,9
2402010,2024,22,61,1-22-2024-061-10,10,4,6,18:17,1,1,0,0,0,0,0,2,2,95,95,95,95,95,95,95,0,1,0,427.411727770955,12,9
2402011,2024,77,67,1-77-2024-067-09,9,4,7,19:50,2,2,0,0,0,0,4,2,2,95,95,95,95,95,95,95,5,1,0,658.884544648382,9,9
2402012,2024,77,68,1-77-2024-068-09,9,4,1,22:46,5,1,99,99,0,0,9,2,2,95,95,95,95,95,95,95,0,1,0,658.884544648382,9,9
2402013,2024,77,69,1-77-2024-069-06,6,4,3,13:19,1,2,99,99,0,0,0,2,2,95,95,95,95,95,95,95,1,1,0,345.173461043352,9,9
2402014,2024,77,70,1-77-2024-070-03,3,4,4,14:41,1,2,1,1,2,0,4,2,1,95,95,95,95,95,95,95,4,1,0,68.3121620749861,9,9
2402015,2024,59,62,1-59-2024-062-03,3,4,1,15:50,1,2,1,1,1,0,4,2,2,95,95,95,95,95,95,95,1,1,0,52.2551494333877,6,9
2402016,2024,59,63,1-59-2024-063-05,5,4,7,11:34,2,3,1,1,2,0,4,2,2,95,95,95,95,95,95,95,4,1,0,53.1907731759788,6,9
2402017,2024,59,64,1-59-2024-064-06,6,4,3,04:55,2,2,1,1,1,0,6,2,2,95,95,95,95,95,95,95,4,1,0,264.039231659228,6,9
2402018,2024,59,65,1-59-2024-065-04,4,4,3,16:39,1,2,0,0,0,0,0,2,2,95,95,95,95,95,95,95,4,1,0,305.300892260132,6,9
2402021,2024,57,40,1-57-2024-040-06,6,4,1,10:05,3,1,9,97,1,0,8,2,2,95,95,95,95,95,95,95,0,1,0,428.153726027629,1,9
2402022,2024,81,40,1-81-2024-040-02,2,4,2,06:30,2,2,1,1,1,0,4,2,2,95,95,95,95,95,95,95,4,1,0,19.0849903848337,8,9
2402023,2024,81,41,1-81-2024-041-03,3,4,1,21:10,4,2,99,99,0,0,9,9,9,95,95,95,95,95,95,95,1,1,0,602.98592517973,8,9
2402026,2024,18,70,1-18-2024-070-06,6,4,2,09:42,1,2,2,6,2,0,4,2,2,95,95,95,95,95,95,95,1,1,0,241.447305056267,6,9
2402028,2024,10,27,1-10-2024-027-03,3,4,3,12:50,3,3,1,1,3,0,4,2,2,95,95,95,95,95,95,95,4,1,0,200.267688395763,4,9
2402029,2024,62,50,1-62-2024-050-05,5,4,1,13:30,5,1,3,17,2,2,3,2,2,95,95,95,95,95,95,95,0,1,0,183.403138311325,7,9
2402030,2024,62,51,1-62-2024-051-02,2,4,1,04:00,2,1,2,5,2,0,3,1,9,95,95,95,95,95,95,95,0,1,0,30.7296078319322,7,9
2402031,2024,62,52,1-62-2024-052-06,6,4,1,15:02,1,2,99,99,0,0,0,9,9,95,95,95,95,95,95,95,1,1,0,5728.45831228632,7,9
2402034,2024,48,68,1-48-2024-068-06,6,4,6,16:46,2,3,1,2,2,0,3,2,2,95,95,95,95,95,95,95,1,1,0,86.4307074675267,12,9
2402035,2024,48,69,1-48-2024-069-06,6,4,6,09:05,4,2,9,97,1,0,0,2,2,95,95,95,95,95,95,95,5,1,0,86.4307074675267,12,9
2402036,2024,48,70,1-48-2024-070-07,7,4,7,13:54,2,3,0,0,0,0,0,2,2,95,95,95,95,95,95,95,1,1,0,165.9221415263,12,9
2402037,2024,13,53,1-13-2024-053-02,2,4,6,11:01,4,1,1,2,1,0,4,2,2,95,95,95,95,95,95,95,0,1,0,28.4531500720589,7,9
2402038,2024,13,54,1-13-2024-054-02,2,4,2,02:05,2,3,2,5,2,0,3,1,1,95,95,95,95,95,95,95,1,1,0,28.453150066667,7,9
2402039,2024,73,62,1-73-2024-062-06,6,4,5,23:00,1,1,1,1,1,0,4,9,9,95,95,95,95,95,95,95,0,1,0,71.5546863272977,3,9
2402040,2024,73,63,1-73-2024-063-03,3,4,6,13:23,2,2,0,0,0,0,0,9,9,95,95,95,95,95,95,95,4,1,0,23.5881329232141,3,9
2402041,2024,73,64,1-73-2024-064-06,6,4,1,16:24,2,1,99,99,0,0,9,1,9,95,95,95,95,95,95,95,0,1,0,71.5546863272977,3,9
2402042,2024,57,39,1-57-2024-039-06,6,4,1,12:05,3,2,1,1,1,0,4,9,9,95,95,95,95,95,95,95,4,1,0,428.153726159814,1,9
2402043,2024,23,30,1-23-2024-030-03,3,4,5,08:52,4,4,9,97,3,0,9,2,2,95,95,95,95,95,95,95,2,1,0,841.304689706878,5,9
2402044,2024,23,31,1-23-2024-031-05,5,4,5,18:18,1,2,2,5,3,0,3,1,1,95,95,95,95,95,95,95,4,1,0,99.7763634899526,5,9
2402045,2024,48,67,1-48-2024-067-07,7,4,4,08:58,1,1,0,0,0,0,0,2,2,95,95,95,95,95,95,95,0,1,0,165.9221415263,12,9
2402046,2024,10,26,1-10-2024-026-03,3,4,6,07:44,3,3,1,2,2,0,4,2,2,95,95,95,95,95,95,95,1,1,0,200.267688383572,4,9
2402048,2024,12,36,1-12-2024-036-07,7,4,6,23:55,1,2,0,0,0,0,0,2,2,95,95,95,95,95,95,95,4,1,0,2650.77373773183,9,9
2402049,2024,12,35,1-12-2024-035-04,4,4,5,16:21,3,1,0,0,0,0,0,2,1,95,95,95,95,95,95,95,0,1,0,750.454252060638,9,9
2402050,2024,33,34,1-33-2024-034-03,3,4,2,15:16,2,1,1,1,1,0,4,2,2,95,95,95,95,95,95,95,0,1,0,18.6448141384411,12,9
2402051,2024,33,35,1-33-2024-035-09,9,4,7,15:50,1,2,1,2,1,0,4,2,2,95,95,95,95,95,95,95,1,1,0,185.63642695444,12,9
2402052,2024,81,43,1-81-2024-043-04,4,4,7,99:99,3,2,0,0,0,0,0,2,2,95,95,95,95,95,95,95,0,1,0,1903.54654592811,8,9
2402053,2024,54,48,1-54-2024-048-08,8,4,1,21:00,2,1,3,14,1,1,3,2,1,95,95,95,95,95,95,95,0,1,0,161.994257211147,9,9
2402054,2024,54,49,1-54-2024-049-05,5,4,6,07:45,1,2,3,13,3,2,3,2,1,95,95,95,95,95,95,95,4,1,0,144.976226836895,9,9
2402055,2024,54,50,1-54-2024-050-07,7,4,7,20:57,1,1,0,0,0,0,4,1,2,95,95,95,95,95,95,95,0,1,0,163.639088013261,9,9
2402057,2024,17,66,1-17-2024-066-04,4,4,1,17:30,1,1,99,99,0,0,0,2,2,95,95,95,95,95,95,95,0,1,0,135.899632587636,4,9
2402058,2024,17,67,1-17-2024-067-03,3,4,2,15:43,1,2,1,1,1,0,4,2,2,95,95,95,95,95,95,95,4,1,0,56.2627107467575,4,9
2402060,2024,19,29,1-19-2024-029-05,5,4,1,09:27,1,2,3,27,5,1,1,2,2,95,95,95,95,95,95,95,4,1,0,98.7930647556001,9,9
2402061,2024,19,30,1-19-2024-030-09,9,4,4,20:28,1,1,2,5,1,0,4,2,2,95,95,95,95,95,95,95,0,1,0,6020.15369113235,9,9
2402062,2024,20,59,1-20-2024-059-07,7,4,2,17:08,3,3,0,0,0,0,0,2,2,95,95,95,95,95,95,95,1,1,0,1371.4721415387,11,9
2402063,2024,79,41,1-79-2024-041-10,10,4,4,20:10,1,2,0,0,0,0,0,9,9,95,95,95,95,95,95,95,4,1,0,174.035213758045,8,9
2402064,2024,79,42,1-79-2024-042-09,9,4,5,16:57,2,1,1,1,1,0,4,9,9,95,95,95,95,95,95,95,0,1,0,117.957752270952,8,9
2402065,2024,79,43,1-79-2024-043-10,10,4,5,15:53,1,2,0,0,0,0,0,9,9,95,95,95,95,95,95,95,1,1,0,174.035213758045,8,9
2402068,2024,30,70,1-30-2024-070-02,2,4,5,06:46,4,2,3,22,4,1,3,2,2,95,95,95,95,95,95,95,4,1,0,18.7124163743047,10,9
2402069,2024,30,71,1-30-2024-071-03,3,4,5,09:35,2,2,99,99,0,0,4,2,2,95,95,95,95,95,95,95,4,1,0,437.500322170257,10,9
2402070,2024,69,37,1-69-2024-037-03,3,4,3,11:00,1,2,0,0,0,0,8,2,2,95,95,95,95,95,95,95,4,1,0,28.5486297674218,8,9
2402071,2024,69,38,1-69-2024-038-03,3,4,3,14:05,1,1,0,0,0,0,8,2,2,95,95,95,95,95,95,95,0,1,0,28.5486297674218,8,9
2402072,2024,69,39,1-69-2024-039-10,10,4,7,10:13,2,3,0,0,0,0,0,2,2,95,95,95,95,95,95,95,1,1,0,1991.69926730662,8,9
2402073,2024,66,47,1-66-2024-047-02,2,4,1,17:15,1,2,3,10,2,1,3,2,9,95,95,95,95,95,95,95,4,1,0,107.302186022856,6,9
2402074,2024,66,48,1-66-2024-048-03,3,3,5,18:20,1,2,1,1,1,0,5,2,9,95,95,95,95,95,95,95,4,1,0,79.4686416678806,6,9
2402075,2024,66,49,1-66-2024-049-01,1,3,1,01:18,2,1,9,97,1,1,1,1,9,95,95,95,95,95,95,95,0,1,0,106.258770256521,6,9
2402076,2024,66,50,1-66-2024-050-04,4,4,5,18:50,1,2,2,5,3,0,6,1,9,95,95,95,95,95,95,95,1,1,0,114.973892842,6,9
2402077,2024,18,71,1-18-2024-071-04,4,4,4,14:30,1,1,99,99,0,0,9,2,2,95,95,95,95,95,95,95,0,1,0,305.022831662752,6,9
2402078,2024,30,72,1-30-2024-072-04,4,4,2,15:42,2,2,0,0,0,0,0,2,2,95,95,95,95,95,95,95,4,1,0,2044.29476701994,10,9
2402079,2024,11,52,1-11-2024-052-03,3,4,4,10:20,2,2,99,99,0,0,4,2,2,95,95,95,95,95,95,95,5,1,0,212.616287924737,8,9
2402080,2024,11,53,1-11-2024-053-NM1,21,4,6,22:10,4,3,1,1,1,0,4,2,2,3,13,1,1,3,2,2,0,1,1,37.1071357763572,8,9
2402081,2024,11,54,1-11-2024-054-02,2,4,5,11:20,4,3,1,1,1,0,3,2,2,95,95,95,95,95,95,95,1,1,0,30.7614595081659,8,9
2402082,2024,24,49,1-24-2024-049-05,5,4,5,23:10,3,2,2,9,3,0,3,9,1,95,95,95,95,95,95,95,1,1,0,29.2580280079194,1,9
2402083,2024,24,50,1-24-2024-050-NM1,21,4,5,00:12,1,1,0,0,0,0,4,9,2,4,18,1,1,1,2,2,0,1,1,23.1726143074507,1,9
2402084,2024,24,51,1-24-2024-051-09,9,4,6,16:52,3,2,0,0,0,0,5,2,2,95,95,95,95,95,95,95,4,1,0,2577.43990619842,1,9
2402087,2024,25,48,1-25-2024-048-03,3,3,7,15:58,2,3,99,99,0,0,0,9,9,95,95,95,95,95,95,95,1,1,0,139.912654997625,2,9
2402088,2024,25,49,1-25-2024-049-04,4,4,5,15:28,1,2,0,0,0,0,0,2,2,95,95,95,95,95,95,95,1,1,0,505.356391706328,2,9
2402089,2024,16,58,1-16-2024-058-02,2,4,1,14:38,1,2,3,19,3,1,3,9,1,95,95,95,95,95,95,95,2,1,0,17.113025437318,5,9
2402090,2024,16,59,1-16-2024-059-NM1,21,3,1,04:19,2,2,0,0,0,0,0,9,9,3,22,1,1,1,2,9,0,1,1,19.3635256654646,5,9
2402091,2024,16,60,1-16-2024-060-03,3,4,2,20:00,4,3,99,99,0,0,5,9,9,95,95,95,95,95,95,95,4,1,0,493.068595429479,5,9
2402093,2024,14,33,1-14-2024-033-02,2,4,7,19:12,2,2,2,5,2,0,4,9,9,95,95,95,95,95,95,95,4,1,0,73.7387227230028,8,9
2402094,2024,14,34,1-14-2024-034-08,8,4,1,22:36,2,1,3,19,1,1,3,1,2,95,95,95,95,95,95,95,0,1,0,321.021533575414,8,9
2402095,2024,25,50,1-25-2024-050-04,4,4,6,18:49,1,1,0,0,0,0,0,9,9,95,95,95,95,95,95,95,0,1,0,505.35639159941,2,9
2402096,2024,32,74,1-32-2024-074-05,5,4,7,18:45,1,2,9,97,1,0,5,2,2,95,95,95,95,95,95,95,4,1,0,34.8659199592484,7,9
2402097,2024,32,75,1-32-2024-075-05,5,4,3,18:20,2,2,1,1,3,0,4,2,1,95,95,95,95,95,95,95,5,1,0,34.8659199592484,7,9
2402098,2024,32,76,1-32-2024-076-02,2,4,3,05:48,2,2,3,17,2,1,3,2,2,95,95,95,95,95,95,95,4,1,0,5.84186321476011,7,9
2402099,2024,32,77,1-32-2024-077-04,4,4,3,07:50,4,1,0,0,0,0,0,2,2,95,95,95,95,95,95,95,0,1,0,1089.69850207101,7,9
2402100,2024,27,65,1-27-2024-065-04,4,4,6,06:47,1,1,0,0,0,0,0,2,2,95,95,95,95,95,95,95,0,1,0,41.9395991935004,3,9
2402101,2024,27,66,1-27-2024-066-06,6,4,3,07:31,1,2,2,5,2,0,4,2,2,95,95,95,95,95,95,95,4,1,0,22.8219831356438,3,9
2402102,2024,27,67,1-27-2024-067-10,10,4,4,23:32,1,1,0,0,0,0,0,2,9,95,95,95,95,95,95,95,0,1,0,891.037552958284,3,9
2402104,2024,52,30,1-52-2024-030-06,6,3,7,19:49,2,2,1,1,3,0,4,2,2,95,95,95,95,95,95,95,4,1,0,56.6465719357727,12,9
2402106,2024,82,48,1-82-2024-048-NM2,22,4,7,00:57,1,1,95,95,95,95,95,2,2,3,22,1,1,3,1,2,0,0,1,217.855164636431,1,9
2402107,2024,82,49,1-82-2024-049-03,3,4,4,14:51,1,2,1,1,2,0,4,2,1,95,95,95,95,95,95,95,4,1,0,96.8509673685012,1,9
2402109,2024,15,81,1-15-2024-081-03,3,4,4,17:56,1,1,0,0,0,0,4,2,2,95,95,95,95,95,95,95,0,1,0,15.9642153816097,1,9
2402110,2024,15,82,1-15-2024-082-05,5,4,5,16:02,1,1,0,0,0,0,3,9,9,95,95,95,95,95,95,95,0,1,0,12.7957875926179,1,9
2402112,2024,15,84,1-15-2024-084-04,4,4,4,17:00,1,2,0,0,0,0,0,9,9,95,95,95,95,95,95,95,4,1,0,60.6794590064128,1,9
2402113,2024,22,62,1-22-2024-062-08,8,3,4,09:03,2,1,3,17,1,1,3,2,1,95,95,95,95,95,95,95,0,1,0,28.3215946385297,12,9
2402114,2024,22,63,1-22-2024-063-NM2,22,4,6,20:39,1,1,95,95,95,95,95,2,2,1,1,1,0,6,2,2,0,0,1,82.628551642103,12,9
2402115,2024,27,69,1-27-2024-069-07,7,4,2,09:44,1,2,0,0,0,0,0,9,9,95,95,95,95,95,95,95,4,1,0,103.214055110448,3,9
2402116,2024,21,41,1-21-2024-041-02,2,4,7,18:55,1,1,2,5,4,0,3,2,1,95,95,95,95,95,95,95,0,1,0,11.5473621177818,11,9
2402118,2024,26,55,1-26-2024-055-03,3,4,7,11:02,1,2,3,10,1,1,3,2,1,95,95,95,95,95,95,95,4,1,0,180.748765092808,10,9
2402119,2024,26,56,1-26-2024-056-02,2,4,2,21:00,5,3,2,4,6,0,3,1,9,95,95,95,95,95,95,95,4,1,0,21.1529220587709,10,9
2402120,2024,26,57,1-26-2024-057-09,9,4,6,05:41,4,2,99,99,0,0,8,2,2,95,95,95,95,95,95,95,1,1,0,1548.92839261726,10,9
2402121,2024,26,58,1-26-2024-058-06,6,4,4,06:53,2,3,2,5,1,0,3,2,2,95,95,95,95,95,95,95,1,1,0,562.424480129101,10,9
2402122,2024,28,59,1-28-2024-059-07,7,4,7,21:15,1,1,0,0,0,0,0,1,2,95,95,95,95,95,95,95,0,1,0,44.330330715033,3,9
2402123,2024,28,60,1-28-2024-060-06,6,4,1,18:41,3,1,0,0,0,0,0,2,2,95,95,95,95,95,95,95,0,1,0,44.5186799027896,3,9
2402124,2024,28,61,1-28-2024-061-NM2,22,4,3,16:49,1,1,95,95,95,95,95,2,2,1,1,1,0,4,2,9,0,0,1,37.9334438090452,3,9
2402125,2024,28,62,1-28-2024-062-10,10,4,3,21:16,1,1,1,1,1,0,0,2,2,95,95,95,95,95,95,95,0,1,0,80.5683609045318,3,9
2402126,2024,21,43,1-21-2024-043-03,3,4,1,09:30,1,2,2,8,2,0,4,2,2,95,95,95,95,95,95,95,1,1,0,671.942412724886,11,9
2402127,2024,60,22,1-60-2024-022-04,4,4,7,05:30,1,1,1,2,1,0,6,1,9,95,95,95,95,95,95,95,0,1,0,1425.1124132527,8,9
2402128,2024,52,32,1-52-2024-032-06,6,4,1,21:10,3,2,1,1,2,0,4,9,9,95,95,95,95,95,95,95,4,1,0,56.6465719357727,12,9
2402129,2024,82,51,1-82-2024-051-04,4,4,6,16:23,2,1,0,0,0,0,0,2,2,95,95,95,95,95,95,95,0,1,0,365.05372918388,1,9
2402130,2024,15,85,1-15-2024-085-04,4,4,3,10:00,2,3,99,99,0,0,0,9,9,95,95,95,95,95,95,95,1,1,0,60.6794590159291,1,9
2402132,2024,31,40,1-31-2024-040-09,9,4,5,12:35,1,1,1,1,1,0,4,2,2,95,95,95,95,95,95,95,0,1,0,161.39423315543,6,9
2402133,2024,31,41,1-31-2024-041-07,7,4,6,19:58,1,1,0,0,0,0,0,2,2,95,95,95,95,95,95,95,0,1,0,230.868935151332,6,9
2402134,2024,31,42,1-31-2024-042-06,6,4,5,11:54,1,1,1,1,1,0,8,9,9,95,95,95,95,95,95,95,0,1,0,238.979638420053,6,9
2402135,2024,30,73,1-30-2024-073-01,1,4,4,15:43,2,1,4,29,2,2,1,2,2,95,95,95,95,95,95,95,0,1,0,78.0176264802272,10,9
2402136,2024,31,39,1-31-2024-039-06,6,4,6,21:04,1,1,99,99,0,0,0,2,9,95,95,95,95,95,95,95,0,1,0,238.979638420053,6,9
2402137,2024,57,41,1-57-2024-041-03,3,4,1,21:26,1,2,1,1,2,0,8,9,9,95,95,95,95,95,95,95,2,1,0,137.597597548363,1,9
2402138,2024,17,69,1-17-2024-069-06,6,4,1,15:08,2,2,1,1,1,0,4,2,2,95,95,95,95,95,95,95,4,1,0,118.409975247929,4,9
2402139,2024,17,70,1-17-2024-070-04,4,4,4,16:21,2,2,0,0,0,0,0,2,2,95,95,95,95,95,95,95,4,1,0,135.89963259832,4,9
2402140,2024,77,71,1-77-2024-071-NM1,21,4,6,12:27,1,1,0,0,0,0,0,2,2,5,33,1,1,3,2,2,0,1,1,113.21347390618,9,9
2402141,2024,77,72,1-77-2024-072-08,8,4,7,17:31,8,1,3,10,1,1,4,2,1,95,95,95,95,95,95,95,0,1,0,641.186205980175,9,9
2402142,2024,77,73,1-77-2024-073-01,1,4,5,14:40,1,2,5,38,2,1,1,1,9,95,95,95,95,95,95,95,2,1,0,96.927477716339,9,9
2402144,2024,57,42,1-57-2024-042-03,3,4,4,20:30,1,1,1,1,1,0,4,1,2,95,95,95,95,95,95,95,0,1,0,63.3514075932671,1,9
2402147,2024,59,66,1-59-2024-066-07,7,4,6,09:00,1,2,0,0,0,0,0,2,2,95,95,95,95,95,95,95,1,1,0,373.564191154545,6,9
2402148,2024,59,67,1-59-2024-067-NM1,21,4,7,21:26,1,1,0,0,0,0,0,2,2,3,10,1,1,3,2,1,0,1,1,62.3822922049643,6,9
2402149,2024,59,68,1-59-2024-068-04,4,4,2,07:00,1,2,0,0,0,0,0,2,2,95,95,95,95,95,95,95,4,1,0,113.075776303552,6,9
2402150,2024,59,69,1-59-2024-069-09,9,5,4,10:50,1,1,3,19,1,1,3,1,2,95,95,95,95,95,95,95,0,1,0,179.442682313889,6,9
2402151,2024,23,32,1-23-2024-032-05,5,4,3,23:03,2,1,4,21,2,2,3,2,1,95,95,95,95,95,95,95,0,1,0,200.159885378424,5,9
2402152,2024,23,33,1-23-2024-033-02,2,4,7,00:42,3,2,2,5,1,0,3,1,1,95,95,95,95,95,95,95,1,1,0,62.9617318466021,5,9
2402153,2024,81,44,1-81-2024-044-NM2,22,5,6,18:10,1,1,95,95,95,95,95,9,9,1,2,1,0,4,2,1,0,0,1,2513.96756463306,8,9
2402154,2024,54,51,1-54-2024-051-04,4,5,6,07:05,3,1,0,0,0,0,0,2,2,95,95,95,95,95,95,95,0,1,0,152.997399597271,9,9
2402156,2024,54,53,1-54-2024-053-07,7,5,4,08:34,1,1,0,0,0,0,0,2,2,95,95,95,95,95,95,95,0,1,0,163.639088013261,9,9
2402157,2024,54,54,1-54-2024-054-04,4,4,3,20:35,1,2,0,0,0,0,0,2,2,95,95,95,95,95,95,95,4,1,0,152.997399597271,9,9
2402158,2024,62,53,1-62-2024-053-01,1,4,3,20:01,1,2,3,10,1,1,1,9,9,95,95,95,95,95,95,95,4,1,0,71.1932947835798,7,9
2402160,2024,62,55,1-62-2024-055-04,4,4,7,15:49,4,2,1,1,1,0,3,1,9,95,95,95,95,95,95,95,2,1,0,1788.30992745826,7,9
2402161,2024,62,56,1-62-2024-056-NM1,21,4,3,18:59,2,2,0,0,0,0,0,9,9,2,12,1,0,3,2,2,0,1,1,60.6701620601723,7,9
2402162,2024,10,28,1-10-2024-028-02,2,4,2,15:53,3,2,2,5,3,0,3,2,2,95,95,95,95,95,95,95,0,1,0,43.1569552808062,4,9
2402163,2024,10,29,1-10-2024-029-08,8,5,6,17:04,2,1,2,5,1,0,3,1,1,95,95,95,95,95,95,95,0,1,0,309.187676526689,4,9
2402165,2024,18,72,1-18-2024-072-04,4,4,1,10:21,1,1,0,0,0,0,0,2,2,95,95,95,95,95,95,95,0,1,0,684.781671220701,6,9
2402166,2024,18,73,1-18-2024-073-07,7,4,5,13:41,1,2,0,0,0,0,0,2,2,95,95,95,95,95,95,95,4,1,0,2970.64644247884,6,9
2402167,2024,48,71,1-48-2024-071-07,7,4,3,09:13,1,2,0,0,0,0,0,2,2,95,95,95,95,95,95,95,4,1,0,463.276379422285,12,9
2402168,2024,48,72,1-48-2024-072-NM2,22,5,4,18:23,1,1,95,95,95,95,95,2,2,1,1,1,0,4,2,2,0,0,1,76.3842355060005,12,9
2402170,2024,13,56,1-13-2024-056-01,1,4,7,07:30,2,2,9,97,1,1,1,9,9,95,95,95,95,95,95,95,5,1,0,113.79721373521,7,9
2402171,2024,67,10,1-67-2024-010-06,6,5,4,07:38,1,2,1,1,2,0,4,9,9,95,95,95,95,95,95,95,4,1,0,149.047110493605,7,9
2402172,2024,62,57,1-62-2024-057-03,3,4,7,01:14,2,1,0,0,0,0,5,1,9,95,95,95,95,95,95,95,0,1,0,481.728882975185,7,9
2402174,2024,73,66,1-73-2024-066-08,8,5,4,11:44,1,1,5,43,1,1,1,2,1,95,95,95,95,95,95,95,0,1,0,40.1180243892693,3,9
2402175,2024,33,36,1-33-2024-036-08,8,4,1,02:50,3,1,3,18,1,1,3,2,1,95,95,95,95,95,95,95,0,1,0,67.4774847162324,12,9
2402176,2024,33,37,1-33-2024-037-03,3,4,3,08:25,1,2,2,5,1,0,4,2,2,95,95,95,95,95,95,95,4,1,0,48.442386450573,12,9
2402177,2024,12,37,1-12-2024-037-03,3,4,1,10:15,1,2,0,0,0,0,0,2,2,95,95,95,95,95,95,95,4,1,0,233.637776041798,9,9
2402178,2024,12,38,1-12-2024-038-08,8,4,2,15:03,1,2,1,3,1,0,4,2,2,95,95,95,95,95,95,95,1,1,0,341.753555196611,9,9
2402179,2024,69,40,1-69-2024-040-02,2,5,5,00:12,1,2,1,1,2,0,4,9,9,95,95,95,95,95,95,95,4,1,0,7.30201599951961,8,9
2402180,2024,69,41,1-69-2024-041-04,4,5,5,12:24,1,2,1,2,1,0,6,2,2,95,95,95,95,95,95,95,4,1,0,194.766719989576,8,9
2402181,2024,69,42,1-69-2024-042-03,3,4,2,12:09,2,3,1,3,3,0,4,2,2,95,95,95,95,95,95,95,4,1,0,50.4787572129909,8,9
2402182,2024,30,74,1-30-2024-074-06,6,4,2,16:01,2,2,0,0,0,0,0,2,2,95,95,95,95,95,95,95,4,1,0,771.048231235537,10,9
2402183,2024,30,75,1-30-2024-075-06,6,4,2,13:50,9,2,3,14,2,1,3,1,2,95,95,95,95,95,95,95,4,1,0,771.048231142881,10,9
2402184,2024,30,76,1-30-2024-076-05,5,4,5,15:59,1,2,3,22,1,1,3,2,2,95,95,95,95,95,95,95,1,1,0,41.0620689400047,10,9
2402185,2024,30,77,1-30-2024-077-06,6,4,7,08:32,1,2,1,1,1,0,4,2,2,95,95,95,95,95,95,95,4,1,0,771.048231344047,10,9
2402186,2024,17,71,1-17-2024-071-06,6,5,2,00:51,1,1,9,97,1,0,5,2,2,95,95,95,95,95,95,95,0,1,0,219.648098632459,4,9
2402187,2024,17,72,1-17-2024-072-04,4,4,2,08:10,1,2,0,0,0,0,0,2,2,95,95,95,95,95,95,95,5,1,0,252.09105770205,4,9
2402188,2024,17,73,1-17-2024-073-06,6,5,4,14:27,1,2,1,2,2,0,4,2,2,95,95,95,95,95,95,95,4,1,0,219.648098632459,4,9
2402189,2024,17,74,1-17-2024-074-08,8,5,5,07:40,7,2,3,17,1,1,3,2,9,95,95,95,95,95,95,95,1,1,0,66.7779698608357,4,9
2402190,2024,19,31,1-19-2024-031-03,3,5,6,08:09,5,2,1,1,2,0,4,2,2,95,95,95,95,95,95,95,6,1,0,109.751530405425,9,9
2402191,2024,20,60,1-20-2024-060-08,8,4,7,09:30,3,1,3,19,1,1,3,1,1,95,95,95,95,95,95,95,0,1,0,45.6832846004092,11,9
2402192,2024,20,61,1-20-2024-061-06,6,4,3,13:20,2,2,3,19,2,1,3,2,2,95,95,95,95,95,95,95,9,1,0,166.545037793419,11,9
2402193,2024,20,62,1-20-2024-062-05,5,4,5,20:22,4,1,2,6,1,0,4,1,2,95,95,95,95,95,95,95,0,1,0,19.9171728154044,11,9
2402194,2024,20,63,1-20-2024-063-04,4,5,6,05:50,3,1,0,0,0,0,0,2,2,95,95,95,95,95,95,95,0,1,0,191.36238078355,11,9
2402195,2024,79,44,1-79-2024-044-NM2,22,5,4,10:16,1,1,95,95,95,95,95,9,9,1,1,1,0,4,2,2,0,0,1,110.555038236303,8,9
2402197,2024,79,46,1-79-2024-046-01,1,5,5,10:13,2,2,3,22,2,1,1,9,9,95,95,95,95,95,95,95,1,1,0,107.802444352875,8,9
2402198,2024,11,55,1-11-2024-055-NM1,21,4,6,08:18,3,2,1,2,2,0,4,2,2,2,9,1,1,1,2,2,4,1,1,37.1071357763572,8,9
2402201,2024,11,58,1-11-2024-058-01,1,4,2,00:15,3,1,1,1,1,1,1,1,9,95,95,95,95,95,95,95,0,1,0,30.3117173386467,8,9
2402203,2024,24,53,1-24-2024-053-03,3,4,4,21:33,2,2,1,1,2,0,4,2,2,95,95,95,95,95,95,95,4,1,0,25.0633899458079,1,9
2402204,2024,24,54,1-24-2024-054-07,7,4,5,16:44,3,4,0,0,0,0,0,2,2,95,95,95,95,95,95,95,4,1,0,182.048011268937,1,9
2402205,2024,24,55,1-24-2024-055-03,3,4,2,11:23,2,1,1,2,1,0,4,2,2,95,95,95,95,95,95,95,0,1,0,25.0633899458079,1,9
2402206,2024,60,23,1-60-2024-023-04,4,4,3,08:50,1,1,0,0,0,0,0,2,2,95,95,95,95,95,95,95,0,1,0,316.092762988245,8,9
2402207,2024,60,24,1-60-2024-024-06,6,5,7,18:24,3,4,3,14,2,1,3,2,9,95,95,95,95,95,95,95,1,1,0,255.395501854437,8,9
2402208,2024,25,51,1-25-2024-051-06,6,4,3,07:40,5,1,2,5,1,0,3,2,2,95,95,95,95,95,95,95,0,1,0,268.371866835865,2,9
2402209,2024,25,52,1-25-2024-052-03,3,5,5,08:51,1,2,0,0,0,0,0,9,9,95,95,95,95,95,95,95,4,1,0,72.4488725969622,2,9
2402210,2024,25,53,1-25-2024-053-NM2,22,5,6,20:37,1,1,95,95,95,95,95,2,2,3,17,1,1,3,1,1,0,0,1,202.399293704263,2,9
2402211,2024,25,54,1-25-2024-054-03,3,5,7,05:44,4,1,1,1,1,0,4,2,2,95,95,95,95,95,95,95,0,1,0,72.4488725969622,2,9
2402212,2024,16,62,1-16-2024-062-04,4,5,6,20:41,1,1,99,99,0,0,0,9,9,95,95,95,95,95,95,95,0,1,0,695.536686507108,5,9
2402214,2024,16,64,1-16-2024-064-05,5,5,4,22:48,1,2,3,11,4,1,4,2,9,95,95,95,95,95,95,95,2,1,0,20.614517656908,5,9
2402216,2024,24,56,1-24-2024-056-06,6,4,3,12:53,1,2,3,14,3,1,3,2,2,95,95,95,95,95,95,95,4,1,0,47.7141611573377,1,9
2402217,2024,28,63,1-28-2024-063-03,3,4,1,12:46,3,1,2,9,2,0,4,2,2,95,95,95,95,95,95,95,0,1,0,28.3089754479373,3,9
2402218,2024,28,64,1-28-2024-064-10,10,4,2,11:05,1,1,0,0,0,0,0,2,2,95,95,95,95,95,95,95,0,1,0,161.136721809064,3,9
2402219,2024,28,65,1-28-2024-065-09,9,4,6,18:25,1,2,9,97,1,0,0,2,2,95,95,95,95,95,95,95,4,1,0,34.7771381559099,3,9
2402220,2024,28,66,1-28-2024-066-06,6,4,7,16:19,4,1,1,1,1,0,5,2,2,95,95,95,95,95,95,95,0,1,0,44.5186799027896,3,9
2402221,2024,14,35,1-14-2024-035-02,2,5,6,06:28,1,2,3,11,1,1,3,1,1,95,95,95,95,95,95,95,4,1,0,73.7387227230028,8,9
2402222,2024,14,36,1-14-2024-036-01,1,4,2,18:30,1,2,5,50,2,2,1,9,1,95,95,95,95,95,95,95,2,1,0,108.708252778353,8,9
2402223,2024,32,78,1-32-2024-078-02,2,4,1,22:38,3,2,1,1,2,0,4,1,1,95,95,95,95,95,95,95,4,1,0,7.31416728043487,7,9
2402224,2024,32,79,1-32-2024-079-01,1,4,1,21:31,1,1,6,75,1,1,1,2,2,95,95,95,95,95,95,95,0,1,0,73.3907437140686,7,9
2402225,2024,32,80,1-32-2024-080-03,3,4,6,18:02,1,2,99,99,0,0,5,2,2,95,95,95,95,95,95,95,4,1,0,368.078348959878,7,9
2402226,2024,32,81,1-32-2024-081-06,6,4,1,23:24,2,3,99,99,0,0,4,1,9,95,95,95,95,95,95,95,1,1,0,1363.47012881423,7,9
2402227,2024,16,65,1-16-2024-065-05,5,5,7,22:51,1,2,1,1,3,0,4,9,9,95,95,95,95,95,95,95,4,1,0,20.614517650874,5,9
2402228,2024,27,70,1-27-2024-070-NM2,22,5,5,18:51,1,1,95,95,95,95,95,2,9,1,1,1,0,4,2,9,0,0,1,30.6673615919684,3,9
2402229,2024,27,71,1-27-2024-071-04,4,5,1,09:45,1,2,1,1,1,0,0,2,9,95,95,95,95,95,95,95,4,1,0,47.5169504868394,3,9
2402230,2024,27,72,1-27-2024-072-03,3,4,1,16:37,1,1,1,1,1,0,4,2,2,95,95,95,95,95,95,95,0,1,0,39.3017294904609,3,9
2402231,2024,27,73,1-27-2024-073-09,9,5,7,00:02,2,1,1,1,1,0,6,1,9,95,95,95,95,95,95,95,0,1,0,79.681964819964,3,9
2402232,2024,52,33,1-52-2024-033-06,6,3,6,22:24,1,2,1,1,1,0,6,2,2,95,95,95,95,95,95,95,4,1,0,46.2010897527895,12,9
2402233,2024,52,34,1-52-2024-034-09,9,4,6,10:36,3,3,3,10,2,1,3,2,1,95,95,95,95,95,95,95,4,1,0,80.32651370133,12,9
2402235,2024,76,62,1-76-2024-062-05,5,2,3,20:15,2,2,3,14,1,1,4,1,9,95,95,95,95,95,95,95,2,1,0,127.614650714474,3,9
2402236,2024,11,56,1-11-2024-056-03,3,4,2,09:20,2,3,1,1,2,0,4,9,1,95,95,95,95,95,95,95,6,1,0,89.3897343071386,8,9
2402237,2024,82,52,1-82-2024-052-02,2,4,5,09:14,1,2,1,1,2,0,4,2,2,95,95,95,95,95,95,95,4,1,0,23.9814262485552,1,9
2402238,2024,82,53,1-82-2024-053-03,3,4,2,14:59,3,2,1,1,2,0,4,2,2,95,95,95,95,95,95,95,2,1,0,191.252816223053,1,9
2402239,2024,82,54,1-82-2024-054-03,3,4,7,10:17,1,2,9,97,3,0,4,2,2,95,95,95,95,95,95,95,4,1,0,191.252816226305,1,9
2402243,2024,15,87,1-15-2024-087-NM2,22,4,7,21:55,1,1,95,95,95,95,95,9,9,4,29,1,1,3,2,9,0,0,1,35.7446223566179,1,9
2402245,2024,15,89,1-15-2024-089-03,3,5,4,02:45,1,1,0,0,0,0,4,1,9,95,95,95,95,95,95,95,0,1,0,15.1410745762649,1,9
2402246,2024,22,64,1-22-2024-064-06,6,5,6,13:16,1,2,0,0,0,0,4,2,2,95,95,95,95,95,95,95,4,1,0,25.2675524846257,12,9
2402247,2024,22,65,1-22-2024-065-09,9,4,2,14:12,2,1,1,1,1,0,4,2,2,95,95,95,95,95,95,95,0,1,0,54.4981168618849,12,9
2402248,2024,22,66,1-22-2024-066-06,6,5,1,10:25,4,2,1,1,1,0,4,2,2,95,95,95,95,95,95,95,6,1,0,25.2675524846257,12,9
2402250,2024,22,67,1-22-2024-067-10,10,4,2,06:47,1,1,0,0,0,0,0,2,2,95,95,95,95,95,95,95,0,1,0,455.580038803207,12,9
2402251,2024,26,59,1-26-2024-059-02,2,4,7,00:49,1,2,1,1,1,0,8,1,9,95,95,95,95,95,95,95,2,1,0,21.1529220587709,10,9
2402252,2024,26,60,1-26-2024-060-08,8,4,3,11:56,1,1,1,1,2,0,8,1,9,95,95,95,95,95,95,95,0,1,0,287.588806783916,10,9
2402254,2024,26,62,1-26-2024-062-NM1,21,4,6,04:37,1,1,0,0,0,0,0,2,2,3,10,1,1,8,9,2,0,1,1,25.7030205312635,10,9
2402255,2024,21,44,1-21-2024-044-01,1,4,7,02:25,1,1,2,9,2,1,1,1,9,95,95,95,95,95,95,95,0,1,0,68.9356930518467,11,9
2402256,2024,21,45,1-21-2024-045-NM1,21,4,2,02:11,2,2,0,0,0,0,4,1,9,2,4,1,0,3,1,1,2,1,1,17.4486412062215,11,9
2402257,2024,79,47,1-79-2024-047-10,10,5,5,08:23,2,1,0,0,0,0,0,9,9,95,95,95,95,95,95,95,0,1,0,1174.7376928668,8,9
2402258,2024,54,55,1-54-2024-055-10,10,5,7,14:19,1,2,0,0,0,0,0,2,2,95,95,95,95,95,95,95,4,1,0,297.406603751546,9,9
2402259,2024,76,63,1-76-2024-063-08,8,2,6,05:02,2,1,1,2,1,0,4,9,9,95,95,95,95,95,95,95,0,1,0,266.160640915951,3,9
2402260,2024,26,63,1-26-2024-063-NM2,22,4,7,20:20,1,1,95,95,95,95,95,2,2,1,1,1,0,8,2,2,0,0,1,962.578555188656,10,9
2402262,2024,15,90,1-15-2024-090-03,3,4,2,10:30,1,2,0,0,0,0,0,2,2,95,95,95,95,95,95,95,4,1,0,15.1410745762649,1,9
2402263,2024,15,91,1-15-2024-091-09,9,5,7,13:48,1,2,99,99,0,0,0,9,9,95,95,95,95,95,95,95,4,1,0,164.04686010137,1,9
2402264,2024,16,66,1-16-2024-066-06,6,5,7,03:25,1,2,1,1,2,0,6,9,9,95,95,95,95,95,95,95,4,1,0,643.878867462447,5,9
2402265,2024,73,67,1-73-2024-067-03,3,4,4,08:29,2,2,99,99,0,0,5,9,9,95,95,95,95,95,95,95,4,1,0,23.5881329232141,3,9
2402266,2024,13,57,1-13-2024-057-02,2,4,6,00:28,2,2,1,2,2,0,4,2,2,95,95,95,95,95,95,95,4,1,0,18.6467959659871,7,9
2402267,2024,31,43,1-31-2024-043-NM2,22,5,5,18:11,1,1,95,95,95,95,95,9,9,1,1,1,0,6,9,9,0,0,1,197.377933176122,6,9
2402268,2024,31,44,1-31-2024-044-07,7,5,6,17:02,1,1,0,0,0,0,0,2,2,95,95,95,95,95,95,95,0,1,0,230.868935151332,6,9
2402269,2024,66,51,1-66-2024-051-05,5,4,7,12:42,2,1,5,38,3,3,3,2,9,95,95,95,95,95,95,95,0,1,0,116.980491892491,6,9
2402270,2024,66,52,1-66-2024-052-10,10,4,5,05:26,1,1,0,0,0,0,0,9,9,95,95,95,95,95,95,95,0,1,0,242.389498710963,6,9
2402271,2024,66,53,1-66-2024-053-07,7,4,4,15:40,2,3,1,1,1,0,4,9,9,95,95,95,95,95,95,95,1,1,0,133.367571576148,6,9
2402272,2024,11,59,1-11-2024-059-06,6,5,4,16:30,2,3,0,0,0,0,4,2,2,95,95,95,95,95,95,95,1,1,0,331.125785841071,8,9
2402273,2024,77,76,1-77-2024-076-09,9,5,1,13:35,2,1,99,99,0,0,9,2,2,95,95,95,95,95,95,95,0,1,0,2444.25584064143,9,9
2402275,2024,77,78,1-77-2024-078-08,8,5,1,21:02,2,1,1,1,2,0,6,1,9,95,95,95,95,95,95,95,0,1,0,341.959658651189,9,9
2402276,2024,77,79,1-77-2024-079-02,2,5,6,13:10,2,1,1,1,1,0,4,2,1,95,95,95,95,95,95,95,0,1,0,83.1566199866033,9,9
2402277,2024,59,70,1-59-2024-070-03,3,5,2,15:50,2,2,3,10,1,1,3,2,2,95,95,95,95,95,95,95,4,1,0,59.722887639445,6,9
2402278,2024,59,71,1-59-2024-071-04,4,5,6,05:04,1,2,0,0,0,0,0,2,2,95,95,95,95,95,95,95,4,1,0,348.931178694978,6,9
2402279,2024,59,72,1-59-2024-072-02,2,5,6,18:05,1,2,1,3,3,0,4,2,2,95,95,95,95,95,95,95,4,1,0,48.7900687173874,6,9
2402280,2024,59,73,1-59-2024-073-08,8,5,1,03:37,2,1,5,38,3,2,3,1,2,95,95,95,95,95,95,95,0,1,0,77.4683248872621,6,9
2402281,2024,23,34,1-23-2024-034-04,4,5,2,00:41,1,1,0,0,0,0,0,2,2,95,95,95,95,95,95,95,0,1,0,1710.48804196995,5,9
2402282,2024,23,35,1-23-2024-035-01,1,5,4,03:42,1,1,5,66,1,1,1,2,2,95,95,95,95,95,95,95,0,1,0,61.5531705798119,5,9
2402283,2024,54,56,1-54-2024-056-09,9,5,2,07:00,2,2,1,3,1,0,4,2,2,95,95,95,95,95,95,95,4,1,0,118.814051563781,9,9
2402284,2024,54,57,1-54-2024-057-08,8,5,3,18:30,3,1,4,17,1,1,3,1,2,95,95,95,95,95,95,95,0,1,0,161.994257211147,9,9
2402285,2024,54,58,1-54-2024-058-07,7,5,5,08:45,2,3,0,0,0,0,0,2,2,95,95,95,95,95,95,95,4,1,0,248.157241541513,9,9
2402286,2024,54,59,1-54-2024-059-07,7,5,2,07:55,1,2,0,0,0,0,0,2,2,95,95,95,95,95,95,95,1,1,0,248.157241541513,9,9
2402287,2024,81,45,1-81-2024-045-06,6,5,3,17:49,1,2,1,1,1,0,6,2,2,95,95,95,95,95,95,95,4,1,0,3485.90739032766,8,9
2402288,2024,81,46,1-81-2024-046-NM2,22,5,1,13:20,2,1,95,95,95,95,95,2,2,1,1,1,0,4,2,2,0,0,1,2408.08347527868,8,9
2402289,2024,81,47,1-81-2024-047-NM1,21,4,2,23:18,4,2,1,1,1,0,4,2,2,5,50,1,1,1,2,1,1,1,1,30.4851567966787,8,9
2402290,2024,57,47,1-57-2024-047-04,4,5,2,07:44,1,2,1,2,2,0,4,9,9,95,95,95,95,95,95,95,4,1,0,690.778219058365,1,9
2402291,2024,57,48,1-57-2024-048-03,3,5,6,07:15,2,3,1,3,2,0,4,9,9,95,95,95,95,95,95,95,1,1,0,110.52437398961,1,9
2402292,2024,57,49,1-57-2024-049-05,5,4,4,18:46,1,1,9,97,1,0,8,1,1,95,95,95,95,95,95,95,0,1,0,10.9377963206573,1,9
2402293,2024,18,74,1-18-2024-074-09,9,4,3,17:58,2,3,1,1,1,0,0,2,2,95,95,95,95,95,95,95,4,1,0,1826.71775201781,6,9
2402294,2024,18,75,1-18-2024-075-01,1,5,1,07:54,8,1,0,0,0,0,2,2,2,95,95,95,95,95,95,95,0,1,0,63.8166126674341,6,9
2402295,2024,62,58,1-62-2024-058-03,3,4,7,13:34,2,1,0,0,0,0,4,9,9,95,95,95,95,95,95,95,0,1,0,418.15320145516,7,9
2402296,2024,62,59,1-62-2024-059-03,3,4,3,15:41,1,2,9,97,1,0,0,9,9,95,95,95,95,95,95,95,4,1,0,418.153201529593,7,9
2402297,2024,62,60,1-62-2024-060-08,8,5,6,20:05,7,1,3,10,1,1,3,1,1,95,95,95,95,95,95,95,0,1,0,289.141140144412,7,9
2402298,2024,48,73,1-48-2024-073-04,4,5,3,22:36,1,1,0,0,0,0,0,2,2,95,95,95,95,95,95,95,0,1,0,85.7677087053401,12,9
2402299,2024,48,74,1-48-2024-074-09,9,4,2,19:16,3,1,99,99,0,0,8,2,2,95,95,95,95,95,95,95,0,1,0,69.6007046591066,12,9
2402300,2024,48,75,1-48-2024-075-10,10,5,6,12:00,2,1,0,0,0,0,0,2,2,95,95,95,95,95,95,95,0,1,0,1080.16352484664,12,9
2402301,2024,48,76,1-48-2024-076-09,9,5,5,08:02,2,1,9,97,1,0,0,2,2,95,95,95,95,95,95,95,0,1,0,69.6007046591066,12,9
2402302,2024,13,58,1-13-2024-058-06,6,4,3,10:30,2,2,1,1,2,0,4,2,2,95,95,95,95,95,95,95,4,1,0,3257.73544489409,7,9
2402303,2024,13,59,1-13-2024-059-02,2,5,6,15:32,1,2,1,2,2,0,3,9,9,95,95,95,95,95,95,95,4,1,0,58.2530897040008,7,9
2402304,2024,30,78,1-30-2024-078-NM1,21,4,5,19:46,1,1,0,0,0,0,0,2,2,3,14,1,1,1,1,2,0,1,1,42.5560416047343,10,9
2402305,2024,30,79,1-30-2024-079-02,2,5,2,18:35,2,3,4,21,2,1,3,2,2,95,95,95,95,95,95,95,4,1,0,16.2875943881497,10,9
2402306,2024,30,80,1-30-2024-080-NM2,22,5,7,23:35,1,1,95,95,95,95,95,9,9,2,5,1,0,3,2,1,0,0,1,2370.57424915505,10,9
2402307,2024,30,81,1-30-2024-081-NM1,21,5,7,18:32,1,1,0,0,0,0,0,2,2,1,1,1,0,8,2,2,0,1,1,70.0679338170937,10,9
2402308,2024,73,68,1-73-2024-068-09,9,4,3,21:32,1,1,1,1,1,0,4,9,9,95,95,95,95,95,95,95,0,1,0,174.218090008261,3,9
2402309,2024,73,69,1-73-2024-069-03,3,5,2,17:35,4,2,2,5,1,0,4,9,9,95,95,95,95,95,95,95,5,1,0,23.5881329232141,3,9
2402310,2024,73,70,1-73-2024-070-06,6,5,2,15:05,1,2,3,10,3,1,3,9,1,95,95,95,95,95,95,95,1,1,0,89.1819804751388,3,9
2402311,2024,73,71,1-73-2024-071-03,3,5,7,13:31,12,1,1,1,2,0,4,9,9,95,95,95,95,95,95,95,0,1,0,23.5881329232141,3,9
2402312,2024,10,30,1-10-2024-030-04,4,5,6,15:53,1,2,1,1,2,0,0,2,2,95,95,95,95,95,95,95,4,1,0,1083.59847476752,4,9
2402313,2024,10,31,1-10-2024-031-06,6,5,5,17:16,1,2,99,99,0,0,9,2,2,95,95,95,95,95,95,95,1,1,0,931.430000309109,4,9
2402314,2024,79,48,1-79-2024-048-09,9,5,1,18:01,1,2,99,99,0,0,9,9,9,95,95,95,95,95,95,95,4,1,0,117.957752270952,8,9
2402315,2024,79,49,1-79-2024-049-07,7,5,2,16:00,1,2,0,0,0,0,0,9,9,95,95,95,95,95,95,95,4,1,0,127.333087924962,8,9
2402316,2024,79,50,1-79-2024-050-03,3,5,3,16:35,1,2,9,97,1,0,4,9,9,95,95,95,95,95,95,95,4,1,0,104.756877618907,8,9
2402319,2024,69,43,1-69-2024-043-03,3,5,6,15:25,2,2,1,1,1,0,8,2,2,95,95,95,95,95,95,95,4,1,0,51.0270559627138,8,9
2402320,2024,69,44,1-69-2024-044-02,2,5,3,15:20,2,3,1,1,2,0,4,2,2,95,95,95,95,95,95,95,4,1,0,7.30201599951961,8,9
2402321,2024,69,45,1-69-2024-045-03,3,5,3,15:15,3,3,2,4,1,0,4,2,2,95,95,95,95,95,95,95,4,1,0,51.0270559627138,8,9
2402322,2024,12,40,1-12-2024-040-10,10,5,6,19:08,1,2,0,0,0,0,0,2,2,95,95,95,95,95,95,95,1,1,0,4396.75684153562,9,9
2402323,2024,33,38,1-33-2024-038-06,6,5,4,02:40,7,1,1,1,1,0,4,1,2,95,95,95,95,95,95,95,0,1,0,156.836222800646,12,9
2402324,2024,33,39,1-33-2024-039-06,6,4,4,18:42,1,2,1,1,1,0,4,2,2,95,95,95,95,95,95,95,9,1,0,156.836222800646,12,9
2402325,2024,12,39,1-12-2024-039-03,3,5,7,11:47,1,2,99,99,0,0,9,2,2,95,95,95,95,95,95,95,4,1,0,164.057323491007,9,9
2402327,2024,20,65,1-20-2024-065-04,4,5,6,14:03,3,1,0,0,0,0,0,2,2,95,95,95,95,95,95,95,0,1,0,167.519556813425,11,9
2402329,2024,17,75,1-17-2024-075-01,1,5,4,08:48,1,2,5,35,1,1,1,1,1,95,95,95,95,95,95,95,1,1,0,79.7282237668519,4,9
2402330,2024,17,76,1-17-2024-076-03,3,5,7,02:10,1,1,1,1,1,0,4,2,2,95,95,95,95,95,95,95,0,1,0,94.8735237981361,4,9
2402332,2024,17,78,1-17-2024-078-03,3,5,6,05:34,1,1,0,0,0,0,5,2,2,95,95,95,95,95,95,95,0,1,0,94.8735238770259,4,9
2402334,2024,11,61,1-11-2024-061-05,5,3,6,21:56,1,2,3,19,2,1,3,1,2,95,95,95,95,95,95,95,2,1,0,31.8812723055547,8,9
2402335,2024,11,62,1-11-2024-062-09,9,5,6,21:40,1,1,0,0,0,0,4,1,2,95,95,95,95,95,95,95,0,1,0,1226.69659083428,8,9
2402336,2024,24,57,1-24-2024-057-03,3,4,2,12:56,4,5,1,1,3,0,5,9,9,95,95,95,95,95,95,95,1,1,0,93.2665902000933,1,9
2402337,2024,24,58,1-24-2024-058-01,1,5,2,02:43,2,2,4,24,2,2,1,1,9,95,95,95,95,95,95,95,4,1,0,23.1726143074507,1,9
2402338,2024,24,59,1-24-2024-059-06,6,4,3,08:56,1,2,1,2,1,0,4,2,2,95,95,95,95,95,95,95,4,1,0,290.211739335201,1,9
2402339,2024,25,55,1-25-2024-055-06,6,5,4,14:16,1,2,1,1,1,0,4,2,2,95,95,95,95,95,95,95,4,1,0,717.747065771386,2,9
2402340,2024,25,56,1-25-2024-056-03,3,5,5,10:12,1,2,0,0,0,0,0,1,2,95,95,95,95,95,95,95,4,1,0,193.760867503639,2,9
2402341,2024,25,57,1-25-2024-057-03,3,4,3,16:46,2,1,3,9,1,1,6,2,2,95,95,95,95,95,95,95,0,1,0,193.7608674537,2,9
2402342,2024,16,67,1-16-2024-067-03,3,5,2,17:52,1,2,1,1,1,0,4,9,9,95,95,95,95,95,95,95,1,1,0,192.790223628768,5,9
2402343,2024,16,68,1-16-2024-068-04,4,5,3,07:50,2,2,1,1,1,0,6,9,9,95,95,95,95,95,95,95,4,1,0,771.44724650232,5,9
2402344,2024,16,69,1-16-2024-069-NM1,21,5,4,03:17,1,1,0,0,0,0,0,9,9,2,5,1,0,4,2,9,0,1,1,26.1808531062603,5,9
2402345,2024,16,70,1-16-2024-070-03,3,5,5,17:13,2,3,99,99,0,0,5,9,9,95,95,95,95,95,95,95,1,1,0,192.790223628768,5,9
2402346,2024,28,67,1-28-2024-067-04,4,5,6,09:00,1,2,0,0,0,0,0,2,2,95,95,95,95,95,95,95,4,1,0,47.851485985308,3,9
2402348,2024,28,69,1-28-2024-069-04,4,4,2,15:48,2,1,0,0,0,0,0,2,2,95,95,95,95,95,95,95,0,1,0,47.851485985308,3,9
2402349,2024,28,70,1-28-2024-070-04,4,5,4,15:21,2,1,0,0,0,0,0,2,2,95,95,95,95,95,95,95,0,1,0,47.851485985308,3,9
2402351,2024,32,82,1-32-2024-082-02,2,4,3,17:53,1,1,4,18,1,1,3,2,2,95,95,95,95,95,95,95,0,1,0,8.40925917720626,7,9
2402352,2024,32,83,1-32-2024-083-04,4,5,4,23:54,1,1,0,0,0,0,0,2,2,95,95,95,95,95,95,95,0,1,0,1568.60179570378,7,9
2402353,2024,32,84,1-32-2024-084-02,2,5,6,13:24,4,2,5,30,2,2,3,2,2,95,95,95,95,95,95,95,9,1,0,8.40925917720626,7,9
2402354,2024,32,85,1-32-2024-085-02,2,5,6,13:05,1,2,3,10,4,1,3,2,2,95,95,95,95,95,95,95,4,1,0,8.40925917459616,7,9
2402355,2024,14,37,1-14-2024-037-02,2,5,5,07:33,1,2,1,1,3,0,4,9,9,95,95,95,95,95,95,95,4,1,0,77.0447891691359,8,9
2402356,2024,14,38,1-14-2024-038-02,2,5,2,06:23,5,3,1,1,2,0,4,9,9,95,95,95,95,95,95,95,1,1,0,77.0447891691359,8,9
2402358,2024,31,46,1-31-2024-046-10,10,5,6,22:05,5,1,0,0,0,0,0,9,2,95,95,95,95,95,95,95,0,1,0,419.593794787767,6,9
2402359,2024,52,35,1-52-2024-035-09,9,4,1,20:27,2,1,0,0,0,0,4,1,2,95,95,95,95,95,95,95,0,1,0,331.24608812461,12,9
2402360,2024,52,36,1-52-2024-036-03,3,4,1,00:26,2,1,99,99,0,0,9,9,9,95,95,95,95,95,95,95,0,1,0,37.7054990290211,12,9
2402361,2024,77,80,1-77-2024-080-03,3,5,5,14:56,1,2,99,99,0,0,9,2,2,95,95,95,95,95,95,95,1,1,0,253.416782188654,9,9
2402362,2024,11,63,1-11-2024-063-03,3,4,2,12:59,2,2,3,11,1,1,3,2,2,95,95,95,95,95,95,95,4,1,0,121.430533867844,8,9
2402365,2024,82,57,1-82-2024-057-03,3,4,6,00:06,2,3,1,1,2,0,4,2,2,95,95,95,95,95,95,95,4,1,0,157.899502135521,1,9
2402366,2024,22,68,1-22-2024-068-08,8,4,6,11:10,5,1,3,10,1,1,3,2,2,95,95,95,95,95,95,95,0,1,0,27.70204742406,12,9
2402368,2024,20,67,1-20-2024-067-03,3,4,1,17:18,1,2,1,1,1,0,9,2,2,95,95,95,95,95,95,95,1,1,0,46.8545499360671,11,9
2402373,2024,26,66,1-26-2024-066-09,9,4,1,21:00,4,1,1,1,1,0,8,2,2,95,95,95,95,95,95,95,0,1,0,1299.91372162287,10,9
2402374,2024,26,67,1-26-2024-067-04,4,4,2,07:35,2,3,0,0,0,0,0,2,2,95,95,95,95,95,95,95,1,1,0,551.702001236537,10,9
2402375,2024,20,68,1-20-2024-068-03,3,4,6,18:20,2,2,1,1,2,0,8,2,1,95,95,95,95,95,95,95,9,1,0,46.8545499360671,11,9
2402376,2024,15,92,1-15-2024-092-NM2,22,5,4,13:15,1,1,95,95,95,95,95,9,9,1,2,1,0,4,9,9,0,0,1,172.627983004139,1,9
2402377,2024,15,93,1-15-2024-093-NM2,22,5,7,18:20,1,1,95,95,95,95,95,9,9,1,2,1,0,4,9,9,0,0,1,172.627983004139,1,9
2402378,2024,26,65,1-26-2024-065-07,7,5,3,05:10,2,2,0,0,0,0,0,2,2,95,95,95,95,95,95,95,4,1,0,1750.10319269405,10,9
2402379,2024,26,68,1-26-2024-068-NM2,22,4,2,12:05,1,1,95,95,95,95,95,2,2,2,4,1,0,8,2,9,0,0,1,401.065954850307,10,9
2402380,2024,27,74,1-27-2024-074-06,6,5,2,00:49,4,1,1,1,1,0,9,2,2,95,95,95,95,95,95,95,0,1,0,78.7044382164163,3,9
2402381,2024,27,75,1-27-2024-075-NM2,22,5,3,17:12,1,1,95,95,95,95,95,2,2,0,0,0,0,6,2,2,0,0,1,58.8273813617497,3,9
2402382,2024,27,76,1-27-2024-076-04,4,5,6,13:13,2,2,0,0,0,0,0,9,2,95,95,95,95,95,95,95,4,1,0,91.1489486547192,3,9
2402383,2024,27,77,1-27-2024-077-08,8,5,1,19:06,1,1,0,0,0,0,4,2,2,95,95,95,95,95,95,95,0,1,0,21.3841184069551,3,9
2402384,2024,60,26,1-60-2024-026-03,3,5,6,13:37,4,4,1,1,2,0,4,2,2,95,95,95,95,95,95,95,4,1,0,267.027731709782,8,9
2402385,2024,28,71,1-28-2024-071-10,10,4,3,13:50,1,2,0,0,0,0,0,2,2,95,95,95,95,95,95,95,1,1,0,80.5683609045318,3,9
2402386,2024,82,58,1-82-2024-058-04,4,5,7,23:59,1,2,0,0,0,0,0,2,2,95,95,95,95,95,95,95,4,1,0,595.159797221277,1,9
2402387,2024,82,59,1-82-2024-059-04,4,5,1,21:10,1,2,9,97,1,0,0,2,2,95,95,95,95,95,95,95,1,1,0,595.159797221277,1,9
2402388,2024,22,70,1-22-2024-070-10,10,4,1,22:50,2,1,99,99,0,0,9,2,2,95,95,95,95,95,95,95,0,1,0,178.933182153623,12,9
2402389,2024,66,54,1-66-2024-054-09,9,3,3,15:30,1,2,9,97,1,0,0,9,9,95,95,95,95,95,95,95,9,1,0,97.5596917228585,6,9
2402390,2024,66,55,1-66-2024-055-07,7,4,4,10:15,1,1,1,1,1,0,0,9,9,95,95,95,95,95,95,95,0,1,0,133.367571576148,6,9
2402391,2024,21,48,1-21-2024-048-03,3,5,5,14:10,3,1,1,1,1,0,4,2,2,95,95,95,95,95,95,95,0,1,0,176.256888971489,11,9
2402392,2024,21,49,1-21-2024-049-03,3,5,7,23:05,2,2,1,3,1,0,4,2,2,95,95,95,95,95,95,95,4,1,0,176.256889010131,11,9
2402393,2024,77,81,1-77-2024-081-06,6,5,7,13:00,1,2,99,99,0,0,0,2,2,95,95,95,95,95,95,95,4,1,0,396.912628940669,9,9
2402394,2024,77,82,1-77-2024-082-03,3,5,1,09:51,4,1,99,99,0,0,9,9,9,95,95,95,95,95,95,95,0,1,0,78.5516932728452,9,9
2402395,2024,77,83,1-77-2024-083-03,3,4,4,18:11,1,2,99,99,0,0,8,2,2,95,95,95,95,95,95,95,1,1,0,78.5516932728452,9,9
2402398,2024,59,75,1-59-2024-075-07,7,5,3,17:01,1,2,0,0,0,0,0,2,2,95,95,95,95,95,95,95,1,1,0,417.399556854223,6,9
2402399,2024,59,76,1-59-2024-076-07,7,5,3,19:10,1,2,0,0,0,0,0,2,2,95,95,95,95,95,95,95,1,1,0,417.399556854223,6,9
2402400,2024,59,77,1-59-2024-077-06,6,5,4,15:05,1,2,99,99,0,0,4,2,2,95,95,95,95,95,95,95,4,1,0,109.268934732202,6,9
2402401,2024,81,48,1-81-2024-048-03,3,5,2,14:37,2,2,1,1,2,0,4,2,2,95,95,95,95,95,95,95,4,1,0,1328.7414916346,8,9
2402402,2024,81,49,1-81-2024-049-01,1,5,5,02:38,3,3,6,75,1,1,1,1,1,95,95,95,95,95,95,95,9,1,0,138.916580021244,8,9
2402403,2024,81,50,1-81-2024-050-04,4,5,7,09:42,2,2,0,0,0,0,0,2,2,95,95,95,95,95,95,95,4,1,0,4194.66055709095,8,9
2402404,2024,62,61,1-62-2024-061-01,1,4,3,07:38,2,3,2,12,2,1,1,9,9,95,95,95,95,95,95,95,6,1,0,99.2483684628632,7,9
2402405,2024,62,62,1-62-2024-062-05,5,5,6,15:02,1,2,1,2,2,0,4,9,9,95,95,95,95,95,95,95,4,1,0,79.6455162566525,7,9
2402406,2024,62,63,1-62-2024-063-04,4,5,1,18:15,1,1,0,0,0,0,0,9,9,95,95,95,95,95,95,95,0,1,0,2493.02751254833,7,9
2402408,2024,23,36,1-23-2024-036-03,3,5,7,17:33,2,3,3,10,2,1,3,2,2,95,95,95,95,95,95,95,4,1,0,244.414257425424,5,9
2402409,2024,23,37,1-23-2024-037-03,3,5,7,19:56,4,1,1,1,1,0,5,9,2,95,95,95,95,95,95,95,0,1,0,244.414257425424,5,9
2402410,2024,54,60,1-54-2024-060-07,7,5,4,07:15,2,1,1,1,1,0,0,2,2,95,95,95,95,95,95,95,0,1,0,279.908966338472,9,9
2402411,2024,54,61,1-54-2024-061-08,8,5,7,10:30,3,2,1,2,1,0,4,2,2,95,95,95,95,95,95,95,2,1,0,161.994257211147,9,9
2402412,2024,54,62,1-54-2024-062-07,7,5,4,07:30,1,2,0,0,0,0,0,2,2,95,95,95,95,95,95,95,1,1,0,279.908966338472,9,9
2402413,2024,54,63,1-54-2024-063-03,3,5,6,12:11,1,2,1,1,1,0,4,2,2,95,95,95,95,95,95,95,4,1,0,98.4870522809125,9,9
2402415,2024,13,61,1-13-2024-061-02,2,5,7,22:42,3,3,4,18,2,1,3,1,9,95,95,95,95,95,95,95,1,1,0,24.0212654326691,7,9
2402417,2024,18,77,1-18-2024-077-06,6,5,7,14:25,3,2,1,1,2,0,4,2,2,95,95,95,95,95,95,95,4,1,0,172.994115439281,6,9
2402418,2024,48,77,1-48-2024-077-05,5,5,4,12:30,2,2,9,97,2,0,8,2,2,95,95,95,95,95,95,95,4,1,0,80.9035530796695,12,9
2402419,2024,48,78,1-48-2024-078-06,6,5,4,17:29,1,2,1,1,1,0,0,2,2,95,95,95,95,95,95,95,4,1,0,391.203701020578,12,9
2402420,2024,48,79,1-48-2024-079-NM1,21,5,7,14:49,2,1,0,0,0,0,4,2,2,2,5,1,0,3,2,2,0,1,1,85.8427679861707,12,9
2402421,2024,48,80,1-48-2024-080-09,9,5,7,16:30,1,2,1,1,1,0,4,2,2,95,95,95,95,95,95,95,4,1,0,786.01808447299,12,9
2402422,2024,10,32,1-10-2024-032-06,6,5,3,08:37,2,3,0,0,0,0,4,2,2,95,95,95,95,95,95,95,1,1,0,1334.47901781282,4,9
2402423,2024,10,33,1-10-2024-033-02,2,5,5,08:55,1,2,3,14,2,1,3,2,2,95,95,95,95,95,95,95,1,1,0,72.727305924336,4,9
2402424,2024,73,72,1-73-2024-072-03,3,5,5,13:37,3,2,1,1,1,0,4,9,9,95,95,95,95,95,95,95,4,1,0,23.5881329232141,3,9
2402425,2024,73,73,1-73-2024-073-09,9,5,1,12:40,1,2,1,1,1,0,9,9,9,95,95,95,95,95,95,95,4,1,0,86.2205940175703,3,9
2402427,2024,73,75,1-73-2024-075-10,10,5,4,23:17,1,1,0,0,0,0,0,9,9,95,95,95,95,95,95,95,0,1,0,1767.94497711273,3,9
2402428,2024,57,50,1-57-2024-050-05,5,5,6,14:14,2,2,9,97,1,0,8,9,9,95,95,95,95,95,95,95,5,1,0,36.8561902184078,1,9
2402429,2024,57,51,1-57-2024-051-10,10,1,4,07:51,1,2,0,0,0,0,0,9,9,95,95,95,95,95,95,95,1,1,0,12788.5527695026,1,9
2402431,2024,19,32,1-19-2024-032-02,2,5,1,17:35,3,1,3,14,1,1,3,2,2,95,95,95,95,95,95,95,0,1,0,45.0884525586451,9,9
2402432,2024,19,33,1-19-2024-033-03,3,5,5,07:20,1,2,1,3,1,0,4,2,2,95,95,95,95,95,95,95,1,1,0,567.21441428325,9,9
2402434,2024,30,83,1-30-2024-083-NM2,22,5,3,04:42,1,1,95,95,95,95,95,2,2,3,10,1,1,3,2,1,0,0,1,361.666104097377,10,9
2402436,2024,30,85,1-30-2024-085-07,7,5,5,06:51,1,2,0,0,0,0,0,2,2,95,95,95,95,95,95,95,4,1,0,1606.47008983315,10,9
2402437,2024,79,51,1-79-2024-051-07,7,5,3,18:19,2,2,0,0,0,0,0,9,9,95,95,95,95,95,95,95,4,1,0,149.477972781477,8,9
2402438,2024,79,52,1-79-2024-052-04,4,5,7,00:45,1,1,0,0,0,0,0,9,9,95,95,95,95,95,95,95,0,1,0,103.687310341295,8,9
2402439,2024,79,53,1-79-2024-053-09,9,5,2,15:51,1,1,3,10,1,1,3,9,9,95,95,95,95,95,95,95,0,1,0,117.957752270952,8,9
2402440,2024,57,52,1-57-2024-052-03,3,5,7,10:37,2,3,1,1,1,0,5,9,9,95,95,95,95,95,95,95,4,1,0,205.855825695291,1,9
2402441,2024,30,82,1-30-2024-082-07,7,5,5,19:31,2,2,0,0,0,0,5,2,2,95,95,95,95,95,95,95,4,1,0,1606.47008990451,10,9
2402442,2024,33,40,1-33-2024-040-03,3,5,7,18:00,2,1,1,1,1,0,3,2,2,95,95,95,95,95,95,95,0,1,0,51.2513411158493,12,9
2402443,2024,33,41,1-33-2024-041-03,3,5,1,13:35,2,1,3,10,2,1,3,2,2,95,95,95,95,95,95,95,0,1,0,51.2513411158493,12,9
2402444,2024,12,41,1-12-2024-041-04,4,5,6,15:38,1,2,0,0,0,0,0,2,2,95,95,95,95,95,95,95,4,1,0,1835.41974776362,9,9
2402445,2024,12,42,1-12-2024-042-03,3,4,1,17:32,2,1,2,6,1,0,4,2,2,95,95,95,95,95,95,95,0,1,0,333.770307344468,9,9
2402446,2024,18,78,1-18-2024-078-04,4,5,1,17:14,1,2,0,0,0,0,0,2,2,95,95,95,95,95,95,95,4,1,0,218.545222279394,6,9
2402447,2024,69,46,1-69-2024-046-03,3,5,6,13:36,1,2,1,1,1,0,4,2,2,95,95,95,95,95,95,95,4,1,0,167.095212552646,8,9
2402448,2024,17,79,1-17-2024-079-03,3,5,6,16:58,2,2,2,9,1,0,4,2,2,95,95,95,95,95,95,95,4,1,0,56.2627107467575,4,9
2402449,2024,17,80,1-17-2024-080-06,6,5,6,14:53,1,2,0,0,0,0,4,2,2,95,95,95,95,95,95,95,4,1,0,207.386851098491,4,9
2402450,2024,17,81,1-17-2024-081-06,6,5,6,17:25,1,2,1,2,1,0,4,2,2,95,95,95,95,95,95,95,1,1,0,207.386851098491,4,9
2402451,2024,17,82,1-17-2024-082-06,6,5,4,04:54,1,1,0,0,0,0,0,2,2,95,95,95,95,95,95,95,0,1,0,207.386851105812,4,9
2402454,2024,20,71,1-20-2024-071-04,4,5,5,08:40,1,2,0,0,0,0,0,2,9,95,95,95,95,95,95,95,4,1,0,265.271039595249,11,9
2402455,2024,20,72,1-20-2024-072-05,5,5,5,21:15,2,3,2,9,6,0,3,9,1,95,95,95,95,95,95,95,6,1,0,19.9171728154044,11,9
2402456,2024,20,69,1-20-2024-069-03,3,5,3,13:29,3,2,1,1,2,0,8,2,9,95,95,95,95,95,95,95,4,1,0,74.1952486487952,11,9
2402457,2024,20,70,1-20-2024-070-06,6,5,4,15:30,1,1,99,99,0,0,8,2,9,95,95,95,95,95,95,95,0,1,0,230.868654194168,11,9
2402458,2024,62,65,1-62-2024-065-06,6,5,6,15:35,2,2,3,14,1,1,3,9,9,95,95,95,95,95,95,95,4,1,0,2487.66746138712,7,9
2402459,2024,11,64,1-11-2024-064-08,8,4,1,22:04,3,1,3,19,2,1,3,2,2,95,95,95,95,95,95,95,0,1,0,102.496716685917,8,9
2402460,2024,11,65,1-11-2024-065-02,2,5,3,17:00,1,2,4,34,2,1,3,2,9,95,95,95,95,95,95,95,1,1,0,30.7614595081659,8,9
2402462,2024,11,67,1-11-2024-067-05,5,5,7,11:45,5,4,9,97,1,0,8,2,2,95,95,95,95,95,95,95,5,1,0,31.8812723055547,8,9
2402463,2024,24,60,1-24-2024-060-05,5,5,3,22:56,2,1,1,1,1,0,4,1,2,95,95,95,95,95,95,95,0,1,0,24.2721053029394,1,9
2402467,2024,60,27,1-60-2024-027-03,3,5,5,15:07,2,2,1,2,2,0,4,2,2,95,95,95,95,95,95,95,4,1,0,280.060454683104,8,9
2402468,2024,60,28,1-60-2024-028-08,8,5,7,21:05,2,2,2,4,1,0,4,2,2,95,95,95,95,95,95,95,1,1,0,185.214591514808,8,9
2402469,2024,59,78,1-59-2024-078-06,6,5,6,10:28,1,2,2,5,1,0,4,2,2,95,95,95,95,95,95,95,4,1,0,109.268934732202,6,9
2402470,2024,25,58,1-25-2024-058-07,7,5,3,07:35,1,2,0,0,0,0,0,2,2,95,95,95,95,95,95,95,4,1,0,1918.87435484635,2,9
2402471,2024,25,59,1-25-2024-059-03,3,5,6,17:52,2,3,1,1,1,0,4,2,2,95,95,95,95,95,95,95,4,1,0,131.732067428066,2,9
2402473,2024,16,71,1-16-2024-071-08,8,5,7,17:20,4,1,3,19,1,1,3,2,1,95,95,95,95,95,95,95,0,1,0,141.159951518595,5,9
2402474,2024,16,72,1-16-2024-072-03,3,5,4,18:20,1,2,9,97,1,0,8,9,9,95,95,95,95,95,95,95,4,1,0,168.955904269261,5,9
2402475,2024,16,73,1-16-2024-073-05,5,4,3,19:06,2,2,4,34,6,2,3,1,9,95,95,95,95,95,95,95,4,1,0,20.0376937444827,5,9
2402476,2024,16,74,1-16-2024-074-03,3,5,7,00:15,2,2,99,99,0,0,0,9,9,95,95,95,95,95,95,95,4,1,0,168.955904269261,5,9
2402477,2024,76,64,1-76-2024-064-04,4,4,1,21:20,4,1,0,0,0,0,0,9,9,95,95,95,95,95,95,95,0,1,0,139.059394351881,3,9
2402478,2024,76,65,1-76-2024-065-04,4,4,2,22:30,4,1,0,0,0,0,0,9,9,95,95,95,95,95,95,95,0,1,0,139.059394351881,3,9
2402479,2024,76,66,1-76-2024-066-03,3,4,7,00:26,7,1,99,99,0,0,4,9,9,95,95,95,95,95,95,95,0,1,0,71.5495535595937,3,9
2402481,2024,14,39,1-14-2024-039-02,2,5,3,07:48,1,2,1,1,2,0,4,9,9,95,95,95,95,95,95,95,4,1,0,73.7387227230028,8,9
2402484,2024,28,73,1-28-2024-073-08,8,5,3,15:45,1,1,2,12,1,0,3,1,2,95,95,95,95,95,95,95,0,1,0,48.0385140677194,3,9
2402486,2024,28,75,1-28-2024-075-09,9,5,4,16:02,1,2,1,1,1,0,4,2,2,95,95,95,95,95,95,95,4,1,0,34.7771381559099,3,9
2402488,2024,32,87,1-32-2024-087-02,2,5,6,06:22,2,2,9,97,1,0,8,2,2,95,95,95,95,95,95,95,4,1,0,6.60426747006496,7,9
2402489,2024,32,88,1-32-2024-088-03,3,5,6,01:25,1,2,9,97,2,0,9,2,2,95,95,95,95,95,95,95,4,1,0,332.353332078875,7,9
2402490,2024,32,89,1-32-2024-089-08,8,5,2,22:17,1,1,5,43,1,1,3,2,2,95,95,95,95,95,95,95,0,1,0,231.943348479395,7,9
2402491,2024,24,64,1-24-2024-064-03,3,5,5,12:14,1,2,1,2,1,0,4,2,2,95,95,95,95,95,95,95,4,1,0,25.0633899458079,1,9
2402492,2024,24,65,1-24-2024-065-06,6,5,7,11:25,1,2,9,97,1,0,4,2,2,95,95,95,95,95,95,95,4,1,0,51.619954276736,1,9
2402494,2024,28,76,1-28-2024-076-10,10,5,4,16:33,1,2,0,0,0,0,0,2,2,95,95,95,95,95,95,95,1,1,0,107.424481206042,3,9
2402495,2024,27,78,1-27-2024-078-07,7,5,3,21:48,1,2,0,0,0,0,0,1,9,95,95,95,95,95,95,95,4,1,0,137.676425410893,3,9
2402496,2024,27,79,1-27-2024-079-04,4,5,1,11:24,1,2,0,0,0,0,0,2,2,95,95,95,95,95,95,95,1,1,0,35.25547423971,3,9
2402497,2024,27,80,1-27-2024-080-04,4,5,2,06:52,1,2,0,0,0,0,0,2,9,95,95,95,95,95,95,95,4,1,0,35.25547423971,3,9
2402498,2024,27,81,1-27-2024-081-04,4,5,4,17:26,1,2,0,0,0,0,4,2,2,95,95,95,95,95,95,95,6,1,0,41.9395991935004,3,9
2402499,2024,14,41,1-14-2024-041-08,8,5,3,17:47,1,1,5,27,1,1,3,2,2,95,95,95,95,95,95,95,0,1,0,428.571341548465,8,9
2402500,2024,28,77,1-28-2024-077-10,10,5,7,00:08,2,1,0,0,0,0,0,2,2,95,95,95,95,95,95,95,0,1,0,107.424481206042,3,9
2402501,2024,76,68,1-76-2024-068-04,4,5,4,20:45,2,2,1,1,1,0,0,9,9,95,95,95,95,95,95,95,1,1,0,139.059394351881,3,9
2402502,2024,32,90,1-32-2024-090-NM1,21,4,5,00:52,4,2,1,1,1,0,4,2,2,6,75,1,1,1,1,1,0,1,1,20.533614820255,7,9
2402503,2024,77,85,1-77-2024-085-03,3,5,7,17:38,1,2,99,99,0,0,9,2,2,95,95,95,95,95,95,95,6,1,0,78.5516932728452,9,9
2402504,2024,82,60,1-82-2024-060-03,3,5,4,21:22,3,2,1,1,1,0,4,2,2,95,95,95,95,95,95,95,4,1,0,137.604950474991,1,9
2402505,2024,82,61,1-82-2024-061-04,4,5,6,23:10,1,2,1,1,1,0,4,2,2,95,95,95,95,95,95,95,4,1,0,518.664931190454,1,9
2402506,2024,82,62,1-82-2024-062-04,4,5,6,18:39,1,2,0,0,0,0,0,2,2,95,95,95,95,95,95,95,4,1,0,518.664931190454,1,9
2402507,2024,21,50,1-21-2024-050-04,4,5,2,02:23,1,1,0,0,0,0,4,1,2,95,95,95,95,95,95,95,0,1,0,741.235651123892,11,9
2402508,2024,21,51,1-21-2024-051-01,1,3,6,02:10,2,2,4,24,1,1,1,1,1,95,95,95,95,95,95,95,0,1,0,27.0964164405186,11,9
2402509,2024,26,69,1-26-2024-069-03,3,5,6,13:15,7,2,1,1,2,0,4,1,9,95,95,95,95,95,95,95,1,1,0,516.533434577292,10,9
2402511,2024,15,94,1-15-2024-094-05,5,5,5,13:10,1,2,1,1,2,0,4,9,9,95,95,95,95,95,95,95,4,1,0,13.6400789963135,1,9
2402512,2024,15,95,1-15-2024-095-06,6,5,5,17:00,2,2,1,1,1,0,4,9,9,95,95,95,95,95,95,95,4,1,0,43.2610064423603,1,9
2402515,2024,22,71,1-22-2024-071-NM2,22,4,5,21:03,1,1,95,95,95,95,95,9,9,1,1,1,0,5,9,9,0,0,1,85.2845477308788,12,9
2402516,2024,22,72,1-22-2024-072-07,7,4,4,07:52,1,2,0,0,0,0,0,2,2,95,95,95,95,95,95,95,4,1,0,320.679448827605,12,9
2402517,2024,26,71,1-26-2024-071-06,6,5,4,21:10,1,1,1,1,1,0,6,2,2,95,95,95,95,95,95,95,0,1,0,1607.26436090595,10,9
2402518,2024,73,76,1-73-2024-076-09,9,5,7,15:35,1,2,1,2,2,0,4,2,2,95,95,95,95,95,95,95,4,1,0,86.2205940175703,3,9
2402519,2024,11,68,1-11-2024-068-03,3,4,3,10:25,1,2,0,0,0,0,4,2,2,95,95,95,95,95,95,95,4,1,0,128.168017616031,8,9
2402520,2024,15,98,1-15-2024-098-03,3,5,6,22:30,4,1,1,1,1,0,4,2,2,95,95,95,95,95,95,95,0,1,0,11.6786128984979,1,9
2402521,2024,15,99,1-15-2024-099-04,4,5,2,14:45,1,2,99,99,0,0,0,9,9,95,95,95,95,95,95,95,5,1,0,44.3900245469225,1,9
2402522,2024,66,56,1-66-2024-056-09,9,4,3,01:52,1,1,1,1,1,0,4,9,9,95,95,95,95,95,95,95,0,1,0,387.906116034488,6,9
2402523,2024,66,57,1-66-2024-057-03,3,4,6,18:23,2,2,1,1,1,0,4,2,9,95,95,95,95,95,95,95,4,1,0,79.4686416678806,6,9
2402524,2024,31,47,1-31-2024-047-04,4,5,7,15:06,4,2,1,1,1,0,0,9,9,95,95,95,95,95,95,95,4,1,0,222.052598299916,6,9
2402525,2024,31,48,1-31-2024-048-08,8,5,7,04:50,2,1,2,5,1,0,4,1,2,95,95,95,95,95,95,95,0,1,0,222.937813489072,6,9
2402526,2024,31,49,1-31-2024-049-04,4,5,4,16:35,2,2,1,1,1,0,4,2,2,95,95,95,95,95,95,95,1,1,0,222.052598299916,6,9
2402527,2024,30,86,1-30-2024-086-04,4,5,4,12:52,1,2,99,99,0,0,0,2,2,95,95,95,95,95,95,95,4,1,0,672.123046517079,10,9
2402528,2024,77,86,1-77-2024-086-08,8,5,1,18:39,2,2,1,1,1,0,3,2,1,95,95,95,95,95,95,95,1,1,0,921.984007928312,9,9
2402529,2024,77,87,1-77-2024-087-05,5,5,5,18:40,2,1,1,1,1,0,4,1,9,95,95,95,95,95,95,95,0,1,0,102.779303519387,9,9
2402530,2024,81,51,1-81-2024-051-06,6,5,7,03:15,1,2,1,2,1,0,4,9,9,95,95,95,95,95,95,95,4,1,0,3112.81222309498,8,9
2402531,2024,81,52,1-81-2024-052-02,2,5,7,05:13,3,1,2,5,1,0,4,1,2,95,95,95,95,95,95,95,0,1,0,19.0849903848337,8,9
2402532,2024,81,53,1-81-2024-053-05,5,5,4,23:37,4,2,2,5,3,0,3,1,1,95,95,95,95,95,95,95,4,1,0,99.6602400903238,8,9
2402533,2024,24,67,1-24-2024-067-03,3,5,4,12:14,1,2,1,1,2,0,4,2,2,95,95,95,95,95,95,95,4,1,0,122.594712962901,1,9
2402534,2024,24,68,1-24-2024-068-03,3,4,6,09:02,3,2,9,97,2,0,9,2,2,95,95,95,95,95,95,95,4,1,0,122.594712962901,1,9
2402535,2024,24,69,1-24-2024-069-NM1,21,5,7,23:44,2,2,0,0,0,0,4,9,9,6,75,1,1,1,1,2,1,1,1,23.1726143074507,1,9
2402536,2024,11,69,1-11-2024-069-05,5,4,6,19:31,1,1,2,5,1,0,3,1,2,95,95,95,95,95,95,95,0,1,0,31.8812723055547,8,9
2402538,2024,11,71,1-11-2024-071-06,6,5,6,07:00,3,3,1,1,1,0,4,2,2,95,95,95,95,95,95,95,4,1,0,486.399762010129,8,9
2402539,2024,16,75,1-16-2024-075-03,3,5,7,22:57,1,2,0,0,0,0,0,2,2,95,95,95,95,95,95,95,4,1,0,219.428438294404,5,9
2402540,2024,16,76,1-16-2024-076-07,7,5,3,11:34,1,2,0,0,0,0,0,2,2,95,95,95,95,95,95,95,4,1,0,2767.5337479497,5,9
2402541,2024,16,77,1-16-2024-077-02,2,5,1,04:33,3,1,3,27,1,1,3,1,2,95,95,95,95,95,95,95,0,1,0,15.1092509057653,5,9
2402542,2024,16,78,1-16-2024-078-NM1,21,5,5,12:31,1,1,0,0,0,0,0,9,9,1,1,1,0,6,2,2,0,1,1,21.9314980825962,5,9
2402543,2024,25,60,1-25-2024-060-NM1,21,5,3,22:08,1,1,0,0,0,0,0,9,9,4,34,1,1,3,2,1,0,1,1,46.3961698932894,2,9
2402544,2024,25,61,1-25-2024-061-05,5,5,7,15:36,3,3,1,1,1,0,3,2,2,95,95,95,95,95,95,95,0,1,0,58.3080787044777,2,9
2402545,2024,25,62,1-25-2024-062-01,1,5,7,21:55,4,1,2,9,1,1,1,1,1,95,95,95,95,95,95,95,0,1,0,37.8996534757413,2,9
2402546,2024,25,63,1-25-2024-063-03,3,5,1,18:35,11,1,2,5,1,0,3,2,2,95,95,95,95,95,95,95,0,1,0,215.935567447783,2,9
2402547,2024,59,79,1-59-2024-079-NM1,21,5,6,22:45,1,1,0,0,0,0,0,2,1,5,35,1,1,1,1,1,0,1,1,62.3822922049643,6,9
2402548,2024,59,80,1-59-2024-080-07,7,5,2,09:56,2,2,0,0,0,0,0,2,2,95,95,95,95,95,95,95,1,1,0,3264.31231301046,6,9
2402549,2024,60,29,1-60-2024-029-03,3,5,1,03:55,5,1,0,0,0,0,4,2,2,95,95,95,95,95,95,95,0,1,0,470.926036174307,8,9
2402550,2024,62,66,1-62-2024-066-03,3,5,2,12:41,3,2,1,1,2,0,5,9,9,95,95,95,95,95,95,95,4,1,0,324.669436286919,7,9
2402551,2024,62,67,1-62-2024-067-03,3,5,2,17:40,1,2,0,0,0,0,3,9,9,95,95,95,95,95,95,95,1,1,0,324.669436337887,7,9
2402552,2024,62,68,1-62-2024-068-06,6,5,2,12:44,1,2,1,1,2,0,4,9,9,95,95,95,95,95,95,95,4,1,0,1202.67078844342,7,9
2402553,2024,14,42,1-14-2024-042-04,4,5,5,13:41,1,2,1,1,1,0,0,9,9,95,95,95,95,95,95,95,4,1,0,528.191248764713,8,9
2402554,2024,14,43,1-14-2024-043-03,3,5,7,18:46,6,3,1,2,1,0,4,9,9,95,95,95,95,95,95,95,5,1,0,129.983928112495,8,9
2402557,2024,73,77,1-73-2024-077-09,9,5,4,09:43,2,1,9,97,1,0,0,2,9,95,95,95,95,95,95,95,0,1,0,37.2128206324797,3,9
2402558,2024,73,78,1-73-2024-078-06,6,5,1,04:04,2,1,0,0,0,0,0,9,9,95,95,95,95,95,95,95,0,1,0,37.0946854309253,3,9
2402559,2024,73,79,1-73-2024-079-06,6,5,4,06:50,2,1,1,2,1,0,4,9,9,95,95,95,95,95,95,95,0,1,0,37.0946854309253,3,9
2402560,2024,73,80,1-73-2024-080-04,4,5,2,14:52,1,1,0,0,0,0,0,9,9,95,95,95,95,95,95,95,0,1,0,38.9268584589882,3,9
2402561,2024,54,64,1-54-2024-064-10,10,5,3,17:15,1,1,1,1,1,0,0,2,2,95,95,95,95,95,95,95,0,1,0,446.109905627319,9,9
2402562,2024,54,65,1-54-2024-065-10,10,5,5,17:30,1,2,99,99,0,0,9,2,2,95,95,95,95,95,95,95,4,1,0,446.109905627319,9,9
2402563,2024,54,66,1-54-2024-066-07,7,5,2,15:02,1,2,1,1,3,0,4,2,2,95,95,95,95,95,95,95,4,1,0,163.639088013261,9,9
2402564,2024,54,67,1-54-2024-067-06,6,5,7,12:01,1,2,1,2,2,0,4,2,2,95,95,95,95,95,95,95,4,1,0,154.880686626287,9,9
2402565,2024,79,54,1-79-2024-054-09,9,5,4,17:34,2,3,99,99,0,0,0,9,9,95,95,95,95,95,95,95,4,1,0,134.548153434236,8,9
2402566,2024,79,55,1-79-2024-055-03,3,5,3,14:54,1,1,2,5,4,0,4,1,9,95,95,95,95,95,95,95,0,1,0,104.756877618907,8,9
2402567,2024,79,56,1-79-2024-056-03,3,5,4,13:30,2,2,0,0,0,0,4,9,9,95,95,95,95,95,95,95,4,1,0,104.756877618907,8,9
2402568,2024,32,91,1-32-2024-091-02,2,5,1,11:47,1,2,4,34,7,3,3,2,1,95,95,95,95,95,95,95,2,1,0,8.87466508682347,7,9
2402569,2024,32,92,1-32-2024-092-02,2,5,7,22:35,1,2,9,97,1,0,8,2,2,95,95,95,95,95,95,95,4,1,0,8.87466508682347,7,9
2402570,2024,32,93,1-32-2024-093-05,5,5,3,07:40,2,3,3,10,2,1,3,2,2,95,95,95,95,95,95,95,4,1,0,52.966553872157,7,9
2402571,2024,32,94,1-32-2024-094-NM1,21,5,6,23:51,1,1,0,0,0,0,0,9,9,5,33,1,1,1,1,1,0,1,1,27.5926066558606,7,9
2402572,2024,11,72,1-11-2024-072-06,6,4,5,15:39,1,1,99,99,0,0,0,2,2,95,95,95,95,95,95,95,0,1,0,486.399762010129,8,9
2402573,2024,48,81,1-48-2024-081-04,4,5,3,06:15,1,1,0,0,0,0,0,2,2,95,95,95,95,95,95,95,0,1,0,97.455715732025,12,9
2402575,2024,48,83,1-48-2024-083-05,5,5,6,10:23,1,2,1,3,2,0,4,1,1,95,95,95,95,95,95,95,2,1,0,80.9035530796695,12,9
2402576,2024,48,84,1-48-2024-084-06,6,5,4,16:45,3,2,9,97,1,0,0,2,2,95,95,95,95,95,95,95,5,1,0,86.4307074675267,12,9
2402577,2024,18,79,1-18-2024-079-04,4,5,7,10:30,1,1,0,0,0,0,0,2,2,95,95,95,95,95,95,95,0,1,0,625.757719783489,6,9
2402578,2024,18,80,1-18-2024-080-03,3,5,2,10:34,1,2,0,0,0,0,0,2,2,95,95,95,95,95,95,95,4,1,0,98.0295171801001,6,9
2402579,2024,66,58,1-66-2024-058-09,9,5,7,01:19,2,1,2,5,1,0,6,1,1,95,95,95,95,95,95,95,0,1,0,397.922793243727,6,9
2402580,2024,66,59,1-66-2024-059-06,6,5,6,21:08,2,1,2,9,1,0,6,9,9,95,95,95,95,95,95,95,0,1,0,204.29526374419,6,9
2402581,2024,23,38,1-23-2024-038-05,5,5,2,14:46,1,2,2,4,1,0,4,2,2,95,95,95,95,95,95,95,4,1,0,90.2911220733979,5,9
2402582,2024,23,39,1-23-2024-039-05,5,5,2,15:40,3,3,2,9,3,0,3,2,2,95,95,95,95,95,95,95,4,1,0,90.2911220733979,5,9
2402585,2024,30,89,1-30-2024-089-06,6,5,2,08:46,1,2,1,1,2,0,4,2,2,95,95,95,95,95,95,95,4,1,0,596.170650700589,10,9
2402587,2024,12,43,1-12-2024-043-06,6,5,2,08:32,1,2,1,2,1,0,4,2,2,95,95,95,95,95,95,95,4,1,0,287.082871095674,9,9
2402588,2024,12,44,1-12-2024-044-03,3,5,5,16:01,1,2,1,1,1,0,6,2,2,95,95,95,95,95,95,95,4,1,0,164.057323491007,9,9
2402589,2024,33,42,1-33-2024-042-NM2,22,5,7,14:40,1,1,95,95,95,95,95,9,9,2,9,1,0,3,2,2,0,0,1,361.093515754961,12,9
2402590,2024,33,43,1-33-2024-043-05,5,5,5,17:35,5,3,1,1,4,0,4,1,2,95,95,95,95,95,95,95,1,1,0,25.3427821602115,12,9
2402591,2024,30,88,1-30-2024-088-04,4,5,4,17:15,2,3,1,1,1,0,4,2,2,95,95,95,95,95,95,95,4,1,0,895.255206028748,10,9
2402592,2024,57,53,1-57-2024-053-08,8,5,1,02:13,1,1,99,99,0,0,9,9,9,95,95,95,95,95,95,95,0,1,0,178.816742254017,1,9
2402593,2024,57,54,1-57-2024-054-NM2,22,5,7,01:16,1,1,95,95,95,95,95,9,9,1,1,1,0,8,9,1,0,0,1,570.311860030331,1,9
2402595,2024,13,62,1-13-2024-062-04,4,5,6,07:56,3,3,0,0,0,0,0,9,9,95,95,95,95,95,95,95,4,1,0,4837.27702379894,7,9
2402596,2024,13,63,1-13-2024-063-03,3,5,7,19:08,3,1,99,99,0,0,9,9,9,95,95,95,95,95,95,95,0,1,0,1105.97796358411,7,9
2402598,2024,27,83,1-27-2024-083-09,9,5,2,16:58,1,2,1,3,1,0,4,2,2,95,95,95,95,95,95,95,4,1,0,66.9899073939104,3,9
2402599,2024,27,84,1-27-2024-084-03,3,5,2,17:32,2,2,1,2,2,0,4,2,2,95,95,95,95,95,95,95,4,1,0,11.8514312322575,3,9
2402600,2024,27,85,1-27-2024-085-04,4,5,4,16:25,1,2,0,0,0,0,0,2,9,95,95,95,95,95,95,95,4,1,0,62.1772130420229,3,9
2402601,2024,69,47,1-69-2024-047-05,5,5,1,15:30,1,1,2,4,1,0,8,2,2,95,95,95,95,95,95,95,0,1,0,20.2105701272305,8,9
2402602,2024,69,48,1-69-2024-048-05,5,5,1,06:30,1,1,9,97,1,0,8,2,2,95,95,95,95,95,95,95,0,1,0,20.2105701272305,8,9
2402603,2024,69,49,1-69-2024-049-02,2,5,1,14:59,4,3,1,1,3,0,8,2,2,95,95,95,95,95,95,95,1,1,0,7.30201599951961,8,9
2402604,2024,48,85,1-48-2024-085-07,7,5,2,15:30,2,1,0,0,0,0,0,2,2,95,95,95,95,95,95,95,0,1,0,381.022517786952,12,9
2402605,2024,17,83,1-17-2024-083-06,6,5,7,13:46,1,2,1,1,1,0,4,2,2,95,95,95,95,95,95,95,4,1,0,73.4743141718764,4,9
2402607,2024,17,85,1-17-2024-085-07,7,5,5,23:40,3,1,0,0,0,0,0,2,2,95,95,95,95,95,95,95,0,1,0,199.170885189555,4,9
2402608,2024,17,86,1-17-2024-086-07,7,5,7,10:58,3,1,0,0,0,0,0,2,2,95,95,95,95,95,95,95,0,1,0,199.170885189555,4,9
2402610,2024,22,74,1-22-2024-074-07,7,5,7,11:50,1,2,0,0,0,0,0,9,2,95,95,95,95,95,95,95,4,1,0,33.5836093550638,12,9
2402611,2024,22,75,1-22-2024-075-10,10,5,1,10:05,2,1,0,0,0,0,0,2,2,95,95,95,95,95,95,95,0,1,0,185.561788413348,12,9
2402612,2024,22,76,1-22-2024-076-07,7,5,3,11:26,1,2,1,1,1,0,0,2,2,95,95,95,95,95,95,95,4,1,0,33.5836093550638,12,9
2402613,2024,26,72,1-26-2024-072-05,5,4,4,20:00,8,2,3,17,4,2,3,1,2,95,95,95,95,95,95,95,4,1,0,25.3090641429021,10,9
2402615,2024,26,74,1-26-2024-074-01,1,2,1,15:34,8,3,3,19,3,3,1,1,1,95,95,95,95,95,95,95,5,1,0,32.4753608539726,10,9
2402616,2024,26,75,1-26-2024-075-02,2,5,1,17:13,1,1,1,1,4,0,4,2,2,95,95,95,95,95,95,95,0,1,0,21.1529220587709,10,9
2402617,2024,10,36,1-10-2024-036-03,3,5,2,17:07,1,2,1,1,1,0,5,2,2,95,95,95,95,95,95,95,4,1,0,150.425980569647,4,9
2402618,2024,31,50,1-31-2024-050-07,7,5,6,00:34,1,1,0,0,0,0,0,9,9,95,95,95,95,95,95,95,0,1,0,247.070263933881,6,9
2402619,2024,31,51,1-31-2024-051-07,7,5,2,16:05,1,2,0,0,0,0,6,9,9,95,95,95,95,95,95,95,9,1,0,247.070263933881,6,9
2402620,2024,31,52,1-31-2024-052-NM2,22,5,7,17:00,1,1,95,95,95,95,95,2,2,9,97,1,0,8,2,2,0,0,1,197.377933176122,6,9
2402621,2024,31,53,1-31-2024-053-07,7,5,2,01:53,1,1,0,0,0,0,0,2,2,95,95,95,95,95,95,95,0,1,0,247.070263933881,6,9
2402622,2024,20,73,1-20-2024-073-06,6,5,1,09:40,3,3,1,1,1,0,4,2,2,95,95,95,95,95,95,95,4,1,0,221.879376426078,11,9
2402623,2024,20,74,1-20-2024-074-08,8,5,6,14:57,1,1,2,12,1,0,3,2,2,95,95,95,95,95,95,95,0,1,0,60.8614872836384,11,9
2402624,2024,20,75,1-20-2024-075-07,7,5,7,20:40,1,1,0,0,0,0,0,2,2,95,95,95,95,95,95,95,0,1,0,805.096148362308,11,9
2402625,2024,21,52,1-21-2024-052-NM2,22,5,4,20:03,1,1,95,95,95,95,95,9,9,6,75,1,1,1,1,1,0,0,1,1946.80039165077,11,9
2402627,2024,28,78,1-28-2024-078-10,10,5,4,13:28,4,1,0,0,0,0,0,2,2,95,95,95,95,95,95,95,0,1,0,80.5683609045318,3,9
2402628,2024,28,79,1-28-2024-079-06,6,5,5,19:37,2,2,2,5,3,0,3,2,2,95,95,95,95,95,95,95,4,1,0,44.5186799027896,3,9
2402629,2024,28,80,1-28-2024-080-07,7,5,1,22:16,1,1,1,1,1,0,0,2,2,95,95,95,95,95,95,95,0,1,0,44.330330715033,3,9
2402631,2024,15,101,1-15-2024-101-04,4,5,1,06:40,1,1,1,1,1,0,0,9,9,95,95,95,95,95,95,95,0,1,0,60.8903261931205,1,9
2402632,2024,15,102,1-15-2024-102-09,9,5,4,19:45,1,2,0,0,0,0,4,9,9,95,95,95,95,95,95,95,4,1,0,173.566298867712,1,9
2402634,2024,27,86,1-27-2024-086-09,9,5,5,18:27,3,2,2,5,1,0,4,2,2,95,95,95,95,95,95,95,6,1,0,66.9899073843268,3,9
2402635,2024,29,20,1-29-2024-020-03,3,5,7,06:43,1,2,1,1,2,0,4,2,2,95,95,95,95,95,95,95,4,1,0,3602.43861104245,2,9
2402636,2024,26,76,1-26-2024-076-03,3,5,2,21:37,2,1,1,1,1,0,9,1,9,95,95,95,95,95,95,95,0,1,0,255.743331484343,10,9
2402637,2024,57,55,1-57-2024-055-05,5,5,1,02:30,4,2,9,97,2,0,8,9,9,95,95,95,95,95,95,95,4,1,0,22.7674640300694,1,9
2402638,2024,82,63,1-82-2024-063-NM2,22,4,3,16:49,1,1,95,95,95,95,95,2,2,9,97,1,0,8,2,2,0,0,1,317.115950685831,1,9
2402639,2024,82,64,1-82-2024-064-03,3,5,5,17:50,1,1,1,1,2,0,4,2,2,95,95,95,95,95,95,95,0,1,0,140.978923511683,1,9
2402640,2024,82,65,1-82-2024-065-04,4,5,1,03:27,3,1,0,0,0,0,0,2,2,95,95,95,95,95,95,95,0,1,0,531.382217055759,1,9
2402641,2024,30,91,1-30-2024-091-03,3,5,7,09:06,1,2,0,0,0,0,5,2,2,95,95,95,95,95,95,95,4,1,0,191.593916555459,10,9
2402642,2024,15,104,1-15-2024-104-04,4,5,2,15:12,1,2,0,0,0,0,0,9,9,95,95,95,95,95,95,95,1,1,0,60.8903261931205,1,9
2402643,2024,15,105,1-15-2024-105-03,3,5,5,18:10,3,2,0,0,0,0,4,9,9,95,95,95,95,95,95,95,5,1,0,16.0196926261441,1,9
2402644,2024,10,37,1-10-2024-037-03,3,5,3,17:03,1,2,2,6,1,0,4,2,2,95,95,95,95,95,95,95,1,1,0,150.425980586893,4,9
2402646,2024,22,77,1-22-2024-077-07,7,5,7,08:22,1,2,0,0,0,0,0,2,2,95,95,95,95,95,95,95,4,1,0,33.5836093550638,12,9
2402647,2024,30,92,1-30-2024-092-07,7,5,4,13:39,1,2,0,0,0,0,0,2,2,95,95,95,95,95,95,95,4,1,0,2139.78782409128,10,9
2402648,2024,21,54,1-21-2024-054-05,5,5,7,20:50,2,3,3,10,3,2,3,2,1,95,95,95,95,95,95,95,1,1,0,70.1357227732136,11,9
2402649,2024,59,81,1-59-2024-081-04,4,5,6,18:48,1,1,0,0,0,0,0,2,2,95,95,95,95,95,95,95,0,1,0,383.660096561764,6,9
2402650,2024,59,82,1-59-2024-082-03,3,5,6,12:09,2,2,1,1,1,0,4,2,2,95,95,95,95,95,95,95,9,1,0,65.6670720122915,6,9
2402651,2024,59,83,1-59-2024-083-06,6,5,5,12:14,1,2,1,1,1,0,6,2,2,95,95,95,95,95,95,95,4,1,0,331.808126614185,6,9
2402652,2024,59,84,1-59-2024-084-02,2,5,5,21:08,2,1,2,5,1,0,3,2,2,95,95,95,95,95,95,95,0,1,0,48.7900687173874,6,9
2402653,2024,62,69,1-62-2024-069-10,10,5,4,14:12,1,2,0,0,0,0,0,9,9,95,95,95,95,95,95,95,4,1,0,24230.4540548434,7,9
2402655,2024,62,71,1-62-2024-071-02,2,5,5,00:56,5,2,3,10,2,1,3,1,1,95,95,95,95,95,95,95,4,1,0,27.4104501869369,7,9
2402656,2024,62,72,1-62-2024-072-07,7,5,5,16:33,3,3,0,0,0,0,0,9,9,95,95,95,95,95,95,95,1,1,0,9477.86502709377,7,9
2402657,2024,81,54,1-81-2024-054-02,2,5,4,15:13,3,3,1,1,1,0,4,9,2,95,95,95,95,95,95,95,1,1,0,25.1247007399858,8,9
2402658,2024,81,55,1-81-2024-055-03,3,5,4,06:40,1,2,0,0,0,0,0,2,2,95,95,95,95,95,95,95,1,1,0,1264.37610927601,8,9
2402659,2024,81,56,1-81-2024-056-05,5,5,6,15:38,2,3,1,2,2,0,3,1,2,95,95,95,95,95,95,95,4,1,0,149.951440673758,8,9
2402660,2024,10,38,1-10-2024-038-06,6,5,5,02:42,1,1,2,4,1,0,4,1,2,95,95,95,95,95,95,95,0,1,0,442.929995109051,4,9
2402661,2024,10,39,1-10-2024-039-NM2,22,5,3,22:09,1,1,95,95,95,95,95,2,2,2,5,1,0,4,2,2,0,0,1,340.440602144735,4,9
2402662,2024,77,88,1-77-2024-088-08,8,5,5,16:09,4,1,9,97,1,0,5,2,2,95,95,95,95,95,95,95,0,1,0,298.453823036908,9,9
2402663,2024,77,89,1-77-2024-089-09,9,6,7,06:17,2,1,0,0,0,0,0,2,2,95,95,95,95,95,95,95,0,1,0,2133.28526235266,9,9
2402664,2024,77,90,1-77-2024-090-02,2,5,4,19:40,6,2,3,17,1,1,3,1,1,95,95,95,95,95,95,95,5,1,0,83.1566199866033,9,9
2402665,2024,77,91,1-77-2024-091-02,2,5,3,12:20,2,2,4,17,1,1,1,2,2,95,95,95,95,95,95,95,1,1,0,83.1566199866033,9,9
2402668,2024,57,58,1-57-2024-058-01,1,5,2,11:17,2,2,6,75,1,1,1,9,9,95,95,95,95,95,95,95,2,1,0,57.1661146630177,1,9
2402669,2024,48,86,1-48-2024-086-06,6,5,6,22:15,4,1,0,0,0,0,0,2,2,95,95,95,95,95,95,95,0,1,0,266.79512632028,12,9
2402670,2024,48,87,1-48-2024-087-03,3,5,7,11:50,1,1,1,1,1,0,0,2,2,95,95,95,95,95,95,95,0,1,0,54.9604072040948,12,9
2402671,2024,48,88,1-48-2024-088-02,2,5,7,15:49,2,2,2,5,2,0,3,9,9,95,95,95,95,95,95,95,4,1,0,74.210049573419,12,9
2402672,2024,48,89,1-48-2024-089-03,3,5,6,17:48,2,2,2,6,3,0,4,2,2,95,95,95,95,95,95,95,5,1,0,54.9604072040948,12,9
2402673,2024,18,81,1-18-2024-081-03,3,5,3,20:07,2,1,9,97,1,0,0,2,2,95,95,95,95,95,95,95,0,1,0,83.5467084502737,6,9
2402675,2024,54,68,1-54-2024-068-08,8,6,7,08:30,2,1,1,1,2,0,8,1,2,95,95,95,95,95,95,95,0,1,0,161.994257211147,9,9
2402676,2024,54,69,1-54-2024-069-07,7,5,3,08:35,1,2,0,0,0,0,0,2,2,95,95,95,95,95,95,95,4,1,0,163.639088013261,9,9
2402677,2024,54,70,1-54-2024-070-10,10,5,6,18:10,3,1,1,1,1,0,0,2,2,95,95,95,95,95,95,95,0,1,0,446.109905627319,9,9
2402678,2024,54,71,1-54-2024-071-10,10,6,7,20:53,1,2,1,1,2,0,0,2,2,95,95,95,95,95,95,95,4,1,0,446.109905627319,9,9
2402679,2024,13,64,1-13-2024-064-NM1,21,5,3,06:05,1,1,0,0,0,0,0,9,2,3,19,1,1,1,2,1,0,1,1,52.9890988226477,7,9
2402680,2024,13,65,1-13-2024-065-03,3,5,4,17:35,4,1,1,1,1,0,4,9,9,95,95,95,95,95,95,95,0,1,0,1410.16571018734,7,9
2402681,2024,12,45,1-12-2024-045-10,10,5,6,17:10,1,2,0,0,0,0,0,2,2,95,95,95,95,95,95,95,1,1,0,23856.3875606044,9,9
2402682,2024,12,46,1-12-2024-046-02,2,6,7,04:11,3,1,1,1,1,0,4,1,2,95,95,95,95,95,95,95,0,1,0,221.517683883591,9,9
2402683,2024,79,57,1-79-2024-057-03,3,5,4,12:25,2,3,1,2,3,0,4,9,9,95,95,95,95,95,95,95,4,1,0,104.756877618907,8,9
2402684,2024,79,58,1-79-2024-058-07,7,5,4,09:28,1,2,1,1,1,0,8,9,9,95,95,95,95,95,95,95,1,1,0,402.81545554001,8,9
2402685,2024,79,59,1-79-2024-059-04,4,5,4,17:28,1,2,0,0,0,0,9,9,9,95,95,95,95,95,95,95,4,1,0,122.392743355493,8,9
2402686,2024,19,34,1-19-2024-034-01,1,6,7,06:59,2,2,5,38,1,1,1,9,1,95,95,95,95,95,95,95,2,1,0,55.53584624788,9,9
2402687,2024,19,35,1-19-2024-035-05,5,5,4,04:15,2,1,3,22,1,1,3,1,1,95,95,95,95,95,95,95,0,1,0,51.8841213437829,9,9
2402688,2024,18,83,1-18-2024-083-04,4,5,1,21:45,1,1,0,0,0,0,0,2,2,95,95,95,95,95,95,95,0,1,0,533.308734772002,6,9
2402690,2024,73,81,1-73-2024-081-01,1,5,5,14:40,5,1,1,1,1,1,1,9,9,95,95,95,95,95,95,95,0,1,0,29.6045947385831,3,9
2402691,2024,73,82,1-73-2024-082-04,4,5,5,06:41,1,1,0,0,0,0,0,9,9,95,95,95,95,95,95,95,0,1,0,213.655657914421,3,9
2402692,2024,69,50,1-69-2024-050-NM1,21,5,3,04:57,1,1,0,0,0,0,0,2,2,9,97,1,0,8,9,9,0,1,1,7.66811372485411,8,9
2402693,2024,69,51,1-69-2024-051-06,6,5,3,11:07,3,2,9,97,1,0,8,2,2,95,95,95,95,95,95,95,4,1,0,307.380238667037,8,9
2402694,2024,69,52,1-69-2024-052-10,10,5,4,12:15,1,2,0,0,0,0,0,2,2,95,95,95,95,95,95,95,4,1,0,6891.68726879317,8,9
2402695,2024,17,88,1-17-2024-088-07,7,5,3,15:13,1,1,0,0,0,0,0,2,2,95,95,95,95,95,95,95,0,1,0,330.80890829395,4,9
2402696,2024,17,89,1-17-2024-089-NM2,22,5,6,14:25,1,1,95,95,95,95,95,2,2,2,5,1,0,4,2,2,0,0,1,75.2169154133713,4,9
2402697,2024,17,90,1-17-2024-090-06,6,5,3,06:15,1,1,0,0,0,0,0,1,2,95,95,95,95,95,95,95,0,1,0,93.7549707023755,4,9
2402698,2024,17,91,1-17-2024-091-04,4,5,6,01:58,3,1,99,99,0,0,9,9,9,95,95,95,95,95,95,95,0,1,0,107.602978930107,4,9
2402699,2024,33,44,1-33-2024-044-08,8,5,3,06:45,7,1,2,5,1,0,4,2,2,95,95,95,95,95,95,95,0,1,0,80.3410573395999,12,9
2402700,2024,33,45,1-33-2024-045-03,3,5,5,17:09,1,2,1,2,1,0,4,2,2,95,95,95,95,95,95,95,4,1,0,57.6772024603387,12,9
2402702,2024,20,77,1-20-2024-077-NM2,22,5,4,18:45,1,1,95,95,95,95,95,2,2,1,1,1,0,0,2,2,0,0,1,87.941289186377,11,9
2402703,2024,30,93,1-30-2024-093-02,2,5,3,07:44,2,3,3,17,1,1,3,2,2,95,95,95,95,95,95,95,1,1,0,23.3913815537653,10,9
2402704,2024,30,94,1-30-2024-094-05,5,5,7,02:59,3,2,3,13,1,1,3,2,2,95,95,95,95,95,95,95,4,1,0,50.0878076533116,10,9
2402705,2024,30,95,1-30-2024-095-10,10,5,3,11:56,1,2,0,0,0,0,0,2,2,95,95,95,95,95,95,95,4,1,0,24230.4540548434,10,9
2402706,2024,30,96,1-30-2024-096-02,2,5,6,08:09,4,5,3,9,1,1,3,2,1,95,95,95,95,95,95,95,2,1,0,41.0620689400047,10,9
2402707,2024,20,78,1-20-2024-078-04,4,5,4,13:45,1,2,1,1,1,0,6,2,2,95,95,95,95,95,95,95,1,1,0,121.516357559067,11,9
2402708,2024,24,70,1-24-2024-070-04,4,5,4,07:46,3,2,1,1,1,0,4,2,2,95,95,95,95,95,95,95,4,1,0,158.672556058952,1,9
2402710,2024,24,72,1-24-2024-072-04,4,5,5,18:22,1,2,0,0,0,0,0,9,9,95,95,95,95,95,95,95,9,1,0,158.672556058952,1,9
2402712,2024,11,73,1-11-2024-073-06,6,5,5,07:10,2,2,0,0,0,0,0,2,2,95,95,95,95,95,95,95,1,1,0,407.230445375279,8,9
2402713,2024,11,74,1-11-2024-074-07,7,5,3,16:35,3,4,1,2,1,0,4,2,2,95,95,95,95,95,95,95,4,1,0,1887.19969222058,8,9
2402714,2024,11,75,1-11-2024-075-03,3,4,1,09:19,1,2,9,97,2,0,9,2,2,95,95,95,95,95,95,95,1,1,0,109.934722303221,8,9
2402715,2024,11,76,1-11-2024-076-05,5,4,1,12:19,1,2,9,97,2,0,8,2,2,95,95,95,95,95,95,95,4,1,0,31.8812723055547,8,9
2402716,2024,25,64,1-25-2024-064-09,9,5,4,01:16,3,1,99,99,0,0,0,1,2,95,95,95,95,95,95,95,0,1,0,732.639844334841,2,9
2402718,2024,25,66,1-25-2024-066-02,2,6,7,11:15,1,2,1,2,4,0,4,2,2,95,95,95,95,95,95,95,2,1,0,37.9757314185607,2,9
2402719,2024,25,67,1-25-2024-067-06,6,5,5,08:52,1,2,0,0,0,0,5,2,2,95,95,95,95,95,95,95,4,1,0,312.083424999818,2,9
2402720,2024,60,30,1-60-2024-030-01,1,5,5,16:07,2,2,5,38,4,2,1,2,2,95,95,95,95,95,95,95,4,1,0,101.909134009317,8,9
2402721,2024,60,31,1-60-2024-031-03,3,6,7,10:40,2,2,1,1,2,0,4,2,2,95,95,95,95,95,95,95,4,1,0,119.065719555682,8,9
2402723,2024,16,80,1-16-2024-080-06,6,5,7,11:34,1,2,9,97,1,0,5,9,9,95,95,95,95,95,95,95,4,1,0,1779.89514082299,5,9
2402724,2024,16,81,1-16-2024-081-03,3,5,1,02:51,3,3,99,99,0,0,0,9,9,95,95,95,95,95,95,95,4,1,0,480.495209180413,5,9
2402725,2024,16,82,1-16-2024-082-01,1,5,5,06:36,3,2,4,33,2,1,1,9,9,95,95,95,95,95,95,95,4,1,0,60.7845816809239,5,9
2402726,2024,14,44,1-14-2024-044-02,2,5,2,21:21,3,2,2,9,2,0,3,1,1,95,95,95,95,95,95,95,2,1,0,73.7387227230028,8,9
2402727,2024,14,45,1-14-2024-045-05,5,5,2,14:48,1,1,1,1,1,0,4,9,9,95,95,95,95,95,95,95,0,1,0,128.898032008524,8,9
2402728,2024,31,54,1-31-2024-054-09,9,5,5,06:15,1,1,0,0,0,0,5,9,9,95,95,95,95,95,95,95,0,1,0,161.39423315543,6,9
2402729,2024,31,55,1-31-2024-055-07,7,5,5,06:30,1,1,0,0,0,0,0,2,2,95,95,95,95,95,95,95,0,1,0,230.868935151332,6,9
2402730,2024,31,56,1-31-2024-056-10,10,5,3,21:52,1,1,0,0,0,0,0,9,9,95,95,95,95,95,95,95,0,1,0,419.593794787767,6,9
2402731,2024,31,57,1-31-2024-057-04,4,6,7,20:13,1,1,0,0,0,0,0,2,2,95,95,95,95,95,95,95,0,1,0,222.052598299916,6,9
2402732,2024,52,37,1-52-2024-037-03,3,5,7,10:49,1,2,1,1,1,0,0,2,2,95,95,95,95,95,95,95,4,1,0,90.2633842119784,12,9
2402733,2024,16,79,1-16-2024-079-04,4,5,3,11:41,1,2,0,0,0,0,0,9,9,95,95,95,95,95,95,95,4,1,0,1922.69451733979,5,9
2402734,2024,24,74,1-24-2024-074-03,3,5,3,06:13,1,1,4,21,1,1,3,2,2,95,95,95,95,95,95,95,0,1,0,44.3446118602584,1,9
2402735,2024,32,95,1-32-2024-095-03,3,5,2,09:53,2,2,9,97,1,0,0,2,2,95,95,95,95,95,95,95,4,1,0,522.145708532268,7,9
2402736,2024,32,96,1-32-2024-096-02,2,5,5,16:10,2,2,2,5,2,0,3,2,2,95,95,95,95,95,95,95,4,1,0,10.3756742703359,7,9
2402737,2024,32,97,1-32-2024-097-02,2,5,6,17:16,1,2,3,14,1,1,3,2,2,95,95,95,95,95,95,95,4,1,0,10.3756742703359,7,9
2402738,2024,32,98,1-32-2024-098-NM1,21,5,7,13:44,2,1,1,1,1,0,4,2,2,2,5,1,0,3,2,2,0,1,1,72.5717518696977,7,9
2402739,2024,57,60,1-57-2024-060-04,4,1,3,22:27,1,1,99,99,0,0,9,9,9,95,95,95,95,95,95,95,0,1,0,805.938734059482,1,9
2402740,2024,28,81,1-28-2024-081-03,3,5,2,06:01,3,1,0,0,0,0,0,2,2,95,95,95,95,95,95,95,0,1,0,28.3089754479373,3,9
2402741,2024,28,82,1-28-2024-082-10,10,5,4,17:23,1,1,0,0,0,0,0,2,2,95,95,95,95,95,95,95,0,1,0,241.705082713595,3,9
2402742,2024,28,83,1-28-2024-083-03,3,5,4,17:44,1,1,1,1,1,0,4,2,2,95,95,95,95,95,95,95,0,1,0,28.3089754479373,3,9
2402743,2024,28,84,1-28-2024-084-07,7,5,5,12:54,1,1,0,0,0,0,0,2,2,95,95,95,95,95,95,95,0,1,0,44.330330715033,3,9
2402744,2024,76,69,1-76-2024-069-07,7,3,2,12:45,2,1,99,99,0,0,0,9,9,95,95,95,95,95,95,95,0,1,0,72.7960942583928,3,9
2402745,2024,76,70,1-76-2024-070-04,4,3,7,15:50,1,1,0,0,0,0,0,9,9,95,95,95,95,95,95,95,0,1,0,86.4714255045695,3,9
2402746,2024,76,71,1-76-2024-071-04,4,4,4,06:17,1,1,0,0,0,0,0,9,9,95,95,95,95,95,95,95,0,1,0,86.4714255045695,3,9
2402748,2024,76,73,1-76-2024-073-10,10,3,6,10:48,1,2,0,0,0,0,0,9,9,95,95,95,95,95,95,95,5,1,0,149.331494638173,3,9
2402750,2024,82,67,1-82-2024-067-04,4,5,2,09:42,2,2,1,1,1,0,4,2,2,95,95,95,95,95,95,95,4,1,0,193.441668494855,1,9
2402751,2024,82,68,1-82-2024-068-06,6,5,4,07:35,1,2,2,4,1,0,4,2,2,95,95,95,95,95,95,95,4,1,0,159.693073582709,1,9
2402752,2024,26,77,1-26-2024-077-06,6,5,3,01:25,1,1,1,1,1,0,6,1,9,95,95,95,95,95,95,95,0,1,0,1212.84304924603,10,9
2402753,2024,26,78,1-26-2024-078-05,5,5,7,23:15,1,2,1,1,2,0,4,2,2,95,95,95,95,95,95,95,9,1,0,38.5733621819118,10,9
2402754,2024,26,79,1-26-2024-079-NM2,22,5,3,14:50,1,1,95,95,95,95,95,2,2,2,5,1,0,3,2,2,0,0,1,1030.55932741376,10,9
2402755,2024,26,80,1-26-2024-080-NM1,21,5,7,22:40,4,1,0,0,0,0,0,2,2,9,97,1,0,0,2,2,0,1,1,25.7030205312635,10,9
2402757,2024,22,79,1-22-2024-079-01,1,5,7,19:45,2,1,3,17,2,2,1,1,1,95,95,95,95,95,95,95,0,1,0,23.1353338048251,12,9
2402758,2024,22,80,1-22-2024-080-09,9,5,3,10:47,2,3,1,1,1,0,0,2,2,95,95,95,95,95,95,95,1,1,0,30.4373816922877,12,9
2402759,2024,22,81,1-22-2024-081-03,3,6,7,12:34,2,1,1,2,1,0,6,2,2,95,95,95,95,95,95,95,0,1,0,26.0912892801948,12,9
2402760,2024,15,106,1-15-2024-106-04,4,6,1,20:40,1,2,0,0,0,0,0,9,9,95,95,95,95,95,95,95,1,1,0,102.315874179251,1,9
2402762,2024,15,108,1-15-2024-108-08,8,5,1,21:15,1,2,0,0,0,0,4,9,9,95,95,95,95,95,95,95,1,1,0,24.1312824272688,1,9
2402763,2024,15,109,1-15-2024-109-03,3,4,2,08:36,1,2,1,1,2,0,4,9,9,95,95,95,95,95,95,95,4,1,0,26.9183786270974,1,9
2402765,2024,27,88,1-27-2024-088-04,4,5,3,14:00,1,2,0,0,0,0,0,2,2,95,95,95,95,95,95,95,1,1,0,51.5876217780529,3,9
2402766,2024,27,89,1-27-2024-089-03,3,5,7,18:50,1,2,9,97,1,0,9,1,1,95,95,95,95,95,95,95,4,1,0,11.8514312322575,3,9
2402767,2024,27,90,1-27-2024-090-NM2,22,5,1,20:58,1,1,95,95,95,95,95,2,9,1,1,1,0,4,2,2,0,0,1,33.2945661482558,3,9
2402768,2024,21,55,1-21-2024-055-09,9,4,7,19:22,4,1,1,1,1,0,9,2,2,95,95,95,95,95,95,95,0,1,0,8301.38758775643,11,9
2402769,2024,21,56,1-21-2024-056-NM1,21,4,3,04:43,1,1,0,0,0,0,0,2,2,6,75,1,1,1,2,1,0,1,1,32.5426329002838,11,9
2402770,2024,29,21,1-29-2024-021-06,6,5,4,15:06,2,3,99,99,0,0,8,2,2,95,95,95,95,95,95,95,1,1,0,522.262401605033,2,9
2402771,2024,29,22,1-29-2024-022-06,6,5,1,13:40,3,2,9,97,1,0,9,2,2,95,95,95,95,95,95,95,4,1,0,522.262401568166,2,9
2402772,2024,15,110,1-15-2024-110-06,6,5,5,22:00,1,1,0,0,0,0,4,9,9,95,95,95,95,95,95,95,0,1,0,99.7135671483522,1,9
2402773,2024,22,82,1-22-2024-082-07,7,5,7,14:48,4,1,0,0,0,0,0,2,2,95,95,95,95,95,95,95,0,1,0,33.1640801945841,12,9
2402774,2024,82,69,1-82-2024-069-04,4,5,4,22:00,1,2,0,0,0,0,0,2,2,95,95,95,95,95,95,95,5,1,0,193.441668494855,1,9
2402775,2024,62,73,1-62-2024-073-09,9,4,6,06:22,1,2,1,2,1,0,4,9,9,95,95,95,95,95,95,95,4,1,0,6595.93532166569,7,9
2402776,2024,24,75,1-24-2024-075-03,3,5,2,13:45,1,2,1,1,1,0,4,2,2,95,95,95,95,95,95,95,4,1,0,44.3446118602584,1,9
2402777,2024,66,60,1-66-2024-060-07,7,5,5,16:31,1,2,0,0,0,0,0,9,9,95,95,95,95,95,95,95,4,1,0,133.367571576148,6,9
2402778,2024,25,68,1-25-2024-068-04,4,5,1,09:14,2,2,1,1,1,0,4,9,9,95,95,95,95,95,95,95,4,1,0,304.302915274155,2,9
2402779,2024,27,91,1-27-2024-091-09,9,5,4,07:59,1,2,1,1,2,0,4,2,2,95,95,95,95,95,95,95,5,1,0,86.5081412566534,3,9
2402785,2024,59,85,1-59-2024-085-05,5,5,5,08:36,2,2,2,5,3,0,3,2,1,95,95,95,95,95,95,95,4,1,0,53.1907731759788,6,9
2402786,2024,59,86,1-59-2024-086-05,5,6,2,16:10,1,2,4,34,3,1,3,2,2,95,95,95,95,95,95,95,4,1,0,53.1907731759788,6,9
2402787,2024,59,87,1-59-2024-087-06,6,6,5,11:06,1,2,1,1,1,0,4,2,2,95,95,95,95,95,95,95,4,1,0,519.269681478557,6,9
2402790,2024,10,41,1-10-2024-041-03,3,6,3,09:30,3,2,2,4,1,0,4,2,2,95,95,95,95,95,95,95,5,1,0,286.990922966779,4,9
2402791,2024,81,57,1-81-2024-057-02,2,6,7,17:40,1,2,0,0,0,0,3,2,2,95,95,95,95,95,95,95,1,1,0,22.2702980877148,8,9
2402792,2024,81,58,1-81-2024-058-05,5,5,5,16:01,2,2,9,97,1,0,9,2,2,95,95,95,95,95,95,95,5,1,0,132.915544628643,8,9
2402793,2024,81,59,1-81-2024-059-02,2,6,5,22:59,3,2,2,12,3,0,3,1,1,95,95,95,95,95,95,95,4,1,0,22.2702980877148,8,9
2402794,2024,77,92,1-77-2024-092-04,4,6,2,13:10,1,2,1,2,2,0,3,1,2,95,95,95,95,95,95,95,6,1,0,1246.13839964328,9,9
2402795,2024,77,93,1-77-2024-093-08,8,6,7,22:30,4,1,1,1,1,0,4,1,2,95,95,95,95,95,95,95,0,1,0,300.784145666159,9,9
2402796,2024,77,94,1-77-2024-094-06,6,6,3,08:44,1,2,99,99,0,0,0,2,2,95,95,95,95,95,95,95,4,1,0,1126.30186779671,9,9
2402797,2024,77,95,1-77-2024-095-05,5,5,6,16:07,3,2,3,14,3,1,3,2,2,95,95,95,95,95,95,95,9,1,0,90.6570748528622,9,9
2402798,2024,62,74,1-62-2024-074-02,2,5,5,09:34,1,1,9,97,3,0,4,9,9,95,95,95,95,95,95,95,0,1,0,61.2648028245878,7,9
2402801,2024,54,72,1-54-2024-072-01,1,6,5,19:55,4,1,9,97,1,1,1,2,2,95,95,95,95,95,95,95,0,1,0,135.319434123776,9,9
2402802,2024,54,73,1-54-2024-073-09,9,6,7,15:45,1,2,1,3,3,0,4,2,2,95,95,95,95,95,95,95,4,1,0,117.274582131211,9,9
2402803,2024,54,74,1-54-2024-074-10,10,6,1,15:06,1,2,0,0,0,0,0,2,2,95,95,95,95,95,95,95,4,1,0,743.516509378865,9,9
2402804,2024,54,75,1-54-2024-075-10,10,6,5,23:01,1,1,99,99,0,0,0,9,1,95,95,95,95,95,95,95,0,1,0,743.516509378865,9,9
2402805,2024,19,36,1-19-2024-036-06,6,6,2,07:00,1,2,1,1,1,0,4,2,1,95,95,95,95,95,95,95,1,1,0,325.145378458925,9,9
2402806,2024,19,37,1-19-2024-037-03,3,6,4,17:45,3,3,1,1,3,0,5,2,2,95,95,95,95,95,95,95,4,1,0,64.3484690974811,9,9
2402807,2024,62,76,1-62-2024-076-09,9,4,5,18:07,1,2,1,1,1,0,4,9,9,95,95,95,95,95,95,95,4,1,0,12242.3665920591,7,9
2402808,2024,18,84,1-18-2024-084-03,3,5,5,05:00,4,1,1,2,1,0,4,2,2,95,95,95,95,95,95,95,0,1,0,90.7251439638903,6,9
2402809,2024,18,85,1-18-2024-085-06,6,5,6,16:39,1,2,9,97,2,0,0,2,2,95,95,95,95,95,95,95,1,1,0,458.423668559883,6,9
2402811,2024,57,62,1-57-2024-062-02,2,5,6,14:50,1,2,9,97,1,0,8,9,9,95,95,95,95,95,95,95,2,1,0,9.69650235592079,1,9
2402812,2024,57,63,1-57-2024-063-02,2,6,1,02:15,1,2,1,2,3,0,3,1,1,95,95,95,95,95,95,95,2,1,0,12.4176324747354,1,9
2402813,2024,48,90,1-48-2024-090-05,5,5,5,16:09,1,1,2,4,1,0,4,2,2,95,95,95,95,95,95,95,0,1,0,80.9035530796695,12,9
2402814,2024,48,91,1-48-2024-091-10,10,6,4,15:16,1,1,0,0,0,0,0,2,2,95,95,95,95,95,95,95,0,1,0,187.854526060285,12,9
2402816,2024,48,93,1-48-2024-093-05,5,6,4,14:54,2,2,1,2,1,0,4,2,2,95,95,95,95,95,95,95,1,1,0,80.9035530796695,12,9
2402818,2024,73,83,1-73-2024-083-03,3,5,5,17:43,3,2,9,97,1,0,9,9,9,95,95,95,95,95,95,95,4,1,0,51.4655815964126,3,9
2402819,2024,73,84,1-73-2024-084-04,4,5,6,20:30,1,1,0,0,0,0,0,9,9,95,95,95,95,95,95,95,0,1,0,314.155662053995,3,9
2402821,2024,33,46,1-33-2024-046-09,9,6,2,14:18,3,1,9,97,1,0,9,2,2,95,95,95,95,95,95,95,0,1,0,130.804564789054,12,9
2402823,2024,30,97,1-30-2024-097-03,3,5,4,11:08,2,2,0,0,0,0,0,2,2,95,95,95,95,95,95,95,4,1,0,163.896934321295,10,9
2402824,2024,30,98,1-30-2024-098-07,7,5,3,06:46,2,2,0,0,0,0,0,2,2,95,95,95,95,95,95,95,0,1,0,1830.45824632304,10,9
2402825,2024,30,99,1-30-2024-099-03,3,5,6,19:22,3,2,3,13,3,1,3,2,2,95,95,95,95,95,95,95,1,1,0,163.896934306729,10,9
2402826,2024,30,100,1-30-2024-100-08,8,6,7,09:32,2,2,3,14,2,1,3,1,2,95,95,95,95,95,95,95,4,1,0,149.491706481095,10,9
2402827,2024,57,64,1-57-2024-064-06,6,6,1,20:33,1,2,99,99,0,0,8,9,9,95,95,95,95,95,95,95,4,1,0,721.306737429465,1,9
2402829,2024,20,80,1-20-2024-080-03,3,5,2,17:42,1,2,1,1,3,0,4,2,2,95,95,95,95,95,95,95,9,1,0,81.8606256970461,11,9
2402830,2024,69,53,1-69-2024-053-05,5,6,3,14:47,1,2,2,4,3,0,4,2,1,95,95,95,95,95,95,95,4,1,0,11.5280816433101,8,9
2402831,2024,69,54,1-69-2024-054-08,8,6,5,13:05,1,2,3,10,1,1,3,2,2,95,95,95,95,95,95,95,4,1,0,140.380846872428,8,9
2402832,2024,69,55,1-69-2024-055-NM1,21,6,6,04:20,1,1,0,0,0,0,0,2,2,3,17,1,1,3,1,1,0,1,1,7.66811372485411,8,9
2402833,2024,33,48,1-33-2024-048-09,9,5,4,20:10,4,1,1,1,1,0,4,2,2,95,95,95,95,95,95,95,0,1,0,130.804564789054,12,9
2402834,2024,79,60,1-79-2024-060-06,6,6,4,11:42,1,2,1,1,2,0,4,9,9,95,95,95,95,95,95,95,4,1,0,120.772111910736,8,9
2402835,2024,79,61,1-79-2024-061-09,9,6,1,16:40,1,1,99,99,0,0,9,9,9,95,95,95,95,95,95,95,0,1,0,117.957752270952,8,9
2402836,2024,79,62,1-79-2024-062-01,1,6,3,18:49,6,1,3,14,1,1,1,2,2,95,95,95,95,95,95,95,0,1,0,107.802444352875,8,9
2402837,2024,62,77,1-62-2024-077-01,1,5,3,09:40,1,2,3,27,3,2,1,1,1,95,95,95,95,95,95,95,4,1,0,220.699841494875,7,9
2402838,2024,24,76,1-24-2024-076-04,4,5,5,09:50,1,2,1,1,1,0,4,2,2,95,95,95,95,95,95,95,4,1,0,219.729744189396,1,9
2402839,2024,24,77,1-24-2024-077-09,9,5,1,15:41,2,1,1,1,3,0,4,2,2,95,95,95,95,95,95,95,0,1,0,535.356593044099,1,9
2402840,2024,24,78,1-24-2024-078-03,3,5,5,18:38,1,2,3,10,3,1,3,2,2,95,95,95,95,95,95,95,4,1,0,61.4084153169314,1,9
2402841,2024,24,79,1-24-2024-079-NM1,21,5,6,20:22,1,1,1,1,1,0,4,9,9,6,75,1,1,1,1,2,0,1,1,23.1726143074507,1,9
2402842,2024,25,69,1-25-2024-069-06,6,6,2,01:01,6,1,1,2,2,0,4,2,1,95,95,95,95,95,95,95,0,1,0,405.149456343372,2,9
2402843,2024,25,70,1-25-2024-070-03,3,6,5,13:15,1,2,0,0,0,0,6,2,2,95,95,95,95,95,95,95,9,1,0,109.372944716244,2,9
2402844,2024,25,71,1-25-2024-071-04,4,6,1,16:00,1,1,99,99,0,0,9,2,2,95,95,95,95,95,95,95,0,1,0,395.048729962853,2,9
2402845,2024,25,72,1-25-2024-072-01,1,5,6,23:52,2,1,5,50,1,1,1,1,1,95,95,95,95,95,95,95,0,1,0,61.5499933012625,2,9
2402848,2024,60,32,1-60-2024-032-04,4,6,5,21:25,1,2,0,0,0,0,0,2,2,95,95,95,95,95,95,95,4,1,0,1790.24671665072,8,9
2402850,2024,11,78,1-11-2024-078-03,3,5,4,07:10,2,3,1,1,1,0,4,2,2,95,95,95,95,95,95,95,1,1,0,171.808727202705,8,9
2402851,2024,11,79,1-11-2024-079-08,8,5,6,22:40,1,2,2,5,1,0,3,1,1,95,95,95,95,95,95,95,6,1,0,137.396448535388,8,9
2402852,2024,11,80,1-11-2024-080-04,4,5,2,06:26,2,1,0,0,0,0,0,2,2,95,95,95,95,95,95,95,0,1,0,630.031575937947,8,9
2402853,2024,59,89,1-59-2024-089-08,8,6,4,14:02,2,2,2,5,2,0,4,2,2,95,95,95,95,95,95,95,4,1,0,133.30209263851,6,9
2402854,2024,13,67,1-13-2024-067-03,3,6,7,15:31,2,2,2,5,1,0,4,9,9,95,95,95,95,95,95,95,4,1,0,943.021558396164,7,9
2402856,2024,14,47,1-14-2024-047-01,1,5,7,14:41,2,2,5,75,1,1,1,9,1,95,95,95,95,95,95,95,4,1,0,73.3352740137857,8,9
2402857,2024,14,46,1-14-2024-046-06,6,6,7,18:08,1,2,1,1,2,0,4,9,9,95,95,95,95,95,95,95,4,1,0,930.388008554059,8,9
2402858,2024,76,74,1-76-2024-074-03,3,5,4,19:49,2,1,2,4,2,0,4,9,9,95,95,95,95,95,95,95,0,1,0,71.5495535595937,3,9
2402861,2024,76,77,1-76-2024-077-02,2,5,1,21:02,1,1,0,0,0,0,4,9,9,95,95,95,95,95,95,95,0,1,0,69.290638741677,3,9
2402862,2024,16,83,1-16-2024-083-04,4,5,6,19:40,1,1,0,0,0,0,0,9,9,95,95,95,95,95,95,95,0,1,0,1577.7484344678,5,9
2402863,2024,16,84,1-16-2024-084-02,2,5,3,22:35,2,3,4,24,2,1,3,1,1,95,95,95,95,95,95,95,6,1,0,15.1092509057653,5,9
2402864,2024,16,85,1-16-2024-085-09,9,6,3,06:07,2,1,9,97,1,0,5,9,9,95,95,95,95,95,95,95,0,1,0,4161.34407721317,5,9
2402865,2024,16,86,1-16-2024-086-05,5,6,7,22:54,2,2,4,24,3,1,3,9,9,95,95,95,95,95,95,95,1,1,0,49.9895265329744,5,9
2402866,2024,32,99,1-32-2024-099-03,3,5,5,14:50,1,1,9,97,1,0,9,2,2,95,95,95,95,95,95,95,0,1,0,349.520426121039,7,9
2402867,2024,32,100,1-32-2024-100-03,3,5,7,18:59,1,2,9,97,1,0,0,2,2,95,95,95,95,95,95,95,4,1,0,349.52042604562,7,9
2402868,2024,32,101,1-32-2024-101-NM1,21,6,1,18:09,1,1,0,0,0,0,0,2,2,1,1,1,0,4,2,2,0,1,1,21.5942405462542,7,9
2402870,2024,28,85,1-28-2024-085-09,9,5,3,17:05,1,1,3,11,2,1,3,2,2,95,95,95,95,95,95,95,0,1,0,92.0175684329191,3,9
2402871,2024,28,86,1-28-2024-086-06,6,5,6,15:11,1,2,2,5,2,0,4,2,2,95,95,95,95,95,95,95,1,1,0,47.2101277154018,3,9
2402872,2024,28,87,1-28-2024-087-06,6,5,1,21:30,1,1,1,1,1,0,4,2,2,95,95,95,95,95,95,95,0,1,0,47.2101277154018,3,9
2402873,2024,28,88,1-28-2024-088-04,4,5,6,09:39,1,2,0,0,0,0,0,2,2,95,95,95,95,95,95,95,1,1,0,58.4170071446207,3,9
2402874,2024,27,92,1-27-2024-092-07,7,6,2,12:31,1,2,2,6,1,0,6,9,9,95,95,95,95,95,95,95,4,1,0,245.700858614342,3,9
2402875,2024,27,93,1-27-2024-093-06,6,6,7,12:41,1,2,1,1,1,0,4,2,2,95,95,95,95,95,95,95,4,1,0,54.3276867228202,3,9
2402876,2024,48,94,1-48-2024-094-10,10,5,6,16:44,1,2,0,0,0,0,0,2,2,95,95,95,95,95,95,95,4,1,0,187.854526060285,12,9
2402878,2024,82,71,1-82-2024-071-04,4,5,4,07:30,2,3,9,97,1,0,9,2,2,95,95,95,95,95,95,95,1,1,0,406.439017898255,1,9
2402880,2024,76,78,1-76-2024-078-04,4,5,1,16:41,1,1,0,0,0,0,0,9,9,95,95,95,95,95,95,95,0,1,0,144.493134777652,3,9
2402881,2024,76,79,1-76-2024-079-09,9,5,5,16:30,1,2,0,0,0,0,4,9,9,95,95,95,95,95,95,95,4,1,0,299.042628750875,3,9
2402883,2024,22,84,1-22-2024-084-04,4,5,6,13:50,1,1,0,0,0,0,0,2,2,95,95,95,95,95,95,95,0,1,0,32.0683092145635,12,9
2402884,2024,82,70,1-82-2024-070-03,3,5,7,10:07,1,2,1,1,1,0,4,2,2,95,95,95,95,95,95,95,4,1,0,107.830735344065,1,9
2402885,2024,15,111,1-15-2024-111-09,9,5,5,15:00,2,2,9,97,1,0,8,9,9,95,95,95,95,95,95,95,4,1,0,163.26387101491,1,9
2402887,2024,15,113,1-15-2024-113-03,3,6,3,02:20,6,1,0,0,0,0,4,2,9,95,95,95,95,95,95,95,0,1,0,15.0688068346335,1,9
2402888,2024,15,114,1-15-2024-114-NM2,22,6,5,21:39,1,1,95,95,95,95,95,9,9,9,97,1,0,9,9,9,0,0,1,35.5740146987417,1,9
2402889,2024,26,81,1-26-2024-081-04,4,5,5,17:30,2,3,1,1,2,0,9,2,9,95,95,95,95,95,95,95,1,1,0,1252.65413238455,10,9
2402890,2024,26,82,1-26-2024-082-03,3,5,3,13:30,2,1,99,99,0,0,8,2,2,95,95,95,95,95,95,95,0,1,0,344.417446330487,10,9
2402892,2024,26,84,1-26-2024-084-07,7,6,7,16:02,1,2,0,0,0,0,0,2,2,95,95,95,95,95,95,95,4,1,0,3973.65605256827,10,9
2402895,2024,22,85,1-22-2024-085-09,9,5,3,10:20,1,1,0,0,0,0,4,2,2,95,95,95,95,95,95,95,0,1,0,55.0527044392151,12,9
2402896,2024,11,81,1-11-2024-081-03,3,5,7,18:50,1,2,9,97,2,0,8,2,2,95,95,95,95,95,95,95,4,1,0,171.808727202705,8,9
2402897,2024,21,59,1-21-2024-059-04,4,6,6,23:00,1,2,0,0,0,0,0,2,2,95,95,95,95,95,95,95,1,1,0,924.169152788539,11,9
2402898,2024,20,81,1-20-2024-081-03,3,6,1,04:12,2,1,1,1,1,0,4,1,2,95,95,95,95,95,95,95,0,1,0,81.8606256970461,11,9
2402899,2024,29,23,1-29-2024-023-02,2,6,1,15:44,1,2,9,97,1,0,5,9,9,95,95,95,95,95,95,95,4,1,0,50.8221709046122,2,9
2402900,2024,29,24,1-29-2024-024-06,6,5,4,23:10,2,1,99,99,0,0,5,2,2,95,95,95,95,95,95,95,0,1,0,8936.26100192052,2,9
2402901,2024,12,47,1-12-2024-047-02,2,5,4,15:17,4,1,2,9,3,0,3,1,1,95,95,95,95,95,95,95,0,1,0,228.584675358371,9,9
2402902,2024,12,48,1-12-2024-048-02,2,5,3,16:16,2,3,1,1,1,0,3,1,1,95,95,95,95,95,95,95,2,1,0,228.584675358371,9,9
2402903,2024,26,85,1-26-2024-085-01,1,2,1,04:24,2,1,9,97,1,1,1,9,1,95,95,95,95,95,95,95,0,1,0,43.7355718683562,10,9
2402904,2024,15,115,1-15-2024-115-03,3,6,2,14:30,2,2,1,1,1,0,4,9,9,95,95,95,95,95,95,95,4,1,0,15.0688068307726,1,9
2402905,2024,10,42,1-10-2024-042-01,1,6,7,13:08,1,1,6,75,2,1,1,2,1,95,95,95,95,95,95,95,0,1,0,39.7636155077707,4,9
2402906,2024,21,60,1-21-2024-060-04,4,5,4,12:45,3,3,0,0,0,0,0,2,2,95,95,95,95,95,95,95,2,1,0,924.169152875547,11,9
2402907,2024,82,73,1-82-2024-073-06,6,5,3,14:24,1,2,1,2,1,0,4,2,1,95,95,95,95,95,95,95,5,1,0,335.530067045794,1,9
2402909,2024,31,59,1-31-2024-059-04,4,6,1,05:37,2,1,0,0,0,0,0,9,9,95,95,95,95,95,95,95,0,1,0,222.052598299916,6,9
2402910,2024,31,60,1-31-2024-060-07,7,6,5,23:39,1,1,0,0,0,0,0,9,9,95,95,95,95,95,95,95,0,1,0,230.868935151332,6,9
2402911,2024,66,61,1-66-2024-061-09,9,6,3,11:54,1,2,0,0,0,0,0,9,9,95,95,95,95,95,95,95,1,1,0,97.5596917228585,6,9
2402912,2024,13,68,1-13-2024-068-02,2,5,4,21:23,5,5,2,5,4,0,3,1,9,95,95,95,95,95,95,95,1,1,0,18.738992513569,7,9
2402913,2024,59,90,1-59-2024-090-09,9,6,1,00:10,4,1,1,1,1,0,4,2,2,95,95,95,95,95,95,95,0,1,0,296.857246688508,6,9
2402914,2024,59,91,1-59-2024-091-08,8,6,1,03:28,2,1,5,27,2,2,3,1,1,95,95,95,95,95,95,95,0,1,0,57.7250441257383,6,9
2402915,2024,59,92,1-59-2024-092-07,7,6,2,11:40,1,2,0,0,0,0,0,2,2,95,95,95,95,95,95,95,1,1,0,617.998102890454,6,9
2402916,2024,59,93,1-59-2024-093-04,4,6,4,08:34,2,2,1,1,2,0,4,2,2,95,95,95,95,95,95,95,4,1,0,187.064544442781,6,9
2402917,2024,81,60,1-81-2024-060-04,4,5,4,99:99,1,2,0,0,0,0,0,2,2,95,95,95,95,95,95,95,4,1,0,1581.17356728117,8,9
2402921,2024,54,77,1-54-2024-077-07,7,6,3,17:30,2,1,0,0,0,0,0,2,2,95,95,95,95,95,95,95,0,1,0,279.908966338472,9,9
2402922,2024,54,78,1-54-2024-078-05,5,6,5,14:54,2,2,1,1,2,0,4,9,9,95,95,95,95,95,95,95,2,1,0,144.976226836895,9,9
2402923,2024,54,79,1-54-2024-079-06,6,6,7,15:14,1,2,1,1,2,0,5,1,2,95,95,95,95,95,95,95,4,1,0,154.880686626287,9,9
2402924,2024,62,78,1-62-2024-078-06,6,5,6,11:10,1,2,1,1,2,0,4,9,9,95,95,95,95,95,95,95,2,1,0,1279.95578717782,7,9
2402925,2024,62,79,1-62-2024-079-02,2,5,6,03:30,1,1,2,6,1,0,4,2,9,95,95,95,95,95,95,95,0,1,0,40.5230025519482,7,9
2402926,2024,62,80,1-62-2024-080-05,5,6,7,01:55,3,1,3,14,1,1,3,1,2,95,95,95,95,95,95,95,0,1,0,40.9792470322256,7,9
2402927,2024,62,81,1-62-2024-081-06,6,6,3,07:47,1,1,9,97,1,0,9,9,9,95,95,95,95,95,95,95,0,1,0,1279.95578725529,7,9
2402928,2024,57,65,1-57-2024-065-02,2,5,4,12:51,1,2,1,1,2,0,8,2,2,95,95,95,95,95,95,95,2,1,0,9.69650235592079,1,9
2402930,2024,57,67,1-57-2024-067-03,3,6,5,21:42,1,2,99,99,0,0,5,2,2,95,95,95,95,95,95,95,2,1,0,212.734633922041,1,9
2402932,2024,77,97,1-77-2024-097-05,5,5,4,18:42,1,2,1,1,1,0,4,2,2,95,95,95,95,95,95,95,5,1,0,90.6570748528622,9,9
2402933,2024,77,98,1-77-2024-098-NM1,21,4,5,15:48,1,1,99,99,0,0,9,2,2,2,9,1,0,3,2,2,0,1,1,113.21347390618,9,9
2402935,2024,23,40,1-23-2024-040-02,2,6,7,03:11,3,1,1,2,1,0,3,1,1,95,95,95,95,95,95,95,0,1,0,90.7214867361438,5,9
2402936,2024,19,38,1-19-2024-038-04,4,6,7,17:15,1,2,0,0,0,0,0,2,2,95,95,95,95,95,95,95,9,1,0,248.799467698468,9,9
2402937,2024,19,39,1-19-2024-039-03,3,6,1,10:05,1,2,1,1,1,0,4,2,2,95,95,95,95,95,95,95,4,1,0,46.0527417675982,9,9
2402938,2024,10,43,1-10-2024-043-05,5,6,2,09:09,1,2,2,5,1,0,3,2,2,95,95,95,95,95,95,95,4,1,0,46.5643531239171,4,9
2402939,2024,10,44,1-10-2024-044-06,6,6,7,16:41,1,2,1,1,1,0,4,2,2,95,95,95,95,95,95,95,4,1,0,1454.40235182994,4,9
2402940,2024,73,85,1-73-2024-085-06,6,6,1,13:44,1,2,99,99,0,0,9,9,9,95,95,95,95,95,95,95,1,1,0,37.0946854309253,3,9
2402942,2024,48,95,1-48-2024-095-09,9,6,3,18:31,2,1,0,0,0,0,0,2,2,95,95,95,95,95,95,95,0,1,0,72.1214052849462,12,9
2402943,2024,48,96,1-48-2024-096-07,7,6,2,17:10,2,2,0,0,0,0,0,2,2,95,95,95,95,95,95,95,0,1,0,160.318869205903,12,9
2402944,2024,48,97,1-48-2024-097-09,9,6,4,17:51,1,1,9,97,1,0,0,2,2,95,95,95,95,95,95,95,0,1,0,72.1214052849462,12,9
2402946,2024,18,86,1-18-2024-086-03,3,6,1,12:50,1,1,0,0,0,0,0,2,2,95,95,95,95,95,95,95,0,1,0,153.294104087016,6,9
2402947,2024,18,87,1-18-2024-087-06,6,5,4,07:44,1,2,9,97,1,0,0,2,2,95,95,95,95,95,95,95,1,1,0,774.577393805406,6,9
2402948,2024,67,11,1-67-2024-011-02,2,6,2,16:25,2,2,2,5,2,0,4,2,2,95,95,95,95,95,95,95,4,1,0,102.47009508372,7,9
2402949,2024,79,63,1-79-2024-063-10,10,6,6,14:51,1,1,0,0,0,0,0,9,9,95,95,95,95,95,95,95,0,1,0,174.035213758045,8,9
2402950,2024,79,64,1-79-2024-064-03,3,6,7,14:00,3,3,2,5,2,0,4,9,9,95,95,95,95,95,95,95,4,1,0,104.756877618907,8,9
2402951,2024,30,101,1-30-2024-101-03,3,6,5,18:39,2,2,1,1,1,0,0,2,2,95,95,95,95,95,95,95,4,1,0,416.458514897154,10,9
2402952,2024,30,102,1-30-2024-102-NM1,21,5,4,03:22,4,2,2,5,1,0,4,2,2,2,5,1,0,3,2,1,1,1,1,73.645145385009,10,9
2402953,2024,30,103,1-30-2024-103-05,5,5,3,15:48,2,2,9,97,2,0,4,2,2,95,95,95,95,95,95,95,4,1,0,43.1584302855262,10,9
2402954,2024,30,104,1-30-2024-104-04,4,6,5,11:57,1,2,0,0,0,0,0,2,2,95,95,95,95,95,95,95,9,1,0,1945.9733393423,10,9
2402955,2024,12,49,1-12-2024-049-03,3,6,4,18:21,1,2,1,1,1,0,9,2,2,95,95,95,95,95,95,95,4,1,0,167.151387048075,9,9
2402956,2024,12,50,1-12-2024-050-NM2,22,6,7,07:29,1,1,95,95,95,95,95,2,2,9,97,1,0,9,2,2,0,0,1,639.059715073345,9,9
2402957,2024,66,62,1-66-2024-062-09,9,5,2,22:06,1,2,3,9,1,1,3,1,9,95,95,95,95,95,95,95,4,1,0,162.736700961055,6,9
2402958,2024,66,63,1-66-2024-063-08,8,5,6,14:30,6,4,4,34,1,1,3,2,1,95,95,95,95,95,95,95,2,1,0,134.761595455619,6,9
2402959,2024,33,49,1-33-2024-049-02,2,5,7,20:06,5,1,3,22,1,1,3,1,2,95,95,95,95,95,95,95,0,1,0,23.2460633538017,12,9
2402960,2024,33,50,1-33-2024-050-01,1,6,3,10:00,1,2,5,35,2,2,1,2,1,95,95,95,95,95,95,95,1,1,0,90.7387316926985,12,9
2402961,2024,81,63,1-81-2024-063-02,2,6,7,18:30,5,3,1,1,2,0,4,2,2,95,95,95,95,95,95,95,0,1,0,19.0849903848337,8,9
2402963,2024,69,57,1-69-2024-057-01,1,6,1,06:21,2,3,4,29,1,1,1,1,1,95,95,95,95,95,95,95,2,1,0,8.82408354436594,8,9
2402964,2024,77,100,1-77-2024-100-03,3,6,6,10:07,1,2,99,99,0,0,9,2,2,95,95,95,95,95,95,95,4,1,0,209.980439460019,9,9
2402965,2024,77,101,1-77-2024-101-07,7,3,7,18:21,1,2,99,99,0,0,9,2,2,95,95,95,95,95,95,95,4,1,0,3871.41446442028,9,9
2402966,2024,20,82,1-20-2024-082-09,9,6,6,06:35,3,1,1,2,1,0,4,2,9,95,95,95,95,95,95,95,0,1,0,339.011405955568,11,9
2402968,2024,20,83,1-20-2024-083-09,9,6,7,20:30,3,4,1,2,1,0,4,2,9,95,95,95,95,95,95,95,1,1,0,339.011405965121,11,9
2402970,2024,17,92,1-17-2024-092-04,4,6,5,13:03,1,2,0,0,0,0,0,2,2,95,95,95,95,95,95,95,4,1,0,99.0401622155757,4,9
2402971,2024,17,93,1-17-2024-093-04,4,6,4,21:41,1,1,0,0,0,0,0,2,2,95,95,95,95,95,95,95,0,1,0,99.0401622621396,4,9
2402972,2024,11,82,1-11-2024-082-NM1,21,5,1,22:11,1,1,0,0,0,0,0,2,2,3,17,1,1,3,1,2,0,1,1,37.1071357763572,8,9
2402973,2024,11,83,1-11-2024-083-03,3,5,3,20:20,2,3,0,0,0,0,0,2,2,95,95,95,95,95,95,95,4,1,0,717.570935421219,8,9
2402974,2024,24,80,1-24-2024-080-05,5,6,4,08:20,1,2,4,34,3,1,3,2,1,95,95,95,95,95,95,95,9,1,0,24.2721053029394,1,9
2402975,2024,24,81,1-24-2024-081-NM2,22,6,5,10:04,1,1,95,95,95,95,95,2,2,1,1,1,0,4,2,2,0,0,1,262.129476205265,1,9
2402976,2024,24,82,1-24-2024-082-03,3,6,5,10:44,1,2,0,0,0,0,4,9,1,95,95,95,95,95,95,95,4,1,0,99.9526603677952,1,9
2402977,2024,24,83,1-24-2024-083-03,3,6,1,12:11,1,2,1,1,1,0,0,2,2,95,95,95,95,95,95,95,4,1,0,99.9526603677952,1,9
2402978,2024,60,33,1-60-2024-033-02,2,6,2,13:11,5,5,4,26,3,1,3,1,1,95,95,95,95,95,95,95,4,1,0,98.7373875661215,8,9
2402981,2024,16,88,1-16-2024-088-06,6,6,5,17:15,1,2,1,1,1,0,8,9,9,95,95,95,95,95,95,95,1,1,0,423.092773126644,5,9
2402982,2024,16,89,1-16-2024-089-03,3,6,7,18:43,1,2,1,1,2,0,4,9,9,95,95,95,95,95,95,95,4,1,0,114.216869220851,5,9
2402983,2024,16,90,1-16-2024-090-02,2,6,1,04:29,1,1,1,3,1,0,3,9,9,95,95,95,95,95,95,95,0,1,0,20.4287734239941,5,9
2402984,2024,25,73,1-25-2024-073-03,3,6,5,13:45,1,2,0,0,0,0,3,2,2,95,95,95,95,95,95,95,4,1,0,202.836436941567,2,9
2402985,2024,25,74,1-25-2024-074-08,8,6,6,06:39,1,2,2,5,1,0,4,1,1,95,95,95,95,95,95,95,2,1,0,139.634325521896,2,9
2402986,2024,14,48,1-14-2024-048-04,4,6,1,21:00,1,1,0,0,0,0,0,9,9,95,95,95,95,95,95,95,0,1,0,1305.4208101719,8,9
2402987,2024,14,49,1-14-2024-049-03,3,6,7,16:47,1,2,1,3,1,0,4,9,9,95,95,95,95,95,95,95,1,1,0,321.254328129783,8,9
2402988,2024,32,103,1-32-2024-103-03,3,6,4,05:35,1,2,99,99,0,0,5,2,2,95,95,95,95,95,95,95,4,1,0,188.021149251295,7,9
2402989,2024,32,104,1-32-2024-104-NM1,21,5,6,15:00,5,2,0,0,0,0,0,2,2,2,4,1,0,8,2,2,4,1,1,11.6164138708606,7,9
2402990,2024,32,105,1-32-2024-105-NM2,22,6,7,14:04,1,1,95,95,95,95,95,2,2,0,0,0,0,5,2,2,0,0,1,564.925282878733,7,9
2402991,2024,32,106,1-32-2024-106-03,3,5,4,16:12,2,2,1,1,2,0,4,2,2,95,95,95,95,95,95,95,6,1,0,188.021149251295,7,9
2402992,2024,48,98,1-48-2024-098-07,7,6,5,21:57,1,1,0,0,0,0,0,2,2,95,95,95,95,95,95,95,0,1,0,160.318869205903,12,9
2402993,2024,27,94,1-27-2024-094-07,7,6,2,07:42,2,2,99,99,0,0,9,2,9,95,95,95,95,95,95,95,5,1,0,35.5728790039804,3,9
2402994,2024,27,95,1-27-2024-095-04,4,6,3,16:10,2,2,0,0,0,0,0,2,2,95,95,95,95,95,95,95,5,1,0,18.7495302149441,3,9
2402995,2024,27,96,1-27-2024-096-NM2,22,6,3,12:21,1,1,95,95,95,95,95,9,9,2,5,1,0,4,2,9,0,0,1,45.5428338265018,3,9
2402998,2024,28,90,1-28-2024-090-03,3,6,3,20:07,1,1,1,1,1,0,4,2,2,95,95,95,95,95,95,95,0,1,0,28.3089754479373,3,9
2402999,2024,28,91,1-28-2024-091-04,4,6,7,19:33,1,1,0,0,0,0,0,2,2,95,95,95,95,95,95,95,0,1,0,63.8123320569811,3,9
2403000,2024,28,92,1-28-2024-092-09,9,6,4,12:02,1,2,1,1,4,0,4,2,2,95,95,95,95,95,95,95,1,1,0,100.516200999149,3,9
2403001,2024,60,34,1-60-2024-034-05,5,6,3,23:51,5,1,2,8,1,0,3,1,1,95,95,95,95,95,95,95,0,1,0,159.277487034842,8,9
2403002,2024,27,98,1-27-2024-098-07,7,5,6,14:50,1,2,0,0,0,0,0,2,2,95,95,95,95,95,95,95,4,1,0,35.5728790039804,3,9
2403003,2024,26,86,1-26-2024-086-NM1,21,6,2,17:10,2,2,99,99,0,0,0,2,2,2,12,1,0,3,2,2,0,1,1,25.7030205312635,10,9
2403004,2024,26,87,1-26-2024-087-03,3,6,4,20:55,3,1,1,1,2,0,4,2,2,95,95,95,95,95,95,95,0,1,0,282.561730241079,10,9
2403005,2024,26,88,1-26-2024-088-08,8,6,7,00:50,3,1,3,22,1,1,3,1,1,95,95,95,95,95,95,95,0,1,0,223.206280088994,10,9
2403006,2024,26,89,1-26-2024-089-03,3,6,1,13:45,4,2,1,1,1,0,0,2,2,95,95,95,95,95,95,95,1,1,0,282.561730241079,10,9
2403007,2024,22,86,1-22-2024-086-06,6,6,2,15:20,1,2,1,2,1,0,6,2,2,95,95,95,95,95,95,95,4,1,0,25.2675524846257,12,9
2403011,2024,82,74,1-82-2024-074-03,3,6,4,16:16,1,2,9,97,1,0,0,2,2,95,95,95,95,95,95,95,4,1,0,147.436886414065,1,9
2403012,2024,82,75,1-82-2024-075-02,2,6,2,21:47,3,2,3,10,4,1,4,2,2,95,95,95,95,95,95,95,4,1,0,23.9814262485552,1,9
2403013,2024,82,76,1-82-2024-076-09,9,6,6,13:32,1,2,2,5,1,0,4,2,2,95,95,95,95,95,95,95,4,1,0,1663.40326174629,1,9
2403014,2024,15,116,1-15-2024-116-02,2,6,5,19:50,1,2,2,5,2,0,4,9,9,95,95,95,95,95,95,95,4,1,0,13.160978448786,1,9
2403015,2024,15,117,1-15-2024-117-06,6,6,7,17:45,5,1,1,1,1,0,4,9,9,95,95,95,95,95,95,95,0,1,0,303.304189059975,1,9
2403016,2024,15,118,1-15-2024-118-05,5,4,5,11:20,1,2,0,0,0,0,0,9,9,95,95,95,95,95,95,95,1,1,0,9.71063017725221,1,9
2403017,2024,15,119,1-15-2024-119-03,3,6,4,15:45,1,2,1,1,1,0,4,9,9,95,95,95,95,95,95,95,4,1,0,81.8790986576734,1,9
2403018,2024,21,61,1-21-2024-061-01,1,1,6,04:00,2,3,6,75,5,5,1,9,9,95,95,95,95,95,95,95,1,1,0,89.2120120605323,11,9
2403019,2024,21,62,1-21-2024-062-03,3,6,2,00:15,2,1,3,10,4,1,4,2,2,95,95,95,95,95,95,95,0,1,0,905.228768898305,11,9
2403020,2024,22,90,1-22-2024-090-NM2,22,5,5,19:00,1,1,95,95,95,95,95,2,2,1,1,1,0,6,2,2,0,0,1,24.4305122731702,12,9
2403021,2024,22,91,1-22-2024-091-09,9,6,2,21:03,1,2,0,0,0,0,0,2,2,95,95,95,95,95,95,95,1,1,0,45.7773654331265,12,9
2403022,2024,29,25,1-29-2024-025-04,4,6,3,07:47,1,2,0,0,0,0,0,2,2,95,95,95,95,95,95,95,4,1,0,1940.17767887491,2,9
2403023,2024,29,26,1-29-2024-026-05,5,6,4,17:46,5,2,1,1,2,0,4,2,2,95,95,95,95,95,95,95,5,1,0,77.3736677143429,2,9
2403024,2024,81,64,1-81-2024-064-03,3,6,1,05:26,1,2,9,97,1,0,9,1,2,95,95,95,95,95,95,95,1,1,0,500.867923811082,8,9
2403025,2024,69,58,1-69-2024-058-03,3,6,5,16:14,1,2,9,97,1,0,5,2,2,95,95,95,95,95,95,95,4,1,0,80.4059102739451,8,9
2403026,2024,31,61,1-31-2024-061-07,7,6,6,07:15,1,2,0,0,0,0,0,2,2,95,95,95,95,95,95,95,1,1,0,230.868935151332,6,9
2403027,2024,31,62,1-31-2024-062-07,7,6,7,01:26,1,1,0,0,0,0,0,2,2,95,95,95,95,95,95,95,0,1,0,230.868935151332,6,9
2403028,2024,31,63,1-31-2024-063-NM2,22,6,4,11:27,1,1,95,95,95,95,95,9,9,2,5,1,0,4,9,9,0,0,1,197.377933176122,6,9
2403029,2024,22,92,1-22-2024-092-09,9,6,1,19:47,2,3,0,0,0,0,5,2,2,95,95,95,95,95,95,95,1,1,0,45.7773654331265,12,9
2403030,2024,73,87,1-73-2024-087-07,7,5,6,13:32,1,2,0,0,0,0,0,9,9,95,95,95,95,95,95,95,4,1,0,46.0859335695799,3,9
2403031,2024,16,91,1-16-2024-091-03,3,6,3,09:10,2,2,0,0,0,0,4,2,2,95,95,95,95,95,95,95,1,1,0,114.216869220851,5,9
2403032,2024,28,93,1-28-2024-093-07,7,6,6,15:01,1,1,0,0,0,0,0,2,2,95,95,95,95,95,95,95,0,1,0,191.787009725038,3,9
2403034,2024,81,66,1-81-2024-066-04,4,6,5,08:49,1,2,0,0,0,0,4,2,2,95,95,95,95,95,95,95,1,1,0,1249.39843016576,8,9
2403035,2024,81,67,1-81-2024-067-07,7,6,5,20:05,1,2,0,0,0,0,0,2,2,95,95,95,95,95,95,95,1,1,0,4486.82633832714,8,9
2403036,2024,81,68,1-81-2024-068-05,5,6,6,18:40,1,2,4,29,2,1,3,2,2,95,95,95,95,95,95,95,4,1,0,46.9373959605953,8,9
2403037,2024,59,94,1-59-2024-094-03,3,6,1,02:20,2,1,1,1,1,0,9,1,9,95,95,95,95,95,95,95,0,1,0,50.8430622641183,6,9
2403038,2024,59,95,1-59-2024-095-06,6,6,2,17:39,1,2,1,1,1,0,4,2,2,95,95,95,95,95,95,95,4,1,0,256.90411836891,6,9
2403039,2024,59,96,1-59-2024-096-04,4,6,3,15:10,1,2,0,0,0,0,0,2,2,95,95,95,95,95,95,95,4,1,0,297.05076806373,6,9
2403040,2024,59,97,1-59-2024-097-08,8,6,4,16:45,2,2,1,1,1,0,4,2,2,95,95,95,95,95,95,95,4,1,0,65.9500406195801,6,9
2403041,2024,77,102,1-77-2024-102-02,2,6,7,14:16,1,2,3,10,1,1,4,2,2,95,95,95,95,95,95,95,1,1,0,83.1566199866033,9,9
2403042,2024,77,103,1-77-2024-103-04,4,6,1,13:30,1,2,0,0,0,0,0,2,2,95,95,95,95,95,95,95,4,1,0,1313.43764510397,9,9
2403043,2024,77,104,1-77-2024-104-05,5,6,7,23:42,3,2,3,14,2,1,3,1,9,95,95,95,95,95,95,95,1,1,0,90.6570748528622,9,9
2403044,2024,77,105,1-77-2024-105-04,4,6,3,17:14,3,1,0,0,0,0,0,2,2,95,95,95,95,95,95,95,0,1,0,1313.43764510397,9,9
2403046,2024,62,83,1-62-2024-083-02,2,6,7,21:51,1,1,1,1,1,0,3,1,1,95,95,95,95,95,95,95,0,1,0,143.712548638116,7,9
2403047,2024,81,65,1-81-2024-065-05,5,6,3,17:56,1,2,1,1,4,0,4,2,2,95,95,95,95,95,95,95,4,1,0,46.9373959605953,8,9
2403048,2024,10,45,1-10-2024-045-NM2,22,4,7,02:54,1,1,95,95,95,95,95,9,9,4,18,1,1,3,2,1,0,0,1,461.067694088124,4,9
2403050,2024,48,99,1-48-2024-099-05,5,6,1,00:31,2,1,3,10,4,1,3,2,2,95,95,95,95,95,95,95,0,1,0,80.9035530796695,12,9
2403051,2024,48,100,1-48-2024-100-08,8,6,3,07:25,2,2,9,97,1,0,8,2,2,95,95,95,95,95,95,95,1,1,0,180.20989511901,12,9
2403052,2024,48,101,1-48-2024-101-08,8,6,2,12:20,2,2,1,1,1,0,4,2,2,95,95,95,95,95,95,95,4,1,0,180.20989511901,12,9
2403053,2024,48,102,1-48-2024-102-05,5,6,2,15:45,1,2,2,4,1,0,4,2,2,95,95,95,95,95,95,95,4,1,0,80.9035530796695,12,9
2403054,2024,54,80,1-54-2024-080-05,5,6,6,19:00,1,2,2,5,4,0,3,2,2,95,95,95,95,95,95,95,4,1,0,144.976226836895,9,9
2403055,2024,54,81,1-54-2024-081-08,8,6,7,05:00,4,1,1,2,1,0,6,2,2,95,95,95,95,95,95,95,0,1,0,323.988514422295,9,9
2403056,2024,67,12,1-67-2024-012-01,1,6,3,00:21,1,1,1,1,1,1,1,9,9,95,95,95,95,95,95,95,0,1,0,90.5510879357148,7,9
2403057,2024,18,88,1-18-2024-088-03,3,6,4,13:19,1,1,0,0,0,0,4,2,2,95,95,95,95,95,95,95,0,1,0,141.937523628979,6,9
2403058,2024,18,89,1-18-2024-089-01,1,6,2,18:52,2,1,5,38,1,1,1,1,2,95,95,95,95,95,95,95,0,1,0,63.8166126674341,6,9
2403059,2024,13,69,1-13-2024-069-08,8,6,2,19:59,2,2,1,2,1,0,4,1,9,95,95,95,95,95,95,95,5,1,0,662.037483220339,7,9
2403060,2024,13,70,1-13-2024-070-09,9,6,5,09:00,1,2,1,2,2,0,4,9,9,95,95,95,95,95,95,95,1,1,0,8362.98940411762,7,9
2403062,2024,57,70,1-57-2024-070-10,10,3,7,16:05,1,1,99,99,0,0,0,2,2,95,95,95,95,95,95,95,0,1,0,3923.14728653786,1,9
2403063,2024,57,71,1-57-2024-071-09,9,6,3,09:44,1,2,0,0,0,0,4,9,9,95,95,95,95,95,95,95,4,1,0,532.481589221364,1,9
2403064,2024,57,72,1-57-2024-072-03,3,6,4,12:29,2,3,1,1,1,0,9,9,9,95,95,95,95,95,95,95,1,1,0,63.1504392029315,1,9
2403067,2024,12,51,1-12-2024-051-06,6,5,1,13:28,1,1,3,10,2,1,4,2,2,95,95,95,95,95,95,95,0,1,0,353.109022806635,9,9
2403068,2024,12,52,1-12-2024-052-04,4,6,6,12:55,2,2,1,1,2,0,0,2,2,95,95,95,95,95,95,95,4,1,0,384.288289360588,9,9
2403069,2024,69,59,1-69-2024-059-01,1,6,2,06:32,3,1,4,36,5,4,1,1,2,95,95,95,95,95,95,95,0,1,0,7.66811372485411,8,9
2403071,2024,69,61,1-69-2024-061-03,3,6,6,07:35,1,2,1,1,1,0,4,2,2,95,95,95,95,95,95,95,9,1,0,24.0868849457621,8,9
2403072,2024,69,62,1-69-2024-062-03,3,6,2,14:57,4,4,1,1,1,0,4,2,2,95,95,95,95,95,95,95,1,1,0,24.0868849457621,8,9
2403074,2024,30,106,1-30-2024-106-04,4,6,3,12:43,2,2,0,0,0,0,0,2,2,95,95,95,95,95,95,95,4,1,0,814.395752762539,10,9
2403076,2024,30,108,1-30-2024-108-05,5,5,7,12:42,3,2,2,5,2,0,3,2,2,95,95,95,95,95,95,95,4,1,0,18.7124163743047,10,9
2403078,2024,33,51,1-33-2024-051-01,1,5,6,06:53,3,2,6,75,1,1,1,2,1,95,95,95,95,95,95,95,4,1,0,35.1791324819626,12,9
2403079,2024,33,52,1-33-2024-052-04,4,6,5,14:35,3,2,99,99,0,0,0,2,2,95,95,95,95,95,95,95,5,1,0,638.610565885635,12,9
2403080,2024,20,84,1-20-2024-084-02,2,6,4,03:30,1,1,2,4,2,0,3,1,2,95,95,95,95,95,95,95,0,1,0,22.2079767447842,11,9
2403081,2024,10,47,1-10-2024-047-10,10,6,2,16:08,1,1,99,99,0,0,0,2,2,95,95,95,95,95,95,95,0,1,0,17894.9851709986,4,9
2403082,2024,17,94,1-17-2024-094-04,4,6,5,23:37,1,1,0,0,0,0,0,2,2,95,95,95,95,95,95,95,0,1,0,183.019292123688,4,9
2403083,2024,17,95,1-17-2024-095-08,8,6,3,18:29,4,2,1,2,1,0,4,2,2,95,95,95,95,95,95,95,4,1,0,75.6421709357649,4,9
2403084,2024,17,96,1-17-2024-096-04,4,6,7,17:24,1,2,0,0,0,0,0,2,2,95,95,95,95,95,95,95,4,1,0,183.019292109299,4,9
2403085,2024,17,97,1-17-2024-097-04,4,6,1,17:44,1,2,0,0,0,0,0,2,2,95,95,95,95,95,95,95,5,1,0,183.019292109299,4,9
2403086,2024,57,73,1-57-2024-073-03,3,6,7,00:22,1,1,99,99,0,0,5,9,9,95,95,95,95,95,95,95,0,1,0,63.1504391896802,1,9
2403087,2024,30,109,1-30-2024-109-01,1,1,5,22:12,2,2,4,29,3,3,1,1,1,95,95,95,95,95,95,95,2,1,0,31.9306938476085,10,9
2403088,2024,24,84,1-24-2024-084-09,9,6,5,14:28,1,2,0,0,0,0,4,2,2,95,95,95,95,95,95,95,1,1,0,96.3610685705963,1,9
2403089,2024,24,85,1-24-2024-085-04,4,6,5,08:36,1,2,2,4,1,0,3,2,2,95,95,95,95,95,95,95,4,1,0,39.5500741406148,1,9
2403090,2024,24,86,1-24-2024-086-09,9,6,1,11:36,1,2,9,97,1,0,9,2,2,95,95,95,95,95,95,95,4,1,0,96.3610685606687,1,9
2403091,2024,24,87,1-24-2024-087-03,3,6,6,14:23,1,2,99,99,0,0,0,2,2,95,95,95,95,95,95,95,4,1,0,25.0633899458079,1,9
2403092,2024,25,75,1-25-2024-075-07,7,6,2,14:07,2,2,0,0,0,0,0,2,2,95,95,95,95,95,95,95,5,1,0,582.419978548881,2,9
2403094,2024,25,77,1-25-2024-077-06,6,6,1,12:13,1,1,9,97,1,0,0,2,2,95,95,95,95,95,95,95,0,1,0,148.110752596866,2,9
2403096,2024,11,84,1-11-2024-084-04,4,5,7,12:19,3,4,0,0,0,0,0,2,2,95,95,95,95,95,95,95,1,1,0,292.515838449788,8,9
2403099,2024,11,87,1-11-2024-087-10,10,5,6,20:22,1,2,0,0,0,0,0,9,1,95,95,95,95,95,95,95,1,1,0,10761.65260512,8,9
2403100,2024,25,76,1-25-2024-076-04,4,6,7,21:20,2,2,0,0,0,0,0,2,2,95,95,95,95,95,95,95,4,1,0,144.418223406391,2,9
2403101,2024,16,92,1-16-2024-092-04,4,6,4,09:41,2,1,0,0,0,0,0,2,2,95,95,95,95,95,95,95,0,1,0,466.830413061627,5,9
2403102,2024,16,93,1-16-2024-093-NM2,22,6,6,15:14,1,1,95,95,95,95,95,9,9,1,2,1,0,4,9,9,0,0,1,346.176563309069,5,9
2403103,2024,32,107,1-32-2024-107-02,2,6,7,04:23,2,2,5,30,4,1,3,1,2,95,95,95,95,95,95,95,1,1,0,8.16907752895326,7,9
2403104,2024,32,108,1-32-2024-108-07,7,5,2,18:36,1,2,0,0,0,0,0,2,2,95,95,95,95,95,95,95,4,1,0,5250.16529997795,7,9
2403105,2024,32,109,1-32-2024-109-02,2,6,1,03:13,4,2,1,2,3,0,3,1,1,95,95,95,95,95,95,95,1,1,0,8.16907752895326,7,9
2403106,2024,32,110,1-32-2024-110-NM1,21,6,5,21:50,1,1,0,0,0,0,0,2,2,6,75,1,1,1,2,2,0,1,1,25.3988337354055,7,9
2403107,2024,14,50,1-14-2024-050-04,4,6,6,17:08,3,3,1,1,1,0,4,9,9,95,95,95,95,95,95,95,1,1,0,351.094729548175,8,9
2403108,2024,14,51,1-14-2024-051-06,6,6,7,19:46,2,2,1,1,3,0,4,9,9,95,95,95,95,95,95,95,4,1,0,320.057583182733,8,9
2403109,2024,27,99,1-27-2024-099-04,4,6,2,08:14,1,2,0,0,0,0,0,9,9,95,95,95,95,95,95,95,1,1,0,49.1628248129367,3,9
2403110,2024,27,100,1-27-2024-100-06,6,6,3,15:37,1,2,1,2,2,0,4,9,9,95,95,95,95,95,95,95,1,1,0,42.4506543066445,3,9
2403111,2024,27,101,1-27-2024-101-07,7,6,1,11:01,1,2,0,0,0,0,0,2,2,95,95,95,95,95,95,95,1,1,0,191.986127824905,3,9
2403112,2024,27,102,1-27-2024-102-03,3,6,1,07:57,8,2,1,2,2,0,4,9,9,95,95,95,95,95,95,95,6,1,0,11.8514312322575,3,9
2403113,2024,60,35,1-60-2024-035-04,4,6,3,17:00,1,2,0,0,0,0,0,2,2,95,95,95,95,95,95,95,4,1,0,719.772369658448,8,9
2403114,2024,60,36,1-60-2024-036-03,3,6,6,19:15,3,2,99,99,0,0,0,2,2,95,95,95,95,95,95,95,4,1,0,156.995970867951,8,9
2403115,2024,82,77,1-82-2024-077-03,3,6,4,07:22,4,2,0,0,0,0,5,2,2,95,95,95,95,95,95,95,4,1,0,107.085378466083,1,9
2403116,2024,82,78,1-82-2024-078-03,3,6,7,11:59,1,2,9,97,3,0,0,2,2,95,95,95,95,95,95,95,4,1,0,107.085378466083,1,9
2403117,2024,82,79,1-82-2024-079-10,10,6,7,10:49,1,1,0,0,0,0,0,2,2,95,95,95,95,95,95,95,0,1,0,7754.29853635363,1,9
2403118,2024,82,80,1-82-2024-080-06,6,5,7,09:49,1,2,9,97,1,0,8,2,2,95,95,95,95,95,95,95,4,1,0,333.210787221201,1,9
2403119,2024,76,80,1-76-2024-080-07,7,4,3,20:15,1,1,0,0,0,0,0,9,9,95,95,95,95,95,95,95,0,1,0,72.7960942583928,3,9
2403120,2024,76,81,1-76-2024-081-07,7,4,4,05:15,1,1,0,0,0,0,0,9,9,95,95,95,95,95,95,95,0,1,0,72.7960942583928,3,9
2403121,2024,76,82,1-76-2024-082-07,7,4,5,22:30,2,1,0,0,0,0,0,1,9,95,95,95,95,95,95,95,0,1,0,72.7960942583928,3,9
2403123,2024,26,90,1-26-2024-090-06,6,6,2,11:18,3,2,0,0,0,0,0,2,2,95,95,95,95,95,95,95,4,1,0,454.400298946999,10,9
2403124,2024,26,91,1-26-2024-091-03,3,6,2,13:05,3,2,1,1,1,0,4,2,2,95,95,95,95,95,95,95,4,1,0,146.032571117139,10,9
2403125,2024,26,92,1-26-2024-092-03,3,6,2,15:18,1,2,2,4,2,0,4,2,2,95,95,95,95,95,95,95,9,1,0,146.032571117139,10,9
2403128,2024,79,66,1-79-2024-066-07,7,6,3,20:09,2,1,0,0,0,0,0,9,9,95,95,95,95,95,95,95,0,1,0,243.261560148819,8,9
2403133,2024,79,65,1-79-2024-065-04,4,6,6,02:55,1,2,0,0,0,0,0,2,2,95,95,95,95,95,95,95,1,1,0,103.687310341295,8,9
2403134,2024,76,84,1-76-2024-084-10,10,4,7,22:30,3,1,0,0,0,0,0,9,9,95,95,95,95,95,95,95,0,1,0,84.6789860292199,3,9
2403135,2024,26,94,1-26-2024-094-03,3,6,7,13:55,1,2,2,5,1,0,6,2,2,95,95,95,95,95,95,95,1,1,0,146.032571117139,10,9
2403136,2024,28,94,1-28-2024-094-10,10,6,6,07:10,3,1,0,0,0,0,0,2,2,95,95,95,95,95,95,95,0,1,0,80.5683609045318,3,9
2403137,2024,28,95,1-28-2024-095-09,9,5,4,11:35,1,2,9,97,1,0,0,2,2,95,95,95,95,95,95,95,1,1,0,34.7771381559099,3,9
2403138,2024,11,88,1-11-2024-088-08,8,6,1,06:34,2,1,3,22,2,1,3,1,1,95,95,95,95,95,95,95,0,1,0,63.7914651873109,8,9
2403139,2024,29,27,1-29-2024-027-03,3,6,5,06:37,1,2,9,97,1,0,5,2,2,95,95,95,95,95,95,95,1,1,0,251.073895307197,2,9
2403140,2024,29,28,1-29-2024-028-03,3,6,4,12:11,1,2,1,1,2,0,4,2,2,95,95,95,95,95,95,95,4,1,0,251.073895347506,2,9
2403141,2024,22,93,1-22-2024-093-07,7,6,5,15:36,1,2,99,99,0,0,0,2,2,95,95,95,95,95,95,95,4,1,0,606.719973233017,12,9
2403142,2024,22,94,1-22-2024-094-03,3,6,5,17:30,2,3,1,1,1,0,5,2,2,95,95,95,95,95,95,95,1,1,0,42.8794568188438,12,9
2403143,2024,15,120,1-15-2024-120-06,6,6,3,08:27,1,2,9,97,1,0,8,9,9,95,95,95,95,95,95,95,4,1,0,31.4721444537059,1,9
2403144,2024,15,121,1-15-2024-121-03,3,6,3,11:26,1,2,99,99,0,0,0,9,9,95,95,95,95,95,95,95,4,1,0,8.49612670451469,1,9
2403145,2024,15,122,1-15-2024-122-04,4,6,1,01:22,1,1,0,0,0,0,0,9,9,95,95,95,95,95,95,95,0,1,0,32.2934989269981,1,9
2403147,2024,21,65,1-21-2024-065-01,1,5,1,15:10,2,2,4,36,5,1,1,2,2,95,95,95,95,95,95,95,2,1,0,33.6427215456226,11,9
2403148,2024,66,64,1-66-2024-064-07,7,5,6,07:20,2,1,0,0,0,0,0,2,9,95,95,95,95,95,95,95,0,1,0,133.367571576148,6,9
2403151,2024,69,63,1-69-2024-063-03,3,6,4,11:29,1,2,9,97,1,0,9,2,2,95,95,95,95,95,95,95,4,1,0,24.0868849457621,8,9
2403152,2024,73,90,1-73-2024-090-07,7,6,6,15:45,1,2,1,2,1,0,4,9,9,95,95,95,95,95,95,95,4,1,0,244.288299335395,3,9
2403153,2024,73,91,1-73-2024-091-04,4,6,1,21:29,1,1,0,0,0,0,0,9,9,95,95,95,95,95,95,95,0,1,0,63.6025610468281,3,9
2403154,2024,25,79,1-25-2024-079-07,7,6,1,11:04,4,1,0,0,0,0,0,2,2,95,95,95,95,95,95,95,0,1,0,582.419978646894,2,9
2403155,2024,30,110,1-30-2024-110-06,6,5,5,18:09,1,2,9,97,1,0,5,2,2,95,95,95,95,95,95,95,1,1,0,542.324515473092,10,9
2403156,2024,21,66,1-21-2024-066-05,5,5,6,21:45,2,1,5,33,1,1,1,1,2,95,95,95,95,95,95,95,0,1,0,33.7829758264888,11,9
2403157,2024,62,84,1-62-2024-084-NM1,21,4,3,20:55,2,1,99,99,0,0,5,9,9,3,22,2,1,3,2,1,0,1,1,50.4228553346501,7,9
2403158,2024,31,64,1-31-2024-064-03,3,6,7,11:23,1,2,9,97,1,0,0,2,2,95,95,95,95,95,95,95,4,1,0,151.964719784207,6,9
2403159,2024,15,124,1-15-2024-124-09,9,6,4,17:10,1,2,0,0,0,0,0,9,9,95,95,95,95,95,95,95,4,1,0,92.0517828779891,1,9
2403160,2024,11,89,1-11-2024-089-04,4,6,2,10:27,1,2,0,0,0,0,0,2,2,95,95,95,95,95,95,95,2,1,0,292.515838449788,8,9
2403161,2024,81,69,1-81-2024-069-07,7,6,4,17:40,1,2,0,0,0,0,0,2,2,95,95,95,95,95,95,95,5,1,0,4302.54433146256,8,9
2403162,2024,81,70,1-81-2024-070-03,3,6,3,20:54,1,1,9,97,1,0,9,2,1,95,95,95,95,95,95,95,0,1,0,379.516553503678,8,9
2403163,2024,81,71,1-81-2024-071-03,3,6,5,15:45,2,2,99,99,0,0,0,2,2,95,95,95,95,95,95,95,4,1,0,379.516553503678,8,9
2403164,2024,81,72,1-81-2024-072-02,2,6,6,10:16,2,2,3,22,2,1,3,1,2,95,95,95,95,95,95,95,4,1,0,19.0849903848337,8,9
2403165,2024,59,98,1-59-2024-098-03,3,6,5,10:01,1,2,1,3,1,0,4,2,2,95,95,95,95,95,95,95,4,1,0,40.2896520955836,6,9
2403166,2024,59,99,1-59-2024-099-04,4,6,2,13:12,1,2,0,0,0,0,0,2,2,95,95,95,95,95,95,95,1,1,0,235.392432458967,6,9
2403167,2024,59,100,1-59-2024-100-03,3,6,3,16:12,1,2,9,97,2,0,0,2,2,95,95,95,95,95,95,95,4,1,0,40.2896520955836,6,9
2403168,2024,59,101,1-59-2024-101-04,4,6,6,13:39,1,2,0,0,0,0,0,2,2,95,95,95,95,95,95,95,4,1,0,235.392432458967,6,9
2403169,2024,62,85,1-62-2024-085-02,2,6,3,22:18,3,2,3,22,1,1,3,9,1,95,95,95,95,95,95,95,1,1,0,84.9091806236359,7,9
2403170,2024,62,86,1-62-2024-086-04,4,6,3,17:11,1,2,1,1,1,0,6,2,2,95,95,95,95,95,95,95,4,1,0,11694.744081918,7,9
2403172,2024,77,107,1-77-2024-107-09,9,6,6,08:00,1,1,1,1,1,0,4,1,9,95,95,95,95,95,95,95,0,1,0,2300.04288758448,9,9
2403173,2024,77,108,1-77-2024-108-02,2,6,4,13:31,3,1,1,1,1,0,0,2,2,95,95,95,95,95,95,95,0,1,0,83.1566199866033,9,9
2403174,2024,77,109,1-77-2024-109-05,5,6,7,15:10,2,2,2,5,3,0,4,1,1,95,95,95,95,95,95,95,2,1,0,90.6570748528622,9,9
2403175,2024,10,48,1-10-2024-048-NM2,22,6,1,21:00,1,1,95,95,95,95,95,2,2,9,97,1,0,5,2,2,0,0,1,917.555786243938,4,9
2403176,2024,10,49,1-10-2024-049-08,8,6,2,15:14,1,2,2,9,1,0,3,2,1,95,95,95,95,95,95,95,4,1,0,215.380273252509,4,9
2403177,2024,13,71,1-13-2024-071-NM1,21,6,2,23:35,1,1,0,0,0,0,0,9,9,1,2,1,0,8,9,2,0,1,1,64.2373320511644,7,9
2403178,2024,13,72,1-13-2024-072-03,3,5,6,15:10,1,2,0,0,0,0,4,9,9,95,95,95,95,95,95,95,4,1,0,1709.50789744757,7,9
2403179,2024,48,103,1-48-2024-103-09,9,6,3,10:20,2,2,0,0,0,0,4,2,2,95,95,95,95,95,95,95,9,1,0,95.9824063547876,12,9
2403180,2024,48,104,1-48-2024-104-06,6,6,4,11:10,1,2,9,97,1,0,8,2,2,95,95,95,95,95,95,95,4,1,0,86.4307074675267,12,9
2403181,2024,48,105,1-48-2024-105-07,7,6,6,23:15,2,1,0,0,0,0,0,2,2,95,95,95,95,95,95,95,0,1,0,213.359553792179,12,9
2403182,2024,48,106,1-48-2024-106-04,4,6,7,18:19,2,3,1,1,1,0,0,2,2,95,95,95,95,95,95,95,1,1,0,85.7677087053401,12,9
2403183,2024,18,90,1-18-2024-090-06,6,6,6,14:12,2,2,1,1,2,0,4,2,2,95,95,95,95,95,95,95,4,1,0,441.366614439606,6,9
2403184,2024,18,91,1-18-2024-091-03,3,6,5,21:50,1,1,1,1,1,0,4,2,2,95,95,95,95,95,95,95,0,1,0,87.3494376101513,6,9
2403186,2024,57,74,1-57-2024-074-05,5,6,1,01:05,1,2,1,1,1,0,8,1,9,95,95,95,95,95,95,95,2,1,0,28.7844147536554,1,9
2403187,2024,57,75,1-57-2024-075-06,6,6,1,13:36,1,2,9,97,1,0,8,9,9,95,95,95,95,95,95,95,1,1,0,905.054041952401,1,9
2403188,2024,73,92,1-73-2024-092-05,5,6,2,14:42,2,2,2,5,3,0,3,9,9,95,95,95,95,95,95,95,4,1,0,37.4388018482199,3,9
2403189,2024,73,93,1-73-2024-093-01,1,6,7,22:27,6,1,2,5,1,1,1,9,9,95,95,95,95,95,95,95,0,1,0,33.7080746605346,3,9
2403190,2024,67,13,1-67-2024-013-06,6,6,5,16:06,1,2,1,2,1,0,4,2,2,95,95,95,95,95,95,95,2,1,0,1631.38147749848,7,9
2403191,2024,12,53,1-12-2024-053-NM2,22,6,2,08:01,1,1,95,95,95,95,95,2,2,2,5,1,0,4,2,2,0,0,1,279.612696685556,9,9
2403192,2024,12,54,1-12-2024-054-06,6,6,6,22:06,1,2,1,1,1,0,4,2,2,95,95,95,95,95,95,95,4,1,0,369.542844708261,9,9
2403193,2024,30,111,1-30-2024-111-NM1,21,6,5,09:33,2,2,2,5,1,0,4,2,2,3,14,1,1,3,2,2,4,1,1,39.9148366584821,10,9
2403194,2024,30,112,1-30-2024-112-05,5,6,7,23:08,2,2,1,1,1,0,4,9,9,95,95,95,95,95,95,95,4,1,0,41.0620689400047,10,9
2403197,2024,33,53,1-33-2024-053-02,2,6,6,22:42,3,2,2,9,1,0,3,9,2,95,95,95,95,95,95,95,1,1,0,23.2460633538017,12,9
2403198,2024,33,54,1-33-2024-054-NM1,21,6,2,00:00,2,1,0,0,0,0,0,2,2,3,14,2,2,3,2,9,0,1,1,55.7364737376608,12,9
2403201,2024,17,98,1-17-2024-098-08,8,6,6,06:15,3,1,1,2,1,0,4,2,2,95,95,95,95,95,95,95,0,1,0,98.1097831692489,4,9
2403202,2024,17,99,1-17-2024-099-03,3,6,4,19:24,2,2,1,1,1,0,4,2,2,95,95,95,95,95,95,95,4,1,0,94.2594617769172,4,9
2403203,2024,17,100,1-17-2024-100-08,8,6,7,02:16,3,1,1,2,1,0,4,2,1,95,95,95,95,95,95,95,0,1,0,90.8396094177974,4,9
2403204,2024,17,101,1-17-2024-101-06,6,6,7,07:10,1,2,1,1,1,0,5,2,2,95,95,95,95,95,95,95,6,1,0,349.164684359284,4,9
2403205,2024,66,67,1-66-2024-067-08,8,6,6,18:45,1,2,1,1,1,0,4,2,9,95,95,95,95,95,95,95,4,1,0,136.694074174878,6,9
2403206,2024,66,68,1-66-2024-068-03,3,6,2,16:00,1,2,1,2,1,0,4,2,9,95,95,95,95,95,95,95,1,1,0,99.2753873280272,6,9
2403207,2024,66,69,1-66-2024-069-08,8,6,5,13:37,5,1,3,17,2,1,3,2,9,95,95,95,95,95,95,95,0,1,0,136.694074174878,6,9
2403208,2024,11,90,1-11-2024-090-03,3,6,1,02:24,5,3,9,97,2,0,0,2,2,95,95,95,95,95,95,95,1,1,0,146.854334010622,8,9
2403209,2024,11,91,1-11-2024-091-05,5,6,1,10:14,2,2,2,5,2,0,3,2,2,95,95,95,95,95,95,95,4,1,0,31.8812723055547,8,9
2403210,2024,11,92,1-11-2024-092-09,9,5,3,22:40,1,1,9,97,1,0,4,1,9,95,95,95,95,95,95,95,0,1,0,1483.52893742629,8,9
2403211,2024,11,93,1-11-2024-093-06,6,6,2,16:35,2,2,0,0,0,0,0,2,2,95,95,95,95,95,95,95,1,1,0,543.991512340262,8,9
2403212,2024,24,88,1-24-2024-088-07,7,6,2,16:56,1,1,0,0,0,0,0,2,2,95,95,95,95,95,95,95,0,1,0,914.887668097759,1,9
2403213,2024,24,89,1-24-2024-089-NM1,21,6,4,00:09,1,1,0,0,0,0,4,9,9,5,38,1,1,1,1,2,0,1,1,23.1726143074507,1,9
2403214,2024,24,90,1-24-2024-090-06,6,5,2,16:27,1,2,1,1,1,0,0,2,2,95,95,95,95,95,95,95,4,1,0,239.78892893254,1,9
2403215,2024,24,91,1-24-2024-091-06,6,6,4,09:14,1,1,1,1,1,0,4,2,2,95,95,95,95,95,95,95,0,1,0,239.788928916115,1,9
2403216,2024,16,94,1-16-2024-094-01,1,5,6,19:55,1,2,6,75,1,1,1,1,1,95,95,95,95,95,95,95,4,1,0,47.1549460249765,5,9
2403217,2024,16,95,1-16-2024-095-03,3,6,4,02:48,1,1,0,0,0,0,0,1,9,95,95,95,95,95,95,95,0,1,0,372.754488481683,5,9
2403218,2024,16,96,1-16-2024-096-NM1,21,6,1,08:44,3,2,99,99,0,0,9,9,9,9,97,1,0,0,2,2,4,1,1,19.3635256654646,5,9
2403219,2024,16,97,1-16-2024-097-03,3,6,6,16:50,3,2,1,2,1,0,5,9,9,95,95,95,95,95,95,95,4,1,0,372.754488424118,5,9
2403220,2024,25,80,1-25-2024-080-01,1,6,7,16:12,5,1,4,29,1,1,1,1,1,95,95,95,95,95,95,95,0,1,0,37.8996534757413,2,9
2403221,2024,25,81,1-25-2024-081-02,2,6,1,10:09,5,1,4,29,1,1,3,1,1,95,95,95,95,95,95,95,0,1,0,37.9757314185607,2,9
2403222,2024,25,82,1-25-2024-082-03,3,6,4,16:24,2,3,1,1,2,0,3,2,2,95,95,95,95,95,95,95,2,1,0,218.616726516573,2,9
2403223,2024,25,83,1-25-2024-083-03,3,6,1,01:45,3,1,1,1,1,0,9,1,2,95,95,95,95,95,95,95,0,1,0,218.616726460228,2,9
2403224,2024,76,85,1-76-2024-085-04,4,4,1,23:20,1,2,0,0,0,0,0,9,9,95,95,95,95,95,95,95,1,1,0,159.257021770113,3,9
2403228,2024,14,52,1-14-2024-052-03,3,6,7,21:26,1,2,0,0,0,0,5,9,9,95,95,95,95,95,95,95,1,1,0,400.274020463203,8,9
2403229,2024,14,53,1-14-2024-053-03,3,6,5,20:21,1,2,0,0,0,0,0,9,9,95,95,95,95,95,95,95,1,1,0,400.274020463203,8,9
2403230,2024,32,111,1-32-2024-111-02,2,6,6,20:00,1,2,1,2,4,0,4,2,2,95,95,95,95,95,95,95,4,1,0,9.15925905654207,7,9
2403231,2024,32,112,1-32-2024-112-04,4,6,4,20:58,5,5,0,0,0,0,0,2,2,95,95,95,95,95,95,95,1,1,0,1708.50129629089,7,9
2403233,2024,32,114,1-32-2024-114-05,5,6,1,02:32,1,1,3,10,2,1,3,1,1,95,95,95,95,95,95,95,0,1,0,54.6650925289724,7,9
2403234,2024,30,115,1-30-2024-115-07,7,6,5,01:13,1,1,0,0,0,0,0,2,2,95,95,95,95,95,95,95,0,1,0,2982.18076289127,10,9
2403235,2024,31,65,1-31-2024-065-09,9,6,2,03:25,1,1,1,1,1,0,5,2,2,95,95,95,95,95,95,95,0,1,0,184.093844007108,6,9
2403236,2024,31,66,1-31-2024-066-03,3,6,7,17:16,1,2,9,97,1,0,0,2,2,95,95,95,95,95,95,95,4,1,0,151.964719784207,6,9
2403237,2024,76,89,1-76-2024-089-07,7,4,7,20:15,1,1,0,0,0,0,0,9,9,95,95,95,95,95,95,95,0,1,0,107.278454695971,3,9
2403238,2024,76,90,1-76-2024-090-09,9,4,1,12:39,2,1,99,99,0,0,8,2,2,95,95,95,95,95,95,95,0,1,0,82.5706054598967,3,9
2403239,2024,76,91,1-76-2024-091-07,7,4,4,17:10,1,2,0,0,0,0,0,9,9,95,95,95,95,95,95,95,4,1,0,107.278454695971,3,9
2403240,2024,32,113,1-32-2024-113-02,2,6,2,08:58,3,2,2,5,2,0,4,2,2,95,95,95,95,95,95,95,1,1,0,9.15925905441749,7,9
2403241,2024,27,103,1-27-2024-103-10,10,6,6,16:19,1,2,0,0,0,0,0,2,2,95,95,95,95,95,95,95,1,1,0,3993.02282903172,3,9
2403242,2024,27,104,1-27-2024-104-03,3,6,2,17:37,2,2,1,2,1,0,4,2,9,95,95,95,95,95,95,95,2,1,0,20.240433004051,3,9
2403243,2024,54,82,1-54-2024-082-03,3,6,1,09:43,2,2,1,1,4,0,4,2,2,95,95,95,95,95,95,95,4,1,0,98.4870522809125,9,9
2403244,2024,22,95,1-22-2024-095-06,6,6,5,07:47,1,2,1,2,4,0,4,2,2,95,95,95,95,95,95,95,1,1,0,88.2065738868729,12,9
2403245,2024,22,96,1-22-2024-096-06,6,6,4,14:50,1,2,9,97,1,0,9,2,2,95,95,95,95,95,95,95,4,1,0,88.2065738868729,12,9
2403246,2024,22,97,1-22-2024-097-10,10,6,4,00:26,4,1,0,0,0,0,0,1,9,95,95,95,95,95,95,95,0,1,0,1151.09904512764,12,9
2403247,2024,22,98,1-22-2024-098-09,9,6,6,19:24,2,3,1,1,2,0,4,2,2,95,95,95,95,95,95,95,1,1,0,137.698592865848,12,9
2403248,2024,77,110,1-77-2024-110-03,3,6,5,19:10,1,2,99,99,0,0,4,2,2,95,95,95,95,95,95,95,4,1,0,238.464999357268,9,9
2403249,2024,82,81,1-82-2024-081-06,6,6,3,18:19,2,3,9,97,1,0,8,2,2,95,95,95,95,95,95,95,1,1,0,260.781112604779,1,9
2403250,2024,82,82,1-82-2024-082-10,10,6,1,05:01,1,1,99,99,0,0,9,2,2,95,95,95,95,95,95,95,0,1,0,6068.75490629749,1,9
2403251,2024,82,83,1-82-2024-083-09,9,6,2,17:50,1,2,9,97,1,0,4,2,2,95,95,95,95,95,95,95,1,1,0,945.53727675361,1,9
2403252,2024,15,125,1-15-2024-125-08,8,6,6,14:46,2,1,0,0,0,0,3,2,9,95,95,95,95,95,95,95,0,1,0,24.6799446072106,1,9
2403254,2024,15,127,1-15-2024-127-05,5,6,5,06:35,3,2,3,19,2,1,3,2,2,95,95,95,95,95,95,95,4,1,0,13.6400789963135,1,9
2403256,2024,79,69,1-79-2024-069-06,6,6,1,11:35,1,2,1,2,3,0,4,9,9,95,95,95,95,95,95,95,1,1,0,120.772111910736,8,9
2403257,2024,79,70,1-79-2024-070-07,7,7,2,08:38,1,1,0,0,0,0,0,9,9,95,95,95,95,95,95,95,0,1,0,367.826537466717,8,9
2403258,2024,21,67,1-21-2024-067-03,3,6,2,15:00,5,2,1,1,1,0,4,2,2,95,95,95,95,95,95,95,1,1,0,317.13900450633,11,9
2403259,2024,21,68,1-21-2024-068-03,3,6,1,05:24,2,1,1,1,1,0,4,1,9,95,95,95,95,95,95,95,0,1,0,317.13900450633,11,9
2403260,2024,69,64,1-69-2024-064-07,7,6,1,17:40,1,1,0,0,0,0,0,2,2,95,95,95,95,95,95,95,0,1,0,358.564260518459,8,9
2403262,2024,69,66,1-69-2024-066-03,3,6,3,22:38,1,1,99,99,0,0,8,2,2,95,95,95,95,95,95,95,0,1,0,28.3981261614182,8,9
2403263,2024,28,96,1-28-2024-096-07,7,5,7,05:16,2,1,0,0,0,0,0,2,2,95,95,95,95,95,95,95,0,1,0,44.330330715033,3,9
2403264,2024,28,97,1-28-2024-097-03,3,5,5,16:25,1,2,3,17,4,1,3,2,2,95,95,95,95,95,95,95,4,1,0,28.3089754479373,3,9
2403265,2024,26,95,1-26-2024-095-05,5,6,2,15:55,1,2,2,6,1,0,4,2,2,95,95,95,95,95,95,95,1,1,0,39.670972526611,10,9
2403266,2024,26,96,1-26-2024-096-05,5,6,2,07:10,2,2,3,18,2,1,3,2,2,95,95,95,95,95,95,95,6,1,0,39.670972526611,10,9
2403267,2024,26,97,1-26-2024-097-06,6,6,2,19:22,2,1,99,99,0,0,9,2,2,95,95,95,95,95,95,95,0,1,0,1247.35466560634,10,9
2403268,2024,26,98,1-26-2024-098-06,6,6,6,23:23,6,1,9,97,1,0,0,1,9,95,95,95,95,95,95,95,0,1,0,1247.35466560634,10,9
2403269,2024,29,29,1-29-2024-029-03,3,6,3,15:18,1,2,1,2,2,0,4,2,2,95,95,95,95,95,95,95,4,1,0,159.682488965025,2,9
2403270,2024,29,30,1-29-2024-030-09,9,6,7,17:21,2,1,1,1,1,0,4,2,2,95,95,95,95,95,95,95,0,1,0,1132.86906528856,2,9
2403272,2024,69,67,1-69-2024-067-03,3,6,3,13:40,2,1,1,2,1,0,4,2,2,95,95,95,95,95,95,95,0,1,0,28.3981261614182,8,9
2403273,2024,15,129,1-15-2024-129-04,4,6,2,14:00,1,2,1,1,1,0,9,9,9,95,95,95,95,95,95,95,9,1,0,109.371972803588,1,9
2403274,2024,15,130,1-15-2024-130-04,4,5,3,15:16,1,2,0,0,0,0,0,9,9,95,95,95,95,95,95,95,5,1,0,109.371972826815,1,9
2403275,2024,20,88,1-20-2024-088-NM2,22,4,1,22:52,1,1,95,95,95,95,95,2,2,2,12,1,1,1,2,2,0,0,1,204.607683671141,11,9
2403276,2024,30,116,1-30-2024-116-06,6,6,6,17:55,2,2,2,4,2,0,6,1,1,95,95,95,95,95,95,95,4,1,0,830.871465576524,10,9
2403281,2024,59,102,1-59-2024-102-04,4,7,2,17:57,3,1,0,0,0,0,0,2,2,95,95,95,95,95,95,95,0,1,0,177.015010442225,6,9
2403282,2024,59,103,1-59-2024-103-02,2,7,3,13:04,1,1,2,5,1,0,4,2,2,95,95,95,95,95,95,95,0,1,0,48.7900687173874,6,9
2403283,2024,59,104,1-59-2024-104-07,7,7,3,20:59,2,1,1,1,1,0,0,2,2,95,95,95,95,95,95,95,0,1,0,584.797835219332,6,9
2403284,2024,59,105,1-59-2024-105-04,4,7,5,21:42,1,2,0,0,0,0,0,2,2,95,95,95,95,95,95,95,4,1,0,177.015010442225,6,9
2403285,2024,81,73,1-81-2024-073-01,1,7,3,07:26,5,4,6,75,5,2,1,2,2,95,95,95,95,95,95,95,1,1,0,82.1455309731661,8,9
2403286,2024,81,74,1-81-2024-074-02,2,7,5,14:04,3,1,1,1,1,0,4,1,2,95,95,95,95,95,95,95,0,1,0,19.0849903848337,8,9
2403287,2024,81,75,1-81-2024-075-02,2,7,6,99:99,2,1,2,6,3,0,4,2,2,95,95,95,95,95,95,95,0,1,0,19.0849903848337,8,9
2403288,2024,81,76,1-81-2024-076-08,8,7,6,11:51,1,2,2,4,1,0,4,2,2,95,95,95,95,95,95,95,4,1,0,465.60520980179,8,9
2403289,2024,62,87,1-62-2024-087-02,2,6,6,13:47,1,2,2,5,1,0,3,2,2,95,95,95,95,95,95,95,4,1,0,27.4104501869369,7,9
2403290,2024,62,88,1-62-2024-088-03,3,6,1,07:39,1,2,99,99,0,0,9,9,9,95,95,95,95,95,95,95,9,1,0,1025.11823051712,7,9
2403291,2024,62,89,1-62-2024-089-02,2,6,7,02:43,2,1,3,14,1,1,3,2,2,95,95,95,95,95,95,95,0,1,0,27.4104501869369,7,9
2403292,2024,62,90,1-62-2024-090-02,2,6,6,04:46,3,2,2,9,2,0,3,1,1,95,95,95,95,95,95,95,1,1,0,40.5230025519482,7,9
2403293,2024,73,94,1-73-2024-094-07,7,6,7,04:35,1,1,0,0,0,0,0,9,9,95,95,95,95,95,95,95,0,1,0,46.0859335695799,3,9
2403295,2024,77,111,1-77-2024-111-05,5,6,7,14:34,1,2,1,1,2,0,4,2,2,95,95,95,95,95,95,95,9,1,0,90.6570748528622,9,9
2403296,2024,77,112,1-77-2024-112-09,9,6,1,02:18,1,1,99,99,0,0,0,1,2,95,95,95,95,95,95,95,0,1,0,633.717187189689,9,9
2403297,2024,77,113,1-77-2024-113-04,4,6,6,09:44,1,2,1,1,1,0,4,2,2,95,95,95,95,95,95,95,6,1,0,367.311932666986,9,9
2403298,2024,77,114,1-77-2024-114-06,6,7,4,10:39,1,2,0,0,0,0,0,2,2,95,95,95,95,95,95,95,4,1,0,331.988899423428,9,9
2403299,2024,30,117,1-30-2024-117-09,9,6,7,21:37,1,2,99,99,0,0,8,2,2,95,95,95,95,95,95,95,4,1,0,1242.65584941796,10,9
2403300,2024,30,118,1-30-2024-118-03,3,6,7,17:42,1,2,1,1,1,0,5,2,2,95,95,95,95,95,95,95,4,1,0,125.586126540136,10,9
2403302,2024,30,120,1-30-2024-120-03,3,6,2,18:26,1,2,2,6,2,0,3,2,2,95,95,95,95,95,95,95,4,1,0,125.586126540136,10,9
2403303,2024,10,50,1-10-2024-050-02,2,6,7,08:58,2,1,1,1,2,0,4,2,2,95,95,95,95,95,95,95,0,1,0,22.470857464632,4,9
2403304,2024,10,51,1-10-2024-051-02,2,6,1,01:06,3,1,3,11,1,1,3,1,1,95,95,95,95,95,95,95,0,1,0,25.7733543604988,4,9
2403305,2024,10,52,1-10-2024-052-NM1,21,5,5,11:42,4,2,9,97,1,0,8,2,2,9,97,1,0,0,2,2,4,1,1,48.5486424740169,4,9
2403306,2024,48,107,1-48-2024-107-06,6,7,3,21:51,1,2,1,1,1,0,4,2,2,95,95,95,95,95,95,95,5,1,0,93.2394399188157,12,9
2403307,2024,48,108,1-48-2024-108-09,9,7,5,00:34,1,2,1,1,1,0,4,1,2,95,95,95,95,95,95,95,4,1,0,187.339449425268,12,9
2403308,2024,48,109,1-48-2024-109-06,6,7,6,08:38,1,1,0,0,0,0,0,2,2,95,95,95,95,95,95,95,0,1,0,93.2394399188157,12,9
2403309,2024,48,110,1-48-2024-110-10,10,7,6,12:31,1,2,0,0,0,0,0,2,2,95,95,95,95,95,95,95,1,1,0,3595.0659924787,12,9
2403311,2024,57,77,1-57-2024-077-03,3,6,2,16:26,1,2,0,0,0,0,4,9,9,95,95,95,95,95,95,95,4,1,0,104.056045481746,1,9
2403312,2024,57,78,1-57-2024-078-03,3,7,3,19:32,1,2,99,99,0,0,0,9,9,95,95,95,95,95,95,95,4,1,0,104.056045530934,1,9
2403313,2024,57,79,1-57-2024-079-03,3,6,3,18:21,2,3,9,97,1,0,8,9,9,95,95,95,95,95,95,95,1,1,0,104.056045508414,1,9
2403315,2024,18,93,1-18-2024-093-05,5,6,6,18:45,3,2,2,4,2,0,4,2,2,95,95,95,95,95,95,95,4,1,0,50.9427492020977,6,9
2403316,2024,54,83,1-54-2024-083-09,9,7,2,07:45,1,2,1,3,1,0,4,2,2,95,95,95,95,95,95,95,4,1,0,156.448581085026,9,9
2403317,2024,54,84,1-54-2024-084-04,4,6,1,17:00,3,1,0,0,0,0,0,2,2,95,95,95,95,95,95,95,0,1,0,152.997399597271,9,9
2403318,2024,54,85,1-54-2024-085-09,9,7,2,21:23,1,2,1,1,4,0,4,1,2,95,95,95,95,95,95,95,2,1,0,156.448581085026,9,9
2403319,2024,67,14,1-67-2024-014-03,3,6,4,12:27,1,2,1,1,2,0,4,2,2,95,95,95,95,95,95,95,4,1,0,127.968795400111,7,9
2403320,2024,67,15,1-67-2024-015-07,7,7,3,15:39,1,2,0,0,0,0,0,9,9,95,95,95,95,95,95,95,4,1,0,1640.35951000863,7,9
2403321,2024,12,55,1-12-2024-055-07,7,6,1,14:15,1,2,0,0,0,0,0,2,2,95,95,95,95,95,95,95,9,1,0,415.380130156016,9,9
2403322,2024,12,56,1-12-2024-056-09,9,7,4,16:04,2,3,1,1,2,0,4,2,2,95,95,95,95,95,95,95,4,1,0,223.589468890907,9,9
2403323,2024,12,57,1-12-2024-057-06,6,7,7,21:12,1,2,9,97,1,0,9,2,2,95,95,95,95,95,95,95,4,1,0,257.996460650317,9,9
2403324,2024,33,55,1-33-2024-055-10,10,6,1,99:99,2,1,0,0,0,0,0,9,9,95,95,95,95,95,95,95,0,1,0,58.854607771382,12,9
2403325,2024,33,56,1-33-2024-056-10,10,6,4,02:50,3,1,0,0,0,0,0,1,2,95,95,95,95,95,95,95,0,1,0,58.854607771382,12,9
2403326,2024,33,57,1-33-2024-057-04,4,5,7,22:54,1,2,0,0,0,0,0,1,9,95,95,95,95,95,95,95,1,1,0,41.6973383343826,12,9
2403327,2024,18,94,1-18-2024-094-09,9,6,2,04:29,1,1,9,97,1,0,0,2,2,95,95,95,95,95,95,95,0,1,0,454.062294625787,6,9
2403328,2024,19,40,1-19-2024-040-08,8,7,3,14:48,2,2,1,1,1,0,4,2,2,95,95,95,95,95,95,95,1,1,0,58.5218969772482,9,9
2403329,2024,19,41,1-19-2024-041-06,6,7,2,19:37,1,2,1,2,1,0,4,2,2,95,95,95,95,95,95,95,1,1,0,230.582658913492,9,9
2403330,2024,20,89,1-20-2024-089-01,1,3,1,04:35,5,1,5,50,2,2,1,1,1,95,95,95,95,95,95,95,0,1,0,42.6820611771259,11,9
2403332,2024,20,91,1-20-2024-091-01,1,5,7,01:02,1,1,4,34,1,1,1,1,1,95,95,95,95,95,95,95,0,1,0,42.6820611771259,11,9
2403333,2024,69,68,1-69-2024-068-02,2,7,6,14:39,2,2,9,97,1,0,8,2,9,95,95,95,95,95,95,95,4,1,0,7.30201599951961,8,9
2403334,2024,69,69,1-69-2024-069-02,2,7,7,00:00,3,1,1,3,2,0,4,2,2,95,95,95,95,95,95,95,0,1,0,7.30201599951961,8,9
2403336,2024,69,71,1-69-2024-071-05,5,7,6,11:15,2,2,2,6,2,0,4,2,2,95,95,95,95,95,95,95,2,1,0,7.30201599951961,8,9
2403337,2024,17,102,1-17-2024-102-04,4,7,5,22:29,1,1,0,0,0,0,0,2,2,95,95,95,95,95,95,95,0,1,0,130.494376369957,4,9
2403338,2024,17,103,1-17-2024-103-04,4,7,4,15:18,1,2,0,0,0,0,0,2,2,95,95,95,95,95,95,95,4,1,0,130.494376308712,4,9
2403339,2024,17,104,1-17-2024-104-07,7,7,3,14:19,1,2,0,0,0,0,0,2,2,95,95,95,95,95,95,95,4,1,0,401.185010036677,4,9
2403340,2024,17,105,1-17-2024-105-03,3,7,7,17:53,2,2,1,1,2,0,3,2,2,95,95,95,95,95,95,95,1,1,0,63.7311016265517,4,9
2403341,2024,11,94,1-11-2024-094-03,3,6,4,18:00,2,3,1,1,2,0,4,2,2,95,95,95,95,95,95,95,1,1,0,74.3356188554781,8,9
2403344,2024,11,97,1-11-2024-097-10,10,6,3,17:30,1,2,0,0,0,0,0,2,2,95,95,95,95,95,95,95,4,1,0,10028.6768904786,8,9
2403345,2024,20,92,1-20-2024-092-01,1,2,7,04:50,2,1,3,19,3,2,1,1,2,95,95,95,95,95,95,95,0,1,0,42.6820611771259,11,9
2403346,2024,24,92,1-24-2024-092-NM1,21,6,4,19:09,1,1,0,0,0,0,0,9,9,4,26,1,1,1,2,2,0,1,1,23.1726143074507,1,9
2403347,2024,24,93,1-24-2024-093-05,5,6,3,09:13,2,2,1,1,2,0,4,2,2,95,95,95,95,95,95,95,4,1,0,24.2721053029394,1,9
2403348,2024,24,94,1-24-2024-094-02,2,6,6,18:06,2,2,2,5,1,0,3,2,2,95,95,95,95,95,95,95,4,1,0,24.2721053029394,1,9
2403349,2024,24,95,1-24-2024-095-09,9,6,4,15:29,1,2,0,0,0,0,5,2,2,95,95,95,95,95,95,95,1,1,0,1639.03205183642,1,9
2403350,2024,25,84,1-25-2024-084-01,1,5,2,09:00,1,2,5,45,2,1,1,9,1,95,95,95,95,95,95,95,2,1,0,61.5499933012625,2,9
2403351,2024,25,85,1-25-2024-085-05,5,7,4,07:11,2,1,3,14,1,1,3,2,2,95,95,95,95,95,95,95,0,1,0,40.8391079208227,2,9
2403352,2024,25,86,1-25-2024-086-01,1,7,7,23:26,1,2,4,29,3,1,1,1,9,95,95,95,95,95,95,95,2,1,0,41.5279732703215,2,9
2403353,2024,25,87,1-25-2024-087-03,3,7,1,04:29,4,1,1,1,1,0,9,9,9,95,95,95,95,95,95,95,0,1,0,344.35142568303,2,9
2403354,2024,60,37,1-60-2024-037-07,7,7,6,15:53,2,3,0,0,0,0,0,2,2,95,95,95,95,95,95,95,5,1,0,1653.18910868645,8,9
2403355,2024,60,38,1-60-2024-038-06,6,6,3,20:45,1,2,1,1,1,0,5,2,2,95,95,95,95,95,95,95,5,1,0,504.487771668491,8,9
2403356,2024,60,39,1-60-2024-039-09,9,7,3,17:01,1,2,1,2,1,0,4,2,2,95,95,95,95,95,95,95,4,1,0,1137.75214806216,8,9
2403357,2024,14,54,1-14-2024-054-04,4,6,1,01:11,1,1,0,0,0,0,0,1,9,95,95,95,95,95,95,95,0,1,0,1430.29204704824,8,9
2403358,2024,14,55,1-14-2024-055-03,3,6,6,12:23,5,5,2,5,5,0,4,9,9,95,95,95,95,95,95,95,1,1,0,351.984208481669,8,9
2403359,2024,14,56,1-14-2024-056-05,5,7,2,19:06,1,2,5,25,1,1,3,9,9,95,95,95,95,95,95,95,4,1,0,76.4230415651045,8,9
2403362,2024,31,67,1-31-2024-067-04,4,6,4,05:30,1,1,0,0,0,0,0,9,9,95,95,95,95,95,95,95,0,1,0,222.052598299916,6,9
2403363,2024,31,68,1-31-2024-068-09,9,5,7,23:26,2,1,9,97,1,0,0,2,2,95,95,95,95,95,95,95,0,1,0,161.39423315543,6,9
2403364,2024,31,69,1-31-2024-069-10,10,5,4,16:29,1,2,0,0,0,0,0,9,9,95,95,95,95,95,95,95,4,1,0,419.593794787767,6,9
2403365,2024,31,70,1-31-2024-070-09,9,7,6,07:49,1,1,1,1,2,0,6,2,2,95,95,95,95,95,95,95,0,1,0,161.39423315543,6,9
2403366,2024,28,98,1-28-2024-098-04,4,6,7,00:14,1,1,0,0,0,0,0,2,2,95,95,95,95,95,95,95,0,1,0,96.1935972000564,3,9
2403367,2024,28,99,1-28-2024-099-07,7,6,4,22:55,1,2,0,0,0,0,0,1,2,95,95,95,95,95,95,95,9,1,0,289.108417871641,3,9
2403368,2024,28,100,1-28-2024-100-04,4,6,2,05:00,1,1,0,0,0,0,0,2,2,95,95,95,95,95,95,95,0,1,0,96.1935972000564,3,9
2403370,2024,32,117,1-32-2024-117-NM1,21,6,7,23:18,2,1,0,0,0,0,0,1,2,1,2,1,0,4,2,2,0,1,1,24.6793297433215,7,9
2403371,2024,32,118,1-32-2024-118-03,3,6,6,16:45,2,3,99,99,0,0,8,2,2,95,95,95,95,95,95,95,5,1,0,399.455115208221,7,9
2403372,2024,66,70,1-66-2024-070-08,8,6,4,15:57,3,1,3,10,1,1,3,2,2,95,95,95,95,95,95,95,0,1,0,134.761595455619,6,9
2403373,2024,66,71,1-66-2024-071-06,6,6,7,15:15,1,1,2,5,3,0,4,2,9,95,95,95,95,95,95,95,0,1,0,175.05990703597,6,9
2403375,2024,27,106,1-27-2024-106-04,4,7,3,15:14,1,2,0,0,0,0,0,9,9,95,95,95,95,95,95,95,4,1,0,125.149936409085,3,9
2403376,2024,27,107,1-27-2024-107-03,3,6,5,15:20,3,2,4,17,1,1,3,2,2,95,95,95,95,95,95,95,4,1,0,26.5096922457315,3,9
2403377,2024,27,108,1-27-2024-108-03,3,6,2,14:36,2,3,1,1,1,0,4,9,9,95,95,95,95,95,95,95,1,1,0,32.3914110115022,3,9
2403378,2024,16,98,1-16-2024-098-NM1,21,7,3,17:04,1,1,0,0,0,0,0,9,9,1,1,1,0,8,9,9,0,1,1,23.4984908001716,5,9
2403379,2024,16,99,1-16-2024-099-01,1,6,6,02:35,3,2,4,41,1,1,1,1,1,95,95,95,95,95,95,95,5,1,0,75.8360340917396,5,9
2403380,2024,79,71,1-79-2024-071-04,4,7,6,13:50,1,2,99,99,0,0,0,9,9,95,95,95,95,95,95,95,4,1,0,103.687310341295,8,9
2403381,2024,79,72,1-79-2024-072-07,7,7,6,05:33,1,1,0,0,0,0,0,9,9,95,95,95,95,95,95,95,0,1,0,105.188203068447,8,9
2403382,2024,79,73,1-79-2024-073-09,9,7,2,11:20,1,1,0,0,0,0,4,2,1,95,95,95,95,95,95,95,0,1,0,117.957752270952,8,9
2403383,2024,73,96,1-73-2024-096-10,10,7,7,11:29,1,2,0,0,0,0,0,9,9,95,95,95,95,95,95,95,4,1,0,335.036357145609,3,9
2403384,2024,82,84,1-82-2024-084-03,3,6,2,13:37,1,2,99,99,0,0,8,2,2,95,95,95,95,95,95,95,4,1,0,111.316539758788,1,9
2403385,2024,82,85,1-82-2024-085-03,3,6,3,12:54,2,2,2,9,1,0,3,2,2,95,95,95,95,95,95,95,1,1,0,111.316539755497,1,9
2403386,2024,82,86,1-82-2024-086-06,6,6,1,03:00,2,1,9,97,1,0,0,2,2,95,95,95,95,95,95,95,0,1,0,346.376623734345,1,9
2403387,2024,82,87,1-82-2024-087-06,6,6,6,12:15,1,2,2,5,2,0,4,2,2,95,95,95,95,95,95,95,4,1,0,346.376623734345,1,9
2403388,2024,15,131,1-15-2024-131-03,3,6,6,18:20,1,2,1,1,1,0,9,9,9,95,95,95,95,95,95,95,4,1,0,18.2895686681908,1,9
2403389,2024,15,132,1-15-2024-132-NM2,22,6,4,17:57,1,1,95,95,95,95,95,9,9,1,1,1,0,4,9,9,0,0,1,43.1774985201338,1,9
2403392,2024,26,99,1-26-2024-099-06,6,6,4,18:18,1,2,9,97,2,0,9,2,2,95,95,95,95,95,95,95,4,1,0,1095.96937893317,10,9
2403393,2024,21,69,1-21-2024-069-02,2,6,1,03:25,5,2,1,1,5,0,6,1,9,95,95,95,95,95,95,95,1,1,0,11.0430466560592,11,9
2403394,2024,21,70,1-21-2024-070-02,2,6,3,00:06,1,2,2,5,1,0,3,2,2,95,95,95,95,95,95,95,5,1,0,11.0430466560592,11,9
2403395,2024,21,71,1-21-2024-071-01,1,5,1,02:53,1,1,9,97,1,1,1,9,9,95,95,95,95,95,95,95,0,1,0,63.3290776886701,11,9
2403396,2024,22,99,1-22-2024-099-07,7,6,2,19:04,2,1,0,0,0,0,0,1,2,95,95,95,95,95,95,95,0,1,0,107.39673734291,12,9
2403397,2024,22,100,1-22-2024-100-09,9,7,5,22:05,1,1,99,99,0,0,9,2,2,95,95,95,95,95,95,95,0,1,0,30.4373816922877,12,9
2403398,2024,22,101,1-22-2024-101-10,10,7,1,07:00,1,1,0,0,0,0,0,2,2,95,95,95,95,95,95,95,0,1,0,71.5732728614493,12,9
2403399,2024,22,102,1-22-2024-102-02,2,6,3,11:38,4,2,1,1,2,0,4,2,2,95,95,95,95,95,95,95,6,1,0,25.2675524846257,12,9
2403400,2024,57,80,1-57-2024-080-03,3,6,1,02:30,1,2,0,0,0,0,4,1,9,95,95,95,95,95,95,95,6,1,0,104.056045530934,1,9
2403401,2024,29,31,1-29-2024-031-03,3,6,6,16:08,1,2,99,99,0,0,4,9,9,95,95,95,95,95,95,95,4,1,0,387.667428498109,2,9
2403403,2024,29,33,1-29-2024-033-NM2,22,6,3,18:36,1,1,95,95,95,95,95,2,2,9,97,1,0,8,2,2,0,0,1,717.115181555973,2,9
2403404,2024,11,98,1-11-2024-098-04,4,6,3,06:56,1,2,0,0,0,0,0,2,2,95,95,95,95,95,95,95,4,1,0,272.59259676945,8,9
2403405,2024,28,102,1-28-2024-102-09,9,6,5,06:19,3,1,9,97,1,0,9,2,2,95,95,95,95,95,95,95,0,1,0,151.522670294483,3,9
2403406,2024,27,109,1-27-2024-109-03,3,7,6,17:11,2,2,1,2,2,0,4,2,2,95,95,95,95,95,95,95,4,1,0,21.3864561982913,3,9
2403407,2024,15,135,1-15-2024-135-07,7,6,3,13:20,1,2,0,0,0,0,4,9,9,95,95,95,95,95,95,95,1,1,0,395.984424005931,1,9
2403408,2024,15,136,1-15-2024-136-03,3,6,2,07:45,3,3,1,1,1,0,4,9,9,95,95,95,95,95,95,95,0,1,0,18.2895686654955,1,9
2403409,2024,29,34,1-29-2024-034-06,6,6,5,11:04,1,2,3,14,2,1,3,2,2,95,95,95,95,95,95,95,2,1,0,1206.28017519006,2,9
2403410,2024,69,72,1-69-2024-072-07,7,7,5,08:47,4,1,0,0,0,0,0,2,2,95,95,95,95,95,95,95,0,1,0,400.747856145953,8,9
2403411,2024,11,99,1-11-2024-099-03,3,6,1,11:30,1,1,1,1,1,0,0,2,2,95,95,95,95,95,95,95,0,1,0,74.3356188554781,8,9
2403412,2024,30,121,1-30-2024-121-06,6,7,3,09:00,1,2,1,2,2,0,4,2,2,95,95,95,95,95,95,95,1,1,0,390.778392781149,10,9
2403413,2024,81,77,1-81-2024-077-NM1,21,7,5,19:20,3,2,3,27,4,1,3,2,2,5,43,1,1,1,2,2,1,1,1,23.4695700092411,8,9
2403414,2024,81,78,1-81-2024-078-03,3,7,2,18:04,3,1,9,97,1,0,9,2,2,95,95,95,95,95,95,95,0,1,0,724.481315272684,8,9
2403415,2024,81,79,1-81-2024-079-02,2,7,1,01:23,1,2,4,34,2,2,3,1,2,95,95,95,95,95,95,95,2,1,0,19.0849903848337,8,9
2403416,2024,81,80,1-81-2024-080-06,6,7,5,14:45,2,2,1,1,2,0,4,2,2,95,95,95,95,95,95,95,1,1,0,2683.6912169643,8,9
2403417,2024,59,106,1-59-2024-106-01,1,7,5,23:00,1,1,5,43,1,1,1,2,1,95,95,95,95,95,95,95,0,1,0,59.4125100170591,6,9
2403418,2024,59,107,1-59-2024-107-02,2,7,4,03:50,1,1,4,34,1,1,3,1,2,95,95,95,95,95,95,95,0,1,0,48.7900687173874,6,9
2403419,2024,77,115,1-77-2024-115-05,5,7,3,09:31,1,1,1,1,1,0,4,2,2,95,95,95,95,95,95,95,0,1,0,143.029350117903,9,9
2403421,2024,77,117,1-77-2024-117-05,5,7,5,15:05,4,1,3,10,1,1,3,2,2,95,95,95,95,95,95,95,0,1,0,143.029350117903,9,9
2403422,2024,77,118,1-77-2024-118-02,2,6,5,17:42,1,2,9,97,1,0,9,2,2,95,95,95,95,95,95,95,4,1,0,83.1566199866033,9,9
2403423,2024,10,53,1-10-2024-053-04,4,7,7,14:33,3,3,0,0,0,0,0,2,2,95,95,95,95,95,95,95,0,1,0,427.929607064137,4,9
2403424,2024,10,54,1-10-2024-054-03,3,7,3,18:18,1,2,1,2,1,0,6,2,2,95,95,95,95,95,95,95,4,1,0,99.299901179009,4,9
2403425,2024,10,55,1-10-2024-055-09,9,7,5,14:46,1,2,0,0,0,0,0,2,2,95,95,95,95,95,95,95,4,1,0,838.325820933804,4,9
2403426,2024,67,16,1-67-2024-016-04,4,7,4,14:46,2,3,0,0,0,0,0,9,9,95,95,95,95,95,95,95,5,1,0,612.985375623985,7,9
2403427,2024,67,17,1-67-2024-017-06,6,7,2,20:30,3,2,2,9,2,0,3,2,2,95,95,95,95,95,95,95,1,1,0,530.56013412696,7,9
2403428,2024,54,86,1-54-2024-086-09,9,7,3,05:28,1,1,9,97,1,0,8,2,2,95,95,95,95,95,95,95,0,1,0,117.274582131211,9,9
2403429,2024,54,87,1-54-2024-087-10,10,7,5,15:22,1,2,0,0,0,0,0,2,2,95,95,95,95,95,95,95,4,1,0,594.813207503092,9,9
2403430,2024,62,91,1-62-2024-091-03,3,6,6,18:38,1,2,9,97,2,0,0,9,9,95,95,95,95,95,95,95,4,1,0,349.88479232887,7,9
2403431,2024,62,92,1-62-2024-092-05,5,7,2,22:19,2,3,1,2,1,0,4,9,9,95,95,95,95,95,95,95,1,1,0,148.944132369298,7,9
2403432,2024,62,93,1-62-2024-093-NM2,22,7,6,23:59,2,2,95,95,95,95,95,9,9,1,2,1,0,3,2,2,0,0,1,1033.17136515517,7,9
2403434,2024,18,95,1-18-2024-095-07,7,6,3,14:15,2,3,0,0,0,0,0,9,9,95,95,95,95,95,95,95,1,1,0,7163.56506771443,6,9
2403435,2024,18,96,1-18-2024-096-01,1,6,3,11:11,1,2,5,25,3,1,1,2,2,95,95,95,95,95,95,95,4,1,0,63.8166126674341,6,9
2403436,2024,73,97,1-73-2024-097-08,8,6,6,16:26,5,1,3,22,1,1,3,9,9,95,95,95,95,95,95,95,0,1,0,119.342550330643,3,9
2403437,2024,73,98,1-73-2024-098-06,6,6,7,15:52,1,2,9,97,1,0,0,9,9,95,95,95,95,95,95,95,4,1,0,436.667596310041,3,9
2403440,2024,57,82,1-57-2024-082-NM1,21,6,2,11:39,3,1,9,97,1,0,8,9,9,2,5,1,0,4,2,9,0,1,1,13.7201676622522,1,9
2403443,2024,30,122,1-30-2024-122-03,3,7,1,18:18,1,2,0,0,0,0,0,2,2,95,95,95,95,95,95,95,4,1,0,215.06082110319,10,9
2403445,2024,30,124,1-30-2024-124-02,2,7,5,23:22,3,1,1,3,2,0,3,2,2,95,95,95,95,95,95,95,0,1,0,16.6145707079083,10,9
2403446,2024,30,125,1-30-2024-125-03,3,7,4,11:28,1,2,9,97,2,0,9,2,2,95,95,95,95,95,95,95,4,1,0,215.060821084077,10,9
2403447,2024,57,83,1-57-2024-083-06,6,7,6,22:09,1,2,0,0,0,0,4,9,9,95,95,95,95,95,95,95,4,1,0,285.765720203925,1,9
2403448,2024,57,84,1-57-2024-084-03,3,7,6,05:11,1,2,99,99,0,0,8,9,9,95,95,95,95,95,95,95,4,1,0,91.8377540281874,1,9
2403449,2024,33,58,1-33-2024-058-06,6,6,6,16:45,1,2,9,97,1,0,0,2,2,95,95,95,95,95,95,95,1,1,0,79.5055031070853,12,9
2403450,2024,33,59,1-33-2024-059-09,9,7,5,15:35,1,1,1,1,1,0,4,1,2,95,95,95,95,95,95,95,0,1,0,156.661747322073,12,9
2403451,2024,33,60,1-33-2024-060-02,2,6,7,13:05,1,2,2,5,2,0,4,9,1,95,95,95,95,95,95,95,4,1,0,23.2460633538017,12,9
2403452,2024,79,74,1-79-2024-074-09,9,7,5,22:30,3,1,9,97,1,0,0,1,1,95,95,95,95,95,95,95,0,1,0,471.250345043091,8,9
2403453,2024,79,75,1-79-2024-075-06,6,7,6,20:16,2,2,1,1,1,0,0,2,2,95,95,95,95,95,95,95,4,1,0,193.378344916823,8,9
2403454,2024,12,58,1-12-2024-058-04,4,7,6,13:11,3,2,1,1,1,0,4,2,2,95,95,95,95,95,95,95,4,1,0,523.991116135277,9,9
2403455,2024,12,59,1-12-2024-059-06,6,7,2,14:14,1,2,1,1,1,0,4,2,2,95,95,95,95,95,95,95,1,1,0,481.477047572144,9,9
2403456,2024,12,60,1-12-2024-060-04,4,7,1,00:04,2,1,0,0,0,0,0,2,2,95,95,95,95,95,95,95,0,1,0,523.991116135277,9,9
2403457,2024,19,42,1-19-2024-042-05,5,7,6,06:56,2,2,2,5,2,0,4,2,2,95,95,95,95,95,95,95,4,1,0,67.1248665886169,9,9
2403458,2024,20,93,1-20-2024-093-01,1,5,1,02:39,4,1,3,14,3,2,1,1,1,95,95,95,95,95,95,95,0,1,0,35.0220589332575,11,9
2403460,2024,30,123,1-30-2024-123-03,3,7,7,17:45,2,2,1,1,1,0,4,2,2,95,95,95,95,95,95,95,4,1,0,215.060821084077,10,9
2403461,2024,69,73,1-69-2024-073-01,1,7,3,01:15,1,2,4,21,2,2,1,9,9,95,95,95,95,95,95,95,2,1,0,25.5510252230987,8,9
2403462,2024,69,74,1-69-2024-074-02,2,7,5,07:30,2,2,1,3,2,0,6,2,2,95,95,95,95,95,95,95,4,1,0,7.30201599951961,8,9
2403463,2024,17,106,1-17-2024-106-07,7,7,1,22:51,1,1,0,0,0,0,0,2,2,95,95,95,95,95,95,95,0,1,0,289.876786179507,4,9
2403464,2024,17,107,1-17-2024-107-04,4,7,1,23:05,2,1,0,0,0,0,0,2,2,95,95,95,95,95,95,95,0,1,0,94.2888928293055,4,9
2403465,2024,66,72,1-66-2024-072-09,9,6,5,21:20,1,2,1,1,1,0,4,2,9,95,95,95,95,95,95,95,1,1,0,120.817592914173,6,9
2403466,2024,66,73,1-66-2024-073-10,10,6,2,22:50,1,2,0,0,0,0,0,2,9,95,95,95,95,95,95,95,1,1,0,2134.23953615003,6,9
2403467,2024,77,116,1-77-2024-116-01,1,7,7,19:33,1,1,4,41,2,1,1,2,2,95,95,95,95,95,95,95,0,1,0,161.485852277551,9,9
2403468,2024,24,96,1-24-2024-096-05,5,6,4,16:23,1,2,3,10,3,1,3,2,2,95,95,95,95,95,95,95,4,1,0,24.2721053029394,1,9
2403469,2024,24,97,1-24-2024-097-08,8,6,2,09:49,2,1,2,6,2,0,3,2,2,95,95,95,95,95,95,95,0,1,0,91.2848095767464,1,9
2403470,2024,24,98,1-24-2024-098-10,10,6,7,17:04,2,1,0,0,0,0,0,2,2,95,95,95,95,95,95,95,0,1,0,7451.34865268735,1,9
2403471,2024,24,99,1-24-2024-099-04,4,6,6,07:09,1,2,1,1,2,0,6,2,2,95,95,95,95,95,95,95,4,1,0,406.450013280433,1,9
2403472,2024,25,88,1-25-2024-088-03,3,7,2,10:20,4,4,2,5,1,0,3,2,2,95,95,95,95,95,95,95,6,1,0,78.8459476035381,2,9
2403473,2024,25,89,1-25-2024-089-05,5,7,2,15:54,1,2,3,10,3,1,3,2,2,95,95,95,95,95,95,95,4,1,0,39.3581661506128,2,9
2403474,2024,25,90,1-25-2024-090-07,7,7,6,07:57,1,2,0,0,0,0,0,2,2,95,95,95,95,95,95,95,1,1,0,1148.50901406904,2,9
2403476,2024,11,100,1-11-2024-100-02,2,6,7,14:10,1,1,9,97,1,0,8,2,2,95,95,95,95,95,95,95,0,1,0,30.7614595081659,8,9
2403477,2024,11,101,1-11-2024-101-07,7,6,6,18:49,4,4,0,0,0,0,0,2,2,95,95,95,95,95,95,95,4,1,0,2789.72309945544,8,9
2403478,2024,11,102,1-11-2024-102-04,4,7,3,16:48,2,3,0,0,0,0,0,2,2,95,95,95,95,95,95,95,1,1,0,595.929961083085,8,9
2403479,2024,11,103,1-11-2024-103-04,4,7,3,15:09,2,3,0,0,0,0,0,2,2,95,95,95,95,95,95,95,1,1,0,595.929961083085,8,9
2403480,2024,60,40,1-60-2024-040-03,3,7,6,19:00,1,2,1,3,1,0,4,2,2,95,95,95,95,95,95,95,9,1,0,126.258854490513,8,9
2403481,2024,60,41,1-60-2024-041-04,4,7,4,12:20,3,4,1,3,2,0,4,2,2,95,95,95,95,95,95,95,4,1,0,578.853294034117,8,9
2403482,2024,60,42,1-60-2024-042-07,7,7,6,19:40,1,2,1,1,1,0,4,2,2,95,95,95,95,95,95,95,4,1,0,1532.63624546784,8,9
2403487,2024,16,100,1-16-2024-100-03,3,7,2,13:56,1,2,9,97,1,0,0,9,9,95,95,95,95,95,95,95,9,1,0,248.379297803423,5,9
2403488,2024,16,101,1-16-2024-101-05,5,6,1,02:15,3,1,3,17,2,1,3,1,9,95,95,95,95,95,95,95,0,1,0,29.4570842219458,5,9
2403489,2024,14,57,1-14-2024-057-03,3,7,6,16:44,1,1,2,5,1,0,4,9,9,95,95,95,95,95,95,95,0,1,0,220.01323547424,8,9
2403490,2024,14,58,1-14-2024-058-01,1,7,7,22:32,5,3,3,11,2,1,1,2,2,95,95,95,95,95,95,95,0,1,0,73.3352740137857,8,9
2403491,2024,14,59,1-14-2024-059-04,4,7,5,07:08,1,1,0,0,0,0,0,2,2,95,95,95,95,95,95,95,0,1,0,894.026417553178,8,9
2403494,2024,48,111,1-48-2024-111-06,6,7,3,13:30,1,1,3,10,3,1,4,2,2,95,95,95,95,95,95,95,0,1,0,103.750953524294,12,9
2403495,2024,48,112,1-48-2024-112-03,3,7,3,17:27,1,2,1,1,3,0,0,2,2,95,95,95,95,95,95,95,4,1,0,54.9604072040948,12,9
2403496,2024,48,113,1-48-2024-113-03,3,7,1,09:20,1,1,0,0,0,0,0,2,2,95,95,95,95,95,95,95,0,1,0,54.9604072040948,12,9
2403497,2024,48,114,1-48-2024-114-09,9,7,2,18:44,3,1,0,0,0,0,4,1,1,95,95,95,95,95,95,95,0,1,0,208.459494474778,12,9
2403498,2024,32,121,1-32-2024-121-05,5,6,1,16:30,1,1,1,2,1,0,4,1,2,95,95,95,95,95,95,95,0,1,0,27.6803878502634,7,9
2403499,2024,25,92,1-25-2024-092-03,3,6,7,11:29,1,1,0,0,0,0,5,1,9,95,95,95,95,95,95,95,0,1,0,78.8459476035381,2,9
2403500,2024,32,122,1-32-2024-122-NM1,21,6,5,23:45,2,1,99,99,0,0,9,9,2,9,97,1,0,9,2,2,0,1,1,14.4199310356771,7,9
2403501,2024,28,103,1-28-2024-103-09,9,6,4,04:35,2,1,0,0,0,0,0,2,2,95,95,95,95,95,95,95,0,1,0,42.1140871339499,3,9
2403502,2024,28,104,1-28-2024-104-06,6,7,2,13:03,1,2,1,3,7,0,4,2,2,95,95,95,95,95,95,95,4,1,0,44.5186799027896,3,9
2403503,2024,28,105,1-28-2024-105-09,9,7,7,16:12,1,1,1,1,1,0,4,2,2,95,95,95,95,95,95,95,0,1,0,42.1140871339499,3,9
2403504,2024,28,106,1-28-2024-106-03,3,6,6,16:07,1,1,0,0,0,0,0,2,2,95,95,95,95,95,95,95,0,1,0,28.3089754479373,3,9
2403505,2024,57,85,1-57-2024-085-06,6,7,1,19:59,2,3,9,97,3,0,5,9,9,95,95,95,95,95,95,95,4,1,0,285.765720404357,1,9
2403506,2024,26,100,1-26-2024-100-04,4,6,4,14:21,4,3,0,0,0,0,0,2,2,95,95,95,95,95,95,95,5,1,0,4774.58117313973,10,9
2403507,2024,26,101,1-26-2024-101-02,2,6,1,04:45,2,1,1,3,2,0,4,2,9,95,95,95,95,95,95,95,0,1,0,22.5600458961745,10,9
2403508,2024,82,88,1-82-2024-088-07,7,7,6,02:53,2,1,0,0,0,0,0,1,2,95,95,95,95,95,95,95,0,1,0,1072.05307048859,1,9
2403509,2024,82,89,1-82-2024-089-NM2,22,7,1,20:36,1,1,95,95,95,95,95,2,2,2,5,1,0,3,2,2,0,0,1,184.00474438731,1,9
2403510,2024,82,90,1-82-2024-090-06,6,7,2,19:13,1,2,1,1,1,0,4,2,2,95,95,95,95,95,95,95,4,1,0,254.538804801585,1,9
2403511,2024,82,91,1-82-2024-091-04,4,7,5,01:40,1,1,0,0,0,0,0,2,2,95,95,95,95,95,95,95,0,1,0,308.3315387001,1,9
2403513,2024,15,138,1-15-2024-138-09,9,7,2,14:25,1,2,9,97,1,0,4,9,9,95,95,95,95,95,95,95,4,1,0,342.689892288111,1,9
2403514,2024,15,139,1-15-2024-139-03,3,7,2,11:15,2,1,1,1,1,0,3,2,2,95,95,95,95,95,95,95,0,1,0,31.6293357429148,1,9
2403515,2024,15,140,1-15-2024-140-03,3,7,6,15:35,3,3,1,1,2,0,4,9,9,95,95,95,95,95,95,95,4,1,0,31.6293357429148,1,9
2403516,2024,27,110,1-27-2024-110-08,8,7,4,16:21,5,1,1,1,1,0,3,1,1,95,95,95,95,95,95,95,0,1,0,66.4515953857816,3,9
2403517,2024,27,111,1-27-2024-111-04,4,7,1,09:33,2,1,0,0,0,0,0,2,9,95,95,95,95,95,95,95,0,1,0,90.877425014538,3,9
2403518,2024,27,112,1-27-2024-112-07,7,7,6,07:00,1,2,0,0,0,0,0,2,2,95,95,95,95,95,95,95,4,1,0,354.886135920309,3,9
2403519,2024,27,113,1-27-2024-113-03,3,7,4,11:18,2,2,1,2,2,0,4,2,2,95,95,95,95,95,95,95,4,1,0,15.5297407695143,3,9
2403521,2024,22,104,1-22-2024-104-04,4,6,2,19:06,1,2,1,1,1,0,0,2,2,95,95,95,95,95,95,95,4,1,0,111.947355719657,12,9
2403522,2024,22,105,1-22-2024-105-04,4,7,4,12:15,1,2,1,1,1,0,6,2,2,95,95,95,95,95,95,95,4,1,0,32.0683092145635,12,9
2403523,2024,22,106,1-22-2024-106-07,7,7,7,18:50,1,1,0,0,0,0,5,1,2,95,95,95,95,95,95,95,0,1,0,30.7647443712059,12,9
2403524,2024,21,72,1-21-2024-072-NM1,21,6,6,16:22,3,2,0,0,0,0,0,2,2,5,27,2,1,3,1,2,1,1,1,9.710167648307,11,9
2403525,2024,21,73,1-21-2024-073-03,3,6,7,23:06,4,1,0,0,0,0,0,2,2,95,95,95,95,95,95,95,0,1,0,389.264030585975,11,9
2403526,2024,21,74,1-21-2024-074-03,3,6,1,22:00,3,4,1,2,5,0,4,2,9,95,95,95,95,95,95,95,5,1,0,389.264030585975,11,9
2403527,2024,22,107,1-22-2024-107-10,10,7,4,14:13,1,2,0,0,0,0,0,2,2,95,95,95,95,95,95,95,4,1,0,71.5732728614493,12,9
2403528,2024,29,35,1-29-2024-035-03,3,7,5,20:24,4,2,0,0,0,0,4,9,9,95,95,95,95,95,95,95,4,1,0,161.57799517971,2,9
2403529,2024,29,36,1-29-2024-036-03,3,6,7,19:00,6,3,9,97,1,0,4,9,2,95,95,95,95,95,95,95,0,1,0,161.577995153769,2,9
2403530,2024,29,37,1-29-2024-037-04,4,7,1,12:53,1,2,0,0,0,0,0,9,9,95,95,95,95,95,95,95,4,1,0,595.227887636042,2,9
2403531,2024,15,141,1-15-2024-141-03,3,6,4,16:49,2,2,1,1,2,0,4,9,9,95,95,95,95,95,95,95,4,1,0,31.6293357442086,1,9
2403532,2024,76,96,1-76-2024-096-04,4,5,4,08:15,1,2,0,0,0,0,0,9,9,95,95,95,95,95,95,95,4,1,0,160.144038471204,3,9
2403533,2024,76,97,1-76-2024-097-04,4,5,5,00:26,1,1,0,0,0,0,0,9,9,95,95,95,95,95,95,95,0,1,0,160.144038500939,3,9
2403534,2024,76,98,1-76-2024-098-07,7,6,6,08:39,1,1,0,0,0,0,0,9,9,95,95,95,95,95,95,95,0,1,0,437.376319336205,3,9
2403535,2024,76,99,1-76-2024-099-07,7,5,6,15:15,1,1,0,0,0,0,0,9,9,95,95,95,95,95,95,95,0,1,0,437.376319256301,3,9
2403536,2024,20,95,1-20-2024-095-03,3,6,1,23:17,10,2,0,0,0,0,4,1,9,95,95,95,95,95,95,95,5,1,0,140.279626384234,11,9
2403537,2024,62,95,1-62-2024-095-05,5,7,6,12:34,2,3,3,10,2,1,3,2,2,95,95,95,95,95,95,95,4,1,0,41.4953495991345,7,9
2403538,2024,81,81,1-81-2024-081-05,5,7,1,12:49,1,1,3,10,2,1,3,2,1,95,95,95,95,95,95,95,0,1,0,27.4895135360166,8,9
2403539,2024,81,82,1-81-2024-082-09,9,7,1,18:40,3,2,0,0,0,0,4,9,9,95,95,95,95,95,95,95,4,1,0,1735.07853290752,8,9
2403541,2024,81,84,1-81-2024-084-09,9,7,7,99:99,1,1,2,6,1,0,4,2,2,95,95,95,95,95,95,95,0,1,0,1735.07853290752,8,9
2403542,2024,59,108,1-59-2024-108-03,3,7,3,15:08,2,2,1,1,2,0,6,2,2,95,95,95,95,95,95,95,4,1,0,55.2187891713604,6,9
2403543,2024,59,109,1-59-2024-109-03,3,7,7,22:40,1,2,1,1,1,0,4,2,2,95,95,95,95,95,95,95,4,1,0,55.2187891713604,6,9
2403544,2024,59,110,1-59-2024-110-03,3,7,3,15:05,1,2,0,0,0,0,4,2,2,95,95,95,95,95,95,95,1,1,0,55.2187891713604,6,9
2403545,2024,59,111,1-59-2024-111-04,4,7,2,11:27,1,1,0,0,0,0,0,2,2,95,95,95,95,95,95,95,0,1,0,322.615967734063,6,9
2403546,2024,23,41,1-23-2024-041-10,10,7,7,16:50,1,2,0,0,0,0,0,2,2,95,95,95,95,95,95,95,4,1,0,24230.4540548434,5,9
2403547,2024,62,96,1-62-2024-096-02,2,7,5,16:38,1,1,2,5,2,0,3,2,2,95,95,95,95,95,95,95,0,1,0,27.4104501869369,7,9
2403550,2024,77,119,1-77-2024-119-NM1,21,6,1,23:50,1,1,0,0,0,0,0,2,2,3,17,1,1,3,2,1,0,1,1,113.21347390618,9,9
2403551,2024,77,120,1-77-2024-120-09,9,7,3,17:10,1,2,99,99,0,0,9,2,2,95,95,95,95,95,95,95,4,1,0,6445.03197529129,9,9
2403552,2024,77,121,1-77-2024-121-02,2,7,4,14:57,2,1,2,5,1,0,3,2,2,95,95,95,95,95,95,95,0,1,0,83.1566199866033,9,9
2403553,2024,77,122,1-77-2024-122-02,2,7,6,07:38,7,3,4,34,4,2,3,2,1,95,95,95,95,95,95,95,4,1,0,83.1566199866033,9,9
2403554,2024,10,56,1-10-2024-056-01,1,7,1,06:38,1,1,6,75,1,1,1,1,1,95,95,95,95,95,95,95,0,1,0,29.5514564971955,4,9
2403555,2024,10,57,1-10-2024-057-06,6,7,1,17:02,2,3,1,3,1,0,4,2,2,95,95,95,95,95,95,95,4,1,0,529.513381579315,4,9
2403556,2024,10,58,1-10-2024-058-07,7,7,4,22:20,1,2,99,99,0,0,9,9,9,95,95,95,95,95,95,95,2,1,0,2009.95411542,4,9
2403557,2024,54,88,1-54-2024-088-09,9,7,5,13:00,2,1,9,97,1,0,4,2,2,95,95,95,95,95,95,95,0,1,0,166.757528178135,9,9
2403558,2024,54,89,1-54-2024-089-06,6,7,1,04:02,1,1,2,4,2,0,4,2,2,95,95,95,95,95,95,95,0,1,0,154.880686626287,9,9
2403559,2024,73,99,1-73-2024-099-01,1,7,2,17:53,4,1,1,2,1,0,2,1,9,95,95,95,95,95,95,95,0,1,0,29.6045947385831,3,9
2403560,2024,73,100,1-73-2024-100-06,6,7,6,15:54,1,2,1,1,1,0,4,9,9,95,95,95,95,95,95,95,4,1,0,139.239546617625,3,9
2403561,2024,48,115,1-48-2024-115-10,10,7,2,06:40,2,1,0,0,0,0,0,2,2,95,95,95,95,95,95,95,0,1,0,2731.40480891654,12,9
2403562,2024,48,116,1-48-2024-116-08,8,7,2,07:44,3,1,2,5,1,0,3,2,9,95,95,95,95,95,95,95,0,1,0,96.1411607504999,12,9
2403563,2024,48,117,1-48-2024-117-06,6,7,3,05:40,1,1,1,1,1,0,9,2,2,95,95,95,95,95,95,95,0,1,0,86.4307074675267,12,9
2403564,2024,48,118,1-48-2024-118-10,10,7,4,22:35,2,1,0,0,0,0,0,2,2,95,95,95,95,95,95,95,0,1,0,2731.40480891654,12,9
2403565,2024,67,18,1-67-2024-018-03,3,7,4,12:34,2,2,2,5,2,0,4,2,2,95,95,95,95,95,95,95,4,1,0,114.933643901249,7,9
2403566,2024,67,19,1-67-2024-019-04,4,7,7,07:58,1,1,1,1,1,0,0,9,9,95,95,95,95,95,95,95,0,1,0,491.890041972432,7,9
2403567,2024,18,97,1-18-2024-097-07,7,7,3,08:32,1,2,0,0,0,0,0,2,2,95,95,95,95,95,95,95,1,1,0,1159.74164093818,6,9
2403568,2024,18,98,1-18-2024-098-05,5,7,3,16:24,3,4,3,19,1,1,3,2,1,95,95,95,95,95,95,95,1,1,0,50.9427492020977,6,9
2403569,2024,57,86,1-57-2024-086-07,7,4,7,21:53,1,2,99,99,0,0,0,2,2,95,95,95,95,95,95,95,4,1,0,1497.2275426539,1,9
2403570,2024,57,87,1-57-2024-087-04,4,7,5,18:28,1,2,0,0,0,0,0,2,2,95,95,95,95,95,95,95,4,1,0,832.283570637323,1,9
2403571,2024,62,97,1-62-2024-097-05,5,7,6,18:25,2,2,2,4,2,0,4,2,2,95,95,95,95,95,95,95,4,1,0,89.0565791857548,7,9
2403572,2024,33,61,1-33-2024-061-02,2,6,4,14:02,1,2,3,22,3,2,3,9,1,95,95,95,95,95,95,95,4,1,0,26.28784040081,12,9
2403573,2024,12,61,1-12-2024-061-07,7,7,6,00:32,2,1,0,0,0,0,0,1,2,95,95,95,95,95,95,95,0,1,0,265.552573114546,9,9
2403574,2024,20,96,1-20-2024-096-04,4,7,3,13:39,2,1,0,0,0,0,0,2,2,95,95,95,95,95,95,95,0,1,0,930.431725254842,11,9
2403575,2024,20,97,1-20-2024-097-02,2,5,1,01:30,8,1,5,38,2,2,3,1,2,95,95,95,95,95,95,95,0,1,0,19.9171728154044,11,9
2403576,2024,30,126,1-30-2024-126-NM2,22,7,7,01:48,1,1,95,95,95,95,95,9,9,3,22,1,1,3,2,1,0,0,1,516.81832296578,10,9
2403578,2024,30,128,1-30-2024-128-03,3,7,3,12:57,1,2,99,99,0,0,0,2,2,95,95,95,95,95,95,95,4,1,0,205.548230199915,10,9
2403579,2024,30,129,1-30-2024-129-03,3,7,3,07:48,1,2,2,4,1,0,4,2,2,95,95,95,95,95,95,95,4,1,0,205.548230199915,10,9
2403580,2024,17,108,1-17-2024-108-10,10,7,6,12:05,1,1,0,0,0,0,0,2,2,95,95,95,95,95,95,95,0,1,0,1050.02392669938,4,9
2403581,2024,17,109,1-17-2024-109-06,6,7,2,05:40,7,1,1,1,1,0,4,1,9,95,95,95,95,95,95,95,0,1,0,64.8641554918048,4,9
2403583,2024,17,111,1-17-2024-111-03,3,7,2,20:00,3,1,0,0,0,0,0,2,2,95,95,95,95,95,95,95,0,1,0,60.1064786597745,4,9
2403584,2024,69,75,1-69-2024-075-08,8,7,6,07:34,1,2,9,97,1,0,8,2,2,95,95,95,95,95,95,95,1,1,0,99.4639493060289,8,9
2403585,2024,69,76,1-69-2024-076-02,2,7,1,08:45,2,2,1,1,2,0,4,2,2,95,95,95,95,95,95,95,5,1,0,7.30201599951961,8,9
2403586,2024,69,77,1-69-2024-077-08,8,7,1,04:16,2,1,2,5,1,0,3,1,9,95,95,95,95,95,95,95,0,1,0,99.4639493060289,8,9
2403587,2024,69,78,1-69-2024-078-05,5,7,1,12:10,1,2,3,14,1,1,3,2,1,95,95,95,95,95,95,95,1,1,0,8.16798412113843,8,9
2403588,2024,19,43,1-19-2024-043-08,8,7,3,11:11,1,1,2,5,1,0,4,1,2,95,95,95,95,95,95,95,0,1,0,104.734055269602,9,9
2403589,2024,19,44,1-19-2024-044-08,8,7,3,17:00,1,1,2,9,1,0,4,2,2,95,95,95,95,95,95,95,0,1,0,104.734055269602,9,9
2403590,2024,66,74,1-66-2024-074-10,10,7,3,15:22,1,2,0,0,0,0,0,2,2,95,95,95,95,95,95,95,4,1,0,969.55799484385,6,9
2403591,2024,66,75,1-66-2024-075-03,3,7,6,12:28,1,2,1,2,1,0,4,1,9,95,95,95,95,95,95,95,4,1,0,79.4686416678806,6,9
2403592,2024,30,130,1-30-2024-130-07,7,7,6,08:08,1,2,0,0,0,0,0,2,2,95,95,95,95,95,95,95,1,1,0,2295.63447684467,10,9
2403593,2024,79,76,1-79-2024-076-08,8,7,5,19:45,1,1,99,99,0,0,3,2,2,95,95,95,95,95,95,95,0,1,0,92.1966269262267,8,9
2403594,2024,79,77,1-79-2024-077-06,6,7,3,12:40,1,2,0,0,0,0,0,9,9,95,95,95,95,95,95,95,6,1,0,261.967918056657,8,9
2403595,2024,24,100,1-24-2024-100-02,2,6,2,15:46,2,1,0,0,0,0,4,2,2,95,95,95,95,95,95,95,0,1,0,24.2721053029394,1,9
2403596,2024,24,101,1-24-2024-101-03,3,7,6,09:56,1,2,9,97,1,0,4,2,2,95,95,95,95,95,95,95,4,1,0,97.2831783383525,1,9
2403597,2024,24,102,1-24-2024-102-06,6,7,6,15:31,1,1,0,0,0,0,3,2,2,95,95,95,95,95,95,95,0,1,0,302.709902153167,1,9
2403598,2024,24,103,1-24-2024-103-08,8,7,2,05:57,2,1,2,9,1,0,3,2,1,95,95,95,95,95,95,95,0,1,0,78.1789949150618,1,9
2403599,2024,60,43,1-60-2024-043-02,2,7,4,17:17,1,2,2,9,1,0,3,2,2,95,95,95,95,95,95,95,4,1,0,98.7373875661215,8,9
2403600,2024,60,44,1-60-2024-044-03,3,7,7,12:20,1,2,1,1,1,0,4,2,2,95,95,95,95,95,95,95,4,1,0,358.218119754571,8,9
2403601,2024,11,104,1-11-2024-104-09,9,7,3,00:19,2,2,1,1,1,0,4,2,2,95,95,95,95,95,95,95,4,1,0,1153.64234519934,8,9
2403603,2024,11,106,1-11-2024-106-07,7,7,7,22:20,1,1,0,0,0,0,0,2,2,95,95,95,95,95,95,95,0,1,0,1960.40096738067,8,9
2403604,2024,11,107,1-11-2024-107-07,7,7,2,18:30,2,2,1,1,1,0,0,2,2,95,95,95,95,95,95,95,2,1,0,1960.40096738067,8,9
2403605,2024,16,102,1-16-2024-102-03,3,7,7,12:40,1,2,1,1,2,0,4,9,9,95,95,95,95,95,95,95,9,1,0,346.592119950096,5,9
2403606,2024,16,103,1-16-2024-103-05,5,7,1,16:48,4,2,4,21,1,1,3,9,9,95,95,95,95,95,95,95,5,1,0,41.1048479189621,5,9
2403607,2024,25,93,1-25-2024-093-04,4,7,2,14:15,1,2,0,0,0,0,0,2,2,95,95,95,95,95,95,95,4,1,0,656.292943814526,2,9
2403608,2024,25,94,1-25-2024-094-06,6,7,5,14:47,1,2,1,1,1,0,4,2,2,95,95,95,95,95,95,95,1,1,0,673.073242125667,2,9
2403609,2024,28,107,1-28-2024-107-06,6,6,1,10:03,3,1,1,1,1,0,4,2,2,95,95,95,95,95,95,95,0,1,0,61.8342882077077,3,9
2403610,2024,28,108,1-28-2024-108-10,10,7,5,14:16,1,1,0,0,0,0,0,2,2,95,95,95,95,95,95,95,0,1,0,1985.20441268766,3,9
2403611,2024,28,109,1-28-2024-109-04,4,7,6,21:53,1,1,0,0,0,0,0,2,2,95,95,95,95,95,95,95,0,1,0,76.5126940089544,3,9
2403612,2024,28,110,1-28-2024-110-03,3,7,2,12:54,1,1,1,1,1,0,6,2,2,95,95,95,95,95,95,95,0,1,0,28.3089754479373,3,9
2403613,2024,14,60,1-14-2024-060-03,3,7,3,21:57,1,2,9,97,1,0,9,9,9,95,95,95,95,95,95,95,4,1,0,280.150225012487,8,9
2403614,2024,14,61,1-14-2024-061-07,7,7,7,14:30,2,3,9,97,1,0,0,9,9,95,95,95,95,95,95,95,1,1,0,3357.0434635821,8,9
2403615,2024,14,62,1-14-2024-062-05,5,7,3,22:20,1,2,3,19,2,1,3,1,2,95,95,95,95,95,95,95,2,1,0,76.4230415651045,8,9
2403616,2024,32,123,1-32-2024-123-NM1,21,7,7,01:00,1,1,9,97,2,0,0,2,2,6,75,1,1,1,2,1,0,1,1,73.4062485290255,7,9
2403617,2024,52,38,1-52-2024-038-04,4,5,6,01:30,4,1,0,0,0,0,0,1,2,95,95,95,95,95,95,95,0,1,0,1714.96019628022,12,9
2403618,2024,81,85,1-81-2024-085-05,5,7,7,00:00,3,2,3,22,5,1,3,2,2,95,95,95,95,95,95,95,4,1,0,27.4895135360166,8,9
2403619,2024,27,114,1-27-2024-114-03,3,7,2,08:09,3,2,1,1,1,0,4,2,2,95,95,95,95,95,95,95,4,1,0,11.8514312322575,3,9
2403620,2024,27,115,1-27-2024-115-06,6,7,3,11:56,1,2,1,1,1,0,5,2,2,95,95,95,95,95,95,95,1,1,0,35.6254961100411,3,9
2403621,2024,27,116,1-27-2024-116-06,6,7,6,22:00,2,3,1,1,2,0,4,2,9,95,95,95,95,95,95,95,1,1,0,35.6254961100411,3,9
2403622,2024,27,117,1-27-2024-117-02,2,7,6,13:40,2,2,2,5,1,0,4,2,9,95,95,95,95,95,95,95,2,1,0,17.0004312034686,3,9
2403623,2024,17,112,1-17-2024-112-09,9,7,4,12:40,2,2,1,1,3,0,4,2,2,95,95,95,95,95,95,95,1,1,0,124.444730519243,4,9
2403624,2024,82,92,1-82-2024-092-06,6,7,4,10:27,1,2,1,1,1,0,4,2,2,95,95,95,95,95,95,95,4,1,0,333.226313697198,1,9
2403625,2024,82,93,1-82-2024-093-06,6,7,1,07:40,3,1,2,5,1,0,3,2,2,95,95,95,95,95,95,95,0,1,0,333.226313807327,1,9
2403626,2024,82,94,1-82-2024-094-06,6,7,3,11:19,2,3,0,0,0,0,0,2,2,95,95,95,95,95,95,95,4,1,0,333.226313742158,1,9
2403627,2024,26,102,1-26-2024-102-NM2,22,6,3,07:35,1,1,95,95,95,95,95,2,2,1,1,1,0,0,2,2,0,0,1,471.653968173224,10,9
2403628,2024,26,103,1-26-2024-103-NM2,22,7,6,03:10,1,1,95,95,95,95,95,1,2,9,97,1,0,8,2,2,0,0,1,471.653968173224,10,9
2403630,2024,22,109,1-22-2024-109-07,7,7,1,21:38,6,1,0,0,0,0,0,1,2,95,95,95,95,95,95,95,0,1,0,106.715881703067,12,9
2403631,2024,22,110,1-22-2024-110-06,6,7,3,14:48,2,2,99,99,0,0,0,2,2,95,95,95,95,95,95,95,4,1,0,25.2675524846257,12,9
2403632,2024,22,111,1-22-2024-111-04,4,7,7,11:04,1,2,0,0,0,0,0,2,2,95,95,95,95,95,95,95,4,1,0,34.2880494154418,12,9
2403634,2024,21,76,1-21-2024-076-03,3,6,2,14:36,1,2,1,1,2,0,4,2,2,95,95,95,95,95,95,95,4,1,0,508.612374063365,11,9
2403635,2024,15,142,1-15-2024-142-05,5,7,3,20:49,2,1,0,0,0,0,3,9,2,95,95,95,95,95,95,95,0,1,0,13.6400789963135,1,9
2403637,2024,15,144,1-15-2024-144-03,3,7,5,07:40,1,1,1,1,1,0,4,9,9,95,95,95,95,95,95,95,0,1,0,22.7363613317347,1,9
2403638,2024,15,145,1-15-2024-145-04,4,7,6,15:43,1,2,9,97,1,0,0,9,9,95,95,95,95,95,95,95,4,1,0,86.4201636225282,1,9
2403639,2024,22,112,1-22-2024-112-07,7,7,3,18:35,4,2,1,1,1,0,0,2,2,95,95,95,95,95,95,95,4,1,0,106.715881703067,12,9
2403640,2024,29,38,1-29-2024-038-07,7,6,6,07:03,3,3,0,0,0,0,0,9,9,95,95,95,95,95,95,95,4,1,0,2469.39309836559,2,9
2403641,2024,29,39,1-29-2024-039-NM2,22,6,3,19:27,1,1,95,95,95,95,95,2,2,1,1,1,0,4,2,2,0,0,1,381.081668154122,2,9
2403642,2024,15,146,1-15-2024-146-06,6,7,5,10:36,1,2,1,1,1,0,4,2,2,95,95,95,95,95,95,95,4,1,0,84.2221488644135,1,9
2403644,2024,21,77,1-21-2024-077-NM2,22,6,1,11:00,1,1,95,95,95,95,95,2,9,1,1,1,0,4,2,9,0,0,1,1397.14293235216,11,9
2403645,2024,31,71,1-31-2024-071-01,1,7,6,12:56,1,2,6,75,3,3,1,2,1,95,95,95,95,95,95,95,2,1,0,190.536266122907,6,9
2403646,2024,31,72,1-31-2024-072-09,9,7,7,02:30,2,1,1,1,1,0,9,2,2,95,95,95,95,95,95,95,0,1,0,161.39423315543,6,9
2403647,2024,11,108,1-11-2024-108-03,3,7,4,17:55,6,4,1,2,3,0,4,2,2,95,95,95,95,95,95,95,1,1,0,114.198903719813,8,9
2403648,2024,81,86,1-81-2024-086-02,2,7,1,17:52,2,2,2,4,1,0,4,9,2,95,95,95,95,95,95,95,4,1,0,19.0849903848337,8,9
2403649,2024,81,87,1-81-2024-087-04,4,7,7,19:39,1,2,99,99,0,0,0,2,2,95,95,95,95,95,95,95,4,1,0,1054.52369162555,8,9
2403650,2024,81,88,1-81-2024-088-08,8,7,6,07:15,1,2,1,3,1,0,4,2,2,95,95,95,95,95,95,95,5,1,0,197.946347175783,8,9
2403651,2024,81,89,1-81-2024-089-07,7,7,6,09:06,1,2,0,0,0,0,0,2,2,95,95,95,95,95,95,95,4,1,0,3786.99425238413,8,9
2403652,2024,59,112,1-59-2024-112-10,10,7,1,22:30,1,1,0,0,0,0,0,2,2,95,95,95,95,95,95,95,0,1,0,8260.07217756203,6,9
2403653,2024,59,113,1-59-2024-113-07,7,7,4,17:45,1,2,0,0,0,0,0,2,2,95,95,95,95,95,95,95,4,1,0,956.812136728296,6,9
2403654,2024,59,114,1-59-2024-114-05,5,7,5,19:29,3,3,3,11,2,1,3,2,2,95,95,95,95,95,95,95,4,1,0,53.1907731759788,6,9
2403655,2024,59,115,1-59-2024-115-03,3,7,7,07:11,5,2,1,1,2,0,4,2,2,95,95,95,95,95,95,95,4,1,0,49.5714970503393,6,9
2403656,2024,62,99,1-62-2024-099-05,5,7,6,19:40,1,2,1,1,1,0,4,9,9,95,95,95,95,95,95,95,4,1,0,45.7650018362521,7,9
2403657,2024,62,100,1-62-2024-100-01,1,7,7,09:55,2,2,4,26,5,2,1,9,9,95,95,95,95,95,95,95,4,1,0,57.0289701202479,7,9
2403658,2024,62,101,1-62-2024-101-03,3,7,1,11:20,1,2,1,1,3,0,4,2,2,95,95,95,95,95,95,95,4,1,0,385.886088874745,7,9
2403659,2024,62,102,1-62-2024-102-06,6,7,2,18:50,2,2,0,0,0,0,5,9,9,95,95,95,95,95,95,95,4,1,0,1429.435218867,7,9
2403660,2024,10,59,1-10-2024-059-NM2,22,7,7,17:14,1,1,95,95,95,95,95,2,2,9,97,1,0,8,2,2,0,0,1,271.413807736263,4,9
2403663,2024,77,123,1-77-2024-123-02,2,7,2,16:03,1,2,2,9,1,0,3,1,2,95,95,95,95,95,95,95,2,1,0,83.1566199866033,9,9
2403664,2024,77,124,1-77-2024-124-01,1,7,5,18:42,1,2,1,1,3,1,1,9,9,95,95,95,95,95,95,95,1,1,0,130.400038270356,9,9
2403665,2024,77,125,1-77-2024-125-05,5,7,2,23:06,6,2,2,9,3,0,3,1,2,95,95,95,95,95,95,95,0,1,0,115.496388483015,9,9
2403668,2024,48,119,1-48-2024-119-04,4,7,4,13:14,1,1,1,1,1,0,6,2,2,95,95,95,95,95,95,95,0,1,0,107.826502919194,12,9
2403669,2024,48,120,1-48-2024-120-03,3,7,4,05:38,1,2,1,1,1,0,0,2,2,95,95,95,95,95,95,95,4,1,0,54.9604072040948,12,9
2403670,2024,48,121,1-48-2024-121-10,10,7,6,16:53,1,2,0,0,0,0,0,2,2,95,95,95,95,95,95,95,2,1,0,3639.36835154125,12,9
2403672,2024,18,99,1-18-2024-099-04,4,7,1,09:23,1,2,0,0,0,0,0,2,2,95,95,95,95,95,95,95,1,1,0,214.488758379428,6,9
2403674,2024,67,20,1-67-2024-020-03,3,7,4,06:50,1,1,1,1,1,0,4,9,9,95,95,95,95,95,95,95,0,1,0,161.657285832194,7,9
2403675,2024,67,21,1-67-2024-021-06,6,7,4,08:59,1,2,0,0,0,0,0,9,9,95,95,95,95,95,95,95,1,1,0,598.825986261435,7,9
2403677,2024,10,61,1-10-2024-061-03,3,7,3,17:03,1,2,1,1,1,0,3,2,2,95,95,95,95,95,95,95,4,1,0,95.3279654203058,4,9
2403678,2024,73,103,1-73-2024-103-04,4,3,1,03:23,1,1,0,0,0,0,5,9,9,95,95,95,95,95,95,95,0,1,0,191.072957521187,3,9
2403679,2024,66,76,1-66-2024-076-09,9,7,7,18:30,2,1,1,1,1,0,4,2,2,95,95,95,95,95,95,95,0,1,0,97.5596917228585,6,9
2403680,2024,66,77,1-66-2024-077-07,7,7,5,21:31,1,2,0,0,0,0,0,9,9,95,95,95,95,95,95,95,1,1,0,161.444955065863,6,9
2403681,2024,48,122,1-48-2024-122-06,6,7,5,22:50,1,1,99,99,0,0,8,2,2,95,95,95,95,95,95,95,0,1,0,94.3884388953899,12,9
2403683,2024,57,89,1-57-2024-089-03,3,7,3,13:32,1,2,99,99,0,0,9,2,2,95,95,95,95,95,95,95,4,1,0,142.803718227195,1,9
2403684,2024,57,90,1-57-2024-090-10,10,5,4,05:51,1,1,99,99,0,0,0,2,2,95,95,95,95,95,95,95,0,1,0,8871.51422447324,1,9
2403685,2024,12,62,1-12-2024-062-03,3,7,6,14:48,3,3,1,1,1,0,4,2,2,95,95,95,95,95,95,95,4,1,0,164.057323491007,9,9
2403686,2024,12,63,1-12-2024-063-09,9,7,2,10:27,3,1,1,1,1,0,4,2,2,95,95,95,95,95,95,95,0,1,0,1204.16320291651,9,9
2403687,2024,12,64,1-12-2024-064-04,4,7,2,13:50,1,2,0,0,0,0,0,2,2,95,95,95,95,95,95,95,4,1,0,633.331791547114,9,9
2403688,2024,54,90,1-54-2024-090-09,9,7,1,22:45,3,1,1,1,1,0,8,2,1,95,95,95,95,95,95,95,0,1,0,117.274582131211,9,9
2403689,2024,54,91,1-54-2024-091-10,10,7,4,05:32,2,2,0,0,0,0,0,2,2,95,95,95,95,95,95,95,4,1,0,594.813207503092,9,9
2403690,2024,19,45,1-19-2024-045-05,5,7,1,15:07,2,2,0,0,0,0,4,9,9,95,95,95,95,95,95,95,2,1,0,56.3872673113555,9,9
2403691,2024,19,46,1-19-2024-046-01,1,7,1,14:42,3,1,2,8,1,1,1,2,2,95,95,95,95,95,95,95,0,1,0,60.355934082264,9,9
2403692,2024,17,113,1-17-2024-113-08,8,7,2,17:18,1,2,9,97,4,0,8,2,2,95,95,95,95,95,95,95,4,1,0,129.915935315377,4,9
2403693,2024,17,114,1-17-2024-114-07,7,7,1,01:26,3,1,99,99,0,0,9,2,2,95,95,95,95,95,95,95,0,1,0,1761.97755269954,4,9
2403694,2024,17,115,1-17-2024-115-06,6,7,6,09:04,1,1,3,14,1,1,4,2,2,95,95,95,95,95,95,95,0,1,0,499.364284240013,4,9
2403695,2024,17,116,1-17-2024-116-02,2,7,1,11:34,2,1,1,1,2,0,3,2,2,95,95,95,95,95,95,95,0,1,0,95.1292066667208,4,9
2403697,2024,33,63,1-33-2024-063-01,1,7,4,16:15,2,3,4,24,3,1,1,2,9,95,95,95,95,95,95,95,1,1,0,35.1791324819626,12,9
2403698,2024,57,91,1-57-2024-091-10,10,5,5,16:55,1,2,0,0,0,0,0,2,2,95,95,95,95,95,95,95,4,1,0,8871.51422447324,1,9
2403699,2024,69,79,1-69-2024-079-03,3,7,4,00:32,3,1,1,1,1,0,0,2,2,95,95,95,95,95,95,95,0,1,0,113.00971454884,8,9
2403700,2024,69,80,1-69-2024-080-01,1,7,2,13:56,1,2,6,75,7,6,1,2,1,95,95,95,95,95,95,95,2,1,0,12.402162466744,8,9
2403701,2024,20,98,1-20-2024-098-03,3,7,1,09:40,2,2,2,5,2,0,4,2,9,95,95,95,95,95,95,95,4,1,0,186.446044786686,11,9
2403703,2024,20,99,1-20-2024-099-06,6,7,7,01:10,2,1,2,9,2,0,4,1,1,95,95,95,95,95,95,95,0,1,0,580.152344302802,11,9
2403704,2024,24,104,1-24-2024-104-06,6,7,7,07:53,1,2,1,2,1,0,6,2,2,95,95,95,95,95,95,95,1,1,0,119.641759930104,1,9
2403706,2024,11,109,1-11-2024-109-03,3,7,6,08:00,1,2,1,1,1,0,4,2,2,95,95,95,95,95,95,95,4,1,0,58.7493642784988,8,9
2403708,2024,11,111,1-11-2024-111-03,3,7,6,12:40,3,1,1,1,2,0,4,2,2,95,95,95,95,95,95,95,0,1,0,58.7493642784988,8,9
2403709,2024,11,112,1-11-2024-112-02,2,7,1,05:49,1,2,2,5,1,0,3,9,9,95,95,95,95,95,95,95,4,1,0,30.7614595081659,8,9
2403710,2024,60,45,1-60-2024-045-06,6,7,5,15:08,1,2,2,6,2,0,4,2,2,95,95,95,95,95,95,95,4,1,0,415.191984429728,8,9
2403711,2024,60,46,1-60-2024-046-03,3,7,1,02:35,2,1,3,10,1,1,3,1,1,95,95,95,95,95,95,95,0,1,0,112.083995755137,8,9
2403712,2024,60,47,1-60-2024-047-10,10,7,6,14:15,2,2,99,99,0,0,9,2,2,95,95,95,95,95,95,95,4,1,0,10692.6304351397,8,9
2403713,2024,25,95,1-25-2024-095-04,4,7,7,20:56,1,2,0,0,0,0,0,2,2,95,95,95,95,95,95,95,4,1,0,271.406782231251,2,9
2403715,2024,25,97,1-25-2024-097-NM2,22,7,2,07:30,1,1,95,95,95,95,95,2,2,0,0,0,0,5,2,2,0,0,1,209.921679437629,2,9
2403716,2024,25,98,1-25-2024-098-06,6,7,6,08:36,2,1,1,1,1,0,5,2,2,95,95,95,95,95,95,95,0,1,0,278.34619352915,2,9
2403717,2024,16,104,1-16-2024-104-02,2,7,6,14:26,2,1,2,9,1,0,4,2,1,95,95,95,95,95,95,95,0,1,0,17.113025437318,5,9
2403718,2024,16,105,1-16-2024-105-03,3,7,1,14:52,2,3,1,1,3,0,5,2,2,95,95,95,95,95,95,95,4,1,0,454.252099899615,5,9
2403720,2024,28,112,1-28-2024-112-10,10,7,6,18:19,2,2,0,0,0,0,0,2,2,95,95,95,95,95,95,95,4,1,0,187.992842110574,3,9
2403721,2024,28,113,1-28-2024-113-10,10,7,2,01:47,2,1,0,0,0,0,0,2,2,95,95,95,95,95,95,95,0,1,0,187.992842110574,3,9
2403722,2024,28,114,1-28-2024-114-07,7,7,5,17:04,1,1,0,0,0,0,0,2,2,95,95,95,95,95,95,95,0,1,0,44.330330715033,3,9
2403723,2024,14,63,1-14-2024-063-03,3,7,5,14:35,1,2,1,1,1,0,4,9,9,95,95,95,95,95,95,95,4,1,0,407.413518981047,8,9
2403724,2024,14,64,1-14-2024-064-06,6,7,5,21:58,2,1,2,6,1,0,3,9,9,95,95,95,95,95,95,95,0,1,0,1509.17913203935,8,9
2403725,2024,14,65,1-14-2024-065-03,3,7,5,11:48,2,2,9,97,1,0,4,9,9,95,95,95,95,95,95,95,9,1,0,407.413518981047,8,9
2403726,2024,32,124,1-32-2024-124-07,7,7,3,17:36,4,1,0,0,0,0,0,2,2,95,95,95,95,95,95,95,0,1,0,16039.8860823842,7,9
2403727,2024,52,39,1-52-2024-039-04,4,7,5,22:06,1,2,0,0,0,0,0,1,2,95,95,95,95,95,95,95,5,1,0,275.049511587146,12,9
2403728,2024,31,73,1-31-2024-073-06,6,7,4,23:23,1,1,1,1,1,0,4,2,9,95,95,95,95,95,95,95,0,1,0,308.176861795721,6,9
2403729,2024,31,74,1-31-2024-074-06,6,7,5,09:15,1,2,1,1,2,0,4,2,2,95,95,95,95,95,95,95,4,1,0,308.176861795721,6,9
2403730,2024,31,75,1-31-2024-075-06,6,7,7,13:19,1,1,99,99,0,0,9,2,2,95,95,95,95,95,95,95,0,1,0,308.176861795721,6,9
2403731,2024,31,76,1-31-2024-076-03,3,7,5,18:23,1,1,1,2,1,0,4,9,9,95,95,95,95,95,95,95,0,1,0,151.964719784207,6,9
2403732,2024,76,100,1-76-2024-100-07,7,5,4,20:50,1,1,1,1,1,0,0,9,9,95,95,95,95,95,95,95,0,1,0,72.7960942583928,3,9
2403733,2024,76,101,1-76-2024-101-07,7,5,6,16:11,1,1,0,0,0,0,0,9,9,95,95,95,95,95,95,95,0,1,0,72.7960942583928,3,9
2403734,2024,76,102,1-76-2024-102-07,7,5,2,19:25,2,1,0,0,0,0,0,9,9,95,95,95,95,95,95,95,0,1,0,134.070753436063,3,9
2403736,2024,18,101,1-18-2024-101-06,6,7,5,17:10,1,2,0,0,0,0,4,2,2,95,95,95,95,95,95,95,1,1,0,169.783135227191,6,9
2403737,2024,24,106,1-24-2024-106-03,3,7,2,08:11,1,2,1,2,2,0,4,2,2,95,95,95,95,95,95,95,4,1,0,38.4497850423982,1,9
2403738,2024,79,78,1-79-2024-078-09,9,7,1,17:34,4,1,99,99,0,0,0,9,9,95,95,95,95,95,95,95,0,1,0,117.957752270952,8,9
2403739,2024,79,79,1-79-2024-079-10,10,7,5,15:04,1,1,0,0,0,0,0,9,9,95,95,95,95,95,95,95,0,1,0,174.035213758045,8,9
2403742,2024,30,133,1-30-2024-133-01,1,1,1,19:35,5,2,4,34,2,2,1,2,1,95,95,95,95,95,95,95,2,1,0,76.3965079085296,10,9
2403743,2024,76,104,1-76-2024-104-07,7,6,7,20:00,1,1,0,0,0,0,0,9,9,95,95,95,95,95,95,95,0,1,0,72.7960942583928,3,9
2403744,2024,30,131,1-30-2024-131-04,4,6,1,01:26,1,2,0,0,0,0,5,2,2,95,95,95,95,95,95,95,4,1,0,2001.8166210988,10,9
2403745,2024,82,95,1-82-2024-095-03,3,7,1,02:36,4,1,0,0,0,0,4,1,1,95,95,95,95,95,95,95,0,1,0,164.72088551629,1,9
2403746,2024,82,96,1-82-2024-096-03,3,7,7,11:53,2,2,1,1,2,0,9,2,2,95,95,95,95,95,95,95,4,1,0,164.720885523959,1,9
2403748,2024,15,148,1-15-2024-148-08,8,7,3,18:50,1,2,9,97,2,0,8,2,2,95,95,95,95,95,95,95,1,1,0,24.1312824272688,1,9
2403749,2024,15,149,1-15-2024-149-03,3,7,3,12:35,1,1,1,1,1,0,4,9,9,95,95,95,95,95,95,95,0,1,0,17.1071163846097,1,9
2403750,2024,15,150,1-15-2024-150-06,6,7,1,02:19,3,1,1,1,1,0,9,9,9,95,95,95,95,95,95,95,0,1,0,63.3697750534753,1,9
2403751,2024,27,118,1-27-2024-118-06,6,7,5,23:50,4,1,1,2,1,0,4,1,9,95,95,95,95,95,95,95,0,1,0,109.415291537184,3,9
2403752,2024,27,119,1-27-2024-119-03,3,7,7,00:15,2,2,2,4,2,0,4,1,2,95,95,95,95,95,95,95,2,1,0,32.3914110115022,3,9
2403753,2024,21,78,1-21-2024-078-01,1,7,3,14:46,3,1,9,97,1,1,1,9,9,95,95,95,95,95,95,95,0,1,0,60.528048009658,11,9
2403754,2024,21,79,1-21-2024-079-NM1,21,6,6,15:35,1,1,0,0,0,0,0,2,2,1,1,1,0,4,2,2,0,1,1,15.3205421761938,11,9
2403756,2024,29,41,1-29-2024-041-01,1,7,7,12:35,4,1,9,97,1,1,1,2,9,95,95,95,95,95,95,95,0,1,0,118.587450301321,2,9
2403757,2024,22,113,1-22-2024-113-04,4,7,3,08:11,1,2,0,0,0,0,0,2,2,95,95,95,95,95,95,95,4,1,0,47.5097528021188,12,9
2403758,2024,22,114,1-22-2024-114-09,9,7,6,19:39,2,2,2,4,3,0,4,2,2,95,95,95,95,95,95,95,4,1,0,97.7343067247537,12,9
2403760,2024,22,116,1-22-2024-116-06,6,7,7,19:40,1,1,1,1,1,0,0,2,2,95,95,95,95,95,95,95,0,1,0,32.5176317005135,12,9
2403761,2024,10,62,1-10-2024-062-03,3,7,4,07:43,1,2,2,4,1,0,4,2,2,95,95,95,95,95,95,95,1,1,0,95.3279654312353,4,9
2403762,2024,25,99,1-25-2024-099-03,3,7,5,11:16,1,2,0,0,0,0,4,2,2,95,95,95,95,95,95,95,4,1,0,75.1415122343651,2,9
2403763,2024,22,117,1-22-2024-117-09,9,7,2,15:13,1,2,1,1,2,0,9,2,2,95,95,95,95,95,95,95,4,1,0,97.7343067247537,12,9
2403764,2024,28,115,1-28-2024-115-10,10,7,6,00:30,4,1,0,0,0,0,0,2,2,95,95,95,95,95,95,95,0,1,0,187.992842110574,3,9
2403765,2024,30,132,1-30-2024-132-04,4,7,5,15:49,1,2,0,0,0,0,0,2,2,95,95,95,95,95,95,95,4,1,0,2001.81661988202,10,9
2403766,2024,33,64,1-33-2024-064-08,8,6,4,12:15,3,1,0,0,0,0,3,2,2,95,95,95,95,95,95,95,0,1,0,46.8116241353717,12,9
2403767,2024,73,104,1-73-2024-104-08,8,7,4,16:05,2,1,2,5,1,0,4,9,9,95,95,95,95,95,95,95,0,1,0,43.2269839282638,3,9
2403768,2024,15,151,1-15-2024-151-03,3,7,2,09:10,3,3,0,0,0,0,4,9,1,95,95,95,95,95,95,95,5,1,0,17.1071163846097,1,9
2403769,2024,11,113,1-11-2024-113-10,10,7,1,21:29,1,2,0,0,0,0,0,2,2,95,95,95,95,95,95,95,4,1,0,7925.92300893548,8,9
2403770,2024,29,42,1-29-2024-042-07,7,7,4,11:27,1,2,0,0,0,0,0,2,2,95,95,95,95,95,95,95,4,1,0,14223.1686392727,2,9
2403771,2024,81,90,1-81-2024-090-02,2,7,1,17:25,3,1,3,14,1,1,3,2,1,95,95,95,95,95,95,95,0,1,0,26.3649807190026,8,9
2403772,2024,81,91,1-81-2024-091-NM1,21,7,7,21:53,1,1,1,1,1,0,0,2,2,6,75,1,1,1,2,2,0,1,1,42.9814225528816,8,9
2403773,2024,81,92,1-81-2024-092-02,2,7,6,21:10,1,2,4,34,3,3,1,9,2,95,95,95,95,95,95,95,4,1,0,26.3649807190026,8,9
2403774,2024,59,116,1-59-2024-116-03,3,7,2,18:52,1,1,1,2,1,0,4,2,2,95,95,95,95,95,95,95,0,1,0,97.324661127755,6,9
2403775,2024,59,117,1-59-2024-117-04,4,8,5,03:00,1,1,0,0,0,0,0,2,2,95,95,95,95,95,95,95,0,1,0,568.619671044969,6,9
2403776,2024,62,103,1-62-2024-103-03,3,7,6,12:10,3,2,0,0,0,0,4,9,9,95,95,95,95,95,95,95,4,1,0,737.04148814888,7,9
2403779,2024,77,127,1-77-2024-127-03,3,8,5,16:51,1,2,99,99,0,0,9,2,2,95,95,95,95,95,95,95,1,1,0,673.926895573774,9,9
2403780,2024,10,63,1-10-2024-063-03,3,8,5,17:53,1,2,1,1,2,0,0,2,2,95,95,95,95,95,95,95,4,1,0,1732.95029492939,4,9
2403782,2024,73,106,1-73-2024-106-01,1,7,3,02:10,2,1,2,9,1,1,1,2,2,95,95,95,95,95,95,95,0,1,0,29.6045947385831,3,9
2403783,2024,48,123,1-48-2024-123-04,4,7,2,16:47,2,2,0,0,0,0,0,2,2,95,95,95,95,95,95,95,4,1,0,197.972576161515,12,9
2403784,2024,57,92,1-57-2024-092-02,2,7,4,09:30,2,2,3,11,1,1,4,2,2,95,95,95,95,95,95,95,4,1,0,13.8251120734564,1,9
2403786,2024,62,104,1-62-2024-104-03,3,7,6,13:51,4,2,0,0,0,0,5,9,9,95,95,95,95,95,95,95,0,1,0,737.04148814888,7,9
2403787,2024,67,22,1-67-2024-022-04,4,7,6,13:44,5,2,2,9,2,0,3,2,2,95,95,95,95,95,95,95,4,1,0,459.524924014575,7,9
2403788,2024,67,23,1-67-2024-023-03,3,7,6,17:35,2,2,9,97,1,0,8,2,2,95,95,95,95,95,95,95,4,1,0,107.371301457247,7,9
2403789,2024,18,102,1-18-2024-102-03,3,7,5,07:37,1,2,1,1,1,0,4,2,2,95,95,95,95,95,95,95,4,1,0,136.169258980303,6,9
2403790,2024,18,103,1-18-2024-103-03,3,7,2,22:06,1,2,1,1,1,0,0,2,2,95,95,95,95,95,95,95,1,1,0,136.169258980303,6,9
2403791,2024,79,80,1-79-2024-080-04,4,7,2,13:30,1,2,1,1,1,0,0,2,2,95,95,95,95,95,95,95,4,1,0,110.415883367985,8,9
2403792,2024,12,65,1-12-2024-065-10,10,7,2,09:52,1,2,0,0,0,0,0,2,2,95,95,95,95,95,95,95,4,1,0,22003.0893968835,9,9
2403793,2024,12,66,1-12-2024-066-03,3,8,5,08:12,1,2,1,1,1,0,4,2,2,95,95,95,95,95,95,95,4,1,0,164.057323491007,9,9
2403795,2024,54,93,1-54-2024-093-10,10,8,1,14:06,1,2,0,0,0,0,0,2,2,95,95,95,95,95,95,95,1,1,0,1189.62641500618,9,9
2403796,2024,57,94,1-57-2024-094-09,9,7,6,12:01,1,2,1,1,2,0,4,2,2,95,95,95,95,95,95,95,4,1,0,1764.95964462726,1,9
2403797,2024,20,100,1-20-2024-100-09,9,6,7,16:09,2,2,1,1,1,0,5,2,9,95,95,95,95,95,95,95,1,1,0,1836.75702736119,11,9
2403798,2024,69,81,1-69-2024-081-02,2,8,5,05:38,2,2,3,11,1,1,4,2,2,95,95,95,95,95,95,95,2,1,0,7.43080811052425,8,9
2403799,2024,69,82,1-69-2024-082-NM1,21,8,6,20:57,1,1,1,1,1,0,0,2,2,3,14,1,1,3,1,2,0,1,1,12.0111452927932,8,9
2403800,2024,17,117,1-17-2024-117-09,9,7,4,10:07,3,1,1,1,1,0,4,2,2,95,95,95,95,95,95,95,0,1,0,1033.68198504906,4,9
2403801,2024,17,118,1-17-2024-118-02,2,7,7,20:24,1,1,9,97,1,0,8,1,2,95,95,95,95,95,95,95,0,1,0,92.5638221214997,4,9
2403802,2024,17,119,1-17-2024-119-03,3,7,1,19:09,1,2,99,99,0,0,8,2,2,95,95,95,95,95,95,95,4,1,0,84.9097725138934,4,9
2403803,2024,17,120,1-17-2024-120-08,8,7,6,00:26,3,1,9,97,2,0,8,1,1,95,95,95,95,95,95,95,0,1,0,81.8291386934797,4,9
2403804,2024,19,47,1-19-2024-047-03,3,7,3,13:15,1,2,1,1,1,0,4,2,2,95,95,95,95,95,95,95,4,1,0,49.2099979334122,9,9
2403805,2024,19,48,1-19-2024-048-04,4,7,1,18:07,1,2,0,0,0,0,5,2,2,95,95,95,95,95,95,95,4,1,0,265.856512039886,9,9
2403806,2024,30,134,1-30-2024-134-02,2,7,5,12:34,1,2,1,1,2,0,4,2,2,95,95,95,95,95,95,95,4,1,0,16.6145707079083,10,9
2403809,2024,33,66,1-33-2024-066-05,5,5,3,15:00,3,1,2,12,1,0,3,2,1,95,95,95,95,95,95,95,0,1,0,25.3427821602115,12,9
2403810,2024,24,107,1-24-2024-107-06,6,7,5,04:10,4,1,2,5,1,0,6,9,9,95,95,95,95,95,95,95,0,1,0,447.799479425483,1,9
2403811,2024,24,108,1-24-2024-108-06,6,7,4,08:37,2,3,0,0,0,0,0,2,2,95,95,95,95,95,95,95,1,1,0,447.799479425483,1,9
2403813,2024,11,115,1-11-2024-115-04,4,8,5,03:47,1,1,0,0,0,0,0,2,2,95,95,95,95,95,95,95,0,1,0,530.793567452246,8,9
2403814,2024,60,48,1-60-2024-048-03,3,7,4,10:44,1,2,99,99,0,0,9,2,2,95,95,95,95,95,95,95,4,1,0,146.770890885321,8,9
2403815,2024,60,49,1-60-2024-049-07,7,8,5,10:54,1,2,0,0,0,0,0,2,2,95,95,95,95,95,95,95,4,1,0,1781.62860781657,8,9
2403816,2024,16,106,1-16-2024-106-02,2,7,3,09:01,3,4,3,14,3,1,3,9,1,95,95,95,95,95,95,95,1,1,0,143.697759026414,5,9
2403817,2024,25,100,1-25-2024-100-06,6,7,2,14:14,2,2,1,1,1,0,5,2,2,95,95,95,95,95,95,95,4,1,0,3541.55496377637,2,9
2403818,2024,31,77,1-31-2024-077-07,7,7,1,01:13,1,1,0,0,0,0,0,2,2,95,95,95,95,95,95,95,0,1,0,230.868935151332,6,9
2403819,2024,31,78,1-31-2024-078-04,4,8,6,21:01,1,1,0,0,0,0,0,9,9,95,95,95,95,95,95,95,0,1,0,222.052598299916,6,9
2403820,2024,14,66,1-14-2024-066-02,2,7,7,22:42,1,2,0,0,0,0,4,9,9,95,95,95,95,95,95,95,6,1,0,73.7387227230028,8,9
2403822,2024,27,120,1-27-2024-120-09,9,7,3,14:43,1,2,1,1,1,0,4,9,9,95,95,95,95,95,95,95,4,1,0,124.917423361448,3,9
2403823,2024,27,121,1-27-2024-121-04,4,7,4,08:55,3,2,0,0,0,0,0,9,2,95,95,95,95,95,95,95,9,1,0,74.4923275366099,3,9
2403824,2024,14,68,1-14-2024-068-03,3,7,4,17:15,5,3,1,1,2,0,4,9,9,95,95,95,95,95,95,95,1,1,0,364.189516222934,8,9
2403825,2024,52,40,1-52-2024-040-04,4,7,6,12:09,1,2,1,1,1,0,0,2,2,95,95,95,95,95,95,95,4,1,0,190.197325229234,12,9
2403826,2024,32,125,1-32-2024-125-02,2,7,4,23:15,6,4,9,97,1,0,4,2,2,95,95,95,95,95,95,95,1,1,0,37.259655830375,7,9
2403827,2024,28,116,1-28-2024-116-03,3,7,1,05:07,1,1,0,0,0,0,0,1,2,95,95,95,95,95,95,95,0,1,0,59.3520019457149,3,9
2403828,2024,28,117,1-28-2024-117-03,3,8,7,14:52,4,2,1,2,2,0,4,2,2,95,95,95,95,95,95,95,5,1,0,59.3520019457149,3,9
2403829,2024,26,104,1-26-2024-104-02,2,7,2,20:31,2,3,4,29,2,2,3,2,2,95,95,95,95,95,95,95,4,1,0,58.2516012726861,10,9
2403830,2024,15,152,1-15-2024-152-07,7,8,6,19:50,1,2,0,0,0,0,0,9,9,95,95,95,95,95,95,95,4,1,0,2421.01034052253,1,9
2403831,2024,15,153,1-15-2024-153-02,2,7,4,19:45,3,1,0,0,0,0,4,9,9,95,95,95,95,95,95,95,0,1,0,13.160978448786,1,9
2403833,2024,22,118,1-22-2024-118-04,4,7,4,12:47,2,2,0,0,0,0,0,2,2,95,95,95,95,95,95,95,4,1,0,63.7412272058456,12,9
2403834,2024,21,81,1-21-2024-081-08,8,7,2,00:08,3,3,4,29,1,1,3,9,1,95,95,95,95,95,95,95,5,1,0,281.39230853194,11,9
2403835,2024,29,43,1-29-2024-043-06,6,7,3,15:19,4,2,2,4,1,0,4,9,9,95,95,95,95,95,95,95,5,1,0,280.671944583498,2,9
2403836,2024,29,44,1-29-2024-044-08,8,8,6,19:11,3,1,1,1,1,0,3,1,2,95,95,95,95,95,95,95,0,1,0,58.9888076858431,2,9
2403837,2024,29,45,1-29-2024-045-03,3,8,7,23:15,2,2,9,97,1,0,8,2,2,95,95,95,95,95,95,95,9,1,0,90.2007455037807,2,9
2403838,2024,77,128,1-77-2024-128-03,3,7,6,01:04,2,1,99,99,0,0,9,1,1,95,95,95,95,95,95,95,0,1,0,673.926895573774,9,9
2403839,2024,82,97,1-82-2024-097-03,3,7,2,09:53,1,2,99,99,0,0,0,2,2,95,95,95,95,95,95,95,4,1,0,165.718700888288,1,9
2403841,2024,73,107,1-73-2024-107-03,3,8,7,08:31,4,2,1,1,1,0,4,9,9,95,95,95,95,95,95,95,4,1,0,42.1544764951439,3,9
2403842,2024,82,99,1-82-2024-099-03,3,7,6,18:41,1,2,1,2,1,0,4,2,2,95,95,95,95,95,95,95,4,1,0,165.718700862782,1,9
2403843,2024,33,67,1-33-2024-067-09,9,7,1,18:50,1,1,1,1,1,0,4,2,2,95,95,95,95,95,95,95,0,1,0,498.087824339282,12,9
2403844,2024,30,136,1-30-2024-136-03,3,7,4,10:09,2,3,1,1,1,0,4,2,2,95,95,95,95,95,95,95,4,1,0,298.263643019881,10,9
2403845,2024,11,116,1-11-2024-116-04,4,7,1,01:13,1,1,0,0,0,0,0,2,2,95,95,95,95,95,95,95,0,1,0,530.793567452246,8,9
2403846,2024,81,93,1-81-2024-093-03,3,8,6,23:10,1,2,1,1,1,0,6,2,2,95,95,95,95,95,95,95,4,1,0,1224.05256267546,8,9
2403847,2024,81,94,1-81-2024-094-NM1,21,8,6,20:03,1,1,99,99,0,0,0,2,2,4,34,1,1,1,1,1,0,1,1,39.6531790525059,8,9
2403848,2024,62,105,1-62-2024-105-05,5,7,1,21:37,3,1,1,1,1,0,4,1,9,95,95,95,95,95,95,95,0,1,0,63.3169379609733,7,9
2403849,2024,62,106,1-62-2024-106-NM1,21,8,1,03:11,2,2,1,1,1,0,4,1,9,2,5,1,0,4,1,9,5,1,1,41.0383325582026,7,9
2403850,2024,62,107,1-62-2024-107-03,3,7,1,12:51,1,1,9,97,2,0,0,9,9,95,95,95,95,95,95,95,0,1,0,533.882324250421,7,9
2403851,2024,62,108,1-62-2024-108-03,3,8,3,19:35,1,2,2,5,5,0,3,9,9,95,95,95,95,95,95,95,4,1,0,533.882324409124,7,9
2403853,2024,59,119,1-59-2024-119-06,6,8,3,20:25,1,2,1,1,1,0,0,2,2,95,95,95,95,95,95,95,4,1,0,351.838762652549,6,9
2403855,2024,18,105,1-18-2024-105-04,4,7,3,22:00,2,1,0,0,0,0,0,2,2,95,95,95,95,95,95,95,0,1,0,454.130176673616,6,9
2403856,2024,10,64,1-10-2024-064-03,3,8,1,16:56,1,2,1,1,1,0,4,2,2,95,95,95,95,95,95,95,4,1,0,257.456409654057,4,9
2403857,2024,10,65,1-10-2024-065-08,8,8,6,22:01,1,1,3,19,1,1,3,2,1,95,95,95,95,95,95,95,0,1,0,172.063505930727,4,9
2403858,2024,77,129,1-77-2024-129-NM1,21,8,2,18:08,1,1,9,97,1,0,9,2,2,2,12,1,0,3,2,2,0,1,1,113.21347390618,9,9
2403859,2024,77,130,1-77-2024-130-01,1,8,5,18:20,3,3,3,19,4,3,1,1,1,95,95,95,95,95,95,95,1,1,0,141.400970265386,9,9
2403860,2024,67,24,1-67-2024-024-01,1,7,7,14:07,1,2,9,97,1,1,1,9,9,95,95,95,95,95,95,95,2,1,0,66.8119266347119,7,9
2403861,2024,67,25,1-67-2024-025-04,4,8,3,16:41,1,2,1,1,1,0,0,2,2,95,95,95,95,95,95,95,4,1,0,469.881761761089,7,9
2403862,2024,54,94,1-54-2024-094-08,8,8,1,13:20,3,2,2,5,1,0,3,2,2,95,95,95,95,95,95,95,4,1,0,219.476834805587,9,9
2403863,2024,48,124,1-48-2024-124-03,3,8,5,04:26,1,2,1,3,1,0,6,2,2,95,95,95,95,95,95,95,9,1,0,192.139655150175,12,9
2403864,2024,57,95,1-57-2024-095-02,2,7,7,22:51,2,1,2,5,1,0,4,1,9,95,95,95,95,95,95,95,0,1,0,13.8251120734564,1,9
2403866,2024,66,78,1-66-2024-078-09,9,8,6,16:30,2,1,2,4,1,0,4,2,2,95,95,95,95,95,95,95,0,1,0,97.5596917228585,6,9
2403867,2024,66,79,1-66-2024-079-07,7,8,3,06:55,1,1,1,1,2,0,6,2,2,95,95,95,95,95,95,95,0,1,0,133.367571576148,6,9
2403869,2024,73,109,1-73-2024-109-09,9,8,1,18:37,2,1,1,1,1,0,9,9,9,95,95,95,95,95,95,95,0,1,0,86.5848248817923,3,9
2403870,2024,12,67,1-12-2024-067-10,10,8,5,22:45,3,1,0,0,0,0,0,2,2,95,95,95,95,95,95,95,0,1,0,8209.53170960713,9,9
2403871,2024,12,68,1-12-2024-068-06,6,7,1,15:33,4,1,1,1,1,0,4,2,2,95,95,95,95,95,95,95,0,1,0,257.996460650317,9,9
2403872,2024,12,69,1-12-2024-069-04,4,8,3,21:09,1,2,0,0,0,0,0,2,2,95,95,95,95,95,95,95,4,1,0,269.223385585816,9,9
2403873,2024,19,49,1-19-2024-049-07,7,8,4,13:34,1,2,1,1,1,0,0,2,2,95,95,95,95,95,95,95,4,1,0,1055.00384439502,9,9
2403874,2024,19,50,1-19-2024-050-08,8,8,4,08:13,1,1,3,22,2,2,3,2,2,95,95,95,95,95,95,95,0,1,0,70.8994340810439,9,9
2403875,2024,57,97,1-57-2024-097-04,4,8,6,10:28,1,2,99,99,0,0,8,2,2,95,95,95,95,95,95,95,4,1,0,3100.86489495823,1,9
2403876,2024,17,121,1-17-2024-121-06,6,8,1,23:15,2,2,1,1,1,0,4,2,2,95,95,95,95,95,95,95,5,1,0,121.263256730921,4,9
2403877,2024,17,122,1-17-2024-122-NM2,22,8,3,21:02,1,1,95,95,95,95,95,2,2,9,97,1,0,8,2,2,0,0,1,97.286021862156,4,9
2403878,2024,17,123,1-17-2024-123-10,10,8,1,12:50,1,2,0,0,0,0,0,2,2,95,95,95,95,95,95,95,4,1,0,3362.604780861,4,9
2403879,2024,17,124,1-17-2024-124-03,3,8,4,10:45,1,2,1,1,1,0,4,2,2,95,95,95,95,95,95,95,4,1,0,60.1064786597745,4,9
2403880,2024,33,68,1-33-2024-068-05,5,8,5,22:25,5,1,2,5,1,0,4,1,2,95,95,95,95,95,95,95,0,1,0,25.3427821602115,12,9
2403881,2024,33,69,1-33-2024-069-08,8,7,1,04:35,3,1,3,27,1,1,3,2,1,95,95,95,95,95,95,95,0,1,0,110.532062129554,12,9
2403882,2024,69,83,1-69-2024-083-04,4,8,3,15:50,1,2,0,0,0,0,0,2,2,95,95,95,95,95,95,95,5,1,0,89.8384928002341,8,9
2403883,2024,69,84,1-69-2024-084-04,4,8,3,21:30,1,2,0,0,0,0,0,2,2,95,95,95,95,95,95,95,1,1,0,89.8384928002341,8,9
2403884,2024,69,85,1-69-2024-085-04,4,8,2,10:51,3,3,1,1,2,0,4,2,2,95,95,95,95,95,95,95,1,1,0,89.8384928002341,8,9
2403886,2024,24,109,1-24-2024-109-NM1,21,7,2,04:17,2,2,0,0,0,0,0,2,2,2,12,1,0,3,2,2,1,1,1,23.1726143074507,1,9
2403887,2024,24,110,1-24-2024-110-01,1,7,6,20:18,5,4,5,50,8,4,1,1,1,95,95,95,95,95,95,95,2,1,0,23.1726143074507,1,9
2403888,2024,24,111,1-24-2024-111-03,3,7,4,18:05,2,2,2,9,1,0,3,2,1,95,95,95,95,95,95,95,4,1,0,99.0003902859414,1,9
2403889,2024,11,117,1-11-2024-117-03,3,8,4,08:08,1,2,0,0,0,0,4,2,2,95,95,95,95,95,95,95,1,1,0,515.523532946965,8,9
2403892,2024,60,51,1-60-2024-051-06,6,8,4,13:31,1,2,0,0,0,0,5,2,2,95,95,95,95,95,95,95,4,1,0,282.327493299711,8,9
2403893,2024,25,101,1-25-2024-101-03,3,8,5,23:43,2,1,1,2,1,0,6,2,2,95,95,95,95,95,95,95,0,1,0,266.279947606205,2,9
2403894,2024,25,102,1-25-2024-102-03,3,8,2,13:37,2,2,3,11,2,1,3,2,2,95,95,95,95,95,95,95,4,1,0,266.279947571518,2,9
2403895,2024,11,118,1-11-2024-118-01,1,8,7,15:50,3,1,1,1,1,1,1,1,2,95,95,95,95,95,95,95,0,1,0,61.3849433368869,8,9
2403896,2024,59,118,1-59-2024-118-06,6,8,5,17:11,5,6,0,0,0,0,0,2,2,95,95,95,95,95,95,95,1,1,0,351.838762652549,6,9
2403897,2024,28,118,1-28-2024-118-03,3,8,7,15:38,2,2,1,1,1,0,4,2,2,95,95,95,95,95,95,95,1,1,0,28.3089754479373,3,9
2403898,2024,28,119,1-28-2024-119-10,10,8,7,02:48,1,1,0,0,0,0,0,2,2,95,95,95,95,95,95,95,0,1,0,80.5683609045318,3,9
2403900,2024,14,69,1-14-2024-069-01,1,7,5,00:19,1,1,3,27,1,1,1,1,1,95,95,95,95,95,95,95,0,1,0,108.384761764453,8,9
2403901,2024,32,126,1-32-2024-126-02,2,6,2,09:46,3,2,1,2,3,0,4,2,1,95,95,95,95,95,95,95,4,1,0,36.3666949251999,7,9
2403903,2024,27,122,1-27-2024-122-04,4,8,5,20:19,2,2,0,0,0,0,0,2,2,95,95,95,95,95,95,95,4,1,0,280.886166758973,3,9
2403904,2024,30,137,1-30-2024-137-05,5,8,5,18:09,1,2,2,5,3,0,3,2,1,95,95,95,95,95,95,95,4,1,0,43.4171900907947,10,9
2403906,2024,30,139,1-30-2024-139-05,5,8,1,08:38,1,2,3,14,3,1,3,2,1,95,95,95,95,95,95,95,2,1,0,43.417190088088,10,9
2403907,2024,18,106,1-18-2024-106-03,3,8,6,08:57,2,2,9,97,1,0,0,2,2,95,95,95,95,95,95,95,4,1,0,71.1428090245742,6,9
2403908,2024,26,105,1-26-2024-105-03,3,8,3,07:45,1,2,0,0,0,0,0,2,2,95,95,95,95,95,95,95,4,1,0,1492.65647211409,10,9
2403910,2024,82,101,1-82-2024-101-02,2,7,2,00:04,4,2,9,97,1,0,5,1,2,95,95,95,95,95,95,95,1,1,0,23.9814262485552,1,9
2403911,2024,82,102,1-82-2024-102-03,3,7,4,17:26,3,2,0,0,0,0,0,2,2,95,95,95,95,95,95,95,4,1,0,185.911346608321,1,9
2403912,2024,21,82,1-21-2024-082-01,1,3,6,05:09,2,2,6,75,4,4,1,2,1,95,95,95,95,95,95,95,2,1,0,117.649349567078,11,9
2403913,2024,21,83,1-21-2024-083-02,2,7,1,02:35,4,2,1,1,1,0,4,9,9,95,95,95,95,95,95,95,1,1,0,20.5151772888789,11,9
2403914,2024,22,119,1-22-2024-119-09,9,8,4,21:09,2,1,1,1,1,0,4,2,2,95,95,95,95,95,95,95,0,1,0,248.33843233682,12,9
2403915,2024,22,120,1-22-2024-120-09,9,8,6,10:09,2,3,1,1,1,0,4,2,2,95,95,95,95,95,95,95,1,1,0,248.33843233682,12,9
2403918,2024,15,156,1-15-2024-156-04,4,8,3,20:14,1,2,0,0,0,0,0,9,9,95,95,95,95,95,95,95,4,1,0,76.7471917723188,1,9
2403919,2024,30,138,1-30-2024-138-06,6,7,4,12:53,2,3,2,12,3,0,3,2,2,95,95,95,95,95,95,95,4,1,0,1365.14512173886,10,9
2403920,2024,15,154,1-15-2024-154-06,6,7,2,17:19,1,2,1,3,1,0,4,2,2,95,95,95,95,95,95,95,1,1,0,74.7951999128499,1,9
2403922,2024,29,47,1-29-2024-047-09,9,8,5,07:05,1,2,1,1,1,0,8,2,2,95,95,95,95,95,95,95,4,1,0,1082.81421584028,2,9
2403923,2024,29,48,1-29-2024-048-09,9,8,7,12:18,1,2,2,6,1,0,3,9,9,95,95,95,95,95,95,95,4,1,0,1082.81421569869,2,9
2403924,2024,31,79,1-31-2024-079-09,9,8,2,17:22,1,2,0,0,0,0,0,9,9,95,95,95,95,95,95,95,1,1,0,161.39423315543,6,9
2403925,2024,31,80,1-31-2024-080-10,10,8,6,08:18,1,2,0,0,0,0,0,9,9,95,95,95,95,95,95,95,1,1,0,419.593794787767,6,9
2403926,2024,31,81,1-31-2024-081-09,9,8,3,21:12,2,2,1,1,1,0,5,2,2,95,95,95,95,95,95,95,0,1,0,161.39423315543,6,9
2403927,2024,28,121,1-28-2024-121-10,10,8,4,21:05,2,1,0,0,0,0,0,2,2,95,95,95,95,95,95,95,0,1,0,80.5683609045318,3,9
2403928,2024,60,52,1-60-2024-052-07,7,7,4,18:05,1,2,0,0,0,0,0,2,2,95,95,95,95,95,95,95,4,1,0,925.177503236955,8,9
2403929,2024,15,157,1-15-2024-157-06,6,6,3,18:18,1,1,1,1,1,0,9,9,9,95,95,95,95,95,95,95,0,1,0,74.7951998804278,1,9
2403930,2024,29,49,1-29-2024-049-04,4,7,4,14:24,1,2,99,99,0,0,0,2,2,95,95,95,95,95,95,95,4,1,0,562.25403332024,2,9
2403931,2024,52,42,1-52-2024-042-04,4,7,2,11:04,1,2,0,0,0,0,0,2,2,95,95,95,95,95,95,95,4,1,0,253.578816658525,12,9
2403932,2024,20,102,1-20-2024-102-02,2,7,4,15:30,2,2,5,30,2,1,3,2,1,95,95,95,95,95,95,95,2,1,0,19.9171728154044,11,9
2403933,2024,73,110,1-73-2024-110-06,6,7,3,16:10,1,2,99,99,0,0,0,9,9,95,95,95,95,95,95,95,4,1,0,44.3226427386797,3,9
2403934,2024,82,103,1-82-2024-103-05,5,8,5,13:16,1,1,2,4,1,0,3,2,2,95,95,95,95,95,95,95,0,1,0,23.9814262485552,1,9
2403936,2024,81,96,1-81-2024-096-01,1,8,1,23:06,1,2,5,66,2,2,1,2,1,95,95,95,95,95,95,95,4,1,0,46.5133362932788,8,9
2403937,2024,59,120,1-59-2024-120-05,5,8,2,06:35,3,1,3,14,1,1,3,2,2,95,95,95,95,95,95,95,0,1,0,100.475910570053,6,9
2403939,2024,62,110,1-62-2024-110-02,2,7,7,23:46,1,1,2,5,1,0,3,1,9,95,95,95,95,95,95,95,0,1,0,27.4104501869369,7,9
2403940,2024,62,111,1-62-2024-111-01,1,8,1,05:14,3,1,3,14,1,1,1,1,9,95,95,95,95,95,95,95,0,1,0,72.7909715141898,7,9
2403941,2024,77,131,1-77-2024-131-01,1,8,7,13:15,3,1,1,1,1,1,1,2,2,95,95,95,95,95,95,95,0,1,0,96.927477716339,9,9
2403942,2024,77,132,1-77-2024-132-04,4,8,1,22:26,1,1,0,0,0,0,0,2,2,95,95,95,95,95,95,95,0,1,0,1162.45981650652,9,9
2403944,2024,10,67,1-10-2024-067-06,6,8,4,08:20,1,2,9,97,1,0,5,9,9,95,95,95,95,95,95,95,4,1,0,431.055518128543,4,9
2403946,2024,18,108,1-18-2024-108-06,6,8,6,16:15,2,3,9,97,1,0,0,2,2,95,95,95,95,95,95,95,1,1,0,263.0958563588,6,9
2403947,2024,67,26,1-67-2024-026-05,5,8,1,11:55,2,1,3,10,2,1,3,2,2,95,95,95,95,95,95,95,0,1,0,86.1825468840406,7,9
2403948,2024,48,125,1-48-2024-125-01,1,6,3,03:00,4,1,3,10,1,1,1,2,1,95,95,95,95,95,95,95,0,1,0,73.4941053746274,12,9
2403949,2024,48,126,1-48-2024-126-08,8,7,4,22:36,2,1,1,2,1,0,4,2,2,95,95,95,95,95,95,95,0,1,0,96.1411607504999,12,9
2403950,2024,48,127,1-48-2024-127-09,9,8,7,09:57,4,2,1,1,1,0,8,2,2,95,95,95,95,95,95,95,4,1,0,454.362406013,12,9
2403951,2024,48,128,1-48-2024-128-06,6,8,7,15:05,1,2,1,1,1,0,0,2,2,95,95,95,95,95,95,95,4,1,0,226.137614831187,12,9
2403952,2024,54,95,1-54-2024-095-05,5,8,5,15:20,1,2,1,1,2,0,4,2,2,95,95,95,95,95,95,95,4,1,0,144.976226836895,9,9
2403953,2024,54,96,1-54-2024-096-04,4,8,4,10:58,5,2,1,1,2,0,8,2,2,95,95,95,95,95,95,95,4,1,0,1191.31459945986,9,9
2403954,2024,73,111,1-73-2024-111-01,1,8,4,07:10,5,1,5,43,2,2,1,9,9,95,95,95,95,95,95,95,0,1,0,29.6045947385831,3,9
2403955,2024,73,112,1-73-2024-112-04,4,8,7,04:04,1,1,99,99,0,0,0,9,9,95,95,95,95,95,95,95,0,1,0,235.556752193423,3,9
2403957,2024,57,99,1-57-2024-099-03,3,8,1,13:37,2,3,1,1,1,0,4,2,2,95,95,95,95,95,95,95,4,1,0,81.2040485683393,1,9
2403958,2024,57,100,1-57-2024-100-06,6,7,6,23:27,2,1,1,1,1,0,4,2,2,95,95,95,95,95,95,95,0,1,0,252.67749279447,1,9
2403959,2024,57,101,1-57-2024-101-07,7,5,2,10:50,1,2,0,0,0,0,0,2,2,95,95,95,95,95,95,95,4,1,0,913.008330476422,1,9
2403960,2024,33,70,1-33-2024-070-08,8,8,5,05:50,1,2,2,12,2,0,3,2,2,95,95,95,95,95,95,95,4,1,0,29.5346785988684,12,9
2403961,2024,33,71,1-33-2024-071-03,3,8,5,21:42,1,2,0,0,0,0,4,2,2,95,95,95,95,95,95,95,1,1,0,17.2161737549189,12,9
2403963,2024,18,109,1-18-2024-109-NM2,22,8,4,18:18,1,1,95,95,95,95,95,2,2,1,1,1,0,9,2,2,0,0,1,178.115957125676,6,9
2403964,2024,12,70,1-12-2024-070-02,2,8,3,10:13,2,2,3,10,5,2,3,1,2,95,95,95,95,95,95,95,4,1,0,221.517683883591,9,9
2403965,2024,12,71,1-12-2024-071-03,3,8,1,19:48,3,1,1,3,3,0,4,2,2,95,95,95,95,95,95,95,0,1,0,164.057323491007,9,9
2403966,2024,12,72,1-12-2024-072-04,4,8,2,00:45,1,1,0,0,0,0,0,2,2,95,95,95,95,95,95,95,0,1,0,852.936405009971,9,9
2403967,2024,10,68,1-10-2024-068-04,4,8,6,21:22,1,2,0,0,0,0,0,2,2,95,95,95,95,95,95,95,4,1,0,501.477407680457,4,9
2403969,2024,69,87,1-69-2024-087-09,9,8,5,07:26,4,3,1,1,1,0,4,2,2,95,95,95,95,95,95,95,4,1,0,422.536777767683,8,9
2403970,2024,69,88,1-69-2024-088-04,4,8,5,15:29,2,2,99,99,0,0,0,2,2,95,95,95,95,95,95,95,1,1,0,124.705353098752,8,9
2403971,2024,17,125,1-17-2024-125-04,4,8,2,08:03,2,2,0,0,0,0,4,2,2,95,95,95,95,95,95,95,4,1,0,125.652735779338,4,9
2403972,2024,17,126,1-17-2024-126-03,3,8,3,18:49,1,2,1,1,1,0,4,2,2,95,95,95,95,95,95,95,4,1,0,56.2627107467575,4,9
2403973,2024,17,127,1-17-2024-127-04,4,8,6,18:40,1,1,0,0,0,0,0,2,2,95,95,95,95,95,95,95,0,1,0,125.652735779338,4,9
2403975,2024,20,103,1-20-2024-103-03,3,8,5,17:07,4,2,1,1,1,0,3,2,9,95,95,95,95,95,95,95,1,1,0,164.921231804765,11,9
2403976,2024,20,104,1-20-2024-104-03,3,7,1,19:52,4,1,3,17,4,2,3,2,2,95,95,95,95,95,95,95,0,1,0,164.921231804765,11,9
2403977,2024,30,140,1-30-2024-140-03,3,8,3,11:10,2,2,1,1,2,0,4,2,2,95,95,95,95,95,95,95,4,1,0,323.004840029474,10,9
2403980,2024,66,81,1-66-2024-081-NM2,22,8,2,10:30,1,1,95,95,95,95,95,9,9,1,2,1,0,4,2,1,0,0,1,110.074249285118,6,9
2403981,2024,19,51,1-19-2024-051-01,1,8,2,10:48,2,2,3,22,2,1,1,2,1,95,95,95,95,95,95,95,4,1,0,49.8247383260155,9,9
2403982,2024,19,52,1-19-2024-052-09,9,8,1,12:28,1,2,1,2,1,0,4,2,2,95,95,95,95,95,95,95,4,1,0,1740.58935077855,9,9
2403983,2024,57,102,1-57-2024-102-06,6,8,5,23:59,2,1,0,0,0,0,5,2,2,95,95,95,95,95,95,95,0,1,0,252.677492845916,1,9
2403984,2024,27,123,1-27-2024-123-02,2,7,7,05:27,7,2,2,9,2,0,3,2,1,95,95,95,95,95,95,95,6,1,0,17.0270955559146,3,9
2403985,2024,27,124,1-27-2024-124-06,6,8,1,05:36,1,1,1,1,1,0,4,1,2,95,95,95,95,95,95,95,0,1,0,172.570486288372,3,9
2403986,2024,79,81,1-79-2024-081-03,3,8,1,07:30,1,2,1,1,1,0,9,2,2,95,95,95,95,95,95,95,4,1,0,177.82939435799,8,9
2403987,2024,79,82,1-79-2024-082-03,3,8,4,13:45,3,4,1,1,2,0,3,2,2,95,95,95,95,95,95,95,1,1,0,177.82939435799,8,9
2403988,2024,30,142,1-30-2024-142-08,8,8,3,13:54,3,2,3,17,1,1,3,2,2,95,95,95,95,95,95,95,4,1,0,294.615301509236,10,9
2403989,2024,24,112,1-24-2024-112-06,6,7,2,15:22,1,2,1,1,1,0,4,2,2,95,95,95,95,95,95,95,1,1,0,392.704603384986,1,9
2403990,2024,11,119,1-11-2024-119-03,3,8,7,10:16,1,2,99,99,0,0,0,2,2,95,95,95,95,95,95,95,6,1,0,72.7397637397295,8,9
2403991,2024,11,120,1-11-2024-120-02,2,8,1,14:58,1,1,4,29,3,1,3,9,9,95,95,95,95,95,95,95,0,1,0,30.7614595081659,8,9
2403994,2024,60,53,1-60-2024-053-01,1,8,3,13:20,3,1,1,2,1,0,4,9,9,95,95,95,95,95,95,95,0,1,0,35.3078303623944,8,9
2403995,2024,60,54,1-60-2024-054-03,3,8,1,12:31,2,2,1,1,1,0,6,2,2,95,95,95,95,95,95,95,4,1,0,252.351417933937,8,9
2403996,2024,60,55,1-60-2024-055-03,3,8,2,19:19,1,2,0,0,0,0,6,2,2,95,95,95,95,95,95,95,6,1,0,252.351417933937,8,9
2403998,2024,25,103,1-25-2024-103-NM1,21,8,2,15:21,3,2,0,0,0,0,4,9,9,2,5,1,0,3,2,1,0,1,1,55.4169403670828,2,9
2403999,2024,25,104,1-25-2024-104-09,9,8,4,18:20,5,1,9,97,1,0,0,2,2,95,95,95,95,95,95,95,0,1,0,1107.00046057656,2,9
2404000,2024,25,105,1-25-2024-105-04,4,8,5,07:41,1,2,0,0,0,0,0,9,9,95,95,95,95,95,95,95,1,1,0,459.794085497368,2,9
2404001,2024,25,106,1-25-2024-106-03,3,8,1,22:29,2,2,1,1,1,0,4,1,2,95,95,95,95,95,95,95,4,1,0,127.298303382568,2,9
2404003,2024,76,105,1-76-2024-105-03,3,6,5,13:36,2,1,99,99,0,0,8,9,9,95,95,95,95,95,95,95,0,1,0,71.5495535595937,3,9
2404007,2024,28,122,1-28-2024-122-08,8,7,3,16:09,2,2,5,35,4,2,3,9,2,95,95,95,95,95,95,95,4,1,0,48.0385140677194,3,9
2404009,2024,28,124,1-28-2024-124-08,8,8,4,08:51,1,1,5,26,1,1,3,2,2,95,95,95,95,95,95,95,0,1,0,48.0385140677194,3,9
2404010,2024,28,125,1-28-2024-125-03,3,8,7,11:29,1,1,1,1,1,0,4,2,2,95,95,95,95,95,95,95,0,1,0,28.3089754479373,3,9
2404011,2024,52,43,1-52-2024-043-02,2,6,2,21:10,5,1,4,21,1,1,3,1,1,95,95,95,95,95,95,95,0,1,0,21.737445977484,12,9
2404012,2024,32,127,1-32-2024-127-NM1,21,8,6,20:25,1,1,0,0,0,0,0,2,2,2,9,1,0,3,2,2,0,1,1,81.1432128652192,7,9
2404013,2024,28,126,1-28-2024-126-09,9,8,6,14:31,5,1,3,13,1,1,3,2,2,95,95,95,95,95,95,95,0,1,0,84.0814352883391,3,9
2404014,2024,81,97,1-81-2024-097-03,3,8,7,08:42,1,2,9,97,2,0,0,2,9,95,95,95,95,95,95,95,4,1,0,444.901536143356,8,9
2404016,2024,21,85,1-21-2024-085-02,2,8,1,03:35,2,1,1,2,1,0,4,1,2,95,95,95,95,95,95,95,0,1,0,10.5328526507938,11,9
2404018,2024,26,106,1-26-2024-106-03,3,8,1,14:03,2,2,1,1,3,0,0,2,2,95,95,95,95,95,95,95,4,1,0,1803.86639113949,10,9
2404019,2024,16,108,1-16-2024-108-02,2,8,6,16:02,1,2,3,10,1,1,3,9,9,95,95,95,95,95,95,95,4,1,0,24.080851017413,5,9
2404020,2024,76,109,1-76-2024-109-04,4,6,6,07:38,1,1,0,0,0,0,0,9,9,95,95,95,95,95,95,95,0,1,0,86.4714255045695,3,9
2404021,2024,22,121,1-22-2024-121-08,8,7,7,03:15,2,1,3,14,3,1,3,2,1,95,95,95,95,95,95,95,0,1,0,32.2342128751331,12,9
2404022,2024,22,122,1-22-2024-122-08,8,8,5,09:49,1,2,1,1,1,0,4,2,2,95,95,95,95,95,95,95,1,1,0,32.2342128751331,12,9
2404023,2024,29,50,1-29-2024-050-03,3,8,7,23:35,1,2,2,6,2,0,4,2,2,95,95,95,95,95,95,95,4,1,0,259.551490167447,2,9
2404024,2024,29,51,1-29-2024-051-06,6,8,3,08:59,2,2,1,2,2,0,4,9,9,95,95,95,95,95,95,95,4,1,0,807.629926847652,2,9
2404026,2024,82,104,1-82-2024-104-03,3,8,6,17:06,2,1,9,97,1,0,0,2,2,95,95,95,95,95,95,95,0,1,0,139.557521301747,1,9
2404027,2024,82,105,1-82-2024-105-03,3,8,3,15:39,1,2,9,97,4,0,8,2,2,95,95,95,95,95,95,95,4,1,0,139.557521301747,1,9
2404029,2024,82,106,1-82-2024-106-NM2,22,8,3,09:05,1,1,95,95,95,95,95,2,2,2,5,1,0,4,2,9,0,0,1,313.918669121444,1,9
2404030,2024,15,159,1-15-2024-159-03,3,8,5,15:00,3,2,1,1,1,0,4,9,9,95,95,95,95,95,95,95,4,1,0,27.339293903016,1,9
2404031,2024,69,89,1-69-2024-089-03,3,8,3,16:10,2,3,9,97,1,0,8,2,2,95,95,95,95,95,95,95,1,1,0,32.320569153545,8,9
2404032,2024,31,82,1-31-2024-082-04,4,8,6,14:34,1,2,0,0,0,0,0,9,9,95,95,95,95,95,95,95,4,1,0,222.052598299916,6,9
2404033,2024,31,83,1-31-2024-083-07,7,8,2,06:55,1,1,0,0,0,0,0,2,2,95,95,95,95,95,95,95,0,1,0,230.868935151332,6,9
2404034,2024,14,71,1-14-2024-071-01,1,8,6,07:15,3,1,4,16,1,1,1,2,2,95,95,95,95,95,95,95,0,1,0,247.606686231623,8,9
2404035,2024,66,82,1-66-2024-082-06,6,8,5,16:50,2,1,1,2,1,0,4,2,2,95,95,95,95,95,95,95,0,1,0,124.972344097308,6,9
2404036,2024,21,86,1-21-2024-086-08,8,7,5,19:35,2,1,4,41,2,1,3,1,9,95,95,95,95,95,95,95,0,1,0,359.511512233548,11,9
2404037,2024,62,112,1-62-2024-112-04,4,8,5,16:54,2,3,0,0,0,0,0,9,9,95,95,95,95,95,95,95,1,1,0,1828.44209322658,7,9
2404038,2024,17,129,1-17-2024-129-09,9,8,2,04:00,1,1,99,99,0,0,5,2,2,95,95,95,95,95,95,95,0,1,0,359.803903640379,4,9
2404039,2024,33,73,1-33-2024-073-09,9,8,4,23:05,1,1,1,2,1,0,4,2,2,95,95,95,95,95,95,95,0,1,0,112.064497820463,12,9
2404041,2024,76,111,1-76-2024-111-10,10,6,4,05:43,1,1,0,0,0,0,0,9,9,95,95,95,95,95,95,95,0,1,0,325.313804205718,3,9
2404042,2024,29,53,1-29-2024-053-NM2,22,7,2,15:03,1,1,95,95,95,95,95,2,2,9,97,1,0,5,9,9,0,0,1,480.123684005821,2,9
2404043,2024,11,123,1-11-2024-123-04,4,8,3,09:45,3,1,0,0,0,0,0,2,2,95,95,95,95,95,95,95,0,1,0,266.740512711128,8,9
2404044,2024,11,124,1-11-2024-124-03,3,8,2,11:40,2,2,9,97,1,0,8,2,2,95,95,95,95,95,95,95,1,1,0,72.7397637397295,8,9
2404045,2024,81,98,1-81-2024-098-NM1,21,8,6,11:50,2,1,0,0,0,0,0,2,2,3,22,1,1,3,9,9,0,1,1,74.6147978501919,8,9
2404046,2024,81,99,1-81-2024-099-02,2,8,2,14:55,2,1,3,10,2,1,3,9,1,95,95,95,95,95,95,95,0,1,0,45.7690227505208,8,9
2404048,2024,62,114,1-62-2024-114-06,6,8,7,13:25,1,2,9,97,1,0,0,9,9,95,95,95,95,95,95,95,1,1,0,2242.08850291379,7,9
2404049,2024,62,115,1-62-2024-115-08,8,8,2,10:46,3,4,3,10,3,1,3,9,9,95,95,95,95,95,95,95,1,1,0,418.525437508354,7,9
2404050,2024,62,116,1-62-2024-116-01,1,8,2,12:16,6,6,5,59,3,1,1,1,9,95,95,95,95,95,95,95,1,1,0,187.399481537113,7,9
2404051,2024,59,121,1-59-2024-121-NM2,22,8,4,07:53,1,1,95,95,95,95,95,2,2,1,1,1,0,4,2,2,0,0,1,778.982106600467,6,9
2404052,2024,10,69,1-10-2024-069-05,5,8,4,19:59,4,2,1,1,1,0,4,2,2,95,95,95,95,95,95,95,4,1,0,59.1173447825401,4,9
2404053,2024,10,70,1-10-2024-070-NM1,21,8,4,18:58,1,1,0,0,0,0,0,2,2,3,17,1,1,3,2,1,0,1,1,31.3806248143146,4,9
2404054,2024,10,71,1-10-2024-071-02,2,8,2,04:17,2,1,3,11,1,1,3,1,2,95,95,95,95,95,95,95,0,1,0,22.3566511295402,4,9
2404055,2024,23,42,1-23-2024-042-05,5,8,4,13:03,2,3,3,22,4,1,1,2,2,95,95,95,95,95,95,95,1,1,0,106.980373929413,5,9
2404056,2024,77,133,1-77-2024-133-02,2,8,2,11:42,4,1,1,1,1,0,5,2,2,95,95,95,95,95,95,95,0,1,0,83.1566199866033,9,9
2404057,2024,77,134,1-77-2024-134-03,3,8,2,04:54,2,1,1,1,1,0,4,2,2,95,95,95,95,95,95,95,0,1,0,554.17937603608,9,9
2404058,2024,67,27,1-67-2024-027-03,3,8,4,12:13,1,2,1,1,1,0,4,2,2,95,95,95,95,95,95,95,4,1,0,98.1894542929286,7,9
2404059,2024,67,28,1-67-2024-028-04,4,8,6,05:48,1,2,1,1,1,0,4,2,2,95,95,95,95,95,95,95,4,1,0,420.22869156482,7,9
2404060,2024,48,129,1-48-2024-129-05,5,8,1,01:10,1,1,9,97,1,0,8,1,2,95,95,95,95,95,95,95,0,1,0,80.9035530796695,12,9
2404062,2024,48,131,1-48-2024-131-03,3,8,4,16:00,1,2,9,97,1,0,0,2,2,95,95,95,95,95,95,95,4,1,0,83.301978591563,12,9
2404063,2024,48,132,1-48-2024-132-08,8,8,5,20:26,2,2,9,97,2,0,8,2,2,95,95,95,95,95,95,95,2,1,0,118.318452247458,12,9
2404064,2024,73,113,1-73-2024-113-NM2,22,8,5,17:49,1,1,95,95,95,95,95,9,9,2,9,1,0,4,2,9,0,0,1,537.853972469241,3,9
2404065,2024,73,114,1-73-2024-114-02,2,8,7,17:19,8,1,2,5,2,0,3,1,9,95,95,95,95,95,95,95,0,1,0,31.8497733664116,3,9
2404066,2024,57,103,1-57-2024-103-02,2,8,6,22:01,4,1,9,97,1,0,8,2,2,95,95,95,95,95,95,95,0,1,0,13.8251120734564,1,9
2404067,2024,57,104,1-57-2024-104-06,6,8,1,16:34,2,1,9,97,1,0,8,2,2,95,95,95,95,95,95,95,0,1,0,313.179779784653,1,9
2404069,2024,57,106,1-57-2024-106-02,2,8,4,16:43,1,2,9,97,1,0,5,2,2,95,95,95,95,95,95,95,4,1,0,13.8251120734564,1,9
2404071,2024,48,130,1-48-2024-130-06,6,8,6,20:14,2,3,1,1,1,0,9,9,9,95,95,95,95,95,95,95,4,1,0,420.915271729304,12,9
2404072,2024,18,111,1-18-2024-111-03,3,8,7,15:38,2,2,1,2,2,0,6,2,2,95,95,95,95,95,95,95,4,1,0,71.973811785793,6,9
2404073,2024,79,83,1-79-2024-083-03,3,8,6,06:42,1,2,0,0,0,0,0,9,9,95,95,95,95,95,95,95,4,1,0,104.756877618907,8,9
2404074,2024,79,84,1-79-2024-084-09,9,8,2,15:26,1,2,1,2,1,0,4,2,2,95,95,95,95,95,95,95,4,1,0,325.337766812006,8,9
2404075,2024,19,53,1-19-2024-053-05,5,8,4,09:15,1,2,3,11,2,2,3,2,2,95,95,95,95,95,95,95,1,1,0,73.2539652773898,9,9
2404076,2024,19,54,1-19-2024-054-02,2,8,1,04:15,1,1,4,34,2,2,3,2,1,95,95,95,95,95,95,95,0,1,0,45.0884525586451,9,9
2404078,2024,12,74,1-12-2024-074-03,3,8,5,20:40,1,2,2,5,3,0,3,2,2,95,95,95,95,95,95,95,4,1,0,164.057323491007,9,9
2404079,2024,12,75,1-12-2024-075-07,7,8,1,00:13,2,1,0,0,0,0,0,1,2,95,95,95,95,95,95,95,0,1,0,604.062221579509,9,9
2404080,2024,54,97,1-54-2024-097-02,2,8,6,20:30,2,1,1,1,2,0,6,2,2,95,95,95,95,95,95,95,0,1,0,132.981711816027,9,9
2404082,2024,12,73,1-12-2024-073-09,9,7,3,13:50,2,2,0,0,0,0,4,2,2,95,95,95,95,95,95,95,4,1,0,325.152652942967,9,9
2404084,2024,69,91,1-69-2024-091-NM2,22,8,4,05:59,1,1,95,95,95,95,95,2,2,9,97,1,0,8,2,2,0,0,1,98.6054556454264,8,9
2404085,2024,69,92,1-69-2024-092-04,4,8,4,07:18,2,3,99,99,0,0,0,2,2,95,95,95,95,95,95,95,4,1,0,142.178174403685,8,9
2404086,2024,69,93,1-69-2024-093-07,7,8,6,07:07,1,2,99,99,0,0,0,2,2,95,95,95,95,95,95,95,4,1,0,465.269037606198,8,9
2404087,2024,33,74,1-33-2024-074-04,4,8,2,21:10,1,2,0,0,0,0,5,2,2,95,95,95,95,95,95,95,4,1,0,553.660018383497,12,9
2404088,2024,33,75,1-33-2024-075-05,5,8,7,13:45,2,2,3,14,3,2,3,2,1,95,95,95,95,95,95,95,4,1,0,25.3427821602115,12,9
2404089,2024,33,76,1-33-2024-076-NM2,22,7,6,15:31,2,2,95,95,95,95,95,2,2,5,50,1,1,1,9,1,0,0,1,228.732430580773,12,9
2404090,2024,17,130,1-17-2024-130-05,5,8,6,14:53,1,2,9,97,3,0,8,2,2,95,95,95,95,95,95,95,4,1,0,73.9642155230616,4,9
2404091,2024,17,131,1-17-2024-131-06,6,8,4,17:13,2,2,9,97,1,0,8,2,2,95,95,95,95,95,95,95,4,1,0,80.5149195556731,4,9
2404092,2024,17,132,1-17-2024-132-10,10,8,3,11:32,1,1,0,0,0,0,0,2,2,95,95,95,95,95,95,95,0,1,0,2232.66190323907,4,9
2404093,2024,30,143,1-30-2024-143-03,3,8,6,10:40,5,1,2,4,1,0,3,2,1,95,95,95,95,95,95,95,0,1,0,311.062136927439,10,9
2404095,2024,57,107,1-57-2024-107-03,3,8,7,16:43,1,2,9,97,2,0,8,2,2,95,95,95,95,95,95,95,4,1,0,100.647927826823,1,9
2404096,2024,13,73,1-13-2024-073-02,2,8,5,14:55,5,3,3,22,2,1,1,9,9,95,95,95,95,95,95,95,4,1,0,31.2378642935307,7,9
2404097,2024,66,83,1-66-2024-083-06,6,8,2,15:14,4,4,1,2,2,0,4,2,2,95,95,95,95,95,95,95,1,1,0,182.104571303011,6,9
2404099,2024,20,106,1-20-2024-106-03,3,6,3,20:16,1,2,1,1,2,0,6,2,9,95,95,95,95,95,95,95,4,1,0,952.346735015898,11,9
2404100,2024,20,107,1-20-2024-107-NM1,21,6,5,04:40,2,1,0,0,0,0,0,2,9,4,41,1,1,3,2,2,0,1,1,44.2957867500321,11,9
2404101,2024,24,113,1-24-2024-113-04,4,8,6,10:51,1,1,0,0,0,0,0,2,2,95,95,95,95,95,95,95,0,1,0,205.60818699093,1,9
2404102,2024,24,114,1-24-2024-114-09,9,8,3,16:29,2,2,0,0,0,0,0,2,2,95,95,95,95,95,95,95,0,1,0,500.950378279668,1,9
2404104,2024,11,125,1-11-2024-125-10,10,8,1,06:05,3,1,0,0,0,0,0,2,2,95,95,95,95,95,95,95,0,1,0,9825.60230602596,8,9
2404105,2024,11,126,1-11-2024-126-03,3,8,4,18:36,1,2,1,3,2,0,4,2,2,95,95,95,95,95,95,95,4,1,0,72.8303679560857,8,9
2404106,2024,60,56,1-60-2024-056-04,4,8,7,08:10,3,1,1,2,1,0,6,2,2,95,95,95,95,95,95,95,0,1,0,2165.10859656783,8,9
2404107,2024,60,57,1-60-2024-057-07,7,8,5,17:30,1,2,0,0,0,0,0,2,2,95,95,95,95,95,95,95,4,1,0,5732.58189021946,8,9
2404108,2024,60,58,1-60-2024-058-02,2,8,3,11:23,1,2,1,2,4,0,4,2,2,95,95,95,95,95,95,95,4,1,0,34.2089348957855,8,9
2404109,2024,25,107,1-25-2024-107-06,6,8,2,15:36,1,2,2,5,1,0,4,2,2,95,95,95,95,95,95,95,4,1,0,223.222186627092,2,9
2404110,2024,25,108,1-25-2024-108-03,3,8,6,15:56,2,1,1,1,1,0,4,1,9,95,95,95,95,95,95,95,0,1,0,60.2603989205231,2,9
2404111,2024,25,109,1-25-2024-109-06,6,8,6,23:16,6,1,99,99,0,0,0,2,2,95,95,95,95,95,95,95,0,1,0,223.2221865555,2,9
2404112,2024,16,109,1-16-2024-109-05,5,8,1,01:15,4,2,3,19,1,1,3,1,9,95,95,95,95,95,95,95,0,1,0,216.193332354544,5,9
2404113,2024,76,112,1-76-2024-112-04,4,6,7,20:04,1,1,0,0,0,0,0,9,9,95,95,95,95,95,95,95,0,1,0,86.4714255045695,3,9
2404114,2024,76,113,1-76-2024-113-10,10,6,2,23:30,2,1,0,0,0,0,0,9,9,95,95,95,95,95,95,95,0,1,0,84.6789860292199,3,9
2404115,2024,28,127,1-28-2024-127-03,3,8,3,15:00,1,2,9,97,1,0,9,2,2,95,95,95,95,95,95,95,4,1,0,41.3435203712902,3,9
2404116,2024,28,128,1-28-2024-128-03,3,8,7,07:22,3,1,1,3,1,0,4,2,2,95,95,95,95,95,95,95,0,1,0,41.3435203712902,3,9
2404117,2024,24,116,1-24-2024-116-NM2,22,8,7,20:48,1,1,95,95,95,95,95,2,2,1,1,1,0,5,2,2,0,0,1,150.695729579903,1,9
2404119,2024,14,73,1-14-2024-073-03,3,8,5,12:30,4,3,3,14,3,1,3,9,9,95,95,95,95,95,95,95,5,1,0,228.411965931315,8,9
2404120,2024,52,44,1-52-2024-044-06,6,8,6,17:39,2,1,1,1,1,0,4,2,2,95,95,95,95,95,95,95,0,1,0,76.0256623348529,12,9
2404121,2024,14,74,1-14-2024-074-04,4,8,4,14:00,2,2,0,0,0,0,0,9,9,95,95,95,95,95,95,95,1,1,0,928.15475936111,8,9
2404122,2024,27,125,1-27-2024-125-04,4,8,3,08:22,1,2,1,1,1,0,4,2,9,95,95,95,95,95,95,95,4,1,0,18.7495302149441,3,9
2404123,2024,27,126,1-27-2024-126-04,4,8,3,09:56,1,2,1,1,1,0,4,2,9,95,95,95,95,95,95,95,4,1,0,18.7495302149441,3,9
2404124,2024,27,127,1-27-2024-127-10,10,8,5,11:14,2,2,0,0,0,0,0,2,9,95,95,95,95,95,95,95,4,1,0,108.682282011543,3,9
2404125,2024,27,128,1-27-2024-128-10,10,8,3,16:31,1,1,0,0,0,0,0,2,9,95,95,95,95,95,95,95,0,1,0,108.682282011543,3,9
2404126,2024,82,107,1-82-2024-107-03,3,8,7,21:03,1,2,99,99,0,0,8,1,2,95,95,95,95,95,95,95,2,1,0,146.023499594545,1,9
2404127,2024,82,108,1-82-2024-108-04,4,7,4,21:21,2,1,99,99,0,0,0,2,2,95,95,95,95,95,95,95,0,1,0,550.39639272474,1,9
2404128,2024,26,107,1-26-2024-107-05,5,8,2,18:00,3,2,1,1,2,0,8,1,2,95,95,95,95,95,95,95,5,1,0,88.892785728677,10,9
2404132,2024,21,87,1-21-2024-087-07,7,8,5,07:45,1,2,0,0,0,0,0,2,2,95,95,95,95,95,95,95,1,1,0,1127.20484840089,11,9
2404134,2024,29,54,1-29-2024-054-06,6,8,6,10:15,1,2,1,3,1,0,4,9,9,95,95,95,95,95,95,95,4,1,0,899.856995568908,2,9
2404136,2024,22,123,1-22-2024-123-07,7,7,3,09:20,3,3,0,0,0,0,0,2,2,95,95,95,95,95,95,95,4,1,0,319.791421753324,12,9
2404137,2024,22,124,1-22-2024-124-06,6,8,4,23:45,3,1,1,1,1,0,5,1,2,95,95,95,95,95,95,95,0,1,0,70.32612198018,12,9
2404138,2024,29,56,1-29-2024-056-06,6,8,1,20:59,1,2,1,1,3,0,4,2,2,95,95,95,95,95,95,95,4,1,0,899.856995505387,2,9
2404139,2024,15,163,1-15-2024-163-09,9,8,5,23:37,1,2,99,99,0,0,0,9,9,95,95,95,95,95,95,95,4,1,0,121.052898121903,1,9
2404140,2024,15,164,1-15-2024-164-NM2,22,8,3,21:42,1,1,95,95,95,95,95,9,9,3,14,1,1,3,2,9,0,0,1,26.3765495179532,1,9
2404141,2024,15,165,1-15-2024-165-NM2,22,8,4,08:00,1,1,95,95,95,95,95,9,9,9,97,1,0,8,9,2,0,0,1,26.3765495168134,1,9
2404142,2024,54,99,1-54-2024-099-09,9,8,3,04:10,2,1,2,5,1,0,4,2,1,95,95,95,95,95,95,95,0,1,0,260.857597244036,9,9
2404143,2024,69,94,1-69-2024-094-03,3,8,7,21:45,1,2,1,1,1,0,4,9,9,95,95,95,95,95,95,95,4,1,0,36.8490959189231,8,9
2404144,2024,31,84,1-31-2024-084-09,9,8,2,18:03,2,1,0,0,0,0,5,9,9,95,95,95,95,95,95,95,0,1,0,161.39423315543,6,9
2404145,2024,31,85,1-31-2024-085-05,5,8,7,14:55,2,3,1,2,6,0,4,2,2,95,95,95,95,95,95,95,1,1,0,223.697137607501,6,9
2404146,2024,62,117,1-62-2024-117-03,3,8,2,15:29,2,1,0,0,0,0,0,9,9,95,95,95,95,95,95,95,0,1,0,605.26755730409,7,9
2404147,2024,21,89,1-21-2024-089-06,6,8,3,19:10,3,2,1,2,3,0,4,2,2,95,95,95,95,95,95,95,1,1,0,292.610529015453,11,9
2404148,2024,30,145,1-30-2024-145-03,3,8,1,15:56,1,2,0,0,0,0,5,2,2,95,95,95,95,95,95,95,4,1,0,311.062136927439,10,9
2404149,2024,81,100,1-81-2024-100-02,2,8,1,14:45,1,2,2,5,1,0,4,2,2,95,95,95,95,95,95,95,4,1,0,26.6902214863668,8,9
2404150,2024,81,101,1-81-2024-101-02,2,8,3,22:36,2,1,3,14,1,1,3,2,2,95,95,95,95,95,95,95,0,1,0,26.6902214863668,8,9
2404151,2024,81,102,1-81-2024-102-02,2,8,7,15:16,4,3,3,27,1,1,3,2,2,95,95,95,95,95,95,95,1,1,0,26.6902214863668,8,9
2404153,2024,24,118,1-24-2024-118-03,3,8,3,20:47,4,2,1,1,2,0,4,2,2,95,95,95,95,95,95,95,4,1,0,96.7551924674177,1,9
2404154,2024,24,119,1-24-2024-119-01,1,6,5,19:51,3,2,4,34,2,1,1,1,1,95,95,95,95,95,95,95,4,1,0,23.1726143074507,1,9
2404155,2024,62,118,1-62-2024-118-07,7,8,2,17:40,1,2,0,0,0,0,0,9,9,95,95,95,95,95,95,95,1,1,0,2158.245467577,7,9
2404156,2024,62,119,1-62-2024-119-01,1,8,4,01:52,3,1,3,19,1,1,1,2,1,95,95,95,95,95,95,95,0,1,0,49.559653818109,7,9
2404157,2024,62,120,1-62-2024-120-03,3,8,2,21:04,1,2,1,2,2,0,4,9,9,95,95,95,95,95,95,95,4,1,0,171.954393200497,7,9
2404158,2024,62,121,1-62-2024-121-04,4,8,7,20:21,1,2,99,99,0,0,9,2,2,95,95,95,95,95,95,95,4,1,0,638.341937103006,7,9
2404159,2024,73,115,1-73-2024-115-06,6,8,7,14:22,7,1,1,1,2,0,4,2,9,95,95,95,95,95,95,95,0,1,0,278.168320342502,3,9
2404160,2024,25,110,1-25-2024-110-NM2,22,8,4,10:00,1,1,95,95,95,95,95,2,2,1,2,1,0,4,2,2,0,0,1,217.706177804094,2,9
2404161,2024,25,111,1-25-2024-111-04,4,8,3,18:21,4,1,0,0,0,0,0,2,2,95,95,95,95,95,95,95,0,1,0,281.471324802443,2,9
2404162,2024,25,112,1-25-2024-112-03,3,8,5,13:25,1,2,0,0,0,0,0,2,2,95,95,95,95,95,95,95,1,1,0,77.9279752203252,2,9
2404163,2024,25,113,1-25-2024-113-NM2,22,8,2,14:11,1,1,95,95,95,95,95,2,2,2,5,1,0,4,2,2,0,0,1,217.706177804094,2,9
2404164,2024,59,122,1-59-2024-122-05,5,8,6,12:30,3,2,5,38,3,1,3,1,1,95,95,95,95,95,95,95,4,1,0,64.5686342016191,6,9
2404165,2024,59,123,1-59-2024-123-05,5,8,5,18:59,1,2,0,0,0,0,4,9,2,95,95,95,95,95,95,95,1,1,0,64.5686342016191,6,9
2404166,2024,11,127,1-11-2024-127-02,2,8,7,13:15,3,2,3,10,1,1,3,2,2,95,95,95,95,95,95,95,4,1,0,30.7614595081659,8,9
2404167,2024,11,128,1-11-2024-128-04,4,8,1,19:12,1,2,1,2,1,0,4,2,2,95,95,95,95,95,95,95,4,1,0,3218.51663086023,8,9
2404169,2024,16,111,1-16-2024-111-NM2,22,8,3,17:35,1,1,95,95,95,95,95,9,9,9,97,1,0,9,9,9,0,0,1,253.20495381158,5,9
2404172,2024,10,74,1-10-2024-074-01,1,8,1,17:59,3,2,4,41,5,1,1,1,1,95,95,95,95,95,95,95,2,1,0,28.7027141180818,4,9
2404176,2024,57,111,1-57-2024-111-02,2,9,1,12:43,1,2,1,1,2,0,8,2,2,95,95,95,95,95,95,95,4,1,0,9.69650235592079,1,9
2404178,2024,54,101,1-54-2024-101-04,4,8,6,12:14,2,2,1,1,1,0,4,2,2,95,95,95,95,95,95,95,4,1,0,258.040390365546,9,9
2404179,2024,60,59,1-60-2024-059-NM1,21,8,7,17:10,2,2,0,0,0,0,0,2,2,3,22,1,1,3,2,2,0,1,1,43.22330010499,8,9
2404181,2024,60,61,1-60-2024-061-01,1,8,2,09:42,3,2,2,5,3,1,1,2,2,95,95,95,95,95,95,95,1,1,0,35.3078303623944,8,9
2404182,2024,77,135,1-77-2024-135-NM2,22,8,7,23:01,1,1,95,95,95,95,95,2,2,6,75,1,1,1,2,1,0,0,1,829.004115071482,9,9
2404183,2024,77,136,1-77-2024-136-05,5,8,3,15:54,3,2,1,1,1,0,4,2,2,95,95,95,95,95,95,95,0,1,0,90.6570748528622,9,9
2404184,2024,77,137,1-77-2024-137-04,4,8,2,16:50,1,2,0,0,0,0,0,2,2,95,95,95,95,95,95,95,1,1,0,1331.89082639484,9,9
2404185,2024,14,75,1-14-2024-075-04,4,8,7,23:15,2,1,0,0,0,0,0,9,9,95,95,95,95,95,95,95,0,1,0,139.87769253604,8,9
2404187,2024,14,77,1-14-2024-077-06,6,8,7,14:15,1,2,1,1,3,0,4,9,9,95,95,95,95,95,95,95,4,1,0,127.512356200493,8,9
2404191,2024,76,117,1-76-2024-117-03,3,7,3,07:49,1,2,1,2,1,0,4,9,9,95,95,95,95,95,95,95,1,1,0,71.5495535595937,3,9
2404192,2024,18,112,1-18-2024-112-02,2,8,6,16:24,3,2,1,2,3,0,4,2,2,95,95,95,95,95,95,95,4,1,0,46.7280335632617,6,9
2404193,2024,18,113,1-18-2024-113-03,3,8,4,05:49,1,1,2,5,1,0,4,2,2,95,95,95,95,95,95,95,0,1,0,337.833743551218,6,9
2404194,2024,57,112,1-57-2024-112-06,6,8,4,21:45,1,1,99,99,0,0,8,2,2,95,95,95,95,95,95,95,0,1,0,434.808217575031,1,9
2404195,2024,54,100,1-54-2024-100-04,4,8,4,07:00,6,1,0,0,0,0,0,2,2,95,95,95,95,95,95,95,0,1,0,258.040390365546,9,9
2404196,2024,28,129,1-28-2024-129-04,4,8,5,08:18,2,3,0,0,0,0,0,2,2,95,95,95,95,95,95,95,5,1,0,47.851485985308,3,9
2404197,2024,28,130,1-28-2024-130-03,3,8,5,14:49,1,2,1,1,1,0,4,2,2,95,95,95,95,95,95,95,2,1,0,28.3089754479373,3,9
2404198,2024,28,131,1-28-2024-131-09,9,7,1,14:58,1,1,9,97,1,0,9,2,2,95,95,95,95,95,95,95,0,1,0,40.6222408417484,3,9
2404199,2024,28,132,1-28-2024-132-07,7,8,5,14:21,3,1,0,0,0,0,0,2,2,95,95,95,95,95,95,95,0,1,0,77.5080834922841,3,9
2404200,2024,67,29,1-67-2024-029-04,4,8,6,15:00,4,5,0,0,0,0,0,2,2,95,95,95,95,95,95,95,1,1,0,955.458116107281,7,9
2404201,2024,67,30,1-67-2024-030-01,1,7,1,00:55,4,1,5,43,1,1,1,1,9,95,95,95,95,95,95,95,0,1,0,66.8119266347119,7,9
2404202,2024,52,45,1-52-2024-045-NM1,21,8,2,23:20,1,1,0,0,0,0,0,9,9,5,33,1,1,3,2,1,0,1,1,23.3488363699868,12,9
2404203,2024,48,133,1-48-2024-133-05,5,8,4,07:06,3,2,9,97,1,0,8,2,2,95,95,95,95,95,95,95,4,1,0,80.9035530796695,12,9
2404204,2024,48,134,1-48-2024-134-03,3,8,3,13:19,1,1,9,97,1,0,9,2,2,95,95,95,95,95,95,95,0,1,0,54.9604072040948,12,9
2404205,2024,48,135,1-48-2024-135-07,7,8,1,21:10,5,2,0,0,0,0,0,2,2,95,95,95,95,95,95,95,0,1,0,525.837186883021,12,9
2404206,2024,48,136,1-48-2024-136-07,7,8,7,18:52,2,2,1,1,2,0,0,2,2,95,95,95,95,95,95,95,0,1,0,525.837186883021,12,9
2404207,2024,76,118,1-76-2024-118-04,4,7,2,16:15,1,1,0,0,0,0,0,9,9,95,95,95,95,95,95,95,0,1,0,86.4714255045695,3,9
2404208,2024,76,119,1-76-2024-119-07,7,7,4,22:50,2,1,0,0,0,0,0,9,9,95,95,95,95,95,95,95,0,1,0,93.2300856279546,3,9
2404209,2024,76,120,1-76-2024-120-09,9,7,3,11:20,3,1,2,9,1,0,3,9,9,95,95,95,95,95,95,95,0,1,0,82.5706054598967,3,9
2404210,2024,32,128,1-32-2024-128-02,2,8,1,00:56,3,1,5,35,1,1,1,1,1,95,95,95,95,95,95,95,0,1,0,6.93929734709835,7,9
2404211,2024,32,129,1-32-2024-129-03,3,8,7,20:51,3,2,9,97,2,0,9,2,2,95,95,95,95,95,95,95,4,1,0,349.213384549016,7,9
2404212,2024,33,77,1-33-2024-077-09,9,8,1,12:00,1,2,1,1,1,0,9,2,2,95,95,95,95,95,95,95,2,1,0,429.838695718984,12,9
2404214,2024,19,55,1-19-2024-055-04,4,8,6,10:28,2,3,1,2,2,0,6,2,2,95,95,95,95,95,95,95,1,1,0,515.327236385689,9,9
2404215,2024,19,56,1-19-2024-056-05,5,8,5,21:46,2,1,0,0,0,0,4,2,2,95,95,95,95,95,95,95,0,1,0,49.1552833588875,9,9
2404216,2024,66,84,1-66-2024-084-04,4,8,3,12:20,1,2,0,0,0,0,0,2,2,95,95,95,95,95,95,95,4,1,0,122.434885239274,6,9
2404217,2024,66,85,1-66-2024-085-03,3,8,5,17:00,1,2,1,1,2,0,4,2,2,95,95,95,95,95,95,95,1,1,0,79.4686416678806,6,9
2404218,2024,24,120,1-24-2024-120-NM2,22,8,2,07:06,1,1,95,95,95,95,95,2,2,3,10,1,1,3,2,2,0,0,1,253.744000679976,1,9
2404219,2024,79,85,1-79-2024-085-03,3,8,6,18:15,2,1,1,2,1,0,4,9,9,95,95,95,95,95,95,95,0,1,0,137.121239283274,8,9
2404220,2024,79,86,1-79-2024-086-01,1,8,4,06:08,2,3,4,34,2,2,1,9,1,95,95,95,95,95,95,95,5,1,0,107.802444352875,8,9
2404221,2024,57,113,1-57-2024-113-03,3,8,4,12:38,1,2,99,99,0,0,8,2,2,95,95,95,95,95,95,95,4,1,0,139.736179967937,1,9
2404222,2024,27,129,1-27-2024-129-04,4,8,2,09:10,1,1,0,0,0,0,0,9,9,95,95,95,95,95,95,95,0,1,0,18.7495302149441,3,9
2404223,2024,27,130,1-27-2024-130-09,9,8,3,03:42,5,1,0,0,0,0,0,2,9,95,95,95,95,95,95,95,0,1,0,14.5067065550545,3,9
2404224,2024,27,131,1-27-2024-131-07,7,8,4,15:33,1,2,0,0,0,0,0,2,9,95,95,95,95,95,95,95,1,1,0,22.5691073413332,3,9
2404226,2024,69,95,1-69-2024-095-07,7,8,6,14:49,1,2,99,99,0,0,0,2,2,95,95,95,95,95,95,95,4,1,0,993.965132071488,8,9
2404227,2024,69,96,1-69-2024-096-01,1,8,4,12:53,3,1,5,30,1,1,1,2,2,95,95,95,95,95,95,95,0,1,0,8.63923868287943,8,9
2404228,2024,69,97,1-69-2024-097-02,2,9,1,00:00,1,2,3,11,3,2,3,2,2,95,95,95,95,95,95,95,2,1,0,7.30201599951961,8,9
2404229,2024,12,76,1-12-2024-076-09,9,8,5,11:50,2,1,0,0,0,0,4,2,2,95,95,95,95,95,95,95,0,1,0,213.959774403008,9,9
2404230,2024,12,77,1-12-2024-077-03,3,8,7,10:34,2,1,1,1,1,0,4,1,2,95,95,95,95,95,95,95,0,1,0,164.057323491007,9,9
2404231,2024,12,78,1-12-2024-078-06,6,8,5,17:32,1,2,99,99,0,0,0,2,2,95,95,95,95,95,95,95,4,1,0,257.996460650317,9,9
2404233,2024,30,147,1-30-2024-147-05,5,8,4,17:17,2,2,0,0,0,0,8,9,9,95,95,95,95,95,95,95,4,1,0,25.0922001598244,10,9
2404235,2024,26,108,1-26-2024-108-NM1,21,8,3,14:05,5,1,0,0,0,0,0,2,2,9,97,1,0,0,2,2,0,1,1,41.696402482386,10,9
2404236,2024,27,133,1-27-2024-133-10,10,8,3,13:13,1,2,0,0,0,0,0,9,9,95,95,95,95,95,95,95,1,1,0,43.6450436036191,3,9
2404237,2024,14,76,1-14-2024-076-10,10,8,6,11:29,3,2,0,0,0,0,0,9,9,95,95,95,95,95,95,95,4,1,0,3241.72826898034,8,9
2404238,2024,22,125,1-22-2024-125-07,7,8,6,10:24,1,2,99,99,0,0,9,2,2,95,95,95,95,95,95,95,4,1,0,241.077756730755,12,9
2404239,2024,22,126,1-22-2024-126-03,3,8,4,05:32,1,2,1,3,1,0,4,2,2,95,95,95,95,95,95,95,9,1,0,26.0912892801948,12,9
2404240,2024,22,127,1-22-2024-127-05,5,8,3,09:36,3,3,1,1,3,0,4,2,2,95,95,95,95,95,95,95,4,1,0,25.2675524846257,12,9
2404242,2024,17,133,1-17-2024-133-04,4,8,6,21:54,1,2,9,97,1,0,8,2,2,95,95,95,95,95,95,95,4,1,0,172.988606472898,4,9
2404243,2024,17,134,1-17-2024-134-03,3,8,1,09:23,2,2,1,1,3,0,4,2,2,95,95,95,95,95,95,95,4,1,0,56.2627107467575,4,9
2404244,2024,17,135,1-17-2024-135-04,4,8,4,05:43,2,1,0,0,0,0,0,2,2,95,95,95,95,95,95,95,0,1,0,172.988606459298,4,9
2404245,2024,17,136,1-17-2024-136-04,4,8,1,21:31,1,1,0,0,0,0,0,2,2,95,95,95,95,95,95,95,0,1,0,172.988606540628,4,9
2404246,2024,15,166,1-15-2024-166-05,5,8,6,13:50,1,2,1,1,2,0,3,9,9,95,95,95,95,95,95,95,1,1,0,13.6400789963135,1,9
2404249,2024,15,169,1-15-2024-169-06,6,8,2,09:25,2,1,1,1,1,0,4,2,2,95,95,95,95,95,95,95,0,1,0,43.2690274876321,1,9
2404250,2024,21,90,1-21-2024-090-04,4,8,1,11:30,4,4,0,0,0,0,0,9,9,95,95,95,95,95,95,95,5,1,0,291.806377579817,11,9
2404252,2024,29,57,1-29-2024-057-09,9,8,3,04:56,1,1,0,0,0,0,4,9,9,95,95,95,95,95,95,95,0,1,0,656.152415293416,2,9
2404253,2024,29,58,1-29-2024-058-09,9,8,4,20:43,1,2,0,0,0,0,4,2,2,95,95,95,95,95,95,95,4,1,0,656.152415293416,2,9
2404254,2024,29,59,1-29-2024-059-03,3,9,2,15:47,1,2,1,1,2,0,4,2,2,95,95,95,95,95,95,95,4,1,0,92.4873438818609,2,9
2404255,2024,33,79,1-33-2024-079-04,4,6,6,14:59,1,2,0,0,0,0,0,2,2,95,95,95,95,95,95,95,4,1,0,386.762430553211,12,9
2404256,2024,57,114,1-57-2024-114-06,6,8,6,05:52,2,1,9,97,1,0,0,2,2,95,95,95,95,95,95,95,0,1,0,434.808217529321,1,9
2404257,2024,10,75,1-10-2024-075-07,7,8,1,18:42,4,2,0,0,0,0,0,2,2,95,95,95,95,95,95,95,5,1,0,2912.86139349855,4,9
2404258,2024,82,109,1-82-2024-109-03,3,8,6,09:58,2,3,1,1,1,0,3,2,1,95,95,95,95,95,95,95,1,1,0,114.338725365373,1,9
2404260,2024,82,111,1-82-2024-111-09,9,7,7,16:54,1,2,0,0,0,0,0,2,2,95,95,95,95,95,95,95,4,1,0,1289.98524959195,1,9
2404261,2024,82,112,1-82-2024-112-03,3,8,3,10:04,1,2,0,0,0,0,0,2,2,95,95,95,95,95,95,95,6,1,0,114.338725367317,1,9
2404262,2024,60,62,1-60-2024-062-04,4,8,2,07:12,2,2,0,0,0,0,0,2,2,95,95,95,95,95,95,95,1,1,0,795.683244945331,8,9
2404263,2024,31,86,1-31-2024-086-10,10,8,6,04:03,1,1,0,0,0,0,0,2,2,95,95,95,95,95,95,95,0,1,0,419.593794787767,6,9
2404264,2024,10,76,1-10-2024-076-06,6,8,7,01:15,2,1,0,0,0,0,4,1,2,95,95,95,95,95,95,95,0,1,0,767.380247494335,4,9
2404266,2024,15,170,1-15-2024-170-03,3,8,5,16:10,2,3,1,1,1,0,4,2,2,95,95,95,95,95,95,95,4,1,0,11.752943697986,1,9
2404267,2024,15,171,1-15-2024-171-NM2,22,8,3,15:25,1,1,95,95,95,95,95,9,9,0,0,0,0,4,9,9,0,0,1,27.5756522213656,1,9
2404268,2024,16,112,1-16-2024-112-07,7,8,1,21:50,1,1,0,0,0,0,0,9,9,95,95,95,95,95,95,95,0,1,0,1076.2482670794,5,9
2404269,2024,30,149,1-30-2024-149-05,5,8,4,15:10,1,2,1,1,1,0,3,2,2,95,95,95,95,95,95,95,4,1,0,25.0922001614674,10,9
2404270,2024,20,109,1-20-2024-109-03,3,8,7,10:59,1,2,2,5,5,0,6,2,9,95,95,95,95,95,95,95,4,1,0,176.372469252349,11,9
2404271,2024,30,150,1-30-2024-150-06,6,8,4,17:31,2,2,1,1,2,0,4,1,2,95,95,95,95,95,95,95,4,1,0,788.961574464127,10,9
2404272,2024,21,92,1-21-2024-092-03,3,8,4,19:35,3,2,99,99,0,0,0,2,2,95,95,95,95,95,95,95,0,1,0,108.239393853195,11,9
2404273,2024,81,103,1-81-2024-103-NM1,21,9,1,03:48,4,3,1,1,2,0,3,2,2,1,1,1,0,4,2,2,1,1,1,34.7221032435964,8,9
2404274,2024,81,104,1-81-2024-104-05,5,9,1,17:45,2,2,2,5,1,0,3,2,2,95,95,95,95,95,95,95,4,1,0,127.116650862835,8,9
2404275,2024,81,105,1-81-2024-105-05,5,9,3,03:03,2,1,4,29,1,1,3,2,2,95,95,95,95,95,95,95,0,1,0,127.116650862835,8,9
2404276,2024,81,106,1-81-2024-106-NM1,21,9,3,21:30,1,1,0,0,0,0,0,2,2,3,19,1,1,1,2,1,0,1,1,34.7221032435964,8,9
2404278,2024,59,125,1-59-2024-125-06,6,9,3,14:04,2,1,1,2,1,0,4,2,2,95,95,95,95,95,95,95,0,1,0,277.513998546443,6,9
2404279,2024,59,126,1-59-2024-126-08,8,9,7,09:49,2,2,1,2,1,0,4,2,2,95,95,95,95,95,95,95,4,1,0,71.2408177527095,6,9
2404280,2024,62,122,1-62-2024-122-02,2,8,6,10:28,7,5,1,1,2,0,3,9,9,95,95,95,95,95,95,95,0,1,0,28.5234131836987,7,9
2404281,2024,62,123,1-62-2024-123-02,2,8,3,12:29,2,3,3,14,2,1,3,9,9,95,95,95,95,95,95,95,4,1,0,28.5234131836987,7,9
2404282,2024,62,124,1-62-2024-124-08,8,8,7,19:37,2,2,2,5,1,0,4,1,1,95,95,95,95,95,95,95,0,1,0,992.547590894846,7,9
2404283,2024,62,125,1-62-2024-125-02,2,9,1,06:38,4,1,2,12,1,0,3,1,2,95,95,95,95,95,95,95,0,1,0,28.5234131836987,7,9
2404285,2024,10,78,1-10-2024-078-01,1,9,4,03:16,3,2,4,29,2,1,1,2,2,95,95,95,95,95,95,95,4,1,0,25.633900579513,4,9
2404286,2024,10,79,1-10-2024-079-04,4,9,4,11:39,1,2,0,0,0,0,0,2,2,95,95,95,95,95,95,95,5,1,0,353.526720994783,4,9
2404287,2024,54,102,1-54-2024-102-08,8,9,4,15:42,1,1,9,97,1,0,8,9,9,95,95,95,95,95,95,95,0,1,0,233.114812869944,9,9
2404288,2024,54,103,1-54-2024-103-02,2,9,6,17:10,3,2,2,9,3,0,3,2,2,95,95,95,95,95,95,95,4,1,0,132.981711816027,9,9
2404289,2024,77,138,1-77-2024-138-03,3,8,5,16:19,3,2,9,97,1,0,9,2,2,95,95,95,95,95,95,95,6,1,0,7405.75351726145,9,9
2404290,2024,67,31,1-67-2024-031-05,5,9,1,00:10,4,1,2,6,1,0,4,1,9,95,95,95,95,95,95,95,0,1,0,70.7745535355824,7,9
2404291,2024,67,32,1-67-2024-032-05,5,9,4,21:55,1,2,3,10,2,1,3,1,9,95,95,95,95,95,95,95,4,1,0,70.7745535355824,7,9
2404292,2024,57,115,1-57-2024-115-01,1,8,1,00:46,3,2,5,38,2,1,1,1,1,95,95,95,95,95,95,95,2,1,0,57.1661146630177,1,9
2404293,2024,57,116,1-57-2024-116-03,3,8,4,14:55,2,2,9,97,3,0,0,2,2,95,95,95,95,95,95,95,4,1,0,62.0965406792908,1,9
2404295,2024,57,118,1-57-2024-118-03,3,8,6,18:44,2,2,99,99,0,0,8,2,2,95,95,95,95,95,95,95,1,1,0,62.0965406952052,1,9
2404296,2024,48,137,1-48-2024-137-06,6,8,4,05:38,1,1,1,1,1,0,4,2,2,95,95,95,95,95,95,95,0,1,0,86.4307074675267,12,9
2404298,2024,48,139,1-48-2024-139-09,9,9,3,23:54,1,1,9,97,1,0,0,2,2,95,95,95,95,95,95,95,0,1,0,69.6007046591066,12,9
2404299,2024,48,140,1-48-2024-140-07,7,9,7,12:30,1,1,0,0,0,0,0,2,2,95,95,95,95,95,95,95,0,1,0,103.361334065564,12,9
2404301,2024,18,115,1-18-2024-115-03,3,7,6,07:30,1,1,9,97,2,0,0,2,2,95,95,95,95,95,95,95,0,1,0,34.6070615401308,6,9
2404302,2024,73,116,1-73-2024-116-05,5,9,1,13:38,1,2,3,27,3,2,3,2,1,95,95,95,95,95,95,95,2,1,0,34.7225186472303,3,9
2404303,2024,73,117,1-73-2024-117-03,3,9,4,17:05,1,1,1,2,1,0,4,9,9,95,95,95,95,95,95,95,0,1,0,111.013202420727,3,9
2404304,2024,33,80,1-33-2024-080-09,9,4,4,13:33,2,1,2,5,2,0,4,2,2,95,95,95,95,95,95,95,0,1,0,187.781585730197,12,9
2404306,2024,33,82,1-33-2024-082-03,3,8,5,06:06,4,1,1,1,1,0,4,2,2,95,95,95,95,95,95,95,0,1,0,18.8602680088243,12,9
2404307,2024,69,98,1-69-2024-098-05,5,9,5,17:00,2,3,2,4,2,0,4,2,2,95,95,95,95,95,95,95,1,1,0,24.1360940214581,8,9
2404308,2024,57,119,1-57-2024-119-06,6,8,6,07:03,1,2,1,1,1,0,8,2,9,95,95,95,95,95,95,95,4,1,0,193.221871309493,1,9
2404309,2024,10,80,1-10-2024-080-04,4,9,1,18:02,1,2,0,0,0,0,0,2,2,95,95,95,95,95,95,95,4,1,0,353.526720994783,4,9
2404310,2024,19,57,1-19-2024-057-03,3,9,3,12:40,1,2,9,97,1,0,9,2,2,95,95,95,95,95,95,95,4,1,0,235.880964159073,9,9
2404311,2024,19,58,1-19-2024-058-NM1,21,9,1,01:46,1,1,1,1,1,0,4,2,2,9,97,1,1,1,2,2,0,1,1,58.1964149408969,9,9
2404312,2024,17,137,1-17-2024-137-03,3,9,2,17:04,1,2,9,97,1,0,5,2,2,95,95,95,95,95,95,95,4,1,0,63.7311016265517,4,9
2404313,2024,17,138,1-17-2024-138-09,9,9,3,17:39,2,2,1,1,1,0,3,2,2,95,95,95,95,95,95,95,4,1,0,230.682943628102,4,9
2404314,2024,17,139,1-17-2024-139-04,4,9,4,12:11,1,2,0,0,0,0,0,2,2,95,95,95,95,95,95,95,4,1,0,80.56039045793,4,9
2404315,2024,17,140,1-17-2024-140-09,9,8,7,04:45,1,1,2,5,1,0,4,2,2,95,95,95,95,95,95,95,0,1,0,230.682943628102,4,9
2404316,2024,79,87,1-79-2024-087-09,9,9,7,11:32,1,2,99,99,0,0,9,2,2,95,95,95,95,95,95,95,4,1,0,134.548153434236,8,9
2404317,2024,33,83,1-33-2024-083-09,9,9,5,11:55,1,1,3,17,1,1,3,2,1,95,95,95,95,95,95,95,0,1,0,187.781585730197,12,9
2404318,2024,48,141,1-48-2024-141-10,10,9,3,04:45,1,1,0,0,0,0,0,2,2,95,95,95,95,95,95,95,0,1,0,281.781789090427,12,9
2404319,2024,11,129,1-11-2024-129-09,9,8,4,16:56,2,2,1,2,2,0,4,2,2,95,95,95,95,95,95,95,4,1,0,773.836866449136,8,9
2404320,2024,11,130,1-11-2024-130-08,8,8,5,01:50,2,1,2,6,1,0,4,1,1,95,95,95,95,95,95,95,0,1,0,61.2590769851716,8,9
2404321,2024,11,131,1-11-2024-131-03,3,9,4,09:55,1,2,0,0,0,0,4,2,2,95,95,95,95,95,95,95,1,1,0,76.6020094305717,8,9
2404323,2024,60,63,1-60-2024-063-04,4,8,5,09:05,1,2,1,1,1,0,0,2,2,95,95,95,95,95,95,95,4,1,0,2354.70149143383,8,9
2404325,2024,25,114,1-25-2024-114-03,3,9,3,11:57,1,2,1,2,1,0,6,2,2,95,95,95,95,95,95,95,4,1,0,312.545889305756,2,9
2404326,2024,25,115,1-25-2024-115-02,2,8,7,14:13,3,1,1,1,1,0,3,2,1,95,95,95,95,95,95,95,0,1,0,61.6735457995434,2,9
2404327,2024,16,113,1-16-2024-113-NM1,21,8,2,07:26,5,1,0,0,0,0,0,2,1,9,97,1,0,8,9,2,0,1,1,55.2220906582399,5,9
2404328,2024,16,114,1-16-2024-114-NM1,21,9,3,15:41,2,1,0,0,0,0,0,9,9,1,1,1,0,8,2,2,0,1,1,55.2220906459898,5,9
2404329,2024,14,78,1-14-2024-078-02,2,9,2,15:41,1,2,0,0,0,0,5,9,9,95,95,95,95,95,95,95,1,1,0,73.7387227230028,8,9
2404330,2024,14,79,1-14-2024-079-01,1,9,4,02:11,3,1,9,97,1,1,1,2,2,95,95,95,95,95,95,95,0,1,0,73.3352740137857,8,9
2404332,2024,28,133,1-28-2024-133-09,9,8,5,11:55,1,2,1,1,1,0,0,2,2,95,95,95,95,95,95,95,1,1,0,34.7771381559099,3,9
2404333,2024,28,134,1-28-2024-134-04,4,9,1,13:10,1,2,0,0,0,0,0,2,2,95,95,95,95,95,95,95,2,1,0,47.851485985308,3,9
2404334,2024,28,135,1-28-2024-135-04,4,8,6,01:00,1,1,99,99,0,0,9,1,2,95,95,95,95,95,95,95,0,1,0,47.851485985308,3,9
2404335,2024,28,136,1-28-2024-136-10,10,9,5,12:12,4,1,0,0,0,0,0,2,2,95,95,95,95,95,95,95,0,1,0,241.705082713595,3,9
2404336,2024,76,121,1-76-2024-121-07,7,6,1,07:05,6,1,0,0,0,0,0,9,9,95,95,95,95,95,95,95,0,1,0,72.7960942583928,3,9
2404337,2024,76,122,1-76-2024-122-03,3,7,3,11:54,4,1,1,1,1,0,5,2,2,95,95,95,95,95,95,95,0,1,0,71.5495535595937,3,9
2404340,2024,27,134,1-27-2024-134-04,4,8,5,15:17,1,2,0,0,0,0,0,2,2,95,95,95,95,95,95,95,4,1,0,41.9395991935004,3,9
2404341,2024,27,135,1-27-2024-135-04,4,9,2,11:54,1,2,0,0,0,0,0,2,2,95,95,95,95,95,95,95,4,1,0,24.9101480813728,3,9
2404342,2024,27,136,1-27-2024-136-06,6,9,4,14:39,1,2,1,1,2,0,4,9,9,95,95,95,95,95,95,95,4,1,0,21.5091807373324,3,9
2404343,2024,27,137,1-27-2024-137-09,9,9,6,12:35,1,2,1,2,2,0,4,2,2,95,95,95,95,95,95,95,4,1,0,41.7722417539356,3,9
2404347,2024,31,90,1-31-2024-090-05,5,8,7,10:12,2,1,9,97,1,0,9,9,2,95,95,95,95,95,95,95,0,1,0,223.697137607501,6,9
2404348,2024,60,65,1-60-2024-065-06,6,9,3,19:35,2,2,2,9,2,0,3,2,2,95,95,95,95,95,95,95,1,1,0,1902.54330227895,8,9
2404349,2024,32,130,1-32-2024-130-07,7,8,1,15:51,2,2,0,0,0,0,0,2,2,95,95,95,95,95,95,95,4,1,0,16039.8860823842,7,9
2404351,2024,66,87,1-66-2024-087-08,8,8,5,16:23,2,1,2,9,1,0,4,2,2,95,95,95,95,95,95,95,0,1,0,134.761595455619,6,9
2404352,2024,30,151,1-30-2024-151-07,7,8,2,15:11,1,2,0,0,0,0,0,2,2,95,95,95,95,95,95,95,4,1,0,4176.39915810018,10,9
2404353,2024,30,152,1-30-2024-152-03,3,8,3,09:47,1,2,99,99,0,0,0,2,2,95,95,95,95,95,95,95,4,1,0,373.949539501815,10,9
2404354,2024,12,79,1-12-2024-079-NM2,22,8,4,20:54,1,1,95,95,95,95,95,2,2,3,22,1,1,1,2,2,0,0,1,719.957760795501,9,9
2404355,2024,12,80,1-12-2024-080-06,6,9,2,18:18,7,1,1,1,2,0,4,2,2,95,95,95,95,95,95,95,0,1,0,951.513440369114,9,9
2404356,2024,12,81,1-12-2024-081-03,3,9,4,17:36,1,2,0,0,0,0,0,2,2,95,95,95,95,95,95,95,5,1,0,188.310944180204,9,9
2404357,2024,24,121,1-24-2024-121-03,3,9,1,17:19,1,2,1,1,1,0,4,9,9,95,95,95,95,95,95,95,4,1,0,207.581096674821,1,9
2404358,2024,24,122,1-24-2024-122-03,3,8,6,12:40,1,2,3,10,1,1,3,2,2,95,95,95,95,95,95,95,4,1,0,207.581096722383,1,9
2404359,2024,66,88,1-66-2024-088-09,9,9,2,20:59,1,1,5,33,1,1,3,2,2,95,95,95,95,95,95,95,0,1,0,97.5596917228585,6,9
2404360,2024,26,109,1-26-2024-109-05,5,8,6,15:20,3,3,3,22,1,1,3,2,2,95,95,95,95,95,95,95,4,1,0,110.527705742068,10,9
2404361,2024,21,93,1-21-2024-093-05,5,8,4,23:15,3,2,1,1,1,0,4,9,9,95,95,95,95,95,95,95,1,1,0,21.0158628465893,11,9
2404364,2024,82,114,1-82-2024-114-04,4,8,6,15:17,1,2,0,0,0,0,0,2,2,95,95,95,95,95,95,95,4,1,0,154.217770459003,1,9
2404366,2024,82,116,1-82-2024-116-03,3,8,7,19:44,1,2,99,99,0,0,8,2,2,95,95,95,95,95,95,95,4,1,0,40.9149093963766,1,9
2404367,2024,82,117,1-82-2024-117-04,4,8,4,10:43,4,1,99,99,0,0,9,2,2,95,95,95,95,95,95,95,0,1,0,154.217770459003,1,9
2404368,2024,15,172,1-15-2024-172-02,2,7,3,08:16,1,2,9,97,1,0,8,2,2,95,95,95,95,95,95,95,1,1,0,17.2701587054084,1,9
2404369,2024,22,128,1-22-2024-128-04,4,8,4,11:12,2,2,1,1,1,0,0,2,2,95,95,95,95,95,95,95,4,1,0,33.3238497656853,12,9
2404370,2024,22,129,1-22-2024-129-04,4,9,5,10:18,3,2,1,1,1,0,5,2,2,95,95,95,95,95,95,95,4,1,0,33.3238497656853,12,9
2404371,2024,22,130,1-22-2024-130-NM2,22,8,6,10:50,1,1,95,95,95,95,95,2,2,1,1,1,0,4,2,2,0,0,1,24.4305122731702,12,9
2404372,2024,22,131,1-22-2024-131-09,9,8,4,15:36,3,3,1,1,1,0,4,2,2,95,95,95,95,95,95,95,4,1,0,68.5518901311532,12,9
2404373,2024,21,96,1-21-2024-096-03,3,8,6,20:06,1,2,9,97,3,0,4,2,2,95,95,95,95,95,95,95,2,1,0,212.361340111707,11,9
2404374,2024,29,60,1-29-2024-060-NM1,21,8,6,21:05,1,1,0,0,0,0,0,2,2,3,10,1,1,1,2,1,0,1,1,40.3751173333703,2,9
2404375,2024,29,61,1-29-2024-061-06,6,9,4,09:35,1,2,2,5,1,0,6,2,2,95,95,95,95,95,95,95,4,1,0,2394.13090167698,2,9
2404376,2024,29,62,1-29-2024-062-06,6,7,2,16:40,1,2,1,1,1,0,4,2,2,95,95,95,95,95,95,95,2,1,0,2394.13090174597,2,9
2404377,2024,31,91,1-31-2024-091-07,7,1,3,17:06,1,1,99,99,0,0,0,2,2,95,95,95,95,95,95,95,0,1,0,601.231311120415,6,9
2404378,2024,31,92,1-31-2024-092-07,7,2,2,02:30,1,1,0,0,0,0,0,9,9,95,95,95,95,95,95,95,0,1,0,601.231311120415,6,9
2404379,2024,31,93,1-31-2024-093-04,4,7,2,11:00,1,1,99,99,0,0,9,2,2,95,95,95,95,95,95,95,0,1,0,222.052598299916,6,9
2404380,2024,21,97,1-21-2024-097-07,7,7,5,14:38,1,2,2,4,1,0,6,2,2,95,95,95,95,95,95,95,4,1,0,2545.52421593338,11,9
2404381,2024,76,125,1-76-2024-125-10,10,7,3,16:24,4,1,0,0,0,0,0,9,9,95,95,95,95,95,95,95,0,1,0,84.6789860292199,3,9
2404382,2024,76,126,1-76-2024-126-10,10,7,5,17:25,2,2,0,0,0,0,0,9,9,95,95,95,95,95,95,95,1,1,0,84.6789860292199,3,9
2404383,2024,82,118,1-82-2024-118-09,9,8,1,11:12,2,3,99,99,0,0,0,2,2,95,95,95,95,95,95,95,1,1,0,461.607643772706,1,9
2404384,2024,18,116,1-18-2024-116-07,7,8,4,16:28,1,2,0,0,0,0,0,2,2,95,95,95,95,95,95,95,1,1,0,732.278155567738,6,9
2404385,2024,11,133,1-11-2024-133-04,4,8,2,10:10,1,2,0,0,0,0,0,2,2,95,95,95,95,95,95,95,4,1,0,280.90356937815,8,9
2404386,2024,14,81,1-14-2024-081-04,4,9,1,12:50,2,2,99,99,0,0,0,9,9,95,95,95,95,95,95,95,5,1,0,1546.38474208403,8,9
2404387,2024,81,107,1-81-2024-107-09,9,9,3,12:24,3,1,99,99,0,0,0,2,2,95,95,95,95,95,95,95,0,1,0,10381.8533666727,8,9
2404388,2024,81,108,1-81-2024-108-03,3,9,4,22:22,1,2,1,1,1,0,5,2,2,95,95,95,95,95,95,95,4,1,0,1386.91053484603,8,9
2404389,2024,59,127,1-59-2024-127-05,5,9,5,07:20,5,1,2,4,1,0,4,2,2,95,95,95,95,95,95,95,0,1,0,64.4847175297625,6,9
2404390,2024,59,128,1-59-2024-128-08,8,9,7,01:08,1,2,2,5,2,0,4,2,2,95,95,95,95,95,95,95,4,1,0,556.055811451957,6,9
2404391,2024,59,129,1-59-2024-129-02,2,9,1,10:38,1,2,1,1,1,0,4,9,9,95,95,95,95,95,95,95,4,1,0,48.7900687173874,6,9
2404392,2024,77,139,1-77-2024-139-03,3,9,7,18:19,3,1,1,2,1,0,4,2,2,95,95,95,95,95,95,95,0,1,0,85.2970128115426,9,9
2404394,2024,77,141,1-77-2024-141-06,6,9,4,20:51,1,2,99,99,0,0,9,2,2,95,95,95,95,95,95,95,1,1,0,430.995949103479,9,9
2404396,2024,10,81,1-10-2024-081-03,3,9,3,19:25,3,3,2,6,1,0,4,2,2,95,95,95,95,95,95,95,1,1,0,150.759541912822,4,9
2404397,2024,10,82,1-10-2024-082-01,1,9,1,23:37,1,2,5,43,4,2,1,9,9,95,95,95,95,95,95,95,1,1,0,25.633900579513,4,9
2404398,2024,10,83,1-10-2024-083-06,6,9,6,08:42,6,2,1,1,4,0,4,2,2,95,95,95,95,95,95,95,4,1,0,558.457547490162,4,9
2404402,2024,57,123,1-57-2024-123-02,2,8,5,23:22,1,1,1,1,1,0,8,1,9,95,95,95,95,95,95,95,0,1,0,9.69650235592079,1,9
2404403,2024,62,126,1-62-2024-126-02,2,9,1,06:00,2,1,2,9,1,0,3,1,9,95,95,95,95,95,95,95,0,1,0,41.3368831287418,7,9
2404404,2024,62,127,1-62-2024-127-02,2,9,4,20:23,3,3,3,14,4,1,3,9,9,95,95,95,95,95,95,95,1,1,0,153.229271867661,7,9
2404405,2024,62,128,1-62-2024-128-02,2,9,3,15:34,5,5,3,14,2,1,3,1,1,95,95,95,95,95,95,95,1,1,0,153.229271867661,7,9
2404406,2024,62,129,1-62-2024-129-02,2,9,1,00:40,5,1,5,43,2,2,1,1,2,95,95,95,95,95,95,95,0,1,0,41.3368831287418,7,9
2404407,2024,48,142,1-48-2024-142-09,9,9,2,06:32,1,2,9,97,1,0,0,2,2,95,95,95,95,95,95,95,4,1,0,144.242810569893,12,9
2404408,2024,48,143,1-48-2024-143-07,7,9,5,17:41,3,2,0,0,0,0,0,2,2,95,95,95,95,95,95,95,5,1,0,320.637738411807,12,9
2404409,2024,48,144,1-48-2024-144-07,7,9,5,20:38,1,2,0,0,0,0,0,2,2,95,95,95,95,95,95,95,1,1,0,320.637738411807,12,9
2404410,2024,48,145,1-48-2024-145-09,9,9,3,11:37,3,1,9,97,2,0,0,2,2,95,95,95,95,95,95,95,0,1,0,144.242810569893,12,9
2404411,2024,67,33,1-67-2024-033-04,4,9,1,19:10,1,2,0,0,0,0,0,2,2,95,95,95,95,95,95,95,4,1,0,422.997153962446,7,9
2404412,2024,67,34,1-67-2024-034-01,1,7,7,16:45,8,1,9,97,1,1,1,9,9,95,95,95,95,95,95,95,0,1,0,66.8119266347119,7,9
2404413,2024,77,142,1-77-2024-142-06,6,8,7,15:56,1,2,1,1,2,0,6,2,2,95,95,95,95,95,95,95,4,1,0,430.995949103479,9,9
2404415,2024,54,105,1-54-2024-105-06,6,9,2,14:12,1,2,2,5,2,0,4,2,2,95,95,95,95,95,95,95,4,1,0,225.94769841535,9,9
2404416,2024,73,118,1-73-2024-118-01,1,9,2,20:52,17,1,3,13,1,1,1,1,2,95,95,95,95,95,95,95,0,1,0,29.6045947385831,3,9
2404417,2024,73,119,1-73-2024-119-03,3,8,7,15:28,4,1,0,0,0,0,6,2,9,95,95,95,95,95,95,95,0,1,0,75.9496497438155,3,9
2404418,2024,77,140,1-77-2024-140-04,4,9,2,12:23,1,2,0,0,0,0,0,2,2,95,95,95,95,95,95,95,4,1,0,476.853157776602,9,9
2404419,2024,57,124,1-57-2024-124-03,3,8,3,11:32,3,1,9,97,1,0,8,2,2,95,95,95,95,95,95,95,0,1,0,74.219148340463,1,9
2404420,2024,18,117,1-18-2024-117-01,1,9,3,15:56,3,3,3,14,2,2,1,2,2,95,95,95,95,95,95,95,4,1,0,63.8166126674341,6,9
2404421,2024,18,118,1-18-2024-118-06,6,8,6,14:47,2,3,1,1,1,0,4,2,2,95,95,95,95,95,95,95,1,1,0,1411.10309059419,6,9
2404422,2024,33,84,1-33-2024-084-NM1,21,7,4,12:41,2,2,0,0,0,0,0,2,2,4,34,1,1,1,2,1,5,1,1,41.0900179301514,12,9
2404423,2024,33,85,1-33-2024-085-03,3,9,1,20:10,1,2,3,17,5,1,4,2,9,95,95,95,95,95,95,95,2,1,0,39.2891207375412,12,9
2404426,2024,12,83,1-12-2024-083-07,7,9,3,06:10,1,1,0,0,0,0,0,2,2,95,95,95,95,95,95,95,0,1,0,1361.49270117535,9,9
2404428,2024,69,100,1-69-2024-100-09,9,9,4,15:15,6,3,2,5,5,0,3,1,2,95,95,95,95,95,95,95,1,1,0,781.066153737877,8,9
2404429,2024,69,101,1-69-2024-101-05,5,9,4,19:40,2,3,1,2,1,0,4,1,2,95,95,95,95,95,95,95,0,1,0,7.30201599951961,8,9
2404430,2024,19,59,1-19-2024-059-02,2,9,7,17:13,1,2,4,16,3,1,3,1,1,95,95,95,95,95,95,95,4,1,0,55.4759332833723,9,9
2404431,2024,57,125,1-57-2024-125-04,4,6,2,19:10,2,1,0,0,0,0,0,2,2,95,95,95,95,95,95,95,0,1,0,463.870269479946,1,9
2404433,2024,30,154,1-30-2024-154-05,5,9,7,20:44,2,1,1,1,1,0,3,2,2,95,95,95,95,95,95,95,0,1,0,84.7212626538785,10,9
2404434,2024,17,141,1-17-2024-141-04,4,9,2,12:27,1,2,0,0,0,0,0,2,2,95,95,95,95,95,95,95,4,1,0,259.044709099464,4,9
2404435,2024,17,142,1-17-2024-142-03,3,9,1,09:53,1,2,2,6,1,0,4,2,2,95,95,95,95,95,95,95,4,1,0,60.9311505045675,4,9
2404436,2024,17,143,1-17-2024-143-06,6,9,1,16:34,1,2,1,1,1,0,5,2,2,95,95,95,95,95,95,95,4,1,0,225.706847093898,4,9
2404437,2024,17,144,1-17-2024-144-04,4,9,6,08:08,2,2,1,1,2,0,4,2,2,95,95,95,95,95,95,95,4,1,0,259.044709221254,4,9
2404438,2024,66,89,1-66-2024-089-03,3,9,5,15:48,1,2,1,2,2,0,4,2,2,95,95,95,95,95,95,95,1,1,0,90.2108501600037,6,9
2404439,2024,66,90,1-66-2024-090-03,3,9,3,16:08,1,2,1,1,4,0,6,2,2,95,95,95,95,95,95,95,1,1,0,90.2108501600037,6,9
2404440,2024,30,153,1-30-2024-153-04,4,9,6,11:24,2,2,0,0,0,0,0,2,2,95,95,95,95,95,95,95,0,1,0,4000.2376327131,10,9
2404441,2024,54,104,1-54-2024-104-04,4,9,4,19:30,2,2,0,0,0,0,0,2,2,95,95,95,95,95,95,95,4,1,0,256.948260971925,9,9
2404442,2024,20,110,1-20-2024-110-02,2,9,1,23:17,6,2,2,5,2,0,3,1,1,95,95,95,95,95,95,95,5,1,0,22.3941902557774,11,9
2404443,2024,20,111,1-20-2024-111-06,6,9,6,08:15,2,3,1,1,1,0,6,2,9,95,95,95,95,95,95,95,4,1,0,4054.83801603088,11,9
2404444,2024,24,123,1-24-2024-123-05,5,8,3,15:58,3,3,3,10,1,1,3,2,2,95,95,95,95,95,95,95,4,1,0,24.2721053029394,1,9
2404445,2024,24,124,1-24-2024-124-03,3,9,4,18:47,1,2,0,0,0,0,5,2,2,95,95,95,95,95,95,95,4,1,0,96.1436478633412,1,9
2404446,2024,24,125,1-24-2024-125-04,4,9,7,21:24,1,2,0,0,0,0,0,2,2,95,95,95,95,95,95,95,9,1,0,344.018308320791,1,9
2404447,2024,11,134,1-11-2024-134-02,2,8,6,07:46,1,1,1,1,1,0,7,2,2,95,95,95,95,95,95,95,0,1,0,30.7614595081659,8,9
2404448,2024,11,135,1-11-2024-135-08,8,9,7,18:06,1,1,3,11,2,1,3,2,2,95,95,95,95,95,95,95,0,1,0,312.481185044212,8,9
2404449,2024,11,136,1-11-2024-136-NM1,21,9,1,19:42,1,1,0,0,0,0,0,2,2,1,2,1,1,1,2,1,0,1,1,37.1071357763572,8,9
2404450,2024,11,137,1-11-2024-137-01,1,9,4,16:45,3,1,2,5,1,1,1,2,2,95,95,95,95,95,95,95,0,1,0,46.5272035437193,8,9
2404451,2024,25,116,1-25-2024-116-03,3,9,1,12:01,2,2,99,99,0,0,0,2,2,95,95,95,95,95,95,95,4,1,0,58.9825692970399,2,9
2404452,2024,25,117,1-25-2024-117-04,4,9,5,00:10,3,1,99,99,0,0,9,2,2,95,95,95,95,95,95,95,0,1,0,213.041617839475,2,9
2404453,2024,25,118,1-25-2024-118-07,7,9,5,14:05,1,2,0,0,0,0,0,2,2,95,95,95,95,95,95,95,4,1,0,859.169234778133,2,9
2404455,2024,60,66,1-60-2024-066-04,4,9,6,21:33,1,2,0,0,0,0,0,2,2,95,95,95,95,95,95,95,1,1,0,1951.14087644172,8,9
2404456,2024,60,67,1-60-2024-067-05,5,9,1,11:58,1,2,3,14,3,1,3,2,2,95,95,95,95,95,95,95,2,1,0,50.4726752605262,8,9
2404457,2024,60,68,1-60-2024-068-05,5,9,6,22:05,1,2,1,1,4,0,4,2,2,95,95,95,95,95,95,95,4,1,0,50.4726752605262,8,9
2404458,2024,16,115,1-16-2024-115-02,2,9,7,18:54,2,2,1,1,5,0,5,2,2,95,95,95,95,95,95,95,4,1,0,35.8384991974306,5,9
2404459,2024,76,127,1-76-2024-127-08,8,9,3,12:15,1,2,9,97,1,0,4,9,9,95,95,95,95,95,95,95,4,1,0,75.1501837907099,3,9
2404462,2024,76,130,1-76-2024-130-03,3,8,6,13:01,1,1,9,97,1,0,5,9,9,95,95,95,95,95,95,95,0,1,0,71.5495535595937,3,9
2404463,2024,14,82,1-14-2024-082-NM2,22,9,2,16:50,1,1,95,95,95,95,95,9,9,2,5,1,0,4,9,9,0,0,1,398.655902879135,8,9
2404465,2024,14,84,1-14-2024-084-08,8,9,2,06:42,1,2,3,17,3,1,3,1,1,95,95,95,95,95,95,95,2,1,0,95.3393322368294,8,9
2404466,2024,28,137,1-28-2024-137-04,4,8,6,18:41,1,1,0,0,0,0,0,2,2,95,95,95,95,95,95,95,0,1,0,47.851485985308,3,9
2404467,2024,28,138,1-28-2024-138-10,10,9,6,06:22,1,1,0,0,0,0,0,2,2,95,95,95,95,95,95,95,0,1,0,80.5683609045318,3,9
2404468,2024,28,139,1-28-2024-139-10,10,9,6,17:11,2,1,1,1,1,0,5,2,2,95,95,95,95,95,95,95,0,1,0,80.5683609045318,3,9
2404469,2024,28,140,1-28-2024-140-07,7,9,7,05:00,1,1,0,0,0,0,0,2,2,95,95,95,95,95,95,95,0,1,0,44.330330715033,3,9
2404471,2024,32,132,1-32-2024-132-02,2,9,5,03:00,3,1,2,4,2,0,4,2,2,95,95,95,95,95,95,95,0,1,0,10.0130344037266,7,9
2404472,2024,52,46,1-52-2024-046-03,3,8,6,17:28,2,2,1,1,2,0,5,2,2,95,95,95,95,95,95,95,1,1,0,474.51953142531,12,9
2404473,2024,25,120,1-25-2024-120-04,4,9,5,05:55,1,2,3,14,1,1,3,2,2,95,95,95,95,95,95,95,2,1,0,213.041617839475,2,9
2404475,2024,27,138,1-27-2024-138-04,4,9,6,14:37,3,1,0,0,0,0,0,2,2,95,95,95,95,95,95,95,0,1,0,41.3687632563113,3,9
2404476,2024,27,139,1-27-2024-139-07,7,9,2,15:47,1,2,0,0,0,0,0,9,9,95,95,95,95,95,95,95,1,1,0,161.549477680357,3,9
2404477,2024,27,140,1-27-2024-140-NM2,22,9,3,16:21,1,1,95,95,95,95,95,2,2,1,1,1,0,0,2,2,0,0,1,26.6993316813968,3,9
2404478,2024,27,141,1-27-2024-141-03,3,9,4,17:10,4,2,1,1,1,0,0,2,2,95,95,95,95,95,95,95,4,1,0,26.5096922457315,3,9
2404479,2024,32,131,1-32-2024-131-04,4,9,2,00:05,1,2,0,0,0,0,0,2,2,95,95,95,95,95,95,95,1,1,0,1867.75831461533,7,9
2404480,2024,82,119,1-82-2024-119-04,4,8,6,09:00,1,2,0,0,0,0,0,2,2,95,95,95,95,95,95,95,4,1,0,628.465739258919,1,9
2404481,2024,82,120,1-82-2024-120-03,3,8,5,13:25,2,3,9,97,1,0,8,2,2,95,95,95,95,95,95,95,4,1,0,166.73577046287,1,9
2404482,2024,82,121,1-82-2024-121-NM2,22,8,1,20:20,1,1,95,95,95,95,95,2,2,9,97,1,0,9,2,2,0,0,1,375.053029592921,1,9
2404483,2024,82,122,1-82-2024-122-03,3,8,6,16:17,1,2,1,1,1,0,5,2,2,95,95,95,95,95,95,95,4,1,0,166.73577046287,1,9
2404484,2024,79,88,1-79-2024-088-06,6,9,3,14:55,1,2,9,97,2,0,9,2,2,95,95,95,95,95,95,95,1,1,0,120.772111910736,8,9
2404485,2024,79,89,1-79-2024-089-07,7,9,7,20:50,1,1,0,0,0,0,0,9,9,95,95,95,95,95,95,95,0,1,0,127.333087924962,8,9
2404486,2024,26,110,1-26-2024-110-05,5,8,7,15:15,1,1,3,9,2,1,3,2,2,95,95,95,95,95,95,95,0,1,0,336.483872205798,10,9
2404487,2024,22,132,1-22-2024-132-10,10,9,6,14:00,1,2,0,0,0,0,0,2,2,95,95,95,95,95,95,95,1,1,0,375.401816158302,12,9
2404488,2024,22,133,1-22-2024-133-07,7,9,6,22:00,1,2,0,0,0,0,0,2,2,95,95,95,95,95,95,95,4,1,0,67.9415091482,12,9
2404489,2024,22,134,1-22-2024-134-09,9,8,6,13:01,2,3,1,2,1,0,4,2,2,95,95,95,95,95,95,95,1,1,0,44.9069105417859,12,9
2404490,2024,21,98,1-21-2024-098-03,3,9,3,12:18,4,4,1,1,3,0,4,2,9,95,95,95,95,95,95,95,1,1,0,474.943084168885,11,9
2404492,2024,21,100,1-21-2024-100-03,3,8,7,02:37,2,1,3,10,1,1,4,1,2,95,95,95,95,95,95,95,0,1,0,474.943084168885,11,9
2404494,2024,15,174,1-15-2024-174-03,3,9,3,09:50,5,2,99,99,0,0,4,9,9,95,95,95,95,95,95,95,4,1,0,25.3294057626406,1,9
2404495,2024,29,63,1-29-2024-063-02,2,7,1,02:47,2,1,1,1,1,0,4,2,2,95,95,95,95,95,95,95,0,1,0,439.446667333394,2,9
2404496,2024,29,64,1-29-2024-064-05,5,9,1,21:16,1,1,3,14,2,1,3,2,1,95,95,95,95,95,95,95,0,1,0,613.711179069766,2,9
2404497,2024,14,83,1-14-2024-083-03,3,9,7,01:07,1,2,0,0,0,0,4,1,1,95,95,95,95,95,95,95,4,1,0,141.407510827265,8,9
2404498,2024,57,126,1-57-2024-126-03,3,8,2,16:44,2,1,9,97,1,0,8,2,2,95,95,95,95,95,95,95,0,1,0,74.219148340463,1,9
2404499,2024,12,84,1-12-2024-084-07,7,9,5,15:25,1,2,0,0,0,0,0,2,2,95,95,95,95,95,95,95,4,1,0,1361.49270117535,9,9
2404500,2024,15,175,1-15-2024-175-03,3,9,7,16:20,1,2,0,0,0,0,0,9,9,95,95,95,95,95,95,95,4,1,0,25.3294057561508,1,9
2404501,2024,31,94,1-31-2024-094-04,4,9,6,20:10,1,1,0,0,0,0,0,9,9,95,95,95,95,95,95,95,0,1,0,222.052598299916,6,9
2404502,2024,31,95,1-31-2024-095-NM2,22,9,7,14:23,1,1,95,95,95,95,95,2,2,9,97,1,0,8,2,2,0,0,1,343.437603726452,6,9
2404503,2024,31,96,1-31-2024-096-10,10,9,4,03:57,4,1,0,0,0,0,0,1,9,95,95,95,95,95,95,95,0,1,0,419.593794787767,6,9
2404504,2024,76,131,1-76-2024-131-04,4,6,1,20:19,1,1,0,0,0,0,0,9,9,95,95,95,95,95,95,95,0,1,0,192.634488830863,3,9
2404505,2024,76,132,1-76-2024-132-04,4,8,3,21:29,3,1,0,0,0,0,0,9,9,95,95,95,95,95,95,95,0,1,0,192.634488866632,3,9
2404506,2024,33,87,1-33-2024-087-08,8,8,1,11:48,7,1,2,5,2,0,3,1,1,95,95,95,95,95,95,95,0,1,0,54.7275070105528,12,9
2404507,2024,69,102,1-69-2024-102-03,3,9,3,20:31,4,2,2,5,1,0,3,2,1,95,95,95,95,95,95,95,6,1,0,59.7451014057249,8,9
2404508,2024,21,101,1-21-2024-101-02,2,9,6,20:58,3,1,5,35,1,1,3,1,2,95,95,95,95,95,95,95,0,1,0,9.63819602034845,11,9
2404525,2024,67,35,1-67-2024-035-02,2,8,7,11:20,4,4,4,29,1,1,3,9,9,95,95,95,95,95,95,95,4,1,0,59.4086040705367,7,9
2404526,2024,67,36,1-67-2024-036-06,6,9,5,04:25,1,1,9,97,1,0,5,2,2,95,95,95,95,95,95,95,0,1,0,590.706487181805,7,9
2404527,2024,81,109,1-81-2024-109-03,3,9,7,17:57,2,2,1,1,3,0,4,9,9,95,95,95,95,95,95,95,1,1,0,188.492696657089,8,9
2404528,2024,81,110,1-81-2024-110-06,6,9,2,07:17,2,3,2,5,1,0,4,2,2,95,95,95,95,95,95,95,6,1,0,698.232216368687,8,9
2404530,2024,81,112,1-81-2024-112-06,6,9,3,15:23,1,2,0,0,0,0,0,2,2,95,95,95,95,95,95,95,5,1,0,698.232216368687,8,9
2404531,2024,77,143,1-77-2024-143-06,6,9,6,17:15,2,3,1,3,2,0,4,2,2,95,95,95,95,95,95,95,1,1,0,96.8505685869366,9,9
2404532,2024,77,144,1-77-2024-144-09,9,9,4,11:42,2,1,1,2,1,0,3,2,2,95,95,95,95,95,95,95,0,1,0,74.095201462238,9,9
2404535,2024,59,130,1-59-2024-130-09,9,9,1,07:46,1,2,1,1,1,0,4,2,2,95,95,95,95,95,95,95,4,1,0,158.121741269223,6,9
2404536,2024,59,131,1-59-2024-131-04,4,9,2,14:39,1,2,0,0,0,0,0,2,2,95,95,95,95,95,95,95,1,1,0,99.64038886362,6,9
2404537,2024,59,132,1-59-2024-132-04,4,9,3,05:54,2,2,0,0,0,0,0,2,2,95,95,95,95,95,95,95,4,1,0,99.64038886362,6,9
2404538,2024,59,133,1-59-2024-133-04,4,9,3,16:36,2,1,0,0,0,0,4,2,2,95,95,95,95,95,95,95,0,1,0,99.64038886362,6,9
2404539,2024,23,43,1-23-2024-043-08,8,9,5,01:07,5,1,2,12,1,0,3,1,9,95,95,95,95,95,95,95,0,1,0,321.815573903179,5,9
2404541,2024,18,120,1-18-2024-120-03,3,9,2,17:52,1,1,9,97,1,0,9,2,2,95,95,95,95,95,95,95,0,1,0,41.6316878913468,6,9
2404542,2024,10,84,1-10-2024-084-NM2,22,9,1,15:47,1,1,95,95,95,95,95,2,2,9,97,1,0,9,2,2,0,0,1,303.372657865986,4,9
2404543,2024,10,85,1-10-2024-085-03,3,9,3,15:35,5,4,1,1,2,0,3,9,9,95,95,95,95,95,95,95,5,1,0,106.552789200513,4,9
2404544,2024,10,86,1-10-2024-086-03,3,9,4,18:02,2,3,1,2,2,0,4,2,2,95,95,95,95,95,95,95,4,1,0,106.552789194027,4,9
2404545,2024,62,130,1-62-2024-130-03,3,9,5,11:50,8,2,1,1,1,0,4,9,9,95,95,95,95,95,95,95,4,1,0,283.674238531916,7,9
2404547,2024,62,132,1-62-2024-132-03,3,9,5,12:14,1,2,0,0,0,0,0,9,9,95,95,95,95,95,95,95,4,1,0,283.674238530018,7,9
2404548,2024,62,133,1-62-2024-133-03,3,9,4,08:33,3,2,1,1,1,0,4,9,9,95,95,95,95,95,95,95,4,1,0,283.674238531916,7,9
2404549,2024,73,120,1-73-2024-120-09,9,9,3,12:48,3,1,1,1,1,0,4,9,9,95,95,95,95,95,95,95,0,1,0,71.1373514066558,3,9
2404550,2024,73,121,1-73-2024-121-09,9,9,4,14:45,1,2,1,1,1,0,4,9,9,95,95,95,95,95,95,95,1,1,0,71.1373514066558,3,9
2404551,2024,48,146,1-48-2024-146-10,10,9,3,13:43,2,1,0,0,0,0,0,2,2,95,95,95,95,95,95,95,0,1,0,187.854526060285,12,9
2404552,2024,48,147,1-48-2024-147-07,7,9,5,19:24,1,2,0,0,0,0,0,2,2,95,95,95,95,95,95,95,5,1,0,103.361334065564,12,9
2404553,2024,48,148,1-48-2024-148-07,7,9,6,19:39,2,1,1,1,1,0,0,2,2,95,95,95,95,95,95,95,0,1,0,103.361334065564,12,9
2404554,2024,48,149,1-48-2024-149-09,9,9,6,17:36,1,2,0,0,0,0,0,2,2,95,95,95,95,95,95,95,9,1,0,69.6007046591066,12,9
2404556,2024,57,128,1-57-2024-128-03,3,9,3,21:44,1,2,9,97,1,0,5,2,2,95,95,95,95,95,95,95,4,1,0,55.5655067866032,1,9
2404557,2024,57,129,1-57-2024-129-02,2,8,1,21:27,1,2,1,1,3,0,8,1,9,95,95,95,95,95,95,95,2,1,0,13.8251120734564,1,9
2404559,2024,30,155,1-30-2024-155-06,6,9,7,17:37,5,2,99,99,0,0,0,2,2,95,95,95,95,95,95,95,4,1,0,514.164723405485,10,9
2404563,2024,57,131,1-57-2024-131-04,4,6,6,09:01,1,1,0,0,0,0,0,2,2,95,95,95,95,95,95,95,0,1,0,347.284860924498,1,9
2404564,2024,57,132,1-57-2024-132-03,3,9,4,20:19,1,2,1,1,1,0,5,2,2,95,95,95,95,95,95,95,4,1,0,55.5655067776891,1,9
2404566,2024,33,89,1-33-2024-089-02,2,8,5,17:07,2,2,2,5,2,0,4,2,2,95,95,95,95,95,95,95,4,1,0,23.2460633538017,12,9
2404567,2024,79,90,1-79-2024-090-09,9,9,6,06:32,2,2,99,99,0,0,9,9,9,95,95,95,95,95,95,95,4,1,0,134.548153434236,8,9
2404568,2024,79,91,1-79-2024-091-09,9,9,2,07:24,2,2,1,2,1,0,4,2,2,95,95,95,95,95,95,95,4,1,0,134.548153434236,8,9
2404569,2024,18,121,1-18-2024-121-NM2,22,9,2,07:13,1,1,95,95,95,95,95,2,2,9,97,1,0,9,2,2,0,0,1,142.413843051628,6,9
2404570,2024,12,85,1-12-2024-085-09,9,9,3,08:26,1,1,1,1,1,0,4,1,2,95,95,95,95,95,95,95,0,1,0,458.0123440807,9,9
2404571,2024,12,86,1-12-2024-086-06,6,9,3,11:56,1,2,1,2,3,0,4,2,2,95,95,95,95,95,95,95,4,1,0,257.996460650317,9,9
2404572,2024,12,87,1-12-2024-087-03,3,9,3,15:42,1,2,1,1,2,0,4,2,2,95,95,95,95,95,95,95,4,1,0,164.057323491007,9,9
2404573,2024,17,145,1-17-2024-145-07,7,9,7,00:08,1,1,0,0,0,0,0,2,2,95,95,95,95,95,95,95,0,1,0,440.785441843783,4,9
2404574,2024,17,146,1-17-2024-146-06,6,9,7,06:34,3,1,9,97,1,0,8,2,2,95,95,95,95,95,95,95,0,1,0,124.923558977053,4,9
2404575,2024,17,147,1-17-2024-147-07,7,9,3,14:29,1,2,0,0,0,0,0,2,2,95,95,95,95,95,95,95,4,1,0,440.785441843783,4,9
2404576,2024,17,148,1-17-2024-148-08,8,9,7,01:58,2,1,3,19,1,1,4,1,1,95,95,95,95,95,95,95,0,1,0,75.6421709357649,4,9
2404578,2024,20,113,1-20-2024-113-05,5,9,5,23:05,3,1,3,17,1,1,3,1,2,95,95,95,95,95,95,95,0,1,0,19.9171728154044,11,9
2404579,2024,24,126,1-24-2024-126-03,3,8,2,14:16,1,2,0,0,0,0,5,2,2,95,95,95,95,95,95,95,4,1,0,261.920098591793,1,9
2404580,2024,24,127,1-24-2024-127-03,3,9,2,15:54,2,3,0,0,0,0,4,2,1,95,95,95,95,95,95,95,1,1,0,95.9250634567464,1,9
2404581,2024,24,128,1-24-2024-128-07,7,9,1,03:55,1,1,0,0,0,0,0,2,2,95,95,95,95,95,95,95,0,1,0,1138.83188436001,1,9
2404582,2024,24,129,1-24-2024-129-NM1,21,9,5,19:54,1,1,0,0,0,0,0,2,9,6,75,1,1,1,1,2,0,1,1,23.1726143074507,1,9
2404583,2024,60,69,1-60-2024-069-05,5,9,3,16:40,3,2,1,2,3,0,3,2,2,95,95,95,95,95,95,95,4,1,0,48.0217557407381,8,9
2404584,2024,60,70,1-60-2024-070-04,4,9,3,21:42,1,1,99,99,0,0,0,2,2,95,95,95,95,95,95,95,0,1,0,1856.39477401612,8,9
2404585,2024,60,71,1-60-2024-071-06,6,9,6,19:57,1,2,1,2,1,0,6,9,9,95,95,95,95,95,95,95,1,1,0,1499.92322022074,8,9
2404586,2024,25,121,1-25-2024-121-NM2,22,9,2,10:30,1,1,95,95,95,95,95,2,2,1,1,1,0,9,2,2,0,0,1,117.391789482128,2,9
2404587,2024,25,122,1-25-2024-122-NM2,22,9,4,08:31,1,1,95,95,95,95,95,2,2,2,5,1,0,4,2,2,0,0,1,117.391789482128,2,9
2404588,2024,25,123,1-25-2024-123-06,6,9,3,07:00,1,2,0,0,0,0,4,2,2,95,95,95,95,95,95,95,1,1,0,155.655946806587,2,9
2404589,2024,25,124,1-25-2024-124-06,6,9,6,17:54,3,1,3,19,1,1,3,1,2,95,95,95,95,95,95,95,0,1,0,155.655946839203,2,9
2404590,2024,11,138,1-11-2024-138-05,5,8,6,16:55,2,3,2,5,2,0,3,1,2,95,95,95,95,95,95,95,1,1,0,31.8812723055547,8,9
2404591,2024,11,139,1-11-2024-139-09,9,9,5,07:10,3,2,99,99,0,0,0,2,2,95,95,95,95,95,95,95,5,1,0,2454.77260473569,8,9
2404592,2024,11,140,1-11-2024-140-NM1,21,9,3,20:38,1,1,0,0,0,0,0,2,2,3,10,1,1,3,1,2,0,1,1,37.1071357763572,8,9
2404593,2024,16,116,1-16-2024-116-02,2,9,2,19:00,1,2,0,0,0,0,3,2,2,95,95,95,95,95,95,95,4,1,0,19.2002472242785,5,9
2404594,2024,14,85,1-14-2024-085-05,5,9,2,17:08,2,2,3,10,2,1,3,9,9,95,95,95,95,95,95,95,4,1,0,76.4230415651045,8,9
2404595,2024,14,86,1-14-2024-086-07,7,9,7,14:10,1,2,0,0,0,0,0,9,9,95,95,95,95,95,95,95,1,1,0,4480.71858910358,8,9
2404597,2024,32,134,1-32-2024-134-07,7,9,7,05:00,1,1,0,0,0,0,0,2,2,95,95,95,95,95,95,95,0,1,0,5758.49266438229,7,9
2404599,2024,27,143,1-27-2024-143-07,7,9,5,21:42,5,1,0,0,0,0,0,1,9,95,95,95,95,95,95,95,0,1,0,91.7247462162503,3,9
2404600,2024,27,144,1-27-2024-144-03,3,9,6,18:04,1,2,1,1,1,0,4,9,9,95,95,95,95,95,95,95,1,1,0,39.3017294904609,3,9
2404601,2024,77,147,1-77-2024-147-10,10,9,6,06:57,2,1,0,0,0,0,0,2,2,95,95,95,95,95,95,95,0,1,0,257.957670739438,9,9
2404602,2024,32,135,1-32-2024-135-05,5,9,4,13:49,1,1,1,1,2,0,3,2,2,95,95,95,95,95,95,95,0,1,0,53.47596171008,7,9
2404603,2024,66,91,1-66-2024-091-03,3,8,3,13:57,1,2,1,2,2,0,4,9,9,95,95,95,95,95,95,95,4,1,0,79.4686416678806,6,9
2404605,2024,13,75,1-13-2024-075-08,8,9,7,15:56,1,2,3,11,2,1,3,1,2,95,95,95,95,95,95,95,2,1,0,444.288622217649,7,9
2404606,2024,66,93,1-66-2024-093-07,7,9,2,11:00,1,2,1,1,3,0,6,2,2,95,95,95,95,95,95,95,1,1,0,456.257481707874,6,9
2404607,2024,26,111,1-26-2024-111-NM1,21,9,4,08:05,4,1,1,1,1,0,9,2,2,1,1,1,1,1,2,2,0,1,1,76.6867213232,10,9
2404608,2024,26,112,1-26-2024-112-02,2,9,1,16:23,5,1,3,22,1,1,8,2,2,95,95,95,95,95,95,95,0,1,0,41.0018797266676,10,9
2404610,2024,82,124,1-82-2024-124-03,3,9,3,16:22,3,3,99,99,0,0,0,2,2,95,95,95,95,95,95,95,4,1,0,121.028896204562,1,9
2404611,2024,82,125,1-82-2024-125-05,5,8,5,20:59,1,2,9,97,4,0,8,2,2,95,95,95,95,95,95,95,4,1,0,24.7457338959219,1,9
2404613,2024,21,103,1-21-2024-103-03,3,9,6,23:33,1,2,2,5,1,0,4,2,2,95,95,95,95,95,95,95,4,1,0,150.87827073382,11,9
2404615,2024,76,133,1-76-2024-133-04,4,9,7,21:24,2,1,0,0,0,0,0,9,9,95,95,95,95,95,95,95,0,1,0,86.4714255045695,3,9
2404616,2024,76,134,1-76-2024-134-03,3,7,1,13:22,1,2,1,1,1,0,4,9,9,95,95,95,95,95,95,95,1,1,0,71.5495535595937,3,9
2404617,2024,76,135,1-76-2024-135-06,6,7,2,23:57,1,1,2,5,1,0,3,1,9,95,95,95,95,95,95,95,0,1,0,69.290638741677,3,9
2404618,2024,77,148,1-77-2024-148-10,10,9,7,22:31,2,1,99,99,0,0,9,9,9,95,95,95,95,95,95,95,0,1,0,257.957670739438,9,9
2404620,2024,27,145,1-27-2024-145-09,9,9,5,02:04,2,1,1,1,1,0,4,1,1,95,95,95,95,95,95,95,0,1,0,39.3880945658678,3,9
2404621,2024,28,141,1-28-2024-141-07,7,9,5,12:00,1,1,0,0,0,0,0,2,2,95,95,95,95,95,95,95,0,1,0,44.330330715033,3,9
2404622,2024,28,142,1-28-2024-142-04,4,9,6,19:44,1,1,0,0,0,0,0,2,2,95,95,95,95,95,95,95,0,1,0,47.851485985308,3,9
2404624,2024,15,177,1-15-2024-177-09,9,9,4,18:30,1,2,1,1,1,0,4,2,2,95,95,95,95,95,95,95,4,1,0,272.050476787728,1,9
2404625,2024,15,178,1-15-2024-178-08,8,9,5,14:10,2,1,3,27,1,1,3,2,1,95,95,95,95,95,95,95,0,1,0,21.5362718155242,1,9
2404628,2024,29,67,1-29-2024-067-06,6,8,4,15:54,1,2,99,99,0,0,4,2,2,95,95,95,95,95,95,95,4,1,0,1794.02253656549,2,9
2404630,2024,22,136,1-22-2024-136-10,10,9,5,08:45,1,2,0,0,0,0,0,2,2,95,95,95,95,95,95,95,4,1,0,768.965350305196,12,9
2404631,2024,22,137,1-22-2024-137-01,1,8,3,22:53,3,1,6,75,1,1,1,1,2,95,95,95,95,95,95,95,0,1,0,23.1353338048251,12,9
2404632,2024,22,138,1-22-2024-138-09,9,9,6,06:51,2,2,1,2,1,0,6,2,2,95,95,95,95,95,95,95,4,1,0,91.986390873844,12,9
2404633,2024,19,60,1-19-2024-060-03,3,9,6,18:45,2,2,3,10,2,1,3,1,1,95,95,95,95,95,95,95,4,1,0,53.0215875094493,9,9
2404634,2024,19,61,1-19-2024-061-03,3,9,2,12:15,1,2,1,2,1,0,4,2,2,95,95,95,95,95,95,95,4,1,0,53.0215875094493,9,9
2404635,2024,21,105,1-21-2024-105-06,6,8,3,16:50,1,1,1,1,1,0,3,2,2,95,95,95,95,95,95,95,0,1,0,469.478355320595,11,9
2404636,2024,21,106,1-21-2024-106-09,9,9,2,08:15,3,3,99,99,0,0,9,2,9,95,95,95,95,95,95,95,1,1,0,960.079408494373,11,9
2404637,2024,62,134,1-62-2024-134-04,4,9,4,16:51,2,3,1,1,1,0,0,9,9,95,95,95,95,95,95,95,4,1,0,1053.07668829567,7,9
2404638,2024,69,103,1-69-2024-103-02,2,9,5,14:56,2,3,0,0,0,0,4,2,2,95,95,95,95,95,95,95,1,1,0,7.30201599951961,8,9
2404639,2024,69,104,1-69-2024-104-10,10,9,2,07:19,4,1,99,99,0,0,0,2,2,95,95,95,95,95,95,95,0,1,0,11283.3874602085,8,9
2404640,2024,69,105,1-69-2024-105-02,2,9,2,17:26,1,2,3,14,2,1,3,2,2,95,95,95,95,95,95,95,4,1,0,7.30201599951961,8,9
2404641,2024,69,106,1-69-2024-106-05,5,9,3,04:05,3,1,2,5,1,0,3,2,2,95,95,95,95,95,95,95,0,1,0,16.0056300586408,8,9
2404642,2024,33,90,1-33-2024-090-03,3,9,5,16:25,3,2,1,3,3,0,3,2,2,95,95,95,95,95,95,95,4,1,0,58.9276403435907,12,9
2404643,2024,81,113,1-81-2024-113-09,9,9,7,23:20,2,2,0,0,0,0,4,9,2,95,95,95,95,95,95,95,1,1,0,1410.98036839115,8,9
2404644,2024,22,139,1-22-2024-139-04,4,8,6,12:50,1,2,0,0,0,0,0,2,2,95,95,95,95,95,95,95,4,1,0,44.7156258434739,12,9
2404645,2024,31,45,1-31-2024-045-10,10,9,6,20:02,1,1,0,0,0,0,0,2,2,95,95,95,95,95,95,95,0,1,0,419.593794787767,6,9
2404646,2024,31,97,1-31-2024-097-10,10,9,6,21:18,2,1,0,0,0,0,5,9,9,95,95,95,95,95,95,95,0,1,0,419.593794787767,6,9
2404647,2024,31,98,1-31-2024-098-07,7,7,1,22:34,1,1,0,0,0,0,0,2,2,95,95,95,95,95,95,95,0,1,0,230.868935151332,6,9
2404648,2024,15,179,1-15-2024-179-04,4,9,3,06:00,2,1,99,99,0,0,0,9,9,95,95,95,95,95,95,95,0,1,0,95.4404304095237,1,9
2404649,2024,29,68,1-29-2024-068-03,3,9,7,18:31,2,2,9,97,1,0,5,2,2,95,95,95,95,95,95,95,4,1,0,576.552709834615,2,9
2404650,2024,82,126,1-82-2024-126-NM2,22,8,6,17:00,1,1,95,95,95,95,95,2,2,9,97,1,0,8,2,2,0,0,1,272.240647923415,1,9
2404651,2024,29,69,1-29-2024-069-06,6,9,2,17:23,2,2,0,0,0,0,4,2,2,95,95,95,95,95,95,95,4,1,0,1794.02253682017,2,9
2404652,2024,30,158,1-30-2024-158-NM2,22,9,2,20:23,1,1,95,95,95,95,95,2,2,1,1,1,0,8,2,2,0,0,1,415.467981801604,10,9
2404653,2024,30,159,1-30-2024-159-06,6,9,5,06:58,1,2,1,1,1,0,5,2,2,95,95,95,95,95,95,95,4,1,0,514.164723333127,10,9
2404654,2024,20,114,1-20-2024-114-10,10,9,4,15:28,1,2,0,0,0,0,0,2,2,95,95,95,95,95,95,95,1,1,0,12164.5210847793,11,9
2404655,2024,81,114,1-81-2024-114-01,1,9,4,01:14,6,1,6,75,1,1,1,1,1,95,95,95,95,95,95,95,0,1,0,85.8112363936649,8,9
2404656,2024,81,115,1-81-2024-115-05,5,9,6,99:99,2,1,2,6,2,0,4,2,2,95,95,95,95,95,95,95,0,1,0,97.3430466449544,8,9
2404657,2024,81,116,1-81-2024-116-04,4,9,7,04:15,2,1,99,99,0,0,9,9,9,95,95,95,95,95,95,95,0,1,0,2591.11625553024,8,9
2404658,2024,81,117,1-81-2024-117-NM1,21,9,2,20:51,2,2,0,0,0,0,0,2,2,2,9,1,0,3,2,2,4,1,1,26.5893987350207,8,9
2404659,2024,77,149,1-77-2024-149-01,1,9,5,03:30,1,2,2,5,1,1,1,2,2,95,95,95,95,95,95,95,1,1,0,96.927477716339,9,9
2404660,2024,77,150,1-77-2024-150-04,4,8,5,17:20,2,3,99,99,0,0,9,2,2,95,95,95,95,95,95,95,1,1,0,529.333481873324,9,9
2404661,2024,77,151,1-77-2024-151-08,8,9,5,00:05,2,2,3,22,2,2,3,1,1,95,95,95,95,95,95,95,2,1,0,127.766802759098,9,9
2404662,2024,77,152,1-77-2024-152-09,9,9,6,13:48,2,1,1,1,1,0,4,2,2,95,95,95,95,95,95,95,0,1,0,913.250279625989,9,9
2404663,2024,59,134,1-59-2024-134-07,7,9,5,19:15,1,2,1,2,1,0,4,2,2,95,95,95,95,95,95,95,4,1,0,1904.3147389407,6,9
2404664,2024,59,135,1-59-2024-135-07,7,9,2,14:18,1,2,0,0,0,0,4,1,2,95,95,95,95,95,95,95,4,1,0,1904.3147389407,6,9
2404665,2024,59,136,1-59-2024-136-03,3,9,2,14:47,1,1,1,1,1,0,5,2,2,95,95,95,95,95,95,95,0,1,0,98.6606762609695,6,9
2404666,2024,59,137,1-59-2024-137-03,3,9,6,18:06,1,2,1,1,1,0,4,2,2,95,95,95,95,95,95,95,1,1,0,98.6606762609695,6,9
2404667,2024,23,44,1-23-2024-044-03,3,9,5,11:49,1,2,1,3,1,0,6,2,2,95,95,95,95,95,95,95,1,1,0,7405.75351726145,5,9
2404668,2024,73,122,1-73-2024-122-06,6,9,3,17:30,1,2,1,1,2,0,4,9,9,95,95,95,95,95,95,95,1,1,0,82.6022392036631,3,9
2404672,2024,57,135,1-57-2024-135-06,6,9,3,17:08,1,2,99,99,0,0,5,2,2,95,95,95,95,95,95,95,4,1,0,300.804288806822,1,9
2404673,2024,57,136,1-57-2024-136-03,3,9,6,18:20,2,3,9,97,1,0,8,2,2,95,95,95,95,95,95,95,6,1,0,96.6707631790107,1,9
2404674,2024,10,87,1-10-2024-087-03,3,9,6,18:15,1,2,2,5,2,0,3,2,2,95,95,95,95,95,95,95,4,1,0,798.825776731513,4,9
2404675,2024,62,135,1-62-2024-135-05,5,9,6,15:40,2,2,1,1,2,0,4,9,9,95,95,95,95,95,95,95,2,1,0,99.0846069578782,7,9
2404676,2024,62,136,1-62-2024-136-04,4,9,5,02:25,1,2,0,0,0,0,0,9,9,95,95,95,95,95,95,95,1,1,0,3101.50103568671,7,9
2404677,2024,62,137,1-62-2024-137-04,4,9,4,15:15,3,3,2,5,1,0,4,9,9,95,95,95,95,95,95,95,4,1,0,3101.50103629253,7,9
2404678,2024,62,138,1-62-2024-138-02,2,9,7,08:38,1,2,3,11,1,1,3,1,9,95,95,95,95,95,95,95,5,1,0,27.4104501869369,7,9
2404679,2024,67,37,1-67-2024-037-04,4,9,5,09:10,1,2,0,0,0,0,0,2,2,95,95,95,95,95,95,95,4,1,0,67.040607413014,7,9
2404680,2024,67,38,1-67-2024-038-07,7,9,5,15:21,1,2,0,0,0,0,0,9,9,95,95,95,95,95,95,95,4,1,0,200.794607269221,7,9
2404681,2024,54,106,1-54-2024-106-08,8,9,3,05:15,2,1,9,97,1,0,8,2,2,95,95,95,95,95,95,95,0,1,0,161.994257211147,9,9
2404682,2024,54,107,1-54-2024-107-03,3,9,4,15:20,1,2,9,97,1,0,4,9,2,95,95,95,95,95,95,95,4,1,0,117.683388260578,9,9
2404683,2024,48,150,1-48-2024-150-03,3,9,7,10:32,2,2,1,1,4,0,4,2,2,95,95,95,95,95,95,95,4,1,0,115.82905818263,12,9
2404684,2024,48,151,1-48-2024-151-09,9,9,7,08:17,1,1,9,97,1,0,0,2,2,95,95,95,95,95,95,95,0,1,0,1175.94355118661,12,9
2404685,2024,48,152,1-48-2024-152-09,9,9,6,14:30,2,3,9,97,1,0,0,2,2,95,95,95,95,95,95,95,1,1,0,1175.94355118661,12,9
2404686,2024,48,153,1-48-2024-153-06,6,9,7,04:06,4,2,1,1,1,0,0,2,2,95,95,95,95,95,95,95,1,1,0,585.270846184065,12,9
2404688,2024,12,88,1-12-2024-088-03,3,9,5,12:15,1,2,1,1,1,0,0,2,2,95,95,95,95,95,95,95,4,1,0,164.057323491007,9,9
2404689,2024,12,89,1-12-2024-089-04,4,9,5,02:50,2,3,0,0,0,0,0,2,2,95,95,95,95,95,95,95,1,1,0,281.489589220678,9,9
2404690,2024,12,90,1-12-2024-090-04,4,9,4,16:27,1,2,0,0,0,0,0,2,2,95,95,95,95,95,95,95,4,1,0,281.489589220678,9,9
2404691,2024,19,62,1-19-2024-062-10,10,9,2,20:40,2,1,1,1,3,0,4,1,2,95,95,95,95,95,95,95,0,1,0,6669.19330829912,9,9
2404693,2024,79,92,1-79-2024-092-09,9,9,6,15:20,1,1,9,97,1,0,5,9,9,95,95,95,95,95,95,95,0,1,0,252.505905705187,8,9
2404694,2024,79,93,1-79-2024-093-04,4,9,2,15:35,1,2,1,1,1,0,4,2,2,95,95,95,95,95,95,95,4,1,0,103.687310341295,8,9
2404695,2024,30,160,1-30-2024-160-02,2,9,4,11:38,1,2,1,2,1,0,4,2,2,95,95,95,95,95,95,95,4,1,0,19.7146598979445,10,9
2404697,2024,69,107,1-69-2024-107-05,5,9,2,16:42,2,1,1,1,1,0,4,2,1,95,95,95,95,95,95,95,0,1,0,7.30201599951961,8,9
2404698,2024,69,108,1-69-2024-108-04,4,9,3,12:30,1,2,0,0,0,0,0,2,2,95,95,95,95,95,95,95,4,1,0,202.550243262675,8,9
2404699,2024,69,109,1-69-2024-109-04,4,9,3,15:15,1,2,0,0,0,0,0,2,2,95,95,95,95,95,95,95,4,1,0,202.550243262675,8,9
2404700,2024,69,110,1-69-2024-110-NM1,21,9,6,07:04,1,1,0,0,0,0,0,2,2,1,2,1,0,4,2,1,0,1,1,7.66811372485411,8,9
2404702,2024,57,137,1-57-2024-137-09,9,9,4,14:45,2,3,9,97,1,0,9,2,2,95,95,95,95,95,95,95,1,1,0,815.123414368979,1,9
2404704,2024,20,116,1-20-2024-116-02,2,9,1,05:19,3,1,1,3,1,0,4,1,2,95,95,95,95,95,95,95,0,1,0,25.0067474296414,11,9
2404705,2024,11,141,1-11-2024-141-05,5,9,4,18:00,5,5,1,1,2,0,4,2,2,95,95,95,95,95,95,95,5,1,0,86.5730951129539,8,9
2404706,2024,11,142,1-11-2024-142-NM1,21,9,5,06:30,1,1,0,0,0,0,0,2,2,3,14,1,1,1,2,1,0,1,1,37.1071357763572,8,9
2404707,2024,11,143,1-11-2024-143-NM2,22,9,1,19:43,1,1,95,95,95,95,95,2,2,2,5,1,0,4,2,2,0,0,1,2037.79059287364,8,9
2404708,2024,24,130,1-24-2024-130-03,3,9,4,21:01,2,3,1,2,1,0,6,2,2,95,95,95,95,95,95,95,4,1,0,53.0684303957817,1,9
2404709,2024,24,131,1-24-2024-131-06,6,9,6,23:43,2,1,2,5,1,0,4,1,2,95,95,95,95,95,95,95,0,1,0,165.129672435837,1,9
2404710,2024,24,132,1-24-2024-132-04,4,9,3,19:48,1,2,0,0,0,0,0,2,2,95,95,95,95,95,95,95,4,1,0,189.887861088299,1,9
2404711,2024,25,125,1-25-2024-125-NM1,21,9,1,19:40,1,1,0,0,0,0,0,2,2,2,6,1,0,3,2,1,0,1,1,55.4169403670828,2,9
2404712,2024,25,126,1-25-2024-126-01,1,9,1,22:17,4,1,3,17,1,1,1,1,1,95,95,95,95,95,95,95,0,1,0,108.02276112787,2,9
2404713,2024,16,117,1-16-2024-117-02,2,9,6,03:12,1,2,2,5,2,0,3,1,2,95,95,95,95,95,95,95,2,1,0,39.1670441583168,5,9
2404714,2024,14,87,1-14-2024-087-09,9,9,2,16:50,3,4,1,2,1,0,4,9,9,95,95,95,95,95,95,95,1,1,0,3235.99988181783,8,9
2404715,2024,14,88,1-14-2024-088-09,9,9,3,04:28,1,1,99,99,0,0,9,9,9,95,95,95,95,95,95,95,0,1,0,3235.99988181783,8,9
2404716,2024,14,89,1-14-2024-089-05,5,9,2,10:23,2,2,3,27,1,1,3,9,9,95,95,95,95,95,95,95,2,1,0,76.4230415651045,8,9
2404717,2024,28,143,1-28-2024-143-09,9,9,1,19:10,4,1,1,1,1,0,0,2,2,95,95,95,95,95,95,95,0,1,0,34.7771381559099,3,9
2404718,2024,28,144,1-28-2024-144-06,6,9,7,05:54,1,1,1,1,1,0,4,1,2,95,95,95,95,95,95,95,0,1,0,44.5186799027896,3,9
2404719,2024,28,145,1-28-2024-145-06,6,9,7,01:28,1,1,1,1,1,0,4,2,2,95,95,95,95,95,95,95,0,1,0,44.5186799027896,3,9
2404720,2024,28,146,1-28-2024-146-10,10,9,4,06:45,6,1,0,0,0,0,0,2,2,95,95,95,95,95,95,95,0,1,0,80.5683609045318,3,9
2404721,2024,32,136,1-32-2024-136-02,2,9,7,03:11,3,2,2,12,3,0,3,1,2,95,95,95,95,95,95,95,4,1,0,13.4701686395906,7,9
2404723,2024,52,47,1-52-2024-047-06,6,8,6,09:55,1,2,99,99,0,0,9,2,2,95,95,95,95,95,95,95,4,1,0,397.838835286361,12,9
2404724,2024,27,146,1-27-2024-146-03,3,9,6,08:43,1,2,2,9,1,0,4,2,2,95,95,95,95,95,95,95,1,1,0,12.6103689545478,3,9
2404725,2024,27,147,1-27-2024-147-07,7,9,6,14:57,1,2,0,0,0,0,0,2,2,95,95,95,95,95,95,95,4,1,0,64.368915386855,3,9
2404726,2024,27,148,1-27-2024-148-09,9,9,7,00:41,8,1,1,2,2,0,4,9,9,95,95,95,95,95,95,95,0,1,0,27.6410568548522,3,9
2404727,2024,27,149,1-27-2024-149-04,4,9,6,13:26,1,2,1,1,1,0,0,2,2,95,95,95,95,95,95,95,9,1,0,18.7495302149441,3,9
2404728,2024,31,99,1-31-2024-099-10,10,9,7,19:31,1,1,99,99,0,0,0,1,9,95,95,95,95,95,95,95,0,1,0,419.593794787767,6,9
2404729,2024,31,100,1-31-2024-100-10,10,9,6,15:26,1,2,0,0,0,0,0,2,2,95,95,95,95,95,95,95,4,1,0,730.093202930715,6,9
2404730,2024,31,101,1-31-2024-101-04,4,9,6,09:05,1,2,0,0,0,0,0,9,9,95,95,95,95,95,95,95,1,1,0,386.371521041855,6,9
2404731,2024,31,102,1-31-2024-102-03,3,9,4,15:45,3,4,1,1,1,0,4,2,2,95,95,95,95,95,95,95,1,1,0,151.964719784207,6,9
2404732,2024,57,138,1-57-2024-138-03,3,9,4,09:30,1,2,99,99,0,0,8,9,2,95,95,95,95,95,95,95,4,1,0,96.670763203786,1,9
2404734,2024,15,181,1-15-2024-181-08,8,9,6,20:30,1,2,0,0,0,0,4,2,2,95,95,95,95,95,95,95,1,1,0,24.1312824272688,1,9
2404735,2024,15,182,1-15-2024-182-04,4,9,3,11:40,6,1,0,0,0,0,0,9,9,95,95,95,95,95,95,95,0,1,0,58.4198767812275,1,9
2404737,2024,82,128,1-82-2024-128-03,3,9,6,23:56,1,2,1,1,1,0,8,2,2,95,95,95,95,95,95,95,1,1,0,123.253428375684,1,9
2404739,2024,26,113,1-26-2024-113-09,9,9,2,20:10,1,2,9,97,1,0,0,2,2,95,95,95,95,95,95,95,9,1,0,12242.3665920591,10,9
2404740,2024,82,127,1-82-2024-127-05,5,9,7,17:19,2,1,1,1,1,0,8,2,2,95,95,95,95,95,95,95,0,1,0,23.9814262485552,1,9
2404741,2024,19,64,1-19-2024-064-04,4,9,6,22:32,1,1,0,0,0,0,0,2,2,95,95,95,95,95,95,95,0,1,0,218.709527546545,9,9
2404742,2024,21,107,1-21-2024-107-05,5,9,1,03:45,4,1,1,1,1,0,8,1,9,95,95,95,95,95,95,95,0,1,0,25.3232269794903,11,9
2404744,2024,21,109,1-21-2024-109-03,3,9,7,15:00,6,2,1,1,2,0,5,2,9,95,95,95,95,95,95,95,0,1,0,210.450883320732,11,9
2404745,2024,17,149,1-17-2024-149-04,4,9,6,04:52,1,1,0,0,0,0,0,2,2,95,95,95,95,95,95,95,0,1,0,380.588800488803,4,9
2404746,2024,17,150,1-17-2024-150-05,5,9,4,12:49,1,2,1,2,2,0,4,2,2,95,95,95,95,95,95,95,4,1,0,65.2966472785888,4,9
2404747,2024,17,151,1-17-2024-151-09,9,9,5,09:04,1,2,1,1,1,0,4,2,2,95,95,95,95,95,95,95,4,1,0,1089.80783611757,4,9
2404748,2024,17,152,1-17-2024-152-04,4,9,4,18:59,2,2,0,0,0,0,4,2,2,95,95,95,95,95,95,95,4,1,0,380.588800310182,4,9
2404749,2024,29,70,1-29-2024-070-09,9,9,6,08:30,4,1,1,1,1,0,5,2,2,95,95,95,95,95,95,95,0,1,0,324.836898794881,2,9
2404750,2024,29,71,1-29-2024-071-07,7,9,7,01:35,1,1,0,0,0,0,0,2,9,95,95,95,95,95,95,95,0,1,0,548.83867408701,2,9
2404751,2024,29,72,1-29-2024-072-02,2,9,1,17:57,1,2,1,1,1,0,4,1,2,95,95,95,95,95,95,95,4,1,0,47.2041781583424,2,9
2404753,2024,22,141,1-22-2024-141-09,9,8,2,20:18,1,2,1,1,2,0,0,2,2,95,95,95,95,95,95,95,4,1,0,250.524526663904,12,9
2404754,2024,22,142,1-22-2024-142-06,6,8,2,23:56,2,2,1,2,2,0,4,2,2,95,95,95,95,95,95,95,4,1,0,88.2065738868729,12,9
2404755,2024,22,143,1-22-2024-143-NM2,22,8,5,16:25,1,1,95,95,95,95,95,2,2,1,1,1,0,0,2,2,0,0,1,85.2845477308788,12,9
2404756,2024,15,183,1-15-2024-183-04,4,9,1,16:40,1,2,2,5,1,0,3,2,2,95,95,95,95,95,95,95,1,1,0,58.4198767720656,1,9
2404757,2024,21,110,1-21-2024-110-03,3,9,5,05:45,1,2,9,97,2,0,0,2,2,95,95,95,95,95,95,95,1,1,0,210.450883320732,11,9
2404758,2024,22,144,1-22-2024-144-06,6,8,2,19:25,1,1,1,1,1,0,4,2,2,95,95,95,95,95,95,95,0,1,0,83.3531700651186,12,9
2404759,2024,82,130,1-82-2024-130-09,9,9,6,08:40,1,2,9,97,1,0,8,2,2,95,95,95,95,95,95,95,4,1,0,1390.56215692009,1,9
2404760,2024,32,138,1-32-2024-138-NM1,21,9,7,18:33,1,1,0,0,0,0,0,1,9,6,75,1,1,1,2,1,0,1,1,41.8806863445024,7,9
2404761,2024,73,124,1-73-2024-124-09,9,8,2,18:21,7,1,0,0,0,0,4,1,2,95,95,95,95,95,95,95,0,1,0,161.364484930669,3,9
2404762,2024,66,94,1-66-2024-094-10,10,9,3,15:10,1,1,0,0,0,0,0,2,2,95,95,95,95,95,95,95,0,1,0,242.389498710963,6,9
2404763,2024,20,117,1-20-2024-117-03,3,5,3,17:52,1,2,1,2,2,0,4,2,2,95,95,95,95,95,95,95,4,1,0,300.042686508319,11,9
2404764,2024,33,92,1-33-2024-092-NM2,22,9,6,23:30,1,1,95,95,95,95,95,2,2,0,0,0,0,6,2,9,0,0,1,355.828360472917,12,9
2404765,2024,30,162,1-30-2024-162-03,3,9,4,11:45,2,2,99,99,0,0,0,2,2,95,95,95,95,95,95,95,4,1,0,790.869505357685,10,9
2404766,2024,81,118,1-81-2024-118-02,2,9,4,14:56,2,2,1,1,1,0,3,2,1,95,95,95,95,95,95,95,1,1,0,29.2612564861438,8,9
2404767,2024,81,119,1-81-2024-119-NM1,21,9,2,06:22,5,1,0,0,0,0,0,2,2,3,14,1,1,3,2,2,0,1,1,47.7030665360098,8,9
2404769,2024,77,153,1-77-2024-153-09,9,9,4,06:54,2,1,9,97,1,0,9,2,2,95,95,95,95,95,95,95,0,1,0,12242.3665920591,9,9
2404770,2024,77,154,1-77-2024-154-02,2,9,6,17:13,1,1,1,1,1,0,0,2,2,95,95,95,95,95,95,95,0,1,0,83.1566199866033,9,9
2404771,2024,62,139,1-62-2024-139-06,6,9,1,12:24,1,2,1,1,1,0,5,9,9,95,95,95,95,95,95,95,1,1,0,1296.21249548186,7,9
2404772,2024,62,140,1-62-2024-140-03,3,9,7,10:51,2,2,1,1,1,0,5,9,9,95,95,95,95,95,95,95,9,1,0,349.921677874821,7,9
2404773,2024,62,141,1-62-2024-141-03,3,9,4,08:53,1,2,2,5,1,0,4,9,9,95,95,95,95,95,95,95,4,1,0,349.92167787248,7,9
2404774,2024,62,142,1-62-2024-142-03,3,10,3,15:19,2,3,1,1,1,0,4,9,9,95,95,95,95,95,95,95,4,1,0,349.92167787248,7,9
2404775,2024,59,138,1-59-2024-138-03,3,9,1,20:50,3,2,1,1,1,0,6,2,2,95,95,95,95,95,95,95,4,1,0,42.3023913828698,6,9
2404777,2024,59,140,1-59-2024-140-03,3,9,4,17:00,1,2,0,0,0,0,5,2,2,95,95,95,95,95,95,95,4,1,0,42.3023913828698,6,9
2404778,2024,59,141,1-59-2024-141-03,3,10,6,17:53,1,2,1,1,1,0,4,2,2,95,95,95,95,95,95,95,4,1,0,42.3023913828698,6,9
2404779,2024,59,139,1-59-2024-139-07,7,10,4,14:24,1,2,0,0,0,0,0,2,2,95,95,95,95,95,95,95,4,1,0,816.506337233632,6,9
2404781,2024,10,89,1-10-2024-089-04,4,9,3,12:17,1,2,0,0,0,0,0,2,2,95,95,95,95,95,95,95,4,1,0,842.377586011299,4,9
2404782,2024,10,90,1-10-2024-090-03,3,9,1,10:35,2,2,99,99,0,0,8,2,2,95,95,95,95,95,95,95,4,1,0,195.471427219272,4,9
2404786,2024,57,141,1-57-2024-141-05,5,9,5,19:19,2,1,9,97,1,0,8,2,2,95,95,95,95,95,95,95,0,1,0,34.9847026100621,1,9
2404787,2024,57,142,1-57-2024-142-03,3,9,6,07:01,1,1,9,97,1,0,5,2,2,95,95,95,95,95,95,95,0,1,0,103.572376621149,1,9
2404788,2024,73,125,1-73-2024-125-03,3,9,6,01:00,4,1,1,1,1,0,4,1,9,95,95,95,95,95,95,95,0,1,0,25.8330013255976,3,9
2404789,2024,73,126,1-73-2024-126-07,7,9,6,16:01,1,2,1,2,1,0,6,9,9,95,95,95,95,95,95,95,4,1,0,605.662849299634,3,9
2404790,2024,67,39,1-67-2024-039-06,6,9,4,11:02,2,3,9,97,1,0,0,2,2,95,95,95,95,95,95,95,4,1,0,1404.3802802998,7,9
2404791,2024,48,154,1-48-2024-154-09,9,9,1,15:49,2,1,2,9,3,0,4,2,2,95,95,95,95,95,95,95,0,1,0,94.8892869895368,12,9
2404792,2024,48,155,1-48-2024-155-04,4,10,6,09:39,1,2,0,0,0,0,0,2,2,95,95,95,95,95,95,95,9,1,0,85.7677087053401,12,9
2404794,2024,48,157,1-48-2024-157-06,6,10,6,05:55,2,1,9,97,1,0,0,2,2,95,95,95,95,95,95,95,0,1,0,86.4307074675267,12,9
2404795,2024,54,108,1-54-2024-108-09,9,10,5,07:39,1,2,1,2,2,0,4,2,2,95,95,95,95,95,95,95,4,1,0,215.333286880865,9,9
2404796,2024,54,109,1-54-2024-109-07,7,9,2,19:34,2,1,0,0,0,0,0,2,2,95,95,95,95,95,95,95,0,1,0,449.749114529077,9,9
2404797,2024,12,91,1-12-2024-091-07,7,9,5,18:43,1,2,99,99,0,0,9,2,2,95,95,95,95,95,95,95,4,1,0,321.458377980766,9,9
2404798,2024,12,92,1-12-2024-092-07,7,10,4,07:58,1,2,0,0,0,0,0,2,2,95,95,95,95,95,95,95,4,1,0,321.458377980766,9,9
2404799,2024,12,93,1-12-2024-093-03,3,10,4,12:10,1,2,1,2,2,0,4,2,2,95,95,95,95,95,95,95,4,1,0,164.057323491007,9,9
2404800,2024,69,111,1-69-2024-111-04,4,10,3,18:02,2,2,99,99,0,0,0,2,2,95,95,95,95,95,95,95,1,1,0,162.395769775631,8,9
2404801,2024,69,112,1-69-2024-112-02,2,10,3,22:24,3,1,1,2,2,0,3,1,1,95,95,95,95,95,95,95,0,1,0,7.30201599951961,8,9
2404803,2024,79,94,1-79-2024-094-08,8,9,2,19:38,1,2,1,1,1,0,4,9,9,95,95,95,95,95,95,95,1,1,0,106.400423510374,8,9
2404804,2024,79,95,1-79-2024-095-03,3,9,2,12:01,1,2,1,2,2,0,4,2,9,95,95,95,95,95,95,95,4,1,0,148.892604215715,8,9
2404805,2024,66,95,1-66-2024-095-01,1,9,7,19:07,1,1,9,97,1,1,1,9,2,95,95,95,95,95,95,95,0,1,0,106.258770256521,6,9
2404806,2024,66,96,1-66-2024-096-03,3,9,1,19:58,2,3,1,1,2,0,4,2,2,95,95,95,95,95,95,95,1,1,0,96.0036958815834,6,9
2404807,2024,33,93,1-33-2024-093-03,3,9,7,13:05,2,3,1,3,2,0,3,2,2,95,95,95,95,95,95,95,4,1,0,33.6168445424995,12,9
2404808,2024,33,94,1-33-2024-094-03,3,9,2,10:40,2,2,1,1,1,0,4,2,2,95,95,95,95,95,95,95,1,1,0,33.6168445424995,12,9
2404809,2024,19,65,1-19-2024-065-09,9,10,6,18:50,1,2,0,0,0,0,4,2,2,95,95,95,95,95,95,95,1,1,0,717.496132319356,9,9
2404810,2024,19,66,1-19-2024-066-03,3,10,4,16:25,4,1,1,1,1,0,4,2,2,95,95,95,95,95,95,95,0,1,0,78.2738433732197,9,9
2404811,2024,17,153,1-17-2024-153-04,4,10,4,02:11,2,1,0,0,0,0,0,2,2,95,95,95,95,95,95,95,0,1,0,87.0390575319171,4,9
2404812,2024,17,154,1-17-2024-154-06,6,10,4,02:45,1,1,0,0,0,0,5,2,2,95,95,95,95,95,95,95,0,1,0,75.8375313880117,4,9
2404815,2024,57,143,1-57-2024-143-03,3,9,5,19:18,1,2,99,99,0,0,8,2,2,95,95,95,95,95,95,95,4,1,0,103.572376577751,1,9
2404816,2024,30,163,1-30-2024-163-NM2,22,9,2,13:18,1,1,95,95,95,95,95,2,2,1,1,1,0,6,9,9,0,0,1,814.767720332015,10,9
2404819,2024,20,118,1-20-2024-118-10,10,9,2,05:18,3,1,0,0,0,0,0,2,2,95,95,95,95,95,95,95,0,1,0,10261.0364593022,11,9
2404820,2024,20,119,1-20-2024-119-01,1,6,7,02:30,3,1,9,97,1,1,1,9,1,95,95,95,95,95,95,95,0,1,0,35.0220589332575,11,9
2404822,2024,11,145,1-11-2024-145-03,3,9,1,13:15,2,3,9,97,2,0,0,2,2,95,95,95,95,95,95,95,4,1,0,1695.08681338025,8,9
2404823,2024,24,133,1-24-2024-133-06,6,9,2,20:02,1,2,1,2,1,0,4,2,2,95,95,95,95,95,95,95,4,1,0,52.2007608551518,1,9
2404824,2024,24,134,1-24-2024-134-06,6,9,3,19:54,1,2,0,0,0,0,4,2,2,95,95,95,95,95,95,95,1,1,0,52.2007608551518,1,9
2404825,2024,24,135,1-24-2024-135-NM2,22,9,4,10:50,1,1,95,95,95,95,95,2,2,1,2,1,0,4,2,9,0,0,1,43.9956216097119,1,9
2404826,2024,24,136,1-24-2024-136-09,9,9,5,12:28,2,2,1,2,1,0,4,2,2,95,95,95,95,95,95,95,4,1,0,146.252474115792,1,9
2404827,2024,25,127,1-25-2024-127-NM1,21,10,5,13:44,3,1,0,0,0,0,0,9,9,3,14,1,1,3,2,2,0,1,1,46.3961698932894,2,9
2404828,2024,25,128,1-25-2024-128-NM1,21,10,7,18:57,1,1,0,0,0,0,0,2,2,1,1,1,0,4,2,2,0,1,1,46.3961698932894,2,9
2404830,2024,16,118,1-16-2024-118-04,4,9,2,05:35,2,2,0,0,0,0,0,2,2,95,95,95,95,95,95,95,5,1,0,1051.44737889773,5,9
2404832,2024,25,129,1-25-2024-129-05,5,10,7,12:14,2,2,1,1,1,0,4,2,2,95,95,95,95,95,95,95,4,1,0,72.2095218934614,2,9
2404837,2024,14,90,1-14-2024-090-05,5,9,4,23:40,3,1,3,22,4,2,3,1,1,95,95,95,95,95,95,95,0,1,0,85.9927626247339,8,9
2404838,2024,14,91,1-14-2024-091-03,3,9,2,14:28,2,3,1,1,1,0,4,9,9,95,95,95,95,95,95,95,4,1,0,725.08269440311,8,9
2404839,2024,14,92,1-14-2024-092-05,5,9,2,10:35,1,2,1,1,1,0,4,9,9,95,95,95,95,95,95,95,4,1,0,85.9927626247339,8,9
2404840,2024,28,147,1-28-2024-147-07,7,9,7,15:29,2,2,0,0,0,0,0,2,2,95,95,95,95,95,95,95,1,1,0,44.330330715033,3,9
2404843,2024,28,150,1-28-2024-150-07,7,10,7,19:07,2,1,0,0,0,0,0,1,2,95,95,95,95,95,95,95,0,1,0,44.330330715033,3,9
2404844,2024,32,139,1-32-2024-139-05,5,9,1,03:30,7,2,3,10,2,1,3,1,2,95,95,95,95,95,95,95,4,1,0,139.445576643167,7,9
2404845,2024,52,48,1-52-2024-048-03,3,9,2,13:18,2,1,1,1,1,0,4,2,2,95,95,95,95,95,95,95,0,1,0,163.738317035802,12,9
2404846,2024,57,144,1-57-2024-144-06,6,9,3,12:58,1,2,9,97,1,0,8,2,2,95,95,95,95,95,95,95,6,1,0,322.279601873712,1,9
2404847,2024,28,151,1-28-2024-151-07,7,10,7,17:34,1,2,0,0,0,0,0,2,2,95,95,95,95,95,95,95,1,1,0,44.330330715033,3,9
2404848,2024,27,150,1-27-2024-150-03,3,10,5,12:29,1,2,4,17,3,2,3,9,9,95,95,95,95,95,95,95,2,1,0,28.3860348414799,3,9
2404849,2024,27,151,1-27-2024-151-02,2,10,7,15:06,2,1,3,22,1,1,3,2,2,95,95,95,95,95,95,95,0,1,0,35.7945960703371,3,9
2404850,2024,27,152,1-27-2024-152-02,2,10,3,14:23,3,3,2,5,2,0,4,9,9,95,95,95,95,95,95,95,4,1,0,17.0270955559146,3,9
2404851,2024,27,153,1-27-2024-153-09,9,10,6,14:11,4,1,1,1,1,0,9,9,9,95,95,95,95,95,95,95,0,1,0,278.553110080579,3,9
2404852,2024,15,184,1-15-2024-184-06,6,9,6,16:25,1,2,4,18,1,1,3,2,2,95,95,95,95,95,95,95,4,1,0,104.28993970267,1,9
2404853,2024,15,185,1-15-2024-185-05,5,9,2,11:30,2,3,1,1,1,0,3,2,2,95,95,95,95,95,95,95,1,1,0,13.6400789963135,1,9
2404854,2024,15,186,1-15-2024-186-06,6,10,4,21:05,1,2,1,1,1,0,4,9,9,95,95,95,95,95,95,95,1,1,0,104.289939723413,1,9
2404856,2024,26,114,1-26-2024-114-01,1,7,1,00:15,4,1,3,9,2,1,1,1,1,95,95,95,95,95,95,95,0,1,0,139.37079801818,10,9
2404857,2024,26,115,1-26-2024-115-02,2,9,2,23:50,1,1,3,14,1,1,3,1,2,95,95,95,95,95,95,95,0,1,0,21.1529220587709,10,9
2404858,2024,29,73,1-29-2024-073-09,9,9,5,15:08,1,2,1,1,1,0,4,2,2,95,95,95,95,95,95,95,1,1,0,4396.4318039197,2,9
2404859,2024,29,74,1-29-2024-074-06,6,9,4,06:13,2,2,1,1,2,0,4,2,2,95,95,95,95,95,95,95,4,1,0,1928.26533178592,2,9
2404860,2024,29,75,1-29-2024-075-09,9,9,5,22:56,1,2,99,99,0,0,8,2,2,95,95,95,95,95,95,95,9,1,0,4396.43180528136,2,9
2404861,2024,82,131,1-82-2024-131-08,8,9,6,17:39,1,1,9,97,1,0,8,2,2,95,95,95,95,95,95,95,0,1,0,73.6648671641184,1,9
2404863,2024,82,133,1-82-2024-133-10,10,9,5,15:35,1,1,0,0,0,0,0,2,2,95,95,95,95,95,95,95,0,1,0,5129.13685209582,1,9
2404864,2024,82,134,1-82-2024-134-03,3,9,2,00:06,1,2,9,97,1,0,9,2,2,95,95,95,95,95,95,95,4,1,0,70.8323981126082,1,9
2404866,2024,21,112,1-21-2024-112-01,1,5,7,06:55,4,2,5,33,4,2,1,9,2,95,95,95,95,95,95,95,4,1,0,41.7819447214444,11,9
2404867,2024,22,145,1-22-2024-145-03,3,9,7,05:50,1,2,1,1,1,0,4,2,2,95,95,95,95,95,95,95,4,1,0,26.0912892801948,12,9
2404868,2024,22,146,1-22-2024-146-07,7,10,1,07:46,4,2,1,1,1,0,0,2,2,95,95,95,95,95,95,95,6,1,0,197.739270609814,12,9
2404871,2024,69,114,1-69-2024-114-04,4,10,1,01:45,3,1,0,0,0,0,0,2,2,95,95,95,95,95,95,95,0,1,0,162.395769775631,8,9
2404872,2024,16,120,1-16-2024-120-01,1,9,4,23:17,2,1,4,21,2,1,1,1,2,95,95,95,95,95,95,95,0,1,0,33.2407402789598,5,9
2404873,2024,15,188,1-15-2024-188-03,3,10,4,20:54,1,2,1,2,1,0,4,2,2,95,95,95,95,95,95,95,2,1,0,28.1538025775216,1,9
2404874,2024,18,123,1-18-2024-123-09,9,9,2,17:09,1,1,1,2,1,0,4,2,2,95,95,95,95,95,95,95,0,1,0,876.205400326151,6,9
2404875,2024,28,152,1-28-2024-152-10,10,9,6,00:11,3,1,0,0,0,0,0,2,2,95,95,95,95,95,95,95,0,1,0,80.5683609045318,3,9
2404876,2024,17,157,1-17-2024-157-04,4,10,5,19:12,1,2,1,2,1,0,4,2,2,95,95,95,95,95,95,95,4,1,0,87.0390575659239,4,9
2404877,2024,82,135,1-82-2024-135-06,6,9,3,18:04,1,2,9,97,4,0,0,2,2,95,95,95,95,95,95,95,2,1,0,220.40468525162,1,9
2404878,2024,81,121,1-81-2024-121-02,2,9,2,07:51,1,2,1,2,2,0,4,2,2,95,95,95,95,95,95,95,1,1,0,29.2612564861438,8,9
2404879,2024,21,113,1-21-2024-113-04,4,9,4,08:55,1,1,0,0,0,0,0,2,2,95,95,95,95,95,95,95,0,1,0,1142.96542034297,11,9
2404880,2024,31,103,1-31-2024-103-04,4,10,3,12:07,3,3,9,97,1,0,4,9,9,95,95,95,95,95,95,95,4,1,0,222.052598299916,6,9
2404881,2024,31,104,1-31-2024-104-09,9,10,2,09:45,2,1,1,1,1,0,9,2,2,95,95,95,95,95,95,95,0,1,0,161.39423315543,6,9
2404882,2024,76,140,1-76-2024-140-07,7,7,5,17:05,1,2,0,0,0,0,0,9,9,95,95,95,95,95,95,95,4,1,0,183.181627671056,3,9
2404883,2024,76,141,1-76-2024-141-04,4,7,3,06:34,1,2,0,0,0,0,0,9,9,95,95,95,95,95,95,95,1,1,0,159.257021770113,3,9
2404884,2024,76,142,1-76-2024-142-07,7,9,1,08:45,2,1,0,0,0,0,0,9,9,95,95,95,95,95,95,95,0,1,0,183.181627671056,3,9
2404885,2024,76,143,1-76-2024-143-04,4,9,2,16:29,1,1,0,0,0,0,0,9,9,95,95,95,95,95,95,95,0,1,0,86.4714255045695,3,9
2404886,2024,22,148,1-22-2024-148-NM2,22,9,2,17:01,1,1,95,95,95,95,95,2,2,2,5,1,0,3,2,2,0,0,1,35.1496027167127,12,9
2404887,2024,17,158,1-17-2024-158-NM2,22,10,3,18:13,1,1,95,95,95,95,95,2,2,3,19,1,1,3,2,2,0,0,1,62.2469031035836,4,9
2404888,2024,10,91,1-10-2024-091-05,5,10,5,11:00,2,3,2,5,3,0,4,2,1,95,95,95,95,95,95,95,1,1,0,23.1823599853285,4,9
2404889,2024,48,158,1-48-2024-158-09,9,10,5,11:55,1,2,9,97,1,0,9,2,2,95,95,95,95,95,95,95,4,1,0,94.8892869895368,12,9
2404890,2024,30,167,1-30-2024-167-NM2,22,9,1,00:10,1,1,95,95,95,95,95,2,2,3,22,1,1,1,2,1,0,0,1,814.767720370494,10,9
2404891,2024,81,122,1-81-2024-122-05,5,10,7,03:25,2,1,9,97,1,0,8,1,2,95,95,95,95,95,95,95,0,1,0,233.039908985717,8,9
2404892,2024,81,123,1-81-2024-123-05,5,10,1,17:40,1,2,1,1,1,0,4,2,2,95,95,95,95,95,95,95,4,1,0,233.039908985717,8,9
2404893,2024,81,124,1-81-2024-124-02,2,10,3,19:09,1,2,1,3,1,0,4,2,2,95,95,95,95,95,95,95,1,1,0,39.0463602579067,8,9
2404894,2024,62,143,1-62-2024-143-03,3,9,2,14:01,2,2,0,0,0,0,0,9,9,95,95,95,95,95,95,95,4,1,0,233.006833495632,7,9
2404895,2024,62,144,1-62-2024-144-03,3,10,6,17:44,1,2,1,1,1,0,0,9,9,95,95,95,95,95,95,95,4,1,0,233.006833495632,7,9
2404896,2024,62,145,1-62-2024-145-03,3,10,2,13:57,1,2,1,1,3,0,4,9,9,95,95,95,95,95,95,95,1,1,0,233.006833497191,7,9
2404897,2024,62,146,1-62-2024-146-06,6,10,7,10:28,4,4,1,1,2,0,5,9,9,95,95,95,95,95,95,95,4,1,0,863.125631210421,7,9
2404898,2024,59,142,1-59-2024-142-03,3,10,2,18:08,2,3,1,1,1,0,4,2,2,95,95,95,95,95,95,95,1,1,0,36.1342171260839,6,9
2404899,2024,59,143,1-59-2024-143-07,7,10,4,07:26,1,2,0,0,0,0,0,2,2,95,95,95,95,95,95,95,1,1,0,615.041076592964,6,9
2404900,2024,59,144,1-59-2024-144-06,6,10,4,13:57,1,2,1,1,1,0,4,2,2,95,95,95,95,95,95,95,4,1,0,161.008516066373,6,9
2404901,2024,59,145,1-59-2024-145-03,3,10,7,15:30,3,2,1,1,3,0,4,1,2,95,95,95,95,95,95,95,4,1,0,36.1342171260839,6,9
2404902,2024,57,145,1-57-2024-145-NM2,22,10,5,20:33,1,1,95,95,95,95,95,9,9,9,97,1,0,9,1,1,0,0,1,184.840196410829,1,9
2404904,2024,57,147,1-57-2024-147-04,4,10,3,08:44,1,2,0,0,0,0,0,2,2,95,95,95,95,95,95,95,1,1,0,466.023138963278,1,9
2404905,2024,57,148,1-57-2024-148-06,6,9,5,13:06,1,2,99,99,0,0,8,2,2,95,95,95,95,95,95,95,4,1,0,232.014851646256,1,9
2404906,2024,77,155,1-77-2024-155-NM1,21,10,5,19:25,1,1,0,0,0,0,0,2,9,3,10,1,1,1,2,9,0,1,1,113.21347390618,9,9
2404907,2024,77,156,1-77-2024-156-04,4,10,6,12:34,6,2,99,99,0,0,9,9,9,95,95,95,95,95,95,95,1,1,0,1586.45009650988,9,9
2404908,2024,77,157,1-77-2024-157-04,4,10,5,15:43,2,3,1,1,1,0,4,2,2,95,95,95,95,95,95,95,1,1,0,1586.45009650988,9,9
2404909,2024,77,158,1-77-2024-158-03,3,10,6,15:15,2,1,0,0,0,0,4,2,2,95,95,95,95,95,95,95,0,1,0,283.775942342132,9,9
2404910,2024,10,92,1-10-2024-092-08,8,10,1,10:40,2,2,3,19,2,1,3,2,2,95,95,95,95,95,95,95,4,1,0,158.575814400015,4,9
2404911,2024,10,93,1-10-2024-093-09,9,10,1,23:00,1,2,9,97,1,0,5,2,2,95,95,95,95,95,95,95,4,1,0,2003.16128419088,4,9
2404912,2024,10,94,1-10-2024-094-05,5,10,2,21:49,3,2,1,1,3,0,4,2,2,95,95,95,95,95,95,95,4,1,0,28.1401399399903,4,9
2404913,2024,57,149,1-57-2024-149-08,8,10,3,22:06,3,1,9,97,1,0,8,2,2,95,95,95,95,95,95,95,0,1,0,57.9551716084719,1,9
2404914,2024,67,40,1-67-2024-040-07,7,10,4,02:20,2,1,0,0,0,0,0,1,2,95,95,95,95,95,95,95,0,1,0,3022.4181734707,7,9
2404915,2024,67,41,1-67-2024-041-08,8,9,7,02:31,4,1,3,19,1,1,4,1,1,95,95,95,95,95,95,95,0,1,0,164.664778121044,7,9
2404916,2024,18,124,1-18-2024-124-06,6,9,4,13:25,1,2,9,97,1,0,0,2,2,95,95,95,95,95,95,95,1,1,0,356.201928897073,6,9
2404917,2024,18,125,1-18-2024-125-08,8,10,4,21:45,1,1,3,17,2,2,3,1,1,95,95,95,95,95,95,95,0,1,0,93.5595844976773,6,9
2404918,2024,73,127,1-73-2024-127-08,8,10,7,19:27,1,1,1,3,1,0,4,9,9,95,95,95,95,95,95,95,0,1,0,40.1180243892693,3,9
2404919,2024,73,128,1-73-2024-128-06,6,10,1,15:05,3,1,2,4,2,0,3,2,2,95,95,95,95,95,95,95,0,1,0,117.285282177035,3,9
2404920,2024,48,159,1-48-2024-159-06,6,10,3,15:31,1,1,1,1,1,0,6,2,2,95,95,95,95,95,95,95,0,1,0,86.4307074675267,12,9
2404921,2024,48,160,1-48-2024-160-04,4,10,1,16:24,2,1,0,0,0,0,0,2,2,95,95,95,95,95,95,95,0,1,0,85.7677087053401,12,9
2404922,2024,48,161,1-48-2024-161-06,6,10,1,20:55,2,1,9,97,1,0,8,1,2,95,95,95,95,95,95,95,0,1,0,86.4307074675267,12,9
2404924,2024,12,94,1-12-2024-094-NM1,21,9,5,20:33,1,1,0,0,0,0,0,2,9,2,8,1,0,3,1,2,0,1,1,263.286057296844,9,9
2404925,2024,12,95,1-12-2024-095-03,3,9,3,23:37,2,1,1,1,1,0,4,1,2,95,95,95,95,95,95,95,0,1,0,164.057323491007,9,9
2404926,2024,12,96,1-12-2024-096-07,7,9,2,06:30,1,1,0,0,0,0,0,2,2,95,95,95,95,95,95,95,0,1,0,321.458377980766,9,9
2404927,2024,54,110,1-54-2024-110-NM1,21,10,3,05:16,4,2,0,0,0,0,0,2,2,9,97,1,0,8,2,2,9,1,1,158.05614243884,9,9
2404928,2024,54,111,1-54-2024-111-05,5,10,1,12:50,2,2,1,1,3,0,4,2,2,95,95,95,95,95,95,95,4,1,0,197.085952214778,9,9
2404929,2024,30,168,1-30-2024-168-03,3,10,7,08:20,1,2,1,1,1,0,5,2,2,95,95,95,95,95,95,95,4,1,0,278.361823254596,10,9
2404932,2024,33,95,1-33-2024-095-04,4,10,4,21:31,3,1,99,99,0,0,0,1,2,95,95,95,95,95,95,95,0,1,0,365.73788033529,12,9
2404933,2024,33,96,1-33-2024-096-NM2,22,9,7,18:22,1,1,95,95,95,95,95,2,2,2,5,1,0,3,9,2,0,0,1,151.096542186302,12,9
2404934,2024,19,67,1-19-2024-067-03,3,10,3,14:03,1,2,3,10,3,1,3,2,1,95,95,95,95,95,95,95,4,1,0,122.471944698346,9,9
2404935,2024,19,68,1-19-2024-068-03,3,10,6,17:31,2,2,1,1,1,0,4,2,2,95,95,95,95,95,95,95,1,1,0,122.471944732135,9,9
2404936,2024,69,115,1-69-2024-115-04,4,10,2,16:35,1,2,0,0,0,0,0,2,2,95,95,95,95,95,95,95,4,1,0,104.112066997676,8,9
2404937,2024,69,116,1-69-2024-116-01,1,10,2,01:00,6,1,1,1,2,1,1,1,9,95,95,95,95,95,95,95,0,1,0,7.66811372485411,8,9
2404938,2024,69,117,1-69-2024-117-04,4,10,5,08:27,1,2,0,0,0,0,0,2,2,95,95,95,95,95,95,95,4,1,0,104.112066997676,8,9
2404940,2024,17,159,1-17-2024-159-03,3,10,6,12:50,1,2,0,0,0,0,0,2,2,95,95,95,95,95,95,95,4,1,0,103.559829749358,4,9
2404941,2024,17,160,1-17-2024-160-03,3,10,6,16:28,1,2,1,1,1,0,4,2,2,95,95,95,95,95,95,95,4,1,0,103.559829749358,4,9
2404942,2024,17,161,1-17-2024-161-06,6,10,5,13:24,1,2,9,97,1,0,5,2,2,95,95,95,95,95,95,95,4,1,0,383.615973992306,4,9
2404943,2024,24,137,1-24-2024-137-NM2,22,10,3,16:42,1,1,95,95,95,95,95,2,2,0,0,0,0,4,2,2,0,0,1,103.775968566411,1,9
2404944,2024,24,138,1-24-2024-138-04,4,9,1,21:43,4,2,0,0,0,0,0,2,2,95,95,95,95,95,95,95,4,1,0,141.591197107242,1,9
2404945,2024,24,139,1-24-2024-139-03,3,10,3,13:39,3,4,0,0,0,0,0,2,2,95,95,95,95,95,95,95,1,1,0,39.5708422080072,1,9
2404946,2024,60,72,1-60-2024-072-NM1,21,10,2,05:55,1,1,0,0,0,0,0,2,2,3,17,1,1,1,2,2,0,1,1,43.22330010499,8,9
2404947,2024,60,73,1-60-2024-073-02,2,10,4,18:17,6,1,1,1,1,0,4,2,2,95,95,95,95,95,95,95,0,1,0,34.2089348957855,8,9
2404948,2024,60,74,1-60-2024-074-03,3,10,7,12:00,2,2,1,1,3,0,4,2,2,95,95,95,95,95,95,95,4,1,0,707.484363933041,8,9
2404949,2024,25,130,1-25-2024-130-03,3,10,2,11:53,2,2,0,0,0,0,5,2,2,95,95,95,95,95,95,95,4,1,0,421.178032923036,2,9
2404950,2024,25,131,1-25-2024-131-03,3,10,3,05:43,1,2,0,0,0,0,0,2,2,95,95,95,95,95,95,95,4,1,0,421.178032869349,2,9
2404952,2024,11,147,1-11-2024-147-05,5,9,7,12:50,2,2,9,97,1,0,8,2,2,95,95,95,95,95,95,95,5,1,0,73.2779432619076,8,9
2404953,2024,11,148,1-11-2024-148-02,2,10,4,07:40,1,2,3,14,2,1,3,2,1,95,95,95,95,95,95,95,4,1,0,30.7614595081659,8,9
2404954,2024,16,121,1-16-2024-121-06,6,10,3,12:18,1,2,0,0,0,0,5,2,2,95,95,95,95,95,95,95,4,1,0,1938.27793484158,5,9
2404955,2024,16,122,1-16-2024-122-NM1,21,10,5,17:00,1,1,0,0,0,0,0,2,2,9,97,1,0,8,2,2,0,1,1,20.5106500164933,5,9
2404956,2024,14,93,1-14-2024-093-02,2,9,1,23:41,1,2,2,5,2,0,3,1,1,95,95,95,95,95,95,95,2,1,0,73.7387227230028,8,9
2404957,2024,14,94,1-14-2024-094-04,4,9,6,01:07,1,1,1,1,2,0,0,9,9,95,95,95,95,95,95,95,0,1,0,1497.44554492478,8,9
2404958,2024,14,95,1-14-2024-095-04,4,10,6,18:39,1,2,0,0,0,0,0,9,9,95,95,95,95,95,95,95,4,1,0,1497.44554492478,8,9
2404960,2024,32,141,1-32-2024-141-02,2,9,1,02:06,3,2,2,12,3,0,3,1,2,95,95,95,95,95,95,95,4,1,0,4.13903443658647,7,9
2404961,2024,52,49,1-52-2024-049-07,7,9,7,02:00,4,1,0,0,0,0,0,1,2,95,95,95,95,95,95,95,0,1,0,2023.69876111312,12,9
2404962,2024,28,153,1-28-2024-153-06,6,9,2,07:01,1,1,0,0,0,0,4,2,2,95,95,95,95,95,95,95,0,1,0,44.5186799027896,3,9
2404964,2024,28,155,1-28-2024-155-07,7,9,4,06:14,1,1,0,0,0,0,0,2,2,95,95,95,95,95,95,95,0,1,0,112.67681252621,3,9
2404965,2024,28,156,1-28-2024-156-07,7,9,7,20:00,1,1,0,0,0,0,0,2,2,95,95,95,95,95,95,95,0,1,0,112.67681252621,3,9
2404966,2024,48,162,1-48-2024-162-09,9,10,3,10:52,1,2,1,1,1,0,6,2,2,95,95,95,95,95,95,95,4,1,0,79.3898333031441,12,9
2404968,2024,66,97,1-66-2024-097-09,9,10,3,15:22,2,1,1,1,1,0,4,2,2,95,95,95,95,95,95,95,0,1,0,138.72411861014,6,9
2404969,2024,66,98,1-66-2024-098-01,1,10,7,16:00,1,2,3,12,5,1,1,2,2,95,95,95,95,95,95,95,2,1,0,106.258770256521,6,9
2404970,2024,20,120,1-20-2024-120-NM1,21,9,6,20:03,1,1,0,0,0,0,0,2,2,3,10,1,1,1,9,9,0,1,1,42.5846152120555,11,9
2404971,2024,21,114,1-21-2024-114-07,7,10,3,14:24,1,1,0,0,0,0,0,2,2,95,95,95,95,95,95,95,0,1,0,1525.64473923219,11,9
2404973,2024,21,116,1-21-2024-116-01,1,1,4,07:30,2,3,3,14,2,1,1,2,1,95,95,95,95,95,95,95,6,1,0,21.1221156250567,11,9
2404974,2024,27,154,1-27-2024-154-09,9,10,4,19:14,2,1,1,1,1,0,3,2,2,95,95,95,95,95,95,95,0,1,0,183.824915190575,3,9
2404975,2024,27,155,1-27-2024-155-03,3,10,6,17:52,1,2,1,1,1,0,4,2,9,95,95,95,95,95,95,95,1,1,0,18.7327308831734,3,9
2404976,2024,27,156,1-27-2024-156-03,3,10,6,13:44,1,2,0,0,0,0,4,2,9,95,95,95,95,95,95,95,1,1,0,18.7327308831734,3,9
2404977,2024,27,157,1-27-2024-157-02,2,10,1,19:40,5,1,1,2,2,0,4,1,9,95,95,95,95,95,95,95,0,1,0,16.0023432140122,3,9
2404979,2024,29,77,1-29-2024-077-08,8,10,1,04:34,3,1,3,14,1,1,3,1,2,95,95,95,95,95,95,95,0,1,0,39.2585768272332,2,9
2404981,2024,26,116,1-26-2024-116-03,3,10,3,16:45,2,1,9,97,1,0,8,2,2,95,95,95,95,95,95,95,0,1,0,886.836948962602,10,9
2404982,2024,26,117,1-26-2024-117-02,2,10,4,09:40,1,2,0,0,0,0,4,2,2,95,95,95,95,95,95,95,4,1,0,21.1529220587709,10,9
2404985,2024,82,138,1-82-2024-138-06,6,9,5,06:37,2,1,9,97,1,0,9,1,9,95,95,95,95,95,95,95,0,1,0,296.453213622496,1,9
2404986,2024,82,139,1-82-2024-139-03,3,9,2,07:47,1,1,1,1,1,0,9,2,2,95,95,95,95,95,95,95,0,1,0,95.2724395487845,1,9
2404989,2024,15,191,1-15-2024-191-06,6,9,4,15:09,1,2,2,5,1,0,3,9,9,95,95,95,95,95,95,95,4,1,0,74.9369173708052,1,9
2404990,2024,15,192,1-15-2024-192-04,4,10,2,08:30,2,2,0,0,0,0,0,9,9,95,95,95,95,95,95,95,4,1,0,76.8926077473527,1,9
2404992,2024,22,150,1-22-2024-150-03,3,10,2,15:10,2,1,1,1,1,0,5,2,2,95,95,95,95,95,95,95,0,1,0,28.3765658017979,12,9
2404994,2024,31,105,1-31-2024-105-10,10,10,4,15:40,1,2,0,0,0,0,0,2,2,95,95,95,95,95,95,95,1,1,0,419.593794787767,6,9
2404995,2024,31,106,1-31-2024-106-10,10,10,3,06:25,1,1,0,0,0,0,0,9,9,95,95,95,95,95,95,95,0,1,0,419.593794787767,6,9
2404996,2024,31,107,1-31-2024-107-10,10,10,3,22:00,2,1,0,0,0,0,0,9,9,95,95,95,95,95,95,95,0,1,0,419.593794787767,6,9
2404997,2024,31,108,1-31-2024-108-04,4,10,6,16:22,1,2,0,0,0,0,0,2,2,95,95,95,95,95,95,95,1,1,0,222.052598299916,6,9
2404998,2024,28,157,1-28-2024-157-04,4,9,5,14:29,2,3,1,1,3,0,4,2,2,95,95,95,95,95,95,95,1,1,0,47.851485985308,3,9
2404999,2024,29,79,1-29-2024-079-04,4,10,7,14:33,2,2,9,97,1,0,0,9,9,95,95,95,95,95,95,95,5,1,0,163.218801757203,2,9
2405000,2024,15,193,1-15-2024-193-03,3,10,6,18:15,2,2,9,97,2,0,4,9,9,95,95,95,95,95,95,95,0,1,0,20.2297477833914,1,9
2405001,2024,15,194,1-15-2024-194-07,7,10,3,07:30,1,2,0,0,0,0,0,9,9,95,95,95,95,95,95,95,4,1,0,437.990920897091,1,9
2405002,2024,22,152,1-22-2024-152-03,3,9,3,16:50,1,2,9,97,1,0,9,2,2,95,95,95,95,95,95,95,4,1,0,28.3765658017979,12,9
2405003,2024,69,119,1-69-2024-119-03,3,10,7,08:10,1,2,0,0,0,0,4,2,2,95,95,95,95,95,95,95,4,1,0,26.9832944416769,8,9
2405004,2024,82,140,1-82-2024-140-03,3,9,1,18:53,1,2,0,0,0,0,0,2,2,95,95,95,95,95,95,95,9,1,0,95.2724395487845,1,9
2405005,2024,82,141,1-82-2024-141-03,3,9,1,16:28,1,2,1,1,2,0,8,2,2,95,95,95,95,95,95,95,4,1,0,95.2724395487845,1,9
2405006,2024,29,80,1-29-2024-080-04,4,10,1,06:42,2,1,0,0,0,0,8,2,2,95,95,95,95,95,95,95,0,1,0,163.218801757203,2,9
2405007,2024,30,171,1-30-2024-171-NM2,22,10,5,06:58,1,1,95,95,95,95,95,2,2,1,1,1,0,6,2,2,0,0,1,699.896518115335,10,9
2405008,2024,22,153,1-22-2024-153-03,3,10,3,17:15,5,2,2,4,3,0,3,2,2,95,95,95,95,95,95,95,4,1,0,28.3765658017979,12,9
2405009,2024,30,172,1-30-2024-172-NM2,22,10,7,20:18,1,1,95,95,95,95,95,2,2,1,1,1,0,5,2,2,0,0,1,699.896518145871,10,9
2405010,2024,21,117,1-21-2024-117-04,4,9,7,02:14,5,1,0,0,0,0,0,1,2,95,95,95,95,95,95,95,0,1,0,343.131878610287,11,9
2405011,2024,11,149,1-11-2024-149-07,7,10,4,22:46,2,1,0,0,0,0,0,2,1,95,95,95,95,95,95,95,0,1,0,10606.7390180541,8,9
2405012,2024,81,125,1-81-2024-125-02,2,10,5,14:26,2,3,1,3,1,0,4,2,2,95,95,95,95,95,95,95,5,1,0,20.6727672091787,8,9
2405013,2024,81,126,1-81-2024-126-02,2,9,2,17:30,1,2,0,0,0,0,3,1,1,95,95,95,95,95,95,95,6,1,0,20.6727672091787,8,9
2405014,2024,81,127,1-81-2024-127-02,2,10,1,21:50,2,2,2,6,2,0,3,2,2,95,95,95,95,95,95,95,4,1,0,20.6727672091787,8,9
2405015,2024,81,128,1-81-2024-128-07,7,10,3,11:45,1,2,1,1,2,0,0,2,2,95,95,95,95,95,95,95,1,1,0,11794.2038037789,8,9
2405016,2024,59,146,1-59-2024-146-10,10,10,5,16:53,1,1,0,0,0,0,0,2,2,95,95,95,95,95,95,95,0,1,0,20322.5451158339,6,9
2405017,2024,59,147,1-59-2024-147-05,5,10,5,12:03,2,2,1,1,1,0,4,2,2,95,95,95,95,95,95,95,4,1,0,53.1907731759788,6,9
2405018,2024,59,148,1-59-2024-148-05,5,10,6,15:30,3,2,2,6,4,0,3,2,2,95,95,95,95,95,95,95,4,1,0,53.1907731759788,6,9
2405021,2024,62,148,1-62-2024-148-02,2,10,3,16:40,1,1,2,6,1,0,3,2,9,95,95,95,95,95,95,95,0,1,0,40.5230025519482,7,9
2405023,2024,62,150,1-62-2024-150-03,3,10,6,16:16,2,2,9,97,1,0,0,9,9,95,95,95,95,95,95,95,4,1,0,475.642768161619,7,9
2405025,2024,10,96,1-10-2024-096-05,5,10,2,01:56,7,2,3,14,1,1,3,1,1,95,95,95,95,95,95,95,1,1,0,75.3748060493564,4,9
2405028,2024,57,151,1-57-2024-151-06,6,10,3,18:55,1,2,9,97,2,0,8,9,9,95,95,95,95,95,95,95,4,1,0,250.484917050996,1,9
2405029,2024,57,152,1-57-2024-152-07,7,10,6,10:16,2,2,99,99,0,0,8,2,2,95,95,95,95,95,95,95,4,1,0,905.08582103706,1,9
2405030,2024,77,159,1-77-2024-159-07,7,10,2,22:09,1,1,0,0,0,0,0,2,2,95,95,95,95,95,95,95,0,1,0,6592.58662467234,9,9
2405031,2024,77,160,1-77-2024-160-03,3,10,4,19:59,1,2,99,99,0,0,9,9,2,95,95,95,95,95,95,95,4,1,0,357.573245992982,9,9
2405032,2024,77,161,1-77-2024-161-05,5,10,7,23:30,3,1,1,1,1,0,4,2,9,95,95,95,95,95,95,95,0,1,0,90.6570748528622,9,9
2405036,2024,67,42,1-67-2024-042-04,4,10,7,12:05,2,3,0,0,0,0,0,2,2,95,95,95,95,95,95,95,4,1,0,220.321806061426,7,9
2405037,2024,67,43,1-67-2024-043-07,7,10,4,07:49,1,2,99,99,0,0,0,2,2,95,95,95,95,95,95,95,4,1,0,659.890061085005,7,9
2405038,2024,54,112,1-54-2024-112-03,3,10,3,11:42,1,2,2,4,1,0,4,2,2,95,95,95,95,95,95,95,9,1,0,165.751981145753,9,9
2405039,2024,12,97,1-12-2024-097-06,6,9,7,06:37,5,1,99,99,0,0,0,2,2,95,95,95,95,95,95,95,0,1,0,370.051856891055,9,9
2405040,2024,12,98,1-12-2024-098-04,4,10,7,09:43,1,2,0,0,0,0,0,9,9,95,95,95,95,95,95,95,4,1,0,402.727163211704,9,9
2405041,2024,62,147,1-62-2024-147-04,4,10,4,15:48,1,2,0,0,0,0,0,9,9,95,95,95,95,95,95,95,4,1,0,1765.71659697756,7,9
2405042,2024,18,126,1-18-2024-126-NM2,22,10,5,16:43,1,1,95,95,95,95,95,2,2,9,97,1,0,9,2,2,0,0,1,352.555780341459,6,9
2405043,2024,18,127,1-18-2024-127-03,3,10,3,16:36,2,2,1,1,2,0,6,2,2,95,95,95,95,95,95,95,1,1,0,103.062257832232,6,9
2405044,2024,48,163,1-48-2024-163-03,3,10,2,18:50,1,1,0,0,0,0,4,9,2,95,95,95,95,95,95,95,0,1,0,74.7268694441639,12,9
2405045,2024,48,164,1-48-2024-164-06,6,10,5,20:54,1,1,2,4,1,0,4,2,2,95,95,95,95,95,95,95,0,1,0,377.586236118,12,9
2405046,2024,73,130,1-73-2024-130-09,9,10,1,11:20,2,2,3,14,3,1,4,1,2,95,95,95,95,95,95,95,9,1,0,120.415752203677,3,9
2405047,2024,33,97,1-33-2024-097-NM1,21,9,4,20:13,2,1,0,0,0,0,0,2,2,2,6,2,0,3,2,2,0,1,1,55.4261582929793,12,9
2405048,2024,30,173,1-30-2024-173-10,10,10,6,06:49,3,2,0,0,0,0,0,2,2,95,95,95,95,95,95,95,4,1,0,24230.4540548434,10,9
2405049,2024,30,174,1-30-2024-174-NM1,21,10,4,18:25,1,1,0,0,0,0,0,2,2,5,38,1,1,1,2,2,0,1,1,35.2170995864478,10,9
2405050,2024,69,120,1-69-2024-120-08,8,10,3,14:45,1,2,3,11,3,2,3,2,2,95,95,95,95,95,95,95,4,1,0,43.4057771952858,8,9
2405051,2024,69,121,1-69-2024-121-06,6,10,3,18:40,1,2,0,0,0,0,4,2,2,95,95,95,95,95,95,95,1,1,0,112.076311829614,8,9
2405052,2024,69,122,1-69-2024-122-10,10,10,2,13:40,1,2,0,0,0,0,0,2,2,95,95,95,95,95,95,95,4,1,0,2512.83197227953,8,9
2405054,2024,19,69,1-19-2024-069-06,6,10,6,10:51,3,3,1,1,1,0,4,2,2,95,95,95,95,95,95,95,4,1,0,738.592711027733,9,9
2405055,2024,19,70,1-19-2024-070-04,4,10,6,12:38,1,2,0,0,0,0,0,2,2,95,95,95,95,95,95,95,5,1,0,789.695397346962,9,9
2405056,2024,20,121,1-20-2024-121-05,5,10,3,20:43,1,2,3,10,1,1,4,2,2,95,95,95,95,95,95,95,4,1,0,153.014999601429,11,9
2405057,2024,17,162,1-17-2024-162-04,4,10,7,19:33,1,2,0,0,0,0,0,2,2,95,95,95,95,95,95,95,4,1,0,397.570667842794,4,9
2405059,2024,17,164,1-17-2024-164-03,3,9,1,02:45,1,1,2,9,1,0,6,1,2,95,95,95,95,95,95,95,0,1,0,93.5145067425974,4,9
2405060,2024,17,165,1-17-2024-165-03,3,10,7,15:57,1,2,2,4,2,0,4,2,2,95,95,95,95,95,95,95,1,1,0,93.5145067425974,4,9
2405061,2024,57,153,1-57-2024-153-03,3,10,7,17:05,2,1,9,97,1,0,5,2,2,95,95,95,95,95,95,95,0,1,0,80.4994111175718,1,9
2405062,2024,79,96,1-79-2024-096-09,9,10,5,22:51,1,2,1,1,1,0,4,1,9,95,95,95,95,95,95,95,4,1,0,337.697615678652,8,9
2405063,2024,79,97,1-79-2024-097-06,6,10,7,20:00,1,2,99,99,0,0,0,9,9,95,95,95,95,95,95,95,4,1,0,138.57476538574,8,9
2405064,2024,10,98,1-10-2024-098-03,3,10,4,15:22,1,2,9,97,1,0,5,2,2,95,95,95,95,95,95,95,4,1,0,137.678201633279,4,9
2405065,2024,24,140,1-24-2024-140-03,3,9,7,21:09,2,1,1,1,1,0,9,2,2,95,95,95,95,95,95,95,0,1,0,101.332311537624,1,9
2405066,2024,24,141,1-24-2024-141-06,6,10,5,18:48,1,2,0,0,0,0,5,2,2,95,95,95,95,95,95,95,4,1,0,315.309333375426,1,9
2405067,2024,24,142,1-24-2024-142-03,3,9,1,14:47,2,2,3,18,2,1,3,2,1,95,95,95,95,95,95,95,4,1,0,101.332311537624,1,9
2405068,2024,11,150,1-11-2024-150-01,1,10,1,06:27,5,2,4,34,1,1,1,2,2,95,95,95,95,95,95,95,5,1,0,37.1443494829188,8,9
2405069,2024,11,151,1-11-2024-151-NM1,21,10,6,14:00,2,1,0,0,0,0,0,2,2,1,1,1,0,3,2,2,0,1,1,37.1071357763572,8,9
2405070,2024,11,152,1-11-2024-152-07,7,10,2,16:10,1,2,0,0,0,0,0,2,2,95,95,95,95,95,95,95,6,1,0,5355.03564412817,8,9
2405072,2024,60,76,1-60-2024-076-01,1,10,3,14:00,1,2,4,24,5,4,1,2,2,95,95,95,95,95,95,95,4,1,0,40.1207873048432,8,9
2405074,2024,16,123,1-16-2024-123-NM1,21,10,4,17:00,3,1,0,0,0,0,0,2,2,0,0,0,0,4,2,2,0,1,1,43.3211199928482,5,9
2405075,2024,25,132,1-25-2024-132-04,4,10,2,18:39,1,1,0,0,0,0,0,9,9,95,95,95,95,95,95,95,0,1,0,203.916836761992,2,9
2405076,2024,25,133,1-25-2024-133-06,6,10,6,07:54,1,2,0,0,0,0,0,2,2,95,95,95,95,95,95,95,1,1,0,209.130644619841,2,9
2405077,2024,25,134,1-25-2024-134-02,2,10,6,12:11,1,1,1,1,1,0,3,2,2,95,95,95,95,95,95,95,0,1,0,56.260038334613,2,9
2405078,2024,25,135,1-25-2024-135-09,9,10,7,23:04,3,1,0,0,0,0,5,2,2,95,95,95,95,95,95,95,0,1,0,490.950273628023,2,9
2405082,2024,76,147,1-76-2024-147-03,3,10,3,19:07,1,2,3,17,3,2,3,9,9,95,95,95,95,95,95,95,4,1,0,71.5495535595937,3,9
2405083,2024,14,96,1-14-2024-096-05,5,10,1,20:22,2,1,2,5,1,0,3,9,9,95,95,95,95,95,95,95,0,1,0,76.4230415651045,8,9
2405084,2024,14,97,1-14-2024-097-04,4,10,1,11:01,1,2,0,0,0,0,0,9,9,95,95,95,95,95,95,95,4,1,0,1991.79011632565,8,9
2405085,2024,14,98,1-14-2024-098-08,8,10,3,12:42,2,1,3,14,2,1,4,2,9,95,95,95,95,95,95,95,0,1,0,330.477317677332,8,9
2405086,2024,66,99,1-66-2024-099-06,6,10,5,17:35,2,2,1,2,5,0,4,2,2,95,95,95,95,95,95,95,4,1,0,172.523827899835,6,9
2405087,2024,66,100,1-66-2024-100-05,5,10,5,16:30,3,1,2,5,2,0,3,2,2,95,95,95,95,95,95,95,0,1,0,116.980491892491,6,9
2405088,2024,82,142,1-82-2024-142-03,3,9,7,03:24,1,2,9,97,2,0,9,9,9,95,95,95,95,95,95,95,4,1,0,123.396006386329,1,9
2405090,2024,82,144,1-82-2024-144-06,6,9,1,01:23,1,2,9,97,2,0,8,2,2,95,95,95,95,95,95,95,4,1,0,383.96353462407,1,9
2405091,2024,82,145,1-82-2024-145-03,3,9,5,16:26,1,2,9,97,1,0,0,2,2,95,95,95,95,95,95,95,4,1,0,149.602499837622,1,9
2405092,2024,28,158,1-28-2024-158-03,3,10,5,17:57,1,2,1,1,1,0,4,2,2,95,95,95,95,95,95,95,9,1,0,28.5592736546676,3,9
2405093,2024,28,159,1-28-2024-159-04,4,10,6,14:50,1,2,0,0,0,0,0,2,2,95,95,95,95,95,95,95,4,1,0,178.562662132192,3,9
2405094,2024,28,160,1-28-2024-160-06,6,10,3,14:30,1,2,0,0,0,0,0,2,2,95,95,95,95,95,95,95,4,1,0,144.306709564321,3,9
2405095,2024,32,143,1-32-2024-143-03,3,10,3,16:07,2,3,1,3,1,0,4,2,2,95,95,95,95,95,95,95,1,1,0,1053.21266568161,7,9
2405096,2024,32,144,1-32-2024-144-NM1,21,10,3,06:11,1,1,0,0,0,0,0,1,2,4,29,1,1,3,1,1,0,1,1,65.0700959465246,7,9
2405097,2024,52,50,1-52-2024-050-09,9,10,4,13:03,3,1,1,1,1,0,4,1,9,95,95,95,95,95,95,95,0,1,0,214.37338525269,12,9
2405099,2024,60,75,1-60-2024-075-03,3,10,4,20:27,2,2,1,2,2,0,4,2,2,95,95,95,95,95,95,95,4,1,0,321.683073044114,8,9
2405100,2024,60,78,1-60-2024-078-03,3,10,1,08:40,1,2,2,5,2,0,4,1,2,95,95,95,95,95,95,95,2,1,0,321.683073030639,8,9
2405101,2024,10,99,1-10-2024-099-08,8,10,3,07:57,1,2,3,10,1,1,3,2,2,95,95,95,95,95,95,95,2,1,0,92.0132231095475,4,9
2405102,2024,76,148,1-76-2024-148-06,6,10,4,09:25,1,1,99,99,0,0,0,9,9,95,95,95,95,95,95,95,0,1,0,86.1549159902945,3,9
2405103,2024,27,158,1-27-2024-158-09,9,10,6,18:36,2,2,3,10,2,1,4,1,1,95,95,95,95,95,95,95,9,1,0,90.9907552623448,3,9
2405104,2024,27,159,1-27-2024-159-04,4,10,5,16:50,2,3,1,1,1,0,0,9,9,95,95,95,95,95,95,95,4,1,0,54.2607504864428,3,9
2405105,2024,27,160,1-27-2024-160-NM2,22,10,3,16:35,1,1,95,95,95,95,95,2,9,1,1,1,0,4,2,2,0,0,1,35.0197990149152,3,9
2405106,2024,27,161,1-27-2024-161-NM2,22,10,6,11:39,1,1,95,95,95,95,95,2,9,1,1,1,0,4,2,2,0,0,1,35.0197990231484,3,9
2405107,2024,26,118,1-26-2024-118-05,5,10,6,15:26,1,2,3,19,1,1,3,2,2,95,95,95,95,95,95,95,1,1,0,77.544217826064,10,9
2405108,2024,26,119,1-26-2024-119-05,5,10,3,15:30,9,2,2,8,5,0,3,2,9,95,95,95,95,95,95,95,4,1,0,77.544217826064,10,9
2405109,2024,15,195,1-15-2024-195-03,3,10,7,15:50,1,2,1,1,2,0,0,9,9,95,95,95,95,95,95,95,1,1,0,29.3665299677007,1,9
2405110,2024,15,196,1-15-2024-196-02,2,10,6,21:30,3,1,2,5,1,0,4,9,9,95,95,95,95,95,95,95,0,1,0,13.160978448786,1,9
2405111,2024,15,197,1-15-2024-197-NM2,22,10,5,16:25,1,1,95,95,95,95,95,9,9,1,1,1,0,4,9,9,0,0,1,69.3276767334112,1,9
2405114,2024,21,119,1-21-2024-119-03,3,10,5,16:30,1,2,2,5,1,0,4,2,2,95,95,95,95,95,95,95,4,1,0,148.195347487054,11,9
2405115,2024,21,120,1-21-2024-120-05,5,10,1,01:51,6,2,4,24,6,1,3,1,9,95,95,95,95,95,95,95,0,1,0,22.3979516230092,11,9
2405116,2024,69,124,1-69-2024-124-07,7,10,6,19:50,2,1,0,0,0,0,0,2,2,95,95,95,95,95,95,95,0,1,0,454.78095512756,8,9
2405117,2024,29,81,1-29-2024-081-05,5,9,7,12:00,1,2,1,2,1,0,4,2,2,95,95,95,95,95,95,95,1,1,0,439.446667333394,2,9
2405119,2024,29,83,1-29-2024-083-03,3,10,3,17:37,1,2,1,1,1,0,4,9,9,95,95,95,95,95,95,95,4,1,0,470.779692469851,2,9
2405120,2024,22,154,1-22-2024-154-NM2,22,10,4,18:32,1,1,95,95,95,95,95,2,2,3,9,1,1,3,2,2,0,0,1,64.1408737687855,12,9
2405121,2024,22,155,1-22-2024-155-NM2,22,10,1,16:02,1,1,95,95,95,95,95,2,2,1,1,1,0,4,2,2,0,0,1,64.1408737687855,12,9
2405123,2024,22,157,1-22-2024-157-07,7,10,3,14:29,3,1,0,0,0,0,0,1,2,95,95,95,95,95,95,95,0,1,0,360.833938794002,12,9
2405124,2024,76,149,1-76-2024-149-04,4,10,3,06:53,2,1,0,0,0,0,0,9,9,95,95,95,95,95,95,95,0,1,0,123.773905250371,3,9
2405125,2024,76,150,1-76-2024-150-04,4,10,7,20:10,2,2,0,0,0,0,0,9,9,95,95,95,95,95,95,95,4,1,0,123.773905250371,3,9
2405126,2024,15,199,1-15-2024-199-06,6,10,4,13:00,1,2,1,1,1,0,4,9,9,95,95,95,95,95,95,95,1,1,0,108.78223753879,1,9
2405127,2024,82,146,1-82-2024-146-03,3,9,5,07:48,2,2,9,97,1,0,8,2,2,95,95,95,95,95,95,95,4,1,0,123.396006386329,1,9
2405128,2024,21,121,1-21-2024-121-03,3,10,3,04:04,3,1,1,1,1,0,8,1,2,95,95,95,95,95,95,95,0,1,0,148.195347517749,11,9
2405129,2024,22,158,1-22-2024-158-04,4,10,6,12:03,3,3,1,1,1,0,4,2,2,95,95,95,95,95,95,95,4,1,0,115.936744622161,12,9
2405130,2024,29,84,1-29-2024-084-09,9,9,7,18:19,3,1,9,97,1,0,9,2,2,95,95,95,95,95,95,95,0,1,0,3339.95138500317,2,9
2405131,2024,62,151,1-62-2024-151-04,4,10,6,17:15,1,2,1,1,1,0,0,9,9,95,95,95,95,95,95,95,4,1,0,1765.71659697756,7,9
2405132,2024,17,166,1-17-2024-166-07,7,10,2,06:51,1,1,0,0,0,0,0,2,2,95,95,95,95,95,95,95,0,1,0,1222.27023854147,4,9
2405133,2024,81,129,1-81-2024-129-05,5,10,6,10:32,3,1,2,12,1,0,3,1,2,95,95,95,95,95,95,95,0,1,0,118.464453728865,8,9
2405134,2024,81,130,1-81-2024-130-NM1,21,10,6,00:16,1,1,0,0,0,0,0,1,2,2,5,1,0,4,2,2,0,1,1,32.358742659987,8,9
2405135,2024,81,131,1-81-2024-131-02,2,10,7,16:40,1,2,3,14,2,1,3,1,2,95,95,95,95,95,95,95,2,1,0,19.8489853441235,8,9
2405136,2024,81,132,1-81-2024-132-04,4,10,3,08:20,1,2,0,0,0,0,0,2,2,95,95,95,95,95,95,95,5,1,0,3153.33434013987,8,9
2405137,2024,12,99,1-12-2024-099-06,6,9,4,06:53,1,2,99,99,0,0,0,2,2,95,95,95,95,95,95,95,1,1,0,452.729978581983,9,9
2405139,2024,12,101,1-12-2024-101-03,3,9,7,02:46,2,1,0,0,0,0,0,1,2,95,95,95,95,95,95,95,0,1,0,164.057323491007,9,9
2405140,2024,59,150,1-59-2024-150-04,4,10,6,04:27,3,1,0,0,0,0,0,9,2,95,95,95,95,95,95,95,0,1,0,619.324138047773,6,9
2405141,2024,59,151,1-59-2024-151-04,4,10,3,16:34,1,2,0,0,0,0,0,2,2,95,95,95,95,95,95,95,4,1,0,619.324138047773,6,9
2405142,2024,59,152,1-59-2024-152-05,5,10,1,09:33,1,2,1,1,1,0,4,9,9,95,95,95,95,95,95,95,1,1,0,53.1907731759788,6,9
2405143,2024,13,76,1-13-2024-076-05,5,10,1,04:01,2,1,3,14,1,1,3,1,1,95,95,95,95,95,95,95,0,1,0,173.721593153865,7,9
2405144,2024,48,165,1-48-2024-165-09,9,10,6,07:16,1,2,9,97,1,0,0,2,2,95,95,95,95,95,95,95,1,1,0,69.6007046591066,12,9
2405145,2024,48,166,1-48-2024-166-10,10,10,6,16:42,4,1,0,0,0,0,0,1,2,95,95,95,95,95,95,95,0,1,0,234.818157575356,12,9
2405147,2024,48,168,1-48-2024-168-10,10,10,7,22:25,1,1,9,97,1,0,0,2,2,95,95,95,95,95,95,95,0,1,0,234.818157575356,12,9
2405148,2024,18,128,1-18-2024-128-04,4,10,5,03:05,1,1,0,0,0,0,0,2,2,95,95,95,95,95,95,95,0,1,0,503.789562761101,6,9
2405149,2024,62,152,1-62-2024-152-02,2,10,6,16:45,3,2,3,17,2,1,3,9,9,95,95,95,95,95,95,95,2,1,0,40.5230025519482,7,9
2405150,2024,62,153,1-62-2024-153-06,6,10,4,22:24,1,1,3,11,1,1,4,1,9,95,95,95,95,95,95,95,0,1,0,1749.72999838321,7,9
2405151,2024,62,154,1-62-2024-154-01,1,10,7,12:30,4,2,6,75,1,1,1,9,9,95,95,95,95,95,95,95,4,1,0,69.8075005283482,7,9
2405152,2024,62,155,1-62-2024-155-04,4,10,2,14:41,1,2,0,0,0,0,0,9,9,95,95,95,95,95,95,95,4,1,0,1753.50005308033,7,9
2405153,2024,79,98,1-79-2024-098-04,4,10,5,07:40,1,1,0,0,0,0,0,2,2,95,95,95,95,95,95,95,0,1,0,135.008817780537,8,9
2405154,2024,79,99,1-79-2024-099-09,9,10,2,10:55,2,2,1,2,1,0,4,2,2,95,95,95,95,95,95,95,0,1,0,332.8863993413,8,9
2405155,2024,12,100,1-12-2024-100-04,4,9,2,12:08,1,2,0,0,0,0,0,2,2,95,95,95,95,95,95,95,1,1,0,492.705702133242,9,9
2405156,2024,10,100,1-10-2024-100-NM1,21,10,3,16:48,3,2,0,0,0,0,0,2,2,4,18,1,1,3,2,2,4,1,1,31.3806248143146,4,9
2405157,2024,10,101,1-10-2024-101-05,5,10,1,10:10,3,2,4,29,1,1,3,2,2,95,95,95,95,95,95,95,4,1,0,38.2025072340182,4,9
2405158,2024,10,102,1-10-2024-102-03,3,10,5,18:04,1,2,9,97,1,0,4,2,2,95,95,95,95,95,95,95,4,1,0,322.119862535837,4,9
2405161,2024,77,164,1-77-2024-164-05,5,10,7,10:05,2,3,9,97,1,0,9,2,2,95,95,95,95,95,95,95,1,1,0,90.6570748528622,9,9
2405162,2024,77,165,1-77-2024-165-02,2,10,6,15:51,2,3,1,1,1,0,4,2,2,95,95,95,95,95,95,95,1,1,0,83.1566199866033,9,9
2405165,2024,57,155,1-57-2024-155-06,6,10,4,04:44,2,1,0,0,0,0,0,2,2,95,95,95,95,95,95,95,0,1,0,391.005792237184,1,9
2405167,2024,57,157,1-57-2024-157-NM1,21,9,7,15:08,1,1,0,0,0,0,0,2,2,9,97,1,0,8,2,2,0,1,1,19.2604769426058,1,9
2405168,2024,73,131,1-73-2024-131-06,6,10,6,14:12,8,1,0,0,0,0,4,1,2,95,95,95,95,95,95,95,0,1,0,37.0946854309253,3,9
2405169,2024,73,132,1-73-2024-132-10,10,10,2,11:48,2,1,99,99,0,0,0,9,9,95,95,95,95,95,95,95,0,1,0,167.518178572804,3,9
2405170,2024,17,167,1-17-2024-167-04,4,10,2,06:27,1,1,0,0,0,0,6,2,2,95,95,95,95,95,95,95,0,1,0,122.812896011279,4,9
2405171,2024,17,168,1-17-2024-168-04,4,10,2,09:43,1,2,0,0,0,0,5,2,2,95,95,95,95,95,95,95,4,1,0,122.812896001624,4,9
2405174,2024,30,175,1-30-2024-175-03,3,10,5,20:49,9,1,0,0,0,0,5,2,2,95,95,95,95,95,95,95,0,1,0,228.715099730784,10,9
2405176,2024,30,177,1-30-2024-177-06,6,10,5,18:01,2,2,9,97,4,0,0,2,2,95,95,95,95,95,95,95,4,1,0,711.67828456219,10,9
2405177,2024,19,71,1-19-2024-071-05,5,10,5,06:50,4,2,4,24,3,1,3,9,9,95,95,95,95,95,95,95,0,1,0,182.109577992269,9,9
2405178,2024,19,72,1-19-2024-072-02,2,10,6,19:35,3,1,3,14,2,1,3,2,2,95,95,95,95,95,95,95,0,1,0,45.0884525586451,9,9
2405180,2024,20,123,1-20-2024-123-03,3,10,4,11:45,1,2,0,0,0,0,4,2,2,95,95,95,95,95,95,95,1,1,0,77.3409617195656,11,9
2405181,2024,67,44,1-67-2024-044-08,8,10,4,12:24,1,1,0,0,0,0,4,1,1,95,95,95,95,95,95,95,0,1,0,85.9268951316915,7,9
2405182,2024,67,45,1-67-2024-045-08,8,10,5,15:27,2,2,4,17,1,1,3,2,2,95,95,95,95,95,95,95,6,1,0,85.9268951316915,7,9
2405183,2024,77,163,1-77-2024-163-03,3,10,6,11:23,4,1,99,99,0,0,9,2,2,95,95,95,95,95,95,95,0,1,0,568.911465081433,9,9
2405184,2024,48,169,1-48-2024-169-10,10,10,4,20:35,1,1,0,0,0,0,0,2,2,95,95,95,95,95,95,95,0,1,0,234.818157575356,12,9
2405185,2024,54,113,1-54-2024-113-02,2,10,2,19:07,2,2,1,1,4,0,4,1,2,95,95,95,95,95,95,95,1,1,0,132.981711816027,9,9
2405186,2024,54,114,1-54-2024-114-07,7,10,6,15:55,1,2,1,2,1,0,4,2,2,95,95,95,95,95,95,95,4,1,0,465.079513300846,9,9
2405187,2024,57,158,1-57-2024-158-05,5,10,3,11:14,1,2,9,97,1,0,8,2,2,95,95,95,95,95,95,95,1,1,0,12.4355810516807,1,9
2405188,2024,69,125,1-69-2024-125-04,4,10,5,17:50,1,2,0,0,0,0,0,1,2,95,95,95,95,95,95,95,1,1,0,308.98971131769,8,9
2405189,2024,69,126,1-69-2024-126-02,2,10,5,12:20,2,2,2,5,4,0,3,2,2,95,95,95,95,95,95,95,1,1,0,7.30201599951961,8,9
2405190,2024,69,127,1-69-2024-127-04,4,10,3,12:26,2,3,1,1,1,0,0,2,2,95,95,95,95,95,95,95,1,1,0,308.98971131769,8,9
2405191,2024,69,128,1-69-2024-128-05,5,10,4,20:57,2,2,1,1,2,0,4,2,2,95,95,95,95,95,95,95,1,1,0,7.9251901367342,8,9
2405192,2024,57,159,1-57-2024-159-03,3,10,1,11:16,1,2,99,99,0,0,5,2,2,95,95,95,95,95,95,95,9,1,0,125.65920680398,1,9
2405193,2024,24,143,1-24-2024-143-04,4,9,7,21:20,1,2,0,0,0,0,0,2,2,95,95,95,95,95,95,95,4,1,0,128.114979093499,1,9
2405194,2024,24,144,1-24-2024-144-03,3,10,5,18:55,1,2,1,1,1,0,4,2,2,95,95,95,95,95,95,95,1,1,0,43.1431884730943,1,9
2405195,2024,24,145,1-24-2024-145-03,3,10,1,15:14,2,1,1,1,1,0,6,2,2,95,95,95,95,95,95,95,0,1,0,35.8046102202364,1,9
2405196,2024,24,146,1-24-2024-146-09,9,10,2,16:41,2,2,1,1,1,0,5,2,2,95,95,95,95,95,95,95,4,1,0,312.143442317107,1,9
2405197,2024,60,79,1-60-2024-079-03,3,10,2,18:50,1,2,0,0,0,0,4,2,2,95,95,95,95,95,95,95,4,1,0,245.058943416176,8,9
2405198,2024,60,80,1-60-2024-080-08,8,10,5,10:35,3,3,1,3,2,0,4,2,2,95,95,95,95,95,95,95,4,1,0,162.066765738975,8,9
2405199,2024,60,81,1-60-2024-081-09,9,10,5,12:37,1,2,0,0,0,0,0,2,2,95,95,95,95,95,95,95,1,1,0,2047.25967688596,8,9
2405201,2024,11,154,1-11-2024-154-03,3,10,4,11:14,1,2,9,97,1,0,8,2,2,95,95,95,95,95,95,95,4,1,0,300.697562405243,8,9
2405203,2024,25,137,1-25-2024-137-06,6,10,6,10:29,1,1,0,0,0,0,0,2,2,95,95,95,95,95,95,95,0,1,0,320.093843420773,2,9
2405204,2024,25,138,1-25-2024-138-07,7,10,7,19:04,1,2,0,0,0,0,0,2,2,95,95,95,95,95,95,95,4,1,0,1258.713808057,2,9
2405205,2024,25,139,1-25-2024-139-03,3,10,4,09:58,2,3,1,1,1,0,6,2,2,95,95,95,95,95,95,95,2,1,0,86.4115838760651,2,9
2405206,2024,14,99,1-14-2024-099-05,5,10,6,14:05,3,2,1,1,2,0,4,9,9,95,95,95,95,95,95,95,1,1,0,76.4230415651045,8,9
2405207,2024,14,100,1-14-2024-100-03,3,10,3,15:42,1,2,1,1,1,0,4,9,9,95,95,95,95,95,95,95,4,1,0,160.823558037065,8,9
2405208,2024,14,101,1-14-2024-101-07,7,10,4,13:29,1,2,1,1,1,0,0,9,9,95,95,95,95,95,95,95,1,1,0,1927.15060026913,8,9
2405209,2024,16,124,1-16-2024-124-04,4,10,3,15:49,2,2,2,4,1,0,3,2,2,95,95,95,95,95,95,95,4,1,0,2636.03374293498,5,9
2405210,2024,52,51,1-52-2024-051-07,7,10,1,22:51,2,1,1,1,1,0,0,1,2,95,95,95,95,95,95,95,0,1,0,1637.98271959596,12,9
2405211,2024,27,162,1-27-2024-162-04,4,10,5,16:55,1,2,0,0,0,0,0,2,2,95,95,95,95,95,95,95,1,1,0,267.868710988368,3,9
2405212,2024,27,163,1-27-2024-163-04,4,10,6,16:05,1,1,0,0,0,0,6,2,2,95,95,95,95,95,95,95,0,1,0,267.868711027673,3,9
2405213,2024,32,145,1-32-2024-145-09,9,10,4,11:46,1,2,9,97,1,0,5,2,2,95,95,95,95,95,95,95,4,1,0,12242.3665920591,7,9
2405214,2024,23,45,1-23-2024-045-02,2,10,2,19:19,1,2,3,11,2,1,3,1,2,95,95,95,95,95,95,95,1,1,0,87.6936737284278,5,9
2405215,2024,28,161,1-28-2024-161-03,3,9,7,22:06,3,1,1,1,1,0,4,1,2,95,95,95,95,95,95,95,0,1,0,39.7186514004042,3,9
2405217,2024,28,163,1-28-2024-163-01,1,10,4,14:47,2,2,3,10,1,1,1,2,2,95,95,95,95,95,95,95,4,1,0,36.6185653494975,3,9
2405218,2024,28,164,1-28-2024-164-NM2,22,10,2,13:19,1,1,95,95,95,95,95,2,2,1,1,1,0,4,2,2,0,0,1,142.962485684357,3,9
2405219,2024,66,101,1-66-2024-101-03,3,10,3,11:17,2,2,3,14,2,1,3,2,2,95,95,95,95,95,95,95,4,1,0,79.4686416678806,6,9
2405220,2024,66,102,1-66-2024-102-04,4,10,4,19:37,1,2,0,0,0,0,0,2,2,95,95,95,95,95,95,95,4,1,0,137.356870033823,6,9
2405221,2024,28,162,1-28-2024-162-03,3,9,6,01:07,2,1,0,0,0,0,0,1,1,95,95,95,95,95,95,95,0,1,0,39.7186514004042,3,9
2405222,2024,77,166,1-77-2024-166-03,3,10,2,12:09,1,2,99,99,0,0,4,2,2,95,95,95,95,95,95,95,4,1,0,568.911465081433,9,9
2405223,2024,29,85,1-29-2024-085-03,3,10,5,11:51,2,1,1,2,1,0,4,2,2,95,95,95,95,95,95,95,0,1,0,148.249072371412,2,9
2405224,2024,29,86,1-29-2024-086-06,6,10,3,14:29,1,2,1,2,1,0,4,2,2,95,95,95,95,95,95,95,4,1,0,461.29724548032,2,9
2405226,2024,82,147,1-82-2024-147-03,3,9,7,03:28,1,1,9,97,1,0,9,1,2,95,95,95,95,95,95,95,0,1,0,235.638419441912,1,9
2405228,2024,82,149,1-82-2024-149-NM2,22,10,4,12:41,1,1,95,95,95,95,95,2,2,1,1,1,0,4,2,2,0,0,1,530.041651146454,1,9
2405231,2024,21,122,1-21-2024-122-05,5,10,3,03:54,1,2,2,5,1,0,4,2,2,95,95,95,95,95,95,95,1,1,0,19.1446312795392,11,9
2405234,2024,26,120,1-26-2024-120-NM2,22,10,4,15:50,1,1,95,95,95,95,95,2,2,1,1,1,0,6,2,2,0,0,1,2513.96756463306,10,9
2405235,2024,26,121,1-26-2024-121-03,3,10,6,22:15,8,2,99,99,0,0,8,2,9,95,95,95,95,95,95,95,4,1,0,1675.19095898832,10,9
2405238,2024,22,161,1-22-2024-161-NM2,22,10,3,18:38,1,1,95,95,95,95,95,2,2,2,5,1,0,3,1,2,0,0,1,45.2877985053891,12,9
2405239,2024,21,125,1-21-2024-125-09,9,10,3,14:55,8,3,3,18,3,1,3,2,2,95,95,95,95,95,95,95,5,1,0,1230.99331796013,11,9
2405240,2024,82,150,1-82-2024-150-03,3,10,5,07:16,2,3,1,1,1,0,8,2,2,95,95,95,95,95,95,95,4,1,0,235.638419423885,1,9
2405241,2024,20,124,1-20-2024-124-04,4,10,5,14:35,1,2,0,0,0,0,0,1,9,95,95,95,95,95,95,95,1,1,0,276.517940060555,11,9
2405242,2024,17,171,1-17-2024-171-NM2,22,10,4,14:33,1,1,95,95,95,95,95,2,2,2,9,1,0,3,2,2,0,0,1,85.8489914277837,4,9
2405243,2024,25,140,1-25-2024-140-03,3,10,5,06:21,2,1,99,99,0,0,0,2,2,95,95,95,95,95,95,95,0,1,0,86.4115838760651,2,9
2405244,2024,15,202,1-15-2024-202-10,10,10,1,06:00,3,1,99,99,0,0,0,9,9,95,95,95,95,95,95,95,0,1,0,5154.62151206285,1,9
2405245,2024,15,203,1-15-2024-203-06,6,10,6,09:30,1,2,0,0,0,0,0,9,9,95,95,95,95,95,95,95,4,1,0,112.218327840174,1,9
2405246,2024,31,109,1-31-2024-109-10,10,10,3,08:53,1,1,0,0,0,0,0,9,9,95,95,95,95,95,95,95,0,1,0,419.593794787767,6,9
2405247,2024,31,110,1-31-2024-110-07,7,10,5,05:35,1,1,0,0,0,0,0,9,9,95,95,95,95,95,95,95,0,1,0,230.868935151332,6,9
2405248,2024,31,111,1-31-2024-111-04,4,10,5,02:06,1,1,0,0,0,0,0,2,2,95,95,95,95,95,95,95,0,1,0,222.052598299916,6,9
2405249,2024,31,112,1-31-2024-112-10,10,10,7,07:00,3,1,0,0,0,0,0,2,2,95,95,95,95,95,95,95,0,1,0,419.593794787767,6,9
2405250,2024,33,99,1-33-2024-099-01,1,9,7,02:50,2,1,6,75,1,1,1,1,1,95,95,95,95,95,95,95,0,1,0,46.8911908349198,12,9
2405251,2024,17,172,1-17-2024-172-07,7,10,6,00:23,3,1,0,0,0,0,0,2,2,95,95,95,95,95,95,95,0,1,0,377.569473228924,4,9
2405252,2024,29,88,1-29-2024-088-03,3,10,4,20:30,4,5,2,5,4,0,3,9,9,95,95,95,95,95,95,95,1,1,0,148.249072371412,2,9
2405253,2024,11,155,1-11-2024-155-04,4,10,2,10:50,1,1,0,0,0,0,0,2,2,95,95,95,95,95,95,95,0,1,0,1102.67366627632,8,9
2405254,2024,30,178,1-30-2024-178-03,3,10,7,05:11,3,2,1,2,1,0,4,1,1,95,95,95,95,95,95,95,1,1,0,228.715099700349,10,9
2405261,2024,81,133,1-81-2024-133-09,9,11,6,17:50,2,3,1,1,1,0,0,2,2,95,95,95,95,95,95,95,4,1,0,4766.29605939166,8,9
2405262,2024,81,134,1-81-2024-134-06,6,10,7,13:52,1,2,1,2,1,0,6,2,2,95,95,95,95,95,95,95,4,1,0,2358.63059187213,8,9
2405263,2024,81,135,1-81-2024-135-NM1,21,10,7,00:58,1,1,0,0,0,0,0,2,2,5,38,1,1,1,1,2,0,1,1,20.6268312285561,8,9
2405264,2024,59,153,1-59-2024-153-04,4,10,4,07:41,2,2,0,0,0,0,0,2,2,95,95,95,95,95,95,95,4,1,0,407.870337563103,6,9
2405265,2024,59,154,1-59-2024-154-04,4,10,5,17:15,1,1,0,0,0,0,0,2,2,95,95,95,95,95,95,95,0,1,0,407.870337563103,6,9
2405266,2024,59,155,1-59-2024-155-NM2,22,11,6,09:34,1,1,95,95,95,95,95,2,2,3,10,1,1,3,2,2,0,0,1,265.224171982023,6,9
2405267,2024,59,156,1-59-2024-156-02,2,10,2,07:26,2,1,2,9,1,0,3,2,2,95,95,95,95,95,95,95,0,1,0,48.7900687173874,6,9
2405268,2024,62,156,1-62-2024-156-06,6,10,5,20:02,5,5,3,18,1,1,3,9,9,95,95,95,95,95,95,95,1,1,0,1435.74294690315,7,9
2405269,2024,62,157,1-62-2024-157-04,4,10,4,16:49,1,2,0,0,0,0,0,9,9,95,95,95,95,95,95,95,4,1,0,1438.83646958712,7,9
2405270,2024,62,158,1-62-2024-158-10,10,10,3,19:16,1,1,0,0,0,0,0,1,9,95,95,95,95,95,95,95,0,1,0,24230.4540548434,7,9
2405271,2024,62,159,1-62-2024-159-05,5,10,7,06:50,5,3,3,9,1,1,3,9,9,95,95,95,95,95,95,95,4,1,0,45.9669509477848,7,9
2405272,2024,73,133,1-73-2024-133-07,7,10,6,18:41,1,1,0,0,0,0,0,9,9,95,95,95,95,95,95,95,0,1,0,84.7663799524994,3,9
2405273,2024,73,134,1-73-2024-134-07,7,10,4,23:04,1,1,0,0,0,0,0,9,9,95,95,95,95,95,95,95,0,1,0,46.0859335695799,3,9
2405274,2024,77,167,1-77-2024-167-03,3,10,4,06:15,3,4,1,1,1,0,4,2,2,95,95,95,95,95,95,95,1,1,0,255.781191541611,9,9
2405276,2024,77,169,1-77-2024-169-NM1,21,10,5,19:00,4,1,0,0,0,0,0,2,2,5,33,4,2,1,2,2,0,1,1,113.21347390618,9,9
2405277,2024,77,170,1-77-2024-170-05,5,11,6,06:26,1,1,2,6,1,0,4,2,2,95,95,95,95,95,95,95,0,1,0,90.6570748528622,9,9
2405279,2024,57,161,1-57-2024-161-09,9,10,4,08:32,1,2,9,97,2,0,8,2,2,95,95,95,95,95,95,95,2,1,0,803.517520327763,1,9
2405280,2024,57,162,1-57-2024-162-03,3,10,6,20:58,1,2,99,99,0,0,8,2,2,95,95,95,95,95,95,95,4,1,0,95.2943451063575,1,9
2405281,2024,10,103,1-10-2024-103-03,3,10,4,15:50,2,2,9,97,1,0,4,2,2,95,95,95,95,95,95,95,4,1,0,164.007398794594,4,9
2405284,2024,67,47,1-67-2024-047-03,3,10,5,08:40,2,2,1,1,1,0,0,2,2,95,95,95,95,95,95,95,4,1,0,154.802313266031,7,9
2405285,2024,79,100,1-79-2024-100-03,3,10,3,07:39,1,2,0,0,0,0,0,9,9,95,95,95,95,95,95,95,4,1,0,228.177020013603,8,9
2405286,2024,79,101,1-79-2024-101-09,9,11,6,16:00,1,2,9,97,1,0,0,9,9,95,95,95,95,95,95,95,1,1,0,2059.78125642757,8,9
2405287,2024,54,115,1-54-2024-115-09,9,11,7,13:50,2,2,1,1,1,0,4,2,2,95,95,95,95,95,95,95,1,1,0,401.306692440556,9,9
2405288,2024,54,116,1-54-2024-116-01,1,10,5,16:55,5,2,2,4,3,1,1,9,9,95,95,95,95,95,95,95,2,1,0,135.319434123776,9,9
2405290,2024,48,171,1-48-2024-171-01,1,9,1,13:39,2,1,2,5,2,1,1,2,2,95,95,95,95,95,95,95,0,1,0,73.4941053746274,12,9
2405291,2024,48,172,1-48-2024-172-06,6,10,1,10:59,4,1,1,2,2,0,4,2,2,95,95,95,95,95,95,95,0,1,0,86.4307074675267,12,9
2405292,2024,48,173,1-48-2024-173-04,4,11,6,18:25,1,1,0,0,0,0,0,2,2,95,95,95,95,95,95,95,0,1,0,87.6415003080308,12,9
2405293,2024,18,129,1-18-2024-129-05,5,10,5,17:54,3,3,2,9,1,0,4,2,2,95,95,95,95,95,95,95,4,1,0,62.4923941887035,6,9
2405294,2024,18,130,1-18-2024-130-03,3,10,1,12:15,3,2,1,1,2,0,4,2,2,95,95,95,95,95,95,95,4,1,0,415.437196175479,6,9
2405295,2024,19,73,1-19-2024-073-08,8,11,7,04:10,2,1,5,35,1,1,3,1,1,95,95,95,95,95,95,95,0,1,0,112.415834709617,9,9
2405296,2024,19,74,1-19-2024-074-09,9,10,4,10:13,3,1,2,5,1,0,4,2,2,95,95,95,95,95,95,95,0,1,0,803.524783167018,9,9
2405297,2024,33,100,1-33-2024-100-02,2,10,7,14:22,1,2,1,1,1,0,4,1,2,95,95,95,95,95,95,95,4,1,0,23.2460633538017,12,9
2405298,2024,33,101,1-33-2024-101-01,1,10,3,12:50,1,1,3,14,1,1,1,2,2,95,95,95,95,95,95,95,0,1,0,68.1584452977333,12,9
2405299,2024,69,129,1-69-2024-129-05,5,10,1,19:35,3,1,4,48,1,1,3,1,2,95,95,95,95,95,95,95,0,1,0,7.30201599951961,8,9
2405300,2024,69,130,1-69-2024-130-05,5,11,6,16:30,1,2,1,1,2,0,4,2,2,95,95,95,95,95,95,95,4,1,0,7.30201599951961,8,9
2405301,2024,69,131,1-69-2024-131-05,5,11,6,23:11,3,1,2,5,1,0,4,1,2,95,95,95,95,95,95,95,0,1,0,7.30201599951961,8,9
2405303,2024,30,179,1-30-2024-179-NM2,22,10,4,14:59,1,1,95,95,95,95,95,2,2,0,0,0,0,5,2,2,0,0,1,503.501583789456,10,9
2405306,2024,30,182,1-30-2024-182-01,1,10,5,19:55,3,2,5,54,1,1,1,1,1,95,95,95,95,95,95,95,4,1,0,70.0679338170937,10,9
2405307,2024,12,102,1-12-2024-102-06,6,10,3,16:17,1,2,0,0,0,0,4,2,2,95,95,95,95,95,95,95,1,1,0,803.075792396309,9,9
2405308,2024,57,163,1-57-2024-163-06,6,10,1,12:49,1,1,99,99,0,0,8,2,2,95,95,95,95,95,95,95,0,1,0,296.521375709091,1,9
2405310,2024,17,173,1-17-2024-173-04,4,10,7,03:39,1,1,0,0,0,0,0,2,2,95,95,95,95,95,95,95,0,1,0,358.322561254132,4,9
2405311,2024,17,174,1-17-2024-174-03,3,11,1,15:05,1,1,1,2,2,0,4,2,2,95,95,95,95,95,95,95,0,1,0,84.2827710128695,4,9
2405314,2024,20,126,1-20-2024-126-07,7,10,5,22:04,1,2,0,0,0,0,0,1,2,95,95,95,95,95,95,95,1,1,0,2141.3224136325,11,9
2405315,2024,24,147,1-24-2024-147-05,5,10,4,17:11,3,2,1,3,1,0,3,2,2,95,95,95,95,95,95,95,4,1,0,45.3384331839177,1,9
2405316,2024,24,148,1-24-2024-148-NM1,21,10,2,13:13,1,1,0,0,0,0,0,2,2,2,6,1,0,3,2,2,0,1,1,23.1726143074507,1,9
2405317,2024,60,82,1-60-2024-082-03,3,10,5,18:10,4,2,2,6,2,0,4,2,2,95,95,95,95,95,95,95,4,1,0,194.402864300273,8,9
2405318,2024,60,83,1-60-2024-083-06,6,10,3,18:40,1,2,1,1,2,0,4,2,2,95,95,95,95,95,95,95,1,1,0,720.125210239522,8,9
2405321,2024,11,157,1-11-2024-157-02,2,10,3,14:41,2,2,2,5,1,0,4,2,2,95,95,95,95,95,95,95,4,1,0,30.7614595081659,8,9
2405323,2024,11,159,1-11-2024-159-09,9,10,6,16:25,3,1,1,1,1,0,4,1,2,95,95,95,95,95,95,95,0,1,0,1362.81724767285,8,9
2405324,2024,25,141,1-25-2024-141-01,1,10,7,11:26,1,2,2,4,1,1,1,2,2,95,95,95,95,95,95,95,4,1,0,144.250353463553,2,9
2405325,2024,25,142,1-25-2024-142-02,2,10,5,08:40,1,2,2,4,2,0,4,2,2,95,95,95,95,95,95,95,4,1,0,61.6735457995434,2,9
2405326,2024,14,102,1-14-2024-102-03,3,10,2,12:52,1,2,1,1,1,0,4,9,9,95,95,95,95,95,95,95,6,1,0,223.908382589018,8,9
2405328,2024,76,151,1-76-2024-151-04,4,10,2,18:20,1,1,0,0,0,0,0,9,9,95,95,95,95,95,95,95,0,1,0,86.4714255045695,3,9
2405329,2024,76,152,1-76-2024-152-10,10,9,6,07:45,1,1,0,0,0,0,0,9,9,95,95,95,95,95,95,95,0,1,0,84.6789860292199,3,9
2405330,2024,76,153,1-76-2024-153-09,9,9,1,19:37,3,1,99,99,0,0,8,2,2,95,95,95,95,95,95,95,0,1,0,82.5706054598967,3,9
2405331,2024,76,154,1-76-2024-154-10,10,9,1,16:20,1,1,0,0,0,0,0,9,9,95,95,95,95,95,95,95,0,1,0,84.6789860292199,3,9
2405332,2024,52,52,1-52-2024-052-04,4,9,4,07:26,2,3,1,1,1,0,6,2,2,95,95,95,95,95,95,95,1,1,0,299.783752144918,12,9
2405334,2024,28,166,1-28-2024-166-09,9,10,6,22:31,3,1,2,9,1,0,3,2,1,95,95,95,95,95,95,95,0,1,0,97.1901174624373,3,9
2405335,2024,28,167,1-28-2024-167-02,2,10,5,14:36,2,1,2,5,1,0,4,2,2,95,95,95,95,95,95,95,0,1,0,38.2240703487293,3,9
2405336,2024,27,164,1-27-2024-164-03,3,10,5,11:10,1,2,0,0,0,0,4,2,2,95,95,95,95,95,95,95,4,1,0,32.3914110115022,3,9
2405337,2024,27,165,1-27-2024-165-03,3,10,2,18:19,1,2,1,1,1,0,4,9,9,95,95,95,95,95,95,95,4,1,0,19.3727483205413,3,9
2405338,2024,27,166,1-27-2024-166-NM1,21,10,6,11:52,1,1,0,0,0,0,0,2,9,3,19,1,1,3,2,1,0,1,1,21.5359551258335,3,9
2405339,2024,27,167,1-27-2024-167-09,9,11,6,01:32,4,1,9,97,1,0,9,1,1,95,95,95,95,95,95,95,0,1,0,190.105427667502,3,9
2405340,2024,32,146,1-32-2024-146-05,5,10,1,22:52,2,2,3,14,1,1,1,2,1,95,95,95,95,95,95,95,0,1,0,63.4459286609016,7,9
2405341,2024,32,147,1-32-2024-147-03,3,10,7,09:50,1,2,3,11,3,1,3,2,2,95,95,95,95,95,95,95,2,1,0,534.96996140373,7,9
2405342,2024,28,168,1-28-2024-168-04,4,11,6,07:31,1,1,0,0,0,0,0,2,2,95,95,95,95,95,95,95,0,1,0,61.7007804366041,3,9
2405343,2024,11,160,1-11-2024-160-09,9,10,7,14:40,4,2,3,14,1,1,3,1,2,95,95,95,95,95,95,95,1,1,0,1362.81724767285,8,9
2405345,2024,82,151,1-82-2024-151-04,4,10,4,14:43,1,2,99,99,0,0,8,2,2,95,95,95,95,95,95,95,9,1,0,402.139070582484,1,9
2405348,2024,15,204,1-15-2024-204-NM2,22,11,1,17:30,1,1,95,95,95,95,95,9,9,2,5,1,0,4,2,9,0,0,1,95.8031442610112,1,9
2405349,2024,15,205,1-15-2024-205-08,8,11,6,15:05,1,2,1,1,1,0,4,9,9,95,95,95,95,95,95,95,4,1,0,34.8063116712962,1,9
2405350,2024,15,206,1-15-2024-206-02,2,9,1,11:37,8,1,6,75,1,1,1,2,1,95,95,95,95,95,95,95,0,1,0,15.3781496831824,1,9
2405352,2024,29,89,1-29-2024-089-NM1,21,11,2,17:45,1,1,0,0,0,0,0,2,2,4,29,1,1,4,2,2,0,1,1,37.5008426016573,2,9
2405353,2024,29,90,1-29-2024-090-NM2,22,11,2,16:58,1,1,95,95,95,95,95,2,2,2,5,1,0,4,2,2,0,0,1,400.603383200049,2,9
2405354,2024,29,91,1-29-2024-091-NM2,22,11,1,16:28,2,1,95,95,95,95,95,9,9,1,1,2,0,4,9,9,0,0,1,400.603383200049,2,9
2405355,2024,67,48,1-67-2024-048-NM2,22,10,6,06:07,1,1,95,95,95,95,95,2,2,2,5,1,0,4,2,2,0,0,1,466.844383438263,7,9
2405357,2024,21,127,1-21-2024-127-02,2,10,7,02:33,2,1,3,19,2,1,6,1,2,95,95,95,95,95,95,95,0,1,0,9.63819602034845,11,9
2405361,2024,26,122,1-26-2024-122-04,4,10,2,09:25,2,1,0,0,0,0,0,2,2,95,95,95,95,95,95,95,0,1,0,2863.19192439954,10,9
2405362,2024,20,127,1-20-2024-127-09,9,9,7,14:19,1,2,1,1,1,0,8,2,2,95,95,95,95,95,95,95,4,1,0,1756.06185165083,11,9
2405363,2024,77,171,1-77-2024-171-04,4,10,5,22:26,1,1,0,0,0,0,0,2,2,95,95,95,95,95,95,95,0,1,0,1429.94537400698,9,9
2405364,2024,10,105,1-10-2024-105-06,6,10,3,10:54,4,2,1,3,2,0,4,2,2,95,95,95,95,95,95,95,6,1,0,607.531493687446,4,9
2405365,2024,69,133,1-69-2024-133-06,6,10,5,06:20,1,2,9,97,2,0,8,2,2,95,95,95,95,95,95,95,4,1,0,191.560610301499,8,9
2405366,2024,15,208,1-15-2024-208-03,3,10,6,15:20,1,2,1,2,2,0,4,9,9,95,95,95,95,95,95,95,4,1,0,40.5812806587973,1,9
2405367,2024,60,85,1-60-2024-085-06,6,8,6,23:13,1,1,0,0,0,0,4,1,1,95,95,95,95,95,95,95,0,1,0,720.125210239522,8,9
2405368,2024,48,174,1-48-2024-174-10,10,10,2,08:31,1,1,0,0,0,0,0,2,2,95,95,95,95,95,95,95,0,1,0,2958.08260369595,12,9
2405369,2024,22,164,1-22-2024-164-08,8,10,6,15:48,5,3,1,3,1,0,4,2,1,95,95,95,95,95,95,95,0,1,0,29.5597025273187,12,9
2405370,2024,31,113,1-31-2024-113-04,4,10,2,21:52,1,2,0,0,0,0,0,9,9,95,95,95,95,95,95,95,4,1,0,222.052598299916,6,9
2405371,2024,31,114,1-31-2024-114-09,9,11,7,14:43,1,2,1,1,2,0,4,2,2,95,95,95,95,95,95,95,4,1,0,161.39423315543,6,9
2405372,2024,31,115,1-31-2024-115-10,10,11,1,21:02,1,2,99,99,0,0,0,2,2,95,95,95,95,95,95,95,4,1,0,419.593794787767,6,9
2405373,2024,82,154,1-82-2024-154-03,3,9,2,15:26,1,2,99,99,0,0,5,2,2,95,95,95,95,95,95,95,5,1,0,106.689933259017,1,9
2405374,2024,66,103,1-66-2024-103-10,10,10,3,13:25,1,2,0,0,0,0,0,2,2,95,95,95,95,95,95,95,4,1,0,242.389498710963,6,9
2405375,2024,82,155,1-82-2024-155-04,4,10,4,06:57,2,1,0,0,0,0,0,2,2,95,95,95,95,95,95,95,0,1,0,402.139070581725,1,9
2405376,2024,17,176,1-17-2024-176-03,3,10,4,10:42,1,1,9,97,1,0,0,2,2,95,95,95,95,95,95,95,0,1,0,84.2827710829527,4,9
2405377,2024,11,161,1-11-2024-161-06,6,10,6,02:30,1,1,0,0,0,0,0,2,2,95,95,95,95,95,95,95,0,1,0,499.728045002681,8,9
2405378,2024,30,183,1-30-2024-183-03,3,10,7,15:54,3,2,2,4,2,0,3,2,2,95,95,95,95,95,95,95,4,1,0,200.251916084177,10,9
2405379,2024,21,128,1-21-2024-128-03,3,10,7,17:28,1,1,9,97,1,0,8,2,9,95,95,95,95,95,95,95,0,1,0,331.242131750008,11,9
2405380,2024,14,104,1-14-2024-104-04,4,10,3,08:45,1,2,0,0,0,0,0,9,9,95,95,95,95,95,95,95,4,1,0,909.854394508117,8,9
2405381,2024,22,165,1-22-2024-165-NM2,22,10,4,13:21,1,1,95,95,95,95,95,2,2,1,1,1,0,6,2,2,0,0,1,86.2407444911639,12,9
2405382,2024,30,184,1-30-2024-184-03,3,10,4,13:37,2,2,2,5,2,0,4,2,2,95,95,95,95,95,95,95,4,1,0,200.251916151604,10,9
2405383,2024,81,136,1-81-2024-136-02,2,11,6,19:17,3,2,1,1,1,0,3,1,2,95,95,95,95,95,95,95,5,1,0,21.7339142305401,8,9
2405384,2024,81,137,1-81-2024-137-05,5,11,7,17:11,1,2,3,10,2,1,3,2,2,95,95,95,95,95,95,95,2,1,0,129.714251488084,8,9
2405385,2024,81,138,1-81-2024-138-09,9,11,4,17:49,1,1,0,0,0,0,0,2,2,95,95,95,95,95,95,95,0,1,0,8187.28250226269,8,9
2405386,2024,23,46,1-23-2024-046-03,3,11,1,07:51,3,1,2,5,1,0,3,2,1,95,95,95,95,95,95,95,0,1,0,564.388011657643,5,9
2405387,2024,62,160,1-62-2024-160-06,6,10,4,07:35,2,3,1,3,2,0,4,9,9,95,95,95,95,95,95,95,1,1,0,2972.70164077285,7,9
2405388,2024,62,161,1-62-2024-161-04,4,10,3,14:16,2,2,0,0,0,0,0,9,9,95,95,95,95,95,95,95,4,1,0,2979.10677058962,7,9
2405389,2024,77,172,1-77-2024-172-05,5,10,2,06:56,2,1,2,8,1,0,3,2,9,95,95,95,95,95,95,95,0,1,0,252.588010899409,9,9
2405391,2024,59,158,1-59-2024-158-08,8,10,5,07:27,4,2,3,14,2,1,3,2,2,95,95,95,95,95,95,95,4,1,0,76.4651261147065,6,9
2405392,2024,59,159,1-59-2024-159-04,4,11,5,17:51,1,2,9,97,1,0,5,2,2,95,95,95,95,95,95,95,4,1,0,344.412592154187,6,9
2405394,2024,10,107,1-10-2024-107-NM1,21,10,6,07:09,1,1,0,0,0,0,0,2,2,5,33,1,1,3,2,2,0,1,1,36.1764362071444,4,9
2405395,2024,10,108,1-10-2024-108-02,2,11,5,14:13,3,3,5,43,5,2,3,2,1,95,95,95,95,95,95,95,2,1,0,22.3566511295402,4,9
2405396,2024,73,135,1-73-2024-135-10,10,11,1,17:00,1,1,0,0,0,0,0,9,9,95,95,95,95,95,95,95,0,1,0,83.7590892864022,3,9
2405397,2024,73,136,1-73-2024-136-09,9,9,5,16:35,1,2,99,99,0,0,0,9,9,95,95,95,95,95,95,95,4,1,0,53.4194067200373,3,9
2405398,2024,73,137,1-73-2024-137-03,3,11,3,06:50,1,1,0,0,0,0,4,2,2,95,95,95,95,95,95,95,0,1,0,43.3859202335663,3,9
2405399,2024,59,160,1-59-2024-160-10,10,11,2,06:24,2,1,99,99,0,0,0,9,9,95,95,95,95,95,95,95,0,1,0,9822.72192068919,6,9
2405400,2024,48,175,1-48-2024-175-07,7,10,3,13:19,1,1,0,0,0,0,0,2,2,95,95,95,95,95,95,95,0,1,0,201.064995108591,12,9
2405401,2024,48,176,1-48-2024-176-09,9,10,3,06:37,1,2,9,97,1,0,0,2,2,95,95,95,95,95,95,95,5,1,0,90.4515486709064,12,9
2405402,2024,48,177,1-48-2024-177-04,4,11,2,06:45,1,1,0,0,0,0,0,2,2,95,95,95,95,95,95,95,0,1,0,85.7677087053401,12,9
2405403,2024,48,178,1-48-2024-178-07,7,11,6,10:35,1,2,0,0,0,0,0,2,2,95,95,95,95,95,95,95,1,1,0,201.064995108591,12,9
2405404,2024,18,131,1-18-2024-131-05,5,10,2,17:56,5,3,4,36,5,2,3,9,9,95,95,95,95,95,95,95,4,1,0,50.9427492020977,6,9
2405405,2024,18,132,1-18-2024-132-01,1,11,6,15:58,1,2,3,19,2,2,1,2,2,95,95,95,95,95,95,95,2,1,0,63.8166126674341,6,9
2405406,2024,18,133,1-18-2024-133-09,9,10,5,22:13,2,1,3,17,1,1,3,1,1,95,95,95,95,95,95,95,0,1,0,1430.98194055584,6,9
2405407,2024,54,117,1-54-2024-117-07,7,11,2,14:53,1,2,0,0,0,0,6,2,2,95,95,95,95,95,95,95,4,1,0,232.539756650423,9,9
2405408,2024,54,118,1-54-2024-118-03,3,11,7,14:20,3,1,1,1,1,0,4,2,2,95,95,95,95,95,95,95,0,1,0,98.4870522809125,9,9
2405409,2024,54,119,1-54-2024-119-04,4,11,7,14:15,1,2,0,0,0,0,0,1,2,95,95,95,95,95,95,95,4,1,0,152.997399597271,9,9
2405410,2024,57,164,1-57-2024-164-06,6,10,2,07:53,1,2,1,1,1,0,8,2,2,95,95,95,95,95,95,95,1,1,0,623.564129395611,1,9
2405411,2024,57,165,1-57-2024-165-02,2,10,5,19:27,1,2,9,97,2,0,8,2,2,95,95,95,95,95,95,95,4,1,0,34.9847026100621,1,9
2405413,2024,57,167,1-57-2024-167-03,3,10,4,11:23,5,3,99,99,0,0,8,2,2,95,95,95,95,95,95,95,6,1,0,200.397476159373,1,9
2405414,2024,13,77,1-13-2024-077-03,3,10,7,15:49,5,2,1,1,1,0,4,9,9,95,95,95,95,95,95,95,0,1,0,4056.64491983968,7,9
2405415,2024,19,75,1-19-2024-075-05,5,11,2,12:35,2,3,99,99,0,0,4,2,2,95,95,95,95,95,95,95,1,1,0,57.9800660258747,9,9
2405416,2024,19,76,1-19-2024-076-03,3,11,5,08:48,1,2,0,0,0,0,6,2,2,95,95,95,95,95,95,95,4,1,0,385.440122379127,9,9
2405417,2024,79,102,1-79-2024-102-04,4,11,7,06:23,1,1,0,0,0,0,0,9,9,95,95,95,95,95,95,95,0,1,0,103.687310341295,8,9
2405418,2024,79,103,1-79-2024-103-04,4,11,4,12:14,1,2,0,0,0,0,0,2,2,95,95,95,95,95,95,95,1,1,0,103.687310341295,8,9
2405419,2024,79,104,1-79-2024-104-07,7,11,5,04:52,1,1,0,0,0,0,0,9,9,95,95,95,95,95,95,95,0,1,0,284.783219254785,8,9
2405420,2024,30,185,1-30-2024-185-NM1,21,9,5,19:31,1,1,0,0,0,0,0,2,2,3,27,1,1,3,2,1,0,1,1,122.593345274421,10,9
2405423,2024,12,103,1-12-2024-103-06,6,10,3,20:06,1,2,99,99,0,0,0,2,2,95,95,95,95,95,95,95,4,1,0,284.683242233932,9,9
2405424,2024,12,104,1-12-2024-104-04,4,10,4,16:51,1,2,0,0,0,0,0,2,2,95,95,95,95,95,95,95,4,1,0,309.820562777328,9,9
2405425,2024,12,105,1-12-2024-105-03,3,10,4,18:56,1,2,2,5,2,0,4,2,2,95,95,95,95,95,95,95,4,1,0,164.057323491007,9,9
2405426,2024,57,168,1-57-2024-168-03,3,11,7,19:53,2,2,9,97,1,0,8,9,2,95,95,95,95,95,95,95,4,1,0,200.397476127225,1,9
2405427,2024,20,128,1-20-2024-128-01,1,10,4,20:10,4,1,9,97,1,1,1,9,1,95,95,95,95,95,95,95,0,1,0,86.5244909798919,11,9
2405428,2024,20,129,1-20-2024-129-NM1,21,10,3,06:14,3,3,0,0,0,0,0,2,2,9,97,1,0,8,2,2,4,1,1,35.0220589332575,11,9
2405429,2024,30,186,1-30-2024-186-02,2,10,5,11:41,4,2,9,97,1,0,9,2,2,95,95,95,95,95,95,95,5,1,0,46.6751587571809,10,9
2405430,2024,69,134,1-69-2024-134-02,2,11,2,18:19,1,2,1,1,1,0,3,2,1,95,95,95,95,95,95,95,2,1,0,7.30201599951961,8,9
2405431,2024,69,135,1-69-2024-135-05,5,11,2,07:03,1,2,3,22,1,1,3,2,2,95,95,95,95,95,95,95,4,1,0,16.5467329701507,8,9
2405432,2024,69,136,1-69-2024-136-NM1,21,11,2,19:00,2,1,0,0,0,0,0,2,2,1,1,1,0,4,2,2,0,1,1,7.66811372485411,8,9
2405433,2024,69,137,1-69-2024-137-05,5,11,5,03:15,5,1,5,50,1,1,3,2,1,95,95,95,95,95,95,95,0,1,0,16.5467329701507,8,9
2405434,2024,66,104,1-66-2024-104-09,9,11,6,13:20,1,2,3,14,4,2,3,2,2,95,95,95,95,95,95,95,6,1,0,97.5596917228585,6,9
2405435,2024,66,105,1-66-2024-105-08,8,11,6,14:40,2,1,2,9,1,0,3,2,2,95,95,95,95,95,95,95,0,1,0,134.761595455619,6,9
2405436,2024,66,106,1-66-2024-106-07,7,11,1,01:30,2,1,0,0,0,0,0,1,9,95,95,95,95,95,95,95,0,1,0,133.367571576148,6,9
2405437,2024,82,156,1-82-2024-156-03,3,10,1,03:55,2,2,99,99,0,0,8,2,2,95,95,95,95,95,95,95,5,1,0,149.786835379749,1,9
2405438,2024,82,157,1-82-2024-157-03,3,10,3,07:03,1,2,99,99,0,0,0,2,2,95,95,95,95,95,95,95,4,1,0,149.786835379749,1,9
2405439,2024,82,158,1-82-2024-158-05,5,10,7,00:21,3,2,9,97,1,0,8,2,2,95,95,95,95,95,95,95,4,1,0,23.9814262485552,1,9
2405440,2024,82,159,1-82-2024-159-06,6,10,1,19:25,1,2,1,1,1,0,9,2,2,95,95,95,95,95,95,95,4,1,0,466.08220512632,1,9
2405442,2024,17,178,1-17-2024-178-08,8,11,6,02:59,2,1,4,17,1,1,8,1,2,95,95,95,95,95,95,95,0,1,0,98.1097831692489,4,9
2405443,2024,17,179,1-17-2024-179-03,3,11,6,17:51,1,2,1,1,3,0,4,9,9,95,95,95,95,95,95,95,1,1,0,82.6986545849291,4,9
2405444,2024,17,180,1-17-2024-180-NM2,22,11,2,18:15,1,1,95,95,95,95,95,2,2,9,97,1,0,5,2,2,0,0,1,245.767819800364,4,9
2405445,2024,24,149,1-24-2024-149-02,2,10,1,05:27,4,1,1,3,1,0,4,1,2,95,95,95,95,95,95,95,0,1,0,24.2721053029394,1,9
2405446,2024,24,150,1-24-2024-150-03,3,10,6,15:34,2,2,3,14,3,1,3,2,2,95,95,95,95,95,95,95,4,1,0,75.8937035902886,1,9
2405447,2024,24,151,1-24-2024-151-03,3,10,6,17:31,3,1,1,1,1,0,4,1,2,95,95,95,95,95,95,95,0,1,0,75.8937035902886,1,9
2405448,2024,60,86,1-60-2024-086-NM1,21,10,4,03:45,1,1,0,0,0,0,0,2,2,2,5,1,0,3,2,2,0,1,1,43.22330010499,8,9
2405450,2024,60,88,1-60-2024-088-03,3,11,7,19:20,1,2,1,1,1,0,6,2,2,95,95,95,95,95,95,95,4,1,0,208.696614573817,8,9
2405451,2024,11,162,1-11-2024-162-05,5,10,7,17:45,2,1,2,4,2,0,3,2,2,95,95,95,95,95,95,95,0,1,0,31.8812723055547,8,9
2405452,2024,11,163,1-11-2024-163-04,4,10,5,19:30,1,1,0,0,0,0,0,2,2,95,95,95,95,95,95,95,0,1,0,430.829792149569,8,9
2405453,2024,11,164,1-11-2024-164-10,10,10,2,12:41,1,1,0,0,0,0,0,2,2,95,95,95,95,95,95,95,0,1,0,15850.2205542814,8,9
2405454,2024,11,165,1-11-2024-165-NM1,21,10,7,20:32,1,1,0,0,0,0,0,2,2,2,5,1,0,3,2,2,0,1,1,37.1071357763572,8,9
2405455,2024,25,143,1-25-2024-143-09,9,11,6,09:20,1,1,0,0,0,0,4,2,2,95,95,95,95,95,95,95,0,1,0,155.695038201267,2,9
2405457,2024,25,145,1-25-2024-145-06,6,11,5,05:53,11,1,1,1,1,0,4,2,2,95,95,95,95,95,95,95,0,1,0,66.3215919150693,2,9
2405458,2024,25,146,1-25-2024-146-03,3,11,5,00:09,2,1,0,0,0,0,5,2,2,95,95,95,95,95,95,95,0,1,0,50.2410261946928,2,9
2405459,2024,16,125,1-16-2024-125-03,3,11,7,23:05,1,2,0,0,0,0,0,1,2,95,95,95,95,95,95,95,1,1,0,626.460170602389,5,9
2405460,2024,14,105,1-14-2024-105-03,3,11,1,18:25,1,2,99,99,0,0,9,9,9,95,95,95,95,95,95,95,4,1,0,307.187128515067,8,9
2405461,2024,14,106,1-14-2024-106-03,3,11,1,04:55,2,1,0,0,0,0,0,9,9,95,95,95,95,95,95,95,0,1,0,307.187128515067,8,9
2405462,2024,14,107,1-14-2024-107-04,4,11,7,12:50,1,1,0,0,0,0,0,9,9,95,95,95,95,95,95,95,0,1,0,1248.25857604793,8,9
2405463,2024,76,155,1-76-2024-155-07,7,9,6,18:00,1,1,0,0,0,0,0,9,9,95,95,95,95,95,95,95,0,1,0,72.7960942583928,3,9
2405464,2024,76,156,1-76-2024-156-03,3,9,6,19:50,1,1,1,1,1,0,9,9,9,95,95,95,95,95,95,95,0,1,0,71.5495535595937,3,9
2405466,2024,76,158,1-76-2024-158-09,9,9,5,10:28,1,2,1,1,1,0,9,9,9,95,95,95,95,95,95,95,4,1,0,82.5706054598967,3,9
2405467,2024,25,147,1-25-2024-147-07,7,11,4,08:56,1,2,0,0,0,0,0,9,9,95,95,95,95,95,95,95,1,1,0,260.798216622001,2,9
2405468,2024,60,89,1-60-2024-089-03,3,10,2,00:32,3,1,1,1,1,0,3,1,1,95,95,95,95,95,95,95,0,1,0,208.696614573817,8,9
2405469,2024,31,116,1-31-2024-116-09,9,11,3,14:13,1,1,0,0,0,0,0,9,9,95,95,95,95,95,95,95,0,1,0,161.39423315543,6,9
2405470,2024,31,117,1-31-2024-117-05,5,11,1,15:00,1,2,3,19,5,2,3,2,1,95,95,95,95,95,95,95,2,1,0,223.697137607501,6,9
2405471,2024,31,118,1-31-2024-118-04,4,11,1,19:32,1,1,0,0,0,0,0,2,2,95,95,95,95,95,95,95,0,1,0,222.052598299916,6,9
2405472,2024,31,119,1-31-2024-119-03,3,10,5,01:20,4,1,0,0,0,0,4,1,9,95,95,95,95,95,95,95,0,1,0,151.964719784207,6,9
2405473,2024,32,148,1-32-2024-148-02,2,10,5,20:54,1,2,9,97,1,0,8,2,2,95,95,95,95,95,95,95,4,1,0,15.2800393080999,7,9
2405474,2024,32,149,1-32-2024-149-03,3,10,2,19:25,1,2,9,97,1,0,0,2,2,95,95,95,95,95,95,95,5,1,0,768.953105149334,7,9
2405475,2024,27,168,1-27-2024-168-03,3,10,5,17:21,2,2,1,2,1,0,4,2,2,95,95,95,95,95,95,95,4,1,0,34.4708789597874,3,9
2405476,2024,27,169,1-27-2024-169-03,3,11,5,15:24,2,2,2,4,2,0,4,2,2,95,95,95,95,95,95,95,4,1,0,34.4708789566897,3,9
2405477,2024,27,170,1-27-2024-170-04,4,11,4,20:33,1,1,0,0,0,0,0,2,2,95,95,95,95,95,95,95,0,1,0,201.717772631549,3,9
2405478,2024,28,169,1-28-2024-169-06,6,10,5,07:55,1,2,1,1,1,0,0,2,2,95,95,95,95,95,95,95,1,1,0,229.009376117751,3,9
2405479,2024,28,170,1-28-2024-170-05,5,10,5,10:06,3,1,3,19,1,1,3,2,2,95,95,95,95,95,95,95,0,1,0,41.6717563477699,3,9
2405480,2024,28,171,1-28-2024-171-09,9,11,6,07:25,1,1,0,0,0,0,6,2,2,95,95,95,95,95,95,95,0,1,0,446.363671492895,3,9
2405481,2024,28,172,1-28-2024-172-03,3,11,6,16:02,1,2,0,0,0,0,0,2,2,95,95,95,95,95,95,95,2,1,0,45.3225041425836,3,9
2405482,2024,52,53,1-52-2024-053-08,8,9,3,19:00,3,2,3,13,1,1,3,2,2,95,95,95,95,95,95,95,1,1,0,79.949684751683,12,9
2405485,2024,30,188,1-30-2024-188-NM1,21,10,5,19:03,5,2,0,0,0,0,6,2,2,1,1,1,0,4,2,2,4,1,1,122.593345242516,10,9
2405486,2024,21,129,1-21-2024-129-02,2,11,6,20:55,6,2,3,14,5,1,3,2,1,95,95,95,95,95,95,95,2,1,0,9.63819602034845,11,9
2405490,2024,22,167,1-22-2024-167-10,10,9,2,19:33,1,2,0,0,0,0,0,2,2,95,95,95,95,95,95,95,4,1,0,1980.08536507205,12,9
2405491,2024,22,168,1-22-2024-168-NM2,22,11,3,17:25,1,1,95,95,95,95,95,2,2,1,2,1,0,4,2,2,0,0,1,63.7015832881093,12,9
2405492,2024,15,209,1-15-2024-209-03,3,10,4,18:30,1,2,1,1,1,0,4,9,9,95,95,95,95,95,95,95,4,1,0,59.4722505026517,1,9
2405493,2024,15,210,1-15-2024-210-05,5,11,7,16:15,1,1,0,0,0,0,4,1,1,95,95,95,95,95,95,95,0,1,0,13.6400789963135,1,9
2405494,2024,15,211,1-15-2024-211-06,6,11,1,14:00,1,2,99,99,0,0,5,9,9,95,95,95,95,95,95,95,1,1,0,220.302653676191,1,9
2405495,2024,26,125,1-26-2024-125-NM1,21,10,2,19:09,1,1,0,0,0,0,0,2,2,1,1,1,1,1,9,9,0,1,1,26.2657713930828,10,9
2405496,2024,26,126,1-26-2024-126-07,7,10,4,18:30,3,4,0,0,0,0,0,9,2,95,95,95,95,95,95,95,1,1,0,9428.18633706255,10,9
2405497,2024,29,92,1-29-2024-092-03,3,10,7,02:50,5,1,1,1,1,0,4,2,2,95,95,95,95,95,95,95,0,1,0,1624.0795428051,2,9
2405498,2024,21,132,1-21-2024-132-03,3,10,6,07:30,2,2,1,1,1,0,4,2,2,95,95,95,95,95,95,95,4,1,0,130.663052129996,11,9
2405499,2024,33,102,1-33-2024-102-01,1,10,4,18:39,2,1,3,14,1,1,1,1,1,95,95,95,95,95,95,95,0,1,0,72.5787308334631,12,9
2405500,2024,33,103,1-33-2024-103-02,2,10,5,22:30,3,1,1,1,1,0,4,1,2,95,95,95,95,95,95,95,0,1,0,23.2460633538017,12,9
2405501,2024,76,159,1-76-2024-159-10,10,9,5,16:15,1,1,0,0,0,0,0,1,9,95,95,95,95,95,95,95,0,1,0,84.6789860292199,3,9
2405502,2024,17,181,1-17-2024-181-07,7,11,4,05:17,1,1,0,0,0,0,0,2,2,95,95,95,95,95,95,95,0,1,0,1080.9029286815,4,9
2405503,2024,10,109,1-10-2024-109-01,1,9,6,17:58,2,2,5,33,1,1,1,9,1,95,95,95,95,95,95,95,4,1,0,55.5829766790444,4,9
2405504,2024,21,133,1-21-2024-133-06,6,10,3,08:40,1,2,2,5,2,0,4,2,2,95,95,95,95,95,95,95,1,1,0,406.575940541337,11,9
2405505,2024,22,169,1-22-2024-169-04,4,11,2,15:12,1,2,0,0,0,0,0,2,2,95,95,95,95,95,95,95,1,1,0,115.142712591093,12,9
2405506,2024,59,161,1-59-2024-161-06,6,11,1,19:34,1,2,0,0,0,0,4,1,2,95,95,95,95,95,95,95,1,1,0,538.216570417831,6,9
2405507,2024,59,162,1-59-2024-162-05,5,11,2,07:31,1,2,1,2,1,0,4,2,2,95,95,95,95,95,95,95,4,1,0,53.1907731759788,6,9
2405508,2024,59,163,1-59-2024-163-02,2,11,7,20:11,1,2,1,1,3,0,4,2,2,95,95,95,95,95,95,95,1,1,0,48.7900687173874,6,9
2405509,2024,59,164,1-59-2024-164-03,3,11,5,07:10,3,1,0,0,0,0,4,1,9,95,95,95,95,95,95,95,0,1,0,106.516698817724,6,9
2405510,2024,62,162,1-62-2024-162-06,6,10,5,00:30,1,1,2,12,1,0,3,1,2,95,95,95,95,95,95,95,0,1,0,3382.64944312523,7,9
2405511,2024,62,163,1-62-2024-163-02,2,11,1,00:19,1,2,2,5,1,0,3,9,9,95,95,95,95,95,95,95,4,1,0,27.4104501869369,7,9
2405512,2024,62,164,1-62-2024-164-05,5,10,5,10:21,2,1,4,17,1,1,3,2,9,95,95,95,95,95,95,95,0,1,0,108.299387000098,7,9
2405513,2024,62,165,1-62-2024-165-02,2,11,7,08:20,3,3,2,5,2,0,3,9,9,95,95,95,95,95,95,95,2,1,0,40.5230025519482,7,9
2405515,2024,81,140,1-81-2024-140-09,9,11,3,17:41,3,3,1,3,3,0,4,2,2,95,95,95,95,95,95,95,1,1,0,2458.15811118751,8,9
2405516,2024,77,173,1-77-2024-173-03,3,11,3,13:37,1,2,0,0,0,0,0,2,2,95,95,95,95,95,95,95,4,1,0,116.854584560141,9,9
2405517,2024,77,174,1-77-2024-174-08,8,11,5,08:55,2,3,1,1,1,0,4,9,9,95,95,95,95,95,95,95,1,1,0,157.683139620426,9,9
2405518,2024,77,175,1-77-2024-175-09,9,11,5,12:22,2,2,0,0,0,0,4,2,2,95,95,95,95,95,95,95,4,1,0,1127.08597414131,9,9
2405519,2024,77,176,1-77-2024-176-03,3,11,4,08:31,3,3,0,0,0,0,0,2,2,95,95,95,95,95,95,95,0,1,0,116.854584560141,9,9
2405521,2024,57,170,1-57-2024-170-03,3,11,1,20:08,2,1,9,97,1,0,9,2,2,95,95,95,95,95,95,95,0,1,0,67.0299141761785,1,9
2405522,2024,57,171,1-57-2024-171-06,6,11,3,15:13,2,3,9,97,1,0,8,2,2,95,95,95,95,95,95,95,1,1,0,208.572736941216,1,9
2405523,2024,57,172,1-57-2024-172-04,4,11,4,15:53,1,2,99,99,0,0,8,2,2,95,95,95,95,95,95,95,1,1,0,418.937498619678,1,9
2405525,2024,10,111,1-10-2024-111-05,5,11,7,12:00,1,2,1,1,1,0,4,2,2,95,95,95,95,95,95,95,4,1,0,31.3260888817298,4,9
2405526,2024,81,141,1-81-2024-141-04,4,11,7,21:42,1,2,0,0,0,0,0,2,2,95,95,95,95,95,95,95,1,1,0,1036.6680070916,8,9
2405527,2024,48,179,1-48-2024-179-NM1,21,11,1,00:44,4,2,1,1,2,0,4,2,2,1,1,1,0,4,2,2,0,1,1,85.8427679861707,12,9
2405528,2024,48,180,1-48-2024-180-01,1,10,6,23:48,2,2,2,5,3,1,1,1,2,95,95,95,95,95,95,95,2,1,0,73.4941053746274,12,9
2405529,2024,48,181,1-48-2024-181-08,8,11,5,09:40,1,2,2,5,1,0,4,2,2,95,95,95,95,95,95,95,1,1,0,96.1411607504999,12,9
2405531,2024,67,49,1-67-2024-049-05,5,10,6,16:45,1,2,1,1,2,0,4,2,2,95,95,95,95,95,95,95,1,1,0,83.5824445569787,7,9
2405532,2024,67,50,1-67-2024-050-05,5,11,2,07:20,1,2,3,17,1,1,3,2,2,95,95,95,95,95,95,95,1,1,0,83.5824445569787,7,9
2405533,2024,67,51,1-67-2024-051-02,2,11,3,17:05,1,2,1,1,1,0,4,2,2,95,95,95,95,95,95,95,4,1,0,59.4086040705367,7,9
2405534,2024,13,78,1-13-2024-078-03,3,11,6,11:52,1,2,1,1,1,0,4,9,1,95,95,95,95,95,95,95,1,1,0,2541.65524006408,7,9
2405535,2024,54,120,1-54-2024-120-04,4,11,2,08:30,3,1,0,0,0,0,0,2,2,95,95,95,95,95,95,95,0,1,0,152.997399597271,9,9
2405536,2024,54,121,1-54-2024-121-07,7,11,3,17:10,1,2,1,1,1,0,0,2,2,95,95,95,95,95,95,95,4,1,0,361.728510345102,9,9
2405537,2024,54,122,1-54-2024-122-06,6,11,6,00:05,1,2,1,1,1,0,4,9,9,95,95,95,95,95,95,95,9,1,0,154.880686626287,9,9
2405538,2024,18,134,1-18-2024-134-08,8,11,2,06:18,2,1,3,17,2,1,3,2,1,95,95,95,95,95,95,95,0,1,0,114.15342035176,6,9
2405539,2024,18,135,1-18-2024-135-07,7,11,5,07:55,1,2,0,0,0,0,0,2,2,95,95,95,95,95,95,95,4,1,0,2381.80244224765,6,9
2405540,2024,18,136,1-18-2024-136-08,8,11,4,17:35,8,1,2,4,1,0,3,2,1,95,95,95,95,95,95,95,0,1,0,114.15342035176,6,9
2405541,2024,19,77,1-19-2024-077-03,3,11,5,18:35,3,1,1,1,1,0,4,2,2,95,95,95,95,95,95,95,0,1,0,54.6333187648771,9,9
2405542,2024,19,78,1-19-2024-078-04,4,11,7,21:44,2,2,1,1,1,0,6,9,9,95,95,95,95,95,95,95,4,1,0,295.155947411272,9,9
2405543,2024,19,79,1-19-2024-079-06,6,11,2,05:45,1,1,1,1,1,0,4,2,2,95,95,95,95,95,95,95,0,1,0,276.055846478069,9,9
2405544,2024,79,105,1-79-2024-105-03,3,11,3,06:39,1,1,0,0,0,0,0,9,9,95,95,95,95,95,95,95,0,1,0,104.756877618907,8,9
2405545,2024,79,106,1-79-2024-106-10,10,11,3,07:26,1,2,0,0,0,0,0,9,9,95,95,95,95,95,95,95,4,1,0,174.035213758045,8,9
2405546,2024,79,107,1-79-2024-107-07,7,11,5,07:51,1,2,1,1,1,0,6,9,9,95,95,95,95,95,95,95,4,1,0,105.188203068447,8,9
2405547,2024,30,189,1-30-2024-189-NM1,21,9,6,21:27,2,1,0,0,0,0,0,2,2,4,29,2,2,1,2,2,0,1,1,33.3381262919494,10,9
2405548,2024,30,190,1-30-2024-190-03,3,11,2,06:07,5,2,1,1,2,0,4,2,2,95,95,95,95,95,95,95,4,1,0,738.600104013517,10,9
2405549,2024,33,104,1-33-2024-104-03,3,11,6,07:35,2,3,0,0,0,0,0,9,9,95,95,95,95,95,95,95,1,1,0,40.2722548703879,12,9
2405550,2024,33,105,1-33-2024-105-06,6,8,3,01:27,1,1,1,1,1,0,9,1,2,95,95,95,95,95,95,95,0,1,0,203.491050135008,12,9
2405551,2024,33,106,1-33-2024-106-NM1,21,11,5,14:50,5,1,0,0,0,0,4,2,2,2,5,1,0,3,2,2,0,1,1,41.0900179301514,12,9
2405552,2024,69,138,1-69-2024-138-03,3,11,1,15:19,1,2,1,1,2,0,4,1,2,95,95,95,95,95,95,95,4,1,0,60.7451522520683,8,9
2405554,2024,69,140,1-69-2024-140-03,3,11,7,17:10,1,2,1,2,2,0,4,2,2,95,95,95,95,95,95,95,4,1,0,60.7451522520683,8,9
2405556,2024,17,182,1-17-2024-182-07,7,11,5,18:26,1,1,0,0,0,0,0,2,2,95,95,95,95,95,95,95,0,1,0,1142.187556136,4,9
2405557,2024,17,183,1-17-2024-183-10,10,11,4,17:56,1,2,0,0,0,0,0,2,2,95,95,95,95,95,95,95,4,1,0,8976.37792012195,4,9
2405558,2024,17,184,1-17-2024-184-06,6,11,3,18:25,1,2,99,99,0,0,8,2,2,95,95,95,95,95,95,95,4,1,0,323.708818353724,4,9
2405559,2024,20,131,1-20-2024-131-03,3,11,6,19:59,1,1,1,1,1,0,8,1,9,95,95,95,95,95,95,95,0,1,0,179.825175924063,11,9
2405560,2024,57,173,1-57-2024-173-NM2,22,11,6,17:13,1,1,95,95,95,95,95,2,2,1,1,1,0,6,2,2,0,0,1,166.164473508738,1,9
2405561,2024,24,152,1-24-2024-152-08,8,10,2,22:15,4,1,3,19,1,1,3,2,1,95,95,95,95,95,95,95,0,1,0,40.8959969609354,1,9
2405562,2024,24,153,1-24-2024-153-05,5,10,5,15:09,2,2,1,2,1,0,4,2,2,95,95,95,95,95,95,95,4,1,0,24.2721053029394,1,9
2405563,2024,24,154,1-24-2024-154-06,6,10,1,03:20,3,2,1,1,2,0,4,1,2,95,95,95,95,95,95,95,5,1,0,158.34973642154,1,9
2405564,2024,24,155,1-24-2024-155-03,3,11,2,07:35,1,2,99,99,0,0,0,2,2,95,95,95,95,95,95,95,4,1,0,50.8895333074807,1,9
2405565,2024,60,90,1-60-2024-090-08,8,11,5,19:24,1,2,1,1,3,0,4,2,2,95,95,95,95,95,95,95,4,1,0,193.300886538683,8,9
2405566,2024,60,91,1-60-2024-091-03,3,11,1,12:15,1,2,1,1,2,0,4,2,2,95,95,95,95,95,95,95,4,1,0,292.287630968549,8,9
2405567,2024,25,148,1-25-2024-148-03,3,11,2,05:38,1,2,0,0,0,0,0,2,2,95,95,95,95,95,95,95,9,1,0,129.841261636912,2,9
2405568,2024,25,149,1-25-2024-149-03,3,11,4,12:07,1,2,99,99,0,0,0,2,2,95,95,95,95,95,95,95,1,1,0,129.841261636912,2,9
2405569,2024,25,150,1-25-2024-150-03,3,11,3,12:44,2,2,0,0,0,0,4,2,1,95,95,95,95,95,95,95,9,1,0,129.841261681797,2,9
2405570,2024,25,151,1-25-2024-151-NM2,22,11,2,12:15,1,1,95,95,95,95,95,2,2,4,18,1,1,3,2,2,0,0,1,362.735522403193,2,9
2405571,2024,14,108,1-14-2024-108-07,7,11,6,14:48,1,2,0,0,0,0,0,9,9,95,95,95,95,95,95,95,4,1,0,5335.69180275648,8,9
2405572,2024,14,109,1-14-2024-109-04,4,11,6,23:33,2,3,0,0,0,0,0,9,9,95,95,95,95,95,95,95,1,1,0,1809.36544470856,8,9
2405573,2024,14,110,1-14-2024-110-02,2,11,5,15:53,1,2,2,5,2,0,3,9,1,95,95,95,95,95,95,95,4,1,0,73.7387227230028,8,9
2405574,2024,16,126,1-16-2024-126-NM1,21,11,1,00:26,1,1,0,0,0,0,0,9,2,6,75,1,1,1,1,1,0,1,1,196.102077456907,5,9
2405575,2024,11,166,1-11-2024-166-NM2,22,10,3,21:00,1,1,95,95,95,95,95,2,2,1,1,1,0,4,2,2,0,0,1,1994.3486165726,8,9
2405576,2024,11,167,1-11-2024-167-02,2,11,6,04:50,1,2,2,5,1,0,3,9,1,95,95,95,95,95,95,95,4,1,0,30.7614595081659,8,9
2405577,2024,11,168,1-11-2024-168-02,2,11,3,16:00,4,3,1,2,2,0,4,2,2,95,95,95,95,95,95,95,4,1,0,30.7614595081659,8,9
2405578,2024,32,150,1-32-2024-150-NM1,21,11,6,04:35,1,1,0,0,0,0,0,2,2,4,34,1,1,1,2,1,0,1,1,61.8412176679644,7,9
2405579,2024,32,151,1-32-2024-151-06,6,10,4,16:27,4,3,1,1,2,0,4,2,2,95,95,95,95,95,95,95,1,1,0,3707.81463334251,7,9
2405581,2024,28,173,1-28-2024-173-06,6,11,7,01:33,1,1,1,1,1,0,4,2,2,95,95,95,95,95,95,95,0,1,0,98.5193806395811,3,9
2405582,2024,28,174,1-28-2024-174-04,4,11,2,17:37,1,1,0,0,0,0,0,2,2,95,95,95,95,95,95,95,0,1,0,121.906201936167,3,9
2405585,2024,12,106,1-12-2024-106-08,8,11,2,09:43,2,1,3,19,1,1,4,2,2,95,95,95,95,95,95,95,0,1,0,295.547885122293,9,9
2405586,2024,12,107,1-12-2024-107-03,3,11,6,17:10,1,2,99,99,0,0,0,2,2,95,95,95,95,95,95,95,4,1,0,164.057323491007,9,9
2405587,2024,12,108,1-12-2024-108-04,4,11,4,08:17,1,2,0,0,0,0,0,9,9,95,95,95,95,95,95,95,4,1,0,744.518992237318,9,9
2405588,2024,73,138,1-73-2024-138-09,9,10,7,00:31,4,1,1,2,1,0,4,9,9,95,95,95,95,95,95,95,0,1,0,391.385640426636,3,9
2405589,2024,73,139,1-73-2024-139-09,9,10,3,12:45,1,2,1,1,1,0,4,9,9,95,95,95,95,95,95,95,4,1,0,391.385640426636,3,9
2405591,2024,27,171,1-27-2024-171-07,7,11,4,15:00,2,3,1,1,1,0,4,2,2,95,95,95,95,95,95,95,1,1,0,251.94804629152,3,9
2405592,2024,27,172,1-27-2024-172-03,3,11,4,10:49,1,2,1,1,2,0,4,9,9,95,95,95,95,95,95,95,4,1,0,12.6103689545478,3,9
2405593,2024,27,173,1-27-2024-173-03,3,11,1,19:09,7,1,1,1,1,0,4,1,2,95,95,95,95,95,95,95,0,1,0,11.8514312322575,3,9
2405594,2024,27,174,1-27-2024-174-NM2,22,11,4,18:39,2,1,95,95,95,95,95,2,9,2,5,2,0,3,9,1,0,0,1,41.6395308351094,3,9
2405595,2024,52,55,1-52-2024-055-NM2,22,10,7,08:39,1,1,95,95,95,95,95,2,2,1,2,1,0,4,2,2,0,0,1,153.764846051201,12,9
2405596,2024,26,127,1-26-2024-127-05,5,11,4,00:10,4,1,1,1,2,0,8,1,2,95,95,95,95,95,95,95,0,1,0,286.970812403274,10,9
2405597,2024,21,134,1-21-2024-134-02,2,11,3,04:37,2,1,1,1,1,0,8,1,2,95,95,95,95,95,95,95,0,1,0,25.3232269794903,11,9
2405598,2024,21,135,1-21-2024-135-03,3,11,7,09:40,3,3,1,2,3,0,6,2,9,95,95,95,95,95,95,95,1,1,0,319.39289990617,11,9
2405601,2024,15,213,1-15-2024-213-04,4,11,5,16:15,1,2,0,0,0,0,0,9,9,95,95,95,95,95,95,95,4,1,0,82.2311643186765,1,9
2405602,2024,15,214,1-15-2024-214-03,3,10,5,13:52,1,2,0,0,0,0,4,9,9,95,95,95,95,95,95,95,4,1,0,21.6342736044969,1,9
2405603,2024,15,215,1-15-2024-215-02,2,11,6,06:33,1,1,1,2,1,0,3,1,2,95,95,95,95,95,95,95,0,1,0,6.58048922439299,1,9
2405604,2024,29,93,1-29-2024-093-NM1,21,11,6,22:18,1,1,0,0,0,0,0,2,2,9,97,1,0,8,2,2,0,1,1,118.587450301321,2,9
2405606,2024,22,170,1-22-2024-170-04,4,11,6,12:19,1,2,1,1,1,0,5,2,2,95,95,95,95,95,95,95,4,1,0,84.481924707802,12,9
2405607,2024,22,171,1-22-2024-171-09,9,11,5,10:49,1,2,1,1,1,0,4,2,2,95,95,95,95,95,95,95,4,1,0,173.791313469466,12,9
2405609,2024,82,160,1-82-2024-160-02,2,10,4,22:25,5,2,9,97,1,0,8,1,2,95,95,95,95,95,95,95,1,1,0,23.9814262485552,1,9
2405610,2024,82,161,1-82-2024-161-03,3,11,6,11:24,3,2,99,99,0,0,8,2,2,95,95,95,95,95,95,95,4,1,0,630.555726158075,1,9
2405611,2024,22,173,1-22-2024-173-04,4,11,2,16:37,1,2,1,1,1,0,6,2,2,95,95,95,95,95,95,95,4,1,0,84.481924707802,12,9
2405612,2024,29,95,1-29-2024-095-04,4,11,3,16:15,2,2,2,4,1,0,3,9,9,95,95,95,95,95,95,95,4,1,0,1186.81687143117,2,9
2405613,2024,48,183,1-48-2024-183-07,7,11,4,19:56,1,1,0,0,0,0,0,2,2,95,95,95,95,95,95,95,0,1,0,892.497919305073,12,9
2405614,2024,69,141,1-69-2024-141-03,3,11,4,17:25,2,3,1,2,1,0,4,2,2,95,95,95,95,95,95,95,1,1,0,60.7451522520683,8,9
2405615,2024,10,112,1-10-2024-112-03,3,11,4,08:48,1,2,1,1,1,0,4,2,2,95,95,95,95,95,95,95,1,1,0,264.138565132489,4,9
2405616,2024,15,216,1-15-2024-216-03,3,10,5,21:28,2,2,1,1,2,0,4,9,9,95,95,95,95,95,95,95,4,1,0,21.6342736044969,1,9
2405617,2024,21,137,1-21-2024-137-05,5,11,1,05:00,2,1,2,5,1,0,3,2,2,95,95,95,95,95,95,95,0,1,0,31.6080006612922,11,9
2405618,2024,73,141,1-73-2024-141-03,3,11,4,07:35,1,1,99,99,0,0,0,9,9,95,95,95,95,95,95,95,0,1,0,39.6505655197374,3,9
2405619,2024,66,107,1-66-2024-107-10,10,10,1,01:00,1,1,0,0,0,0,0,2,2,95,95,95,95,95,95,95,0,1,0,242.389498710963,6,9
2405620,2024,66,108,1-66-2024-108-07,7,10,5,06:40,2,2,99,99,0,0,0,2,2,95,95,95,95,95,95,95,4,1,0,133.367571576148,6,9
2405621,2024,76,162,1-76-2024-162-07,7,10,6,11:15,1,1,0,0,0,0,0,9,9,95,95,95,95,95,95,95,0,1,0,833.706847866869,3,9
2405622,2024,76,163,1-76-2024-163-04,4,10,5,18:50,1,1,0,0,0,0,0,9,9,95,95,95,95,95,95,95,0,1,0,305.259282774884,3,9
2405623,2024,81,142,1-81-2024-142-02,2,11,7,14:43,1,1,2,6,1,0,4,1,2,95,95,95,95,95,95,95,0,1,0,19.0849903848337,8,9
2405625,2024,81,144,1-81-2024-144-06,6,11,6,12:50,2,2,1,1,1,0,0,2,2,95,95,95,95,95,95,95,4,1,0,1754.68497049156,8,9
2405626,2024,81,145,1-81-2024-145-02,2,11,3,19:34,1,2,2,5,2,0,3,2,2,95,95,95,95,95,95,95,4,1,0,19.0849903848337,8,9
2405627,2024,59,165,1-59-2024-165-04,4,11,1,18:13,1,1,0,0,0,0,0,2,2,95,95,95,95,95,95,95,0,1,0,595.613904573489,6,9
2405628,2024,59,166,1-59-2024-166-02,2,11,6,19:20,3,1,1,2,2,0,4,2,1,95,95,95,95,95,95,95,0,1,0,48.7900687173874,6,9
2405629,2024,59,167,1-59-2024-167-03,3,11,3,14:44,2,2,2,4,3,0,4,2,2,95,95,95,95,95,95,95,4,1,0,101.944980762035,6,9
2405630,2024,59,168,1-59-2024-168-04,4,11,3,07:10,1,1,0,0,0,0,0,2,2,95,95,95,95,95,95,95,0,1,0,595.613904573489,6,9
2405631,2024,62,166,1-62-2024-166-08,8,11,6,13:49,1,2,1,3,1,0,4,9,9,95,95,95,95,95,95,95,4,1,0,758.921079249798,7,9
2405632,2024,62,167,1-62-2024-167-07,7,11,3,09:27,1,2,0,0,0,0,0,9,9,95,95,95,95,95,95,95,1,1,0,13775.5743247765,7,9
2405633,2024,62,168,1-62-2024-168-02,2,11,7,13:19,4,2,1,1,1,0,4,9,9,95,95,95,95,95,95,95,1,1,0,27.4104501869369,7,9
2405634,2024,62,169,1-62-2024-169-02,2,11,2,14:10,2,2,2,4,2,0,3,9,9,95,95,95,95,95,95,95,4,1,0,27.4104501869369,7,9
2405635,2024,23,47,1-23-2024-047-03,3,11,6,18:27,1,2,99,99,0,0,5,2,9,95,95,95,95,95,95,95,4,1,0,233.109925396627,5,9
2405636,2024,60,92,1-60-2024-092-03,3,11,3,06:09,1,2,2,5,1,0,4,2,2,95,95,95,95,95,95,95,4,1,0,225.387841771132,8,9
2405637,2024,60,93,1-60-2024-093-01,1,11,2,15:40,1,2,4,29,4,4,1,2,1,95,95,95,95,95,95,95,2,1,0,35.3078303623944,8,9
2405638,2024,60,94,1-60-2024-094-03,3,11,4,08:15,2,3,1,1,1,0,4,2,2,95,95,95,95,95,95,95,1,1,0,225.387841771132,8,9
2405639,2024,60,95,1-60-2024-095-08,8,11,4,02:30,1,1,2,5,1,0,3,2,2,95,95,95,95,95,95,95,0,1,0,149.057520788789,8,9
2405640,2024,77,177,1-77-2024-177-06,6,11,3,08:31,2,3,9,97,1,0,4,2,9,95,95,95,95,95,95,95,1,1,0,1021.39406710871,9,9
2405643,2024,77,180,1-77-2024-180-08,8,11,6,17:33,1,1,9,97,1,0,9,2,2,95,95,95,95,95,95,95,0,1,0,272.76803017717,9,9
2405644,2024,32,152,1-32-2024-152-03,3,11,6,14:37,6,2,1,2,3,0,4,1,2,95,95,95,95,95,95,95,4,1,0,1022.53770309295,7,9
2405645,2024,14,111,1-14-2024-111-04,4,11,7,20:30,1,2,1,1,1,0,8,9,9,95,95,95,95,95,95,95,4,1,0,1118.74769985658,8,9
2405646,2024,14,112,1-14-2024-112-06,6,11,6,07:15,2,2,1,1,2,0,4,9,9,95,95,95,95,95,95,95,4,1,0,1019.84921695672,8,9
2405647,2024,14,113,1-14-2024-113-05,5,11,6,22:45,1,2,2,5,1,0,4,1,9,95,95,95,95,95,95,95,4,1,0,76.4230415651045,8,9
2405648,2024,14,114,1-14-2024-114-NM1,21,11,7,19:40,1,1,0,0,0,0,0,9,9,6,75,1,1,1,2,2,0,1,1,89.7759087557985,8,9
2405649,2024,10,113,1-10-2024-113-10,10,11,3,10:22,2,1,0,0,0,0,0,2,2,95,95,95,95,95,95,95,0,1,0,12566.8410319002,4,9
2405650,2024,10,114,1-10-2024-114-04,4,11,5,10:57,1,2,0,0,0,0,0,2,2,95,95,95,95,95,95,95,4,1,0,490.084961991089,4,9
2405652,2024,10,116,1-10-2024-116-05,5,11,5,06:54,1,2,3,14,2,1,3,2,2,95,95,95,95,95,95,95,4,1,0,74.0707603064399,4,9
2405653,2024,57,174,1-57-2024-174-03,3,11,1,11:43,2,2,99,99,0,0,8,2,2,95,95,95,95,95,95,95,4,1,0,164.99982753216,1,9
2405654,2024,57,175,1-57-2024-175-02,2,11,6,16:27,3,3,9,97,2,0,8,2,2,95,95,95,95,95,95,95,4,1,0,34.9847026100621,1,9
2405656,2024,18,137,1-18-2024-137-03,3,11,4,13:29,2,3,9,97,1,0,0,2,2,95,95,95,95,95,95,95,1,1,0,194.042863004502,6,9
2405657,2024,18,138,1-18-2024-138-02,2,11,1,18:46,2,1,9,97,1,0,8,2,2,95,95,95,95,95,95,95,0,1,0,46.7280335632617,6,9
2405659,2024,73,142,1-73-2024-142-06,6,11,2,16:53,4,1,1,1,2,0,4,2,2,95,95,95,95,95,95,95,0,1,0,37.0946854309253,3,9
2405660,2024,73,143,1-73-2024-143-09,9,11,1,01:53,3,1,1,1,1,0,6,9,9,95,95,95,95,95,95,95,0,1,0,37.2128206324797,3,9
2405661,2024,73,144,1-73-2024-144-04,4,11,2,08:42,1,1,99,99,0,0,0,9,9,95,95,95,95,95,95,95,0,1,0,38.9268584589882,3,9
2405662,2024,48,184,1-48-2024-184-06,6,11,1,23:02,2,1,1,1,1,0,9,2,2,95,95,95,95,95,95,95,0,1,0,874.343560435306,12,9
2405664,2024,54,124,1-54-2024-124-04,4,11,5,16:10,2,2,1,1,1,0,4,2,2,95,95,95,95,95,95,95,4,1,0,152.997399597271,9,9
2405665,2024,54,125,1-54-2024-125-07,7,11,5,08:40,1,2,0,0,0,0,0,9,9,95,95,95,95,95,95,95,1,1,0,163.639088013261,9,9
2405667,2024,30,192,1-30-2024-192-03,3,11,4,18:09,1,2,1,3,1,0,4,2,2,95,95,95,95,95,95,95,4,1,0,869.580930382375,10,9
2405668,2024,54,123,1-54-2024-123-10,10,11,7,05:29,1,1,1,1,1,0,5,2,2,95,95,95,95,95,95,95,0,1,0,892.219811254638,9,9
2405669,2024,79,108,1-79-2024-108-03,3,11,3,21:23,1,1,1,1,1,0,4,9,9,95,95,95,95,95,95,95,0,1,0,242.025144098839,8,9
2405670,2024,79,109,1-79-2024-109-03,3,11,4,19:09,1,2,2,9,2,0,4,9,9,95,95,95,95,95,95,95,4,1,0,242.025144098839,8,9
2405671,2024,79,110,1-79-2024-110-05,5,11,3,08:26,3,1,1,2,1,0,4,9,9,95,95,95,95,95,95,95,0,1,0,121.577378642075,8,9
2405672,2024,13,79,1-13-2024-079-07,7,11,7,00:28,1,1,0,0,0,0,0,9,9,95,95,95,95,95,95,95,0,1,0,16039.8860823842,7,9
2405673,2024,13,80,1-13-2024-080-02,2,11,4,23:00,1,1,0,0,0,0,0,9,9,95,95,95,95,95,95,95,0,1,0,31.205373911949,7,9
2405674,2024,57,177,1-57-2024-177-04,4,11,4,19:24,1,2,1,1,1,0,0,2,2,95,95,95,95,95,95,95,9,1,0,1031.25023884177,1,9
2405675,2024,77,181,1-77-2024-181-07,7,11,5,20:40,2,2,0,0,0,0,0,2,9,95,95,95,95,95,95,95,5,1,0,3726.87470771091,9,9
2405676,2024,69,142,1-69-2024-142-04,4,11,2,17:27,1,2,99,99,0,0,9,2,2,95,95,95,95,95,95,95,4,1,0,171.143939535751,8,9
2405677,2024,69,143,1-69-2024-143-NM1,21,11,2,10:26,2,1,0,0,0,0,0,2,2,2,6,1,0,3,2,2,0,1,1,7.66811372485411,8,9
2405678,2024,69,144,1-69-2024-144-03,3,11,6,01:57,2,2,2,5,2,0,4,2,2,95,95,95,95,95,95,95,4,1,0,44.3563118625314,8,9
2405679,2024,69,145,1-69-2024-145-03,3,11,3,19:06,2,1,1,1,1,0,5,2,2,95,95,95,95,95,95,95,0,1,0,44.3563118625314,8,9
2405680,2024,81,146,1-81-2024-146-08,8,11,7,13:20,2,2,2,4,1,0,4,2,2,95,95,95,95,95,95,95,4,1,0,280.699265939303,8,9
2405681,2024,19,80,1-19-2024-080-06,6,11,3,06:50,2,3,99,99,0,0,9,2,2,95,95,95,95,95,95,95,6,1,0,251.022651978485,9,9
2405682,2024,19,81,1-19-2024-081-04,4,11,6,11:42,1,2,99,99,0,0,9,2,2,95,95,95,95,95,95,95,4,1,0,268.390724600306,9,9
2405683,2024,19,82,1-19-2024-082-04,4,11,7,11:07,3,1,0,0,0,0,0,2,2,95,95,95,95,95,95,95,0,1,0,268.390724600306,9,9
2405684,2024,66,109,1-66-2024-109-01,1,11,6,00:32,1,2,9,97,1,1,1,9,9,95,95,95,95,95,95,95,2,1,0,106.258770256521,6,9
2405685,2024,66,110,1-66-2024-110-06,6,11,6,12:25,4,1,3,10,4,1,3,2,2,95,95,95,95,95,95,95,0,1,0,166.747203200861,6,9
2405686,2024,66,111,1-66-2024-111-06,6,11,4,10:40,2,1,2,5,1,0,4,2,9,95,95,95,95,95,95,95,0,1,0,166.747203200861,6,9
2405687,2024,31,120,1-31-2024-120-03,3,11,6,17:34,2,1,1,2,2,0,4,9,9,95,95,95,95,95,95,95,0,1,0,151.964719784207,6,9
2405689,2024,12,109,1-12-2024-109-06,6,11,3,08:21,1,1,0,0,0,0,0,1,2,95,95,95,95,95,95,95,0,1,0,257.996460650317,9,9
2405690,2024,12,110,1-12-2024-110-07,7,11,3,08:07,1,2,3,9,2,1,4,2,2,95,95,95,95,95,95,95,4,1,0,531.105146229092,9,9
2405691,2024,12,111,1-12-2024-111-06,6,11,6,17:18,1,2,1,2,1,0,4,1,2,95,95,95,95,95,95,95,4,1,0,257.996460650317,9,9
2405692,2024,12,112,1-12-2024-112-03,3,11,7,07:10,1,1,2,9,1,0,3,1,2,95,95,95,95,95,95,95,0,1,0,164.057323491007,9,9
2405694,2024,77,182,1-77-2024-182-06,6,11,5,11:58,1,2,0,0,0,0,4,2,2,95,95,95,95,95,95,95,4,1,0,1021.39406710871,9,9
2405695,2024,31,122,1-31-2024-122-07,7,11,4,17:22,1,1,0,0,0,0,0,2,9,95,95,95,95,95,95,95,0,1,0,230.868935151332,6,9
2405697,2024,20,133,1-20-2024-133-03,3,11,3,06:30,4,4,1,1,3,0,5,9,9,95,95,95,95,95,95,95,1,1,0,59.8206025403888,11,9
2405698,2024,17,185,1-17-2024-185-10,10,11,6,15:19,1,2,0,0,0,0,0,2,2,95,95,95,95,95,95,95,1,1,0,2909.88678683442,4,9
2405699,2024,17,186,1-17-2024-186-04,4,11,3,13:00,1,1,0,0,0,0,0,2,2,95,95,95,95,95,95,95,0,1,0,120.436877257182,4,9
2405700,2024,17,187,1-17-2024-187-06,6,11,2,13:15,2,1,2,4,1,0,4,2,2,95,95,95,95,95,95,95,0,1,0,104.937205408191,4,9
2405701,2024,17,188,1-17-2024-188-07,7,11,3,15:07,1,2,0,0,0,0,0,2,2,95,95,95,95,95,95,95,6,1,0,370.26476699869,4,9
2405702,2024,20,134,1-20-2024-134-04,4,11,7,18:00,1,1,0,0,0,0,0,2,2,95,95,95,95,95,95,95,0,1,0,213.877218745068,11,9
2405703,2024,24,156,1-24-2024-156-04,4,11,2,10:29,1,2,9,97,2,0,0,2,2,95,95,95,95,95,95,95,4,1,0,364.044206407486,1,9
2405704,2024,24,157,1-24-2024-157-02,2,11,1,13:27,2,2,0,0,0,0,4,2,2,95,95,95,95,95,95,95,4,1,0,24.2721053029394,1,9
2405705,2024,24,158,1-24-2024-158-03,3,11,3,16:48,4,4,2,9,3,0,3,2,2,95,95,95,95,95,95,95,4,1,0,101.740335153597,1,9
2405706,2024,24,159,1-24-2024-159-03,3,11,5,13:57,1,2,1,1,1,0,5,2,2,95,95,95,95,95,95,95,4,1,0,101.740335176909,1,9
2405707,2024,25,152,1-25-2024-152-04,4,11,6,05:47,1,1,0,0,0,0,0,2,2,95,95,95,95,95,95,95,0,1,0,681.483933708275,2,9
2405708,2024,25,153,1-25-2024-153-05,5,11,7,13:29,1,2,1,1,1,0,4,2,2,95,95,95,95,95,95,95,4,1,0,39.3581661506128,2,9
2405709,2024,25,154,1-25-2024-154-03,3,11,6,07:09,2,1,1,2,2,0,4,2,2,95,95,95,95,95,95,95,0,1,0,188.675216303941,2,9
2405710,2024,11,169,1-11-2024-169-02,2,11,3,18:15,2,1,99,99,0,0,3,2,2,95,95,95,95,95,95,95,0,1,0,30.7614595081659,8,9
2405713,2024,76,164,1-76-2024-164-04,4,9,2,13:40,3,2,0,0,0,0,0,9,9,95,95,95,95,95,95,95,2,1,0,116.742341193526,3,9
2405714,2024,76,165,1-76-2024-165-07,7,9,1,11:38,1,1,0,0,0,0,0,9,9,95,95,95,95,95,95,95,0,1,0,318.840064048268,3,9
2405715,2024,76,166,1-76-2024-166-NM1,21,9,4,07:45,4,1,95,95,95,95,95,9,9,3,13,1,1,8,9,9,0,0,1,85.5567201400254,3,9
2405717,2024,52,56,1-52-2024-056-03,3,11,3,21:14,1,2,1,1,1,0,4,9,1,95,95,95,95,95,95,95,1,1,0,84.9706344483022,12,9
2405718,2024,28,175,1-28-2024-175-09,9,11,2,11:09,1,1,2,9,1,0,3,2,2,95,95,95,95,95,95,95,0,1,0,159.603096768965,3,9
2405719,2024,28,176,1-28-2024-176-03,3,11,4,17:59,2,2,1,2,2,0,4,2,2,95,95,95,95,95,95,95,4,1,0,28.3089754479373,3,9
2405720,2024,11,172,1-11-2024-172-03,3,11,4,23:45,2,1,1,1,1,0,6,2,2,95,95,95,95,95,95,95,0,1,0,88.745143140243,8,9
2405721,2024,11,173,1-11-2024-173-06,6,11,5,16:40,3,4,99,99,0,0,9,2,2,95,95,95,95,95,95,95,1,1,0,328.738031158289,8,9
2405722,2024,30,193,1-30-2024-193-NM2,22,10,5,07:21,1,1,95,95,95,95,95,2,2,2,4,1,0,3,2,2,0,0,1,2186.42290292287,10,9
2405723,2024,76,168,1-76-2024-168-04,4,8,5,06:05,1,1,0,0,0,0,0,9,9,95,95,95,95,95,95,95,0,1,0,116.742341193526,3,9
2405724,2024,18,140,1-18-2024-140-05,5,11,6,00:06,2,2,3,22,1,1,3,1,2,95,95,95,95,95,95,95,4,1,0,50.9427492020977,6,9
2405725,2024,27,175,1-27-2024-175-04,4,11,7,09:40,2,2,1,1,1,0,4,2,2,95,95,95,95,95,95,95,4,1,0,90.2307194288076,3,9
2405726,2024,27,176,1-27-2024-176-07,7,11,7,14:18,4,2,0,0,0,0,3,9,9,95,95,95,95,95,95,95,1,1,0,352.3606808973,3,9
2405727,2024,27,177,1-27-2024-177-03,3,11,7,03:12,7,1,1,1,1,0,4,2,2,95,95,95,95,95,95,95,0,1,0,15.4192274038201,3,9
2405728,2024,82,162,1-82-2024-162-NM1,21,11,2,18:16,1,1,0,0,0,0,0,2,2,5,30,1,1,3,2,2,0,1,1,25.4374322287382,1,9
2405729,2024,82,163,1-82-2024-163-NM2,22,11,4,14:31,1,1,95,95,95,95,95,2,2,9,97,1,0,8,2,2,0,0,1,2077.73112331519,1,9
2405730,2024,26,128,1-26-2024-128-NM1,21,10,4,05:15,1,1,99,99,0,0,9,2,2,9,97,1,1,1,9,9,0,1,1,26.5232523906936,10,9
2405731,2024,26,129,1-26-2024-129-08,8,11,7,04:20,5,1,2,5,3,0,8,1,2,95,95,95,95,95,95,95,0,1,0,651.857569140449,10,9
2405732,2024,29,96,1-29-2024-096-NM1,21,9,2,15:39,3,1,99,99,0,0,8,2,2,9,97,1,0,8,2,2,0,1,1,151.12126186189,2,9
2405733,2024,29,97,1-29-2024-097-03,3,11,7,09:30,2,2,0,0,0,0,4,2,9,95,95,95,95,95,95,95,0,1,0,407.241161386995,2,9
2405735,2024,15,217,1-15-2024-217-03,3,11,6,18:10,1,2,1,2,2,0,4,9,9,95,95,95,95,95,95,95,4,1,0,11.752943697986,1,9
2405738,2024,15,220,1-15-2024-220-03,3,11,2,06:25,1,2,1,1,1,0,4,9,9,95,95,95,95,95,95,95,4,1,0,11.752943697986,1,9
2405740,2024,21,138,1-21-2024-138-06,6,11,4,14:40,1,2,99,99,0,0,8,2,9,95,95,95,95,95,95,95,5,1,0,296.722279161005,11,9
2405741,2024,21,139,1-21-2024-139-08,8,11,1,05:55,2,1,3,9,1,1,3,1,1,95,95,95,95,95,95,95,0,1,0,55.9343767601107,11,9
2405742,2024,21,140,1-21-2024-140-02,2,11,5,04:22,1,2,3,14,1,1,3,2,2,95,95,95,95,95,95,95,1,1,0,9.63819602034845,11,9
2405743,2024,21,141,1-21-2024-141-03,3,11,6,17:30,1,2,9,97,2,0,0,2,2,95,95,95,95,95,95,95,1,1,0,95.3589102851364,11,9
2405744,2024,22,174,1-22-2024-174-07,7,10,1,13:00,1,2,99,99,0,0,0,2,2,95,95,95,95,95,95,95,5,1,0,219.277461308875,12,9
2405745,2024,22,175,1-22-2024-175-NM2,22,11,5,09:03,1,1,95,95,95,95,95,2,2,0,0,0,0,0,2,2,0,0,1,38.9781737548834,12,9
2405746,2024,29,99,1-29-2024-099-04,4,9,2,17:00,1,2,99,99,0,0,0,2,9,95,95,95,95,95,95,95,4,1,0,1500.21230317455,2,9
2405747,2024,33,108,1-33-2024-108-03,3,8,4,15:56,2,3,1,1,1,0,4,2,2,95,95,95,95,95,95,95,4,1,0,23.6193822392045,12,9
2405748,2024,10,117,1-10-2024-117-03,3,11,3,18:27,2,3,9,97,1,0,8,2,2,95,95,95,95,95,95,95,1,1,0,113.722882193099,4,9
2405749,2024,15,221,1-15-2024-221-03,3,11,1,07:00,3,1,1,1,1,0,4,9,9,95,95,95,95,95,95,95,0,1,0,11.752943697986,1,9
2405750,2024,15,222,1-15-2024-222-06,6,11,6,07:15,1,2,99,99,0,0,8,9,9,95,95,95,95,95,95,95,1,1,0,30.6716579418358,1,9
2405751,2024,81,147,1-81-2024-147-06,6,11,7,18:57,2,3,0,0,0,0,0,2,2,95,95,95,95,95,95,95,1,1,0,1382.90599512492,8,9
2405752,2024,81,148,1-81-2024-148-03,3,11,1,18:13,1,2,1,1,1,0,4,9,9,95,95,95,95,95,95,95,4,1,0,373.325197740105,8,9
2405753,2024,81,149,1-81-2024-149-01,1,11,2,22:19,2,1,6,75,1,1,1,1,1,95,95,95,95,95,95,95,0,1,0,39.030210189351,8,9
2405754,2024,81,150,1-81-2024-150-02,2,11,6,02:20,1,1,3,11,1,1,3,1,2,95,95,95,95,95,95,95,0,1,0,19.0849903848337,8,9
2405755,2024,62,170,1-62-2024-170-03,3,8,4,07:36,1,2,1,1,1,0,4,9,9,95,95,95,95,95,95,95,1,1,0,631.835133100999,7,9
2405756,2024,62,171,1-62-2024-171-02,2,11,3,17:55,3,4,9,97,1,0,4,9,9,95,95,95,95,95,95,95,1,1,0,40.5230025519482,7,9
2405758,2024,62,173,1-62-2024-173-03,3,11,2,15:59,1,2,1,1,1,0,5,9,9,95,95,95,95,95,95,95,4,1,0,631.835133100999,7,9
2405759,2024,59,169,1-59-2024-169-03,3,11,1,07:36,1,2,2,4,1,0,3,1,9,95,95,95,95,95,95,95,4,1,0,53.2551797406929,6,9
2405760,2024,59,170,1-59-2024-170-03,3,11,2,09:25,1,2,0,0,0,0,5,2,2,95,95,95,95,95,95,95,4,1,0,53.2551797406929,6,9
2405761,2024,59,171,1-59-2024-171-03,3,11,4,06:50,1,2,2,4,1,0,6,2,2,95,95,95,95,95,95,95,1,1,0,53.2551797406929,6,9
2405762,2024,59,172,1-59-2024-172-04,4,11,7,20:25,1,2,0,0,0,0,0,2,2,95,95,95,95,95,95,95,4,1,0,311.143572807752,6,9
2405763,2024,73,145,1-73-2024-145-03,3,11,7,07:09,3,1,99,99,0,0,0,9,9,95,95,95,95,95,95,95,0,1,0,30.3986890211754,3,9
2405765,2024,73,147,1-73-2024-147-03,3,11,6,12:42,3,2,1,1,3,0,4,2,2,95,95,95,95,95,95,95,6,1,0,30.3986890211754,3,9
2405766,2024,77,183,1-77-2024-183-06,6,11,2,13:53,1,2,2,5,1,0,4,2,2,95,95,95,95,95,95,95,4,1,0,930.398754148013,9,9
2405767,2024,77,184,1-77-2024-184-03,3,11,1,14:41,2,1,1,1,1,0,4,2,2,95,95,95,95,95,95,95,0,1,0,184.132204995162,9,9
2405768,2024,77,185,1-77-2024-185-08,8,11,4,14:37,2,1,1,2,1,0,6,2,2,95,95,95,95,95,95,95,0,1,0,248.46730916172,9,9
2405769,2024,77,186,1-77-2024-186-02,2,11,3,22:00,4,1,1,1,1,0,4,2,2,95,95,95,95,95,95,95,0,1,0,83.1566199866033,9,9
2405770,2024,57,178,1-57-2024-178-NM2,22,11,6,15:14,1,1,95,95,95,95,95,9,9,1,1,1,0,0,2,9,0,0,1,167.365124450856,1,9
2405771,2024,57,179,1-57-2024-179-06,6,11,3,14:23,3,4,9,97,1,0,8,2,2,95,95,95,95,95,95,95,1,1,0,210.079816306198,1,9
2405773,2024,57,181,1-57-2024-181-05,5,11,5,12:51,1,2,9,97,1,0,8,2,2,95,95,95,95,95,95,95,4,1,0,9.69650235592079,1,9
2405777,2024,48,185,1-48-2024-185-05,5,11,3,08:50,3,1,9,97,1,0,8,2,2,95,95,95,95,95,95,95,0,1,0,80.9035530796695,12,9
2405778,2024,48,186,1-48-2024-186-04,4,11,2,18:30,1,2,0,0,0,0,0,2,2,95,95,95,95,95,95,95,4,1,0,179.531498408301,12,9
2405779,2024,48,187,1-48-2024-187-04,4,11,3,10:30,2,2,0,0,0,0,0,2,2,95,95,95,95,95,95,95,0,1,0,179.531498408301,12,9
2405780,2024,48,188,1-48-2024-188-06,6,11,5,20:00,1,1,9,97,2,0,0,2,2,95,95,95,95,95,95,95,0,1,0,157.157075566189,12,9
2405781,2024,67,52,1-67-2024-052-06,6,11,3,12:02,1,2,1,1,1,0,6,2,2,95,95,95,95,95,95,95,4,1,0,906.798069186286,7,9
2405782,2024,57,182,1-57-2024-182-03,3,11,7,19:37,3,2,9,97,1,0,8,2,2,95,95,95,95,95,95,95,4,1,0,67.5142507477967,1,9
2405783,2024,13,81,1-13-2024-081-04,4,11,1,02:10,4,1,0,0,0,0,0,1,9,95,95,95,95,95,95,95,0,1,0,4266.40495495528,7,9
2405784,2024,30,194,1-30-2024-194-06,6,11,7,20:58,2,2,1,1,1,0,3,2,2,95,95,95,95,95,95,95,4,1,0,943.451481828902,10,9
2405785,2024,30,195,1-30-2024-195-03,3,11,3,07:38,1,2,0,0,0,0,5,2,2,95,95,95,95,95,95,95,4,1,0,303.201045290998,10,9
2405786,2024,30,196,1-30-2024-196-03,3,11,6,18:27,2,3,1,1,2,0,4,9,9,95,95,95,95,95,95,95,1,1,0,303.201045250652,10,9
2405787,2024,69,146,1-69-2024-146-02,2,11,2,21:13,1,2,2,4,2,0,3,2,2,95,95,95,95,95,95,95,4,1,0,7.30201599951961,8,9
2405788,2024,69,147,1-69-2024-147-09,9,11,6,18:00,1,2,0,0,0,0,4,2,2,95,95,95,95,95,95,95,4,1,0,634.831339238048,8,9
2405789,2024,69,148,1-69-2024-148-06,6,11,6,17:47,2,2,9,97,1,0,8,2,2,95,95,95,95,95,95,95,4,1,0,151.099044748365,8,9
2405790,2024,19,83,1-19-2024-083-03,3,11,4,05:45,1,2,1,2,3,0,4,2,2,95,95,95,95,95,95,95,1,1,0,38.6828970730761,9,9
2405791,2024,19,84,1-19-2024-084-03,3,11,5,14:30,2,1,1,1,1,0,6,2,2,95,95,95,95,95,95,95,0,1,0,38.6828970730761,9,9
2405792,2024,19,85,1-19-2024-085-04,4,11,6,15:13,1,2,0,0,0,0,0,2,2,95,95,95,95,95,95,95,4,1,0,208.983956902809,9,9
2405793,2024,10,118,1-10-2024-118-07,7,11,2,08:53,1,2,0,0,0,0,0,2,2,95,95,95,95,95,95,95,9,1,0,1780.5340311051,4,9
2405794,2024,10,119,1-10-2024-119-06,6,11,3,17:12,2,1,9,97,1,0,6,2,2,95,95,95,95,95,95,95,0,1,0,469.073691082994,4,9
2405795,2024,10,120,1-10-2024-120-05,5,11,3,14:55,1,2,1,1,1,0,4,2,2,95,95,95,95,95,95,95,4,1,0,23.1705027621316,4,9
2405796,2024,79,111,1-79-2024-111-06,6,11,5,14:30,2,1,99,99,0,0,0,2,2,95,95,95,95,95,95,95,0,1,0,120.772111910736,8,9
2405798,2024,79,113,1-79-2024-113-07,7,11,5,09:36,1,1,0,0,0,0,0,2,9,95,95,95,95,95,95,95,0,1,0,194.985711161616,8,9
2405799,2024,66,112,1-66-2024-112-06,6,11,5,14:45,4,2,0,0,0,0,4,2,2,95,95,95,95,95,95,95,4,1,0,124.972344097308,6,9
2405801,2024,66,114,1-66-2024-114-03,3,10,3,17:05,1,2,1,1,2,0,6,1,9,95,95,95,95,95,95,95,2,1,0,79.4686416678806,6,9
2405803,2024,17,190,1-17-2024-190-04,4,11,2,10:29,1,2,0,0,0,0,0,2,2,95,95,95,95,95,95,95,5,1,0,323.259744019396,4,9
2405806,2024,54,126,1-54-2024-126-08,8,11,4,16:08,5,1,9,97,2,0,8,1,1,95,95,95,95,95,95,95,0,1,0,161.994257211147,9,9
2405807,2024,24,160,1-24-2024-160-05,5,11,5,16:23,2,2,2,9,1,0,3,2,2,95,95,95,95,95,95,95,6,1,0,24.2721053029394,1,9
2405808,2024,24,161,1-24-2024-161-09,9,11,2,04:12,1,1,9,97,1,0,0,1,2,95,95,95,95,95,95,95,0,1,0,436.850323051849,1,9
2405809,2024,24,162,1-24-2024-162-03,3,11,7,19:33,1,2,1,1,1,0,4,2,2,95,95,95,95,95,95,95,4,1,0,50.1091915477943,1,9
2405810,2024,24,163,1-24-2024-163-09,9,11,6,06:08,1,2,2,4,1,0,4,2,2,95,95,95,95,95,95,95,9,1,0,436.850323051849,1,9
2405811,2024,25,155,1-25-2024-155-09,9,11,2,11:14,1,1,99,99,0,0,0,2,2,95,95,95,95,95,95,95,0,1,0,298.964065352905,2,9
2405813,2024,25,157,1-25-2024-157-10,10,11,2,14:29,1,1,0,0,0,0,0,2,2,95,95,95,95,95,95,95,0,1,0,3935.61438961131,2,9
2405814,2024,25,158,1-25-2024-158-04,4,12,1,11:36,2,2,0,0,0,0,0,2,2,95,95,95,95,95,95,95,4,1,0,124.17511459421,2,9
2405815,2024,14,115,1-14-2024-115-03,3,11,4,07:30,1,1,99,99,0,0,0,9,9,95,95,95,95,95,95,95,0,1,0,285.585717007059,8,9
2405816,2024,14,116,1-14-2024-116-10,10,11,2,14:10,1,2,0,0,0,0,0,9,9,95,95,95,95,95,95,95,4,1,0,24230.4540548434,8,9
2405817,2024,60,96,1-60-2024-096-06,6,11,3,18:32,3,2,2,5,1,0,6,2,2,95,95,95,95,95,95,95,4,1,0,812.131135711044,8,9
2405818,2024,60,97,1-60-2024-097-03,3,11,6,18:24,2,1,99,99,0,0,8,2,2,95,95,95,95,95,95,95,0,1,0,219.24051085109,8,9
2405819,2024,60,98,1-60-2024-098-NM1,21,11,3,08:39,1,1,0,0,0,0,0,2,2,4,21,1,1,1,2,2,0,1,1,43.22330010499,8,9
2405820,2024,16,127,1-16-2024-127-02,2,11,5,11:31,2,1,4,34,1,1,3,1,1,95,95,95,95,95,95,95,0,1,0,29.5041480295572,5,9
2405821,2024,27,178,1-27-2024-178-03,3,11,3,20:38,1,2,1,1,1,0,4,2,2,95,95,95,95,95,95,95,4,1,0,11.8514312322575,3,9
2405822,2024,27,179,1-27-2024-179-03,3,11,5,10:16,2,2,1,3,2,0,4,2,2,95,95,95,95,95,95,95,4,1,0,11.8514312322575,3,9
2405823,2024,27,180,1-27-2024-180-07,7,11,6,17:19,1,2,0,0,0,0,0,2,9,95,95,95,95,95,95,95,1,1,0,63.5705010255487,3,9
2405824,2024,27,181,1-27-2024-181-07,7,11,1,16:48,1,1,0,0,0,0,0,2,9,95,95,95,95,95,95,95,0,1,0,74.8436989750221,3,9
2405825,2024,31,123,1-31-2024-123-01,1,11,2,22:51,2,1,3,22,1,1,1,2,1,95,95,95,95,95,95,95,0,1,0,190.536266122907,6,9
2405826,2024,31,124,1-31-2024-124-04,4,11,3,17:49,1,1,0,0,0,0,0,2,2,95,95,95,95,95,95,95,0,1,0,379.18975498133,6,9
2405827,2024,31,125,1-31-2024-125-10,10,11,6,03:10,1,1,99,99,0,0,9,9,9,95,95,95,95,95,95,95,0,1,0,11041.6107098401,6,9
2405828,2024,31,126,1-31-2024-126-08,8,10,5,22:05,5,1,9,97,2,0,5,2,9,95,95,95,95,95,95,95,0,1,0,222.937813489072,6,9
2405830,2024,11,175,1-11-2024-175-07,7,11,4,18:10,2,1,0,0,0,0,0,2,2,95,95,95,95,95,95,95,0,1,0,874.79164024383,8,9
2405831,2024,11,176,1-11-2024-176-05,5,11,4,08:35,7,5,3,14,3,1,3,2,2,95,95,95,95,95,95,95,1,1,0,31.8812723055547,8,9
2405835,2024,32,154,1-32-2024-154-02,2,11,2,09:30,2,3,2,6,2,0,3,2,2,95,95,95,95,95,95,95,4,1,0,9.87749505515872,7,9
2405836,2024,76,170,1-76-2024-170-03,3,11,7,09:24,1,2,99,99,0,0,5,9,9,95,95,95,95,95,95,95,4,1,0,108.410126178506,3,9
2405837,2024,28,177,1-28-2024-177-06,6,11,1,12:30,2,1,1,2,1,0,4,2,2,95,95,95,95,95,95,95,0,1,0,91.6597961358167,3,9
2405838,2024,28,178,1-28-2024-178-04,4,12,1,21:05,1,1,1,1,1,0,0,2,2,95,95,95,95,95,95,95,0,1,0,113.418269020985,3,9
2405839,2024,12,113,1-12-2024-113-06,6,11,4,12:17,1,2,1,1,2,0,4,2,2,95,95,95,95,95,95,95,4,1,0,257.996460650317,9,9
2405840,2024,12,114,1-12-2024-114-04,4,11,3,14:03,1,2,1,2,1,0,4,2,2,95,95,95,95,95,95,95,4,1,0,243.899610339648,9,9
2405841,2024,12,115,1-12-2024-115-09,9,12,1,10:21,1,1,99,99,0,0,8,2,2,95,95,95,95,95,95,95,0,1,0,356.90055195776,9,9
2405842,2024,32,155,1-32-2024-155-06,6,11,1,18:20,2,3,0,0,0,0,5,9,9,95,95,95,95,95,95,95,1,1,0,1841.31274852964,7,9
2405843,2024,11,178,1-11-2024-178-NM2,22,11,7,21:20,1,1,95,95,95,95,95,2,2,2,5,1,0,3,1,2,0,0,1,142.256664296033,8,9
2405844,2024,15,223,1-15-2024-223-04,4,11,7,20:15,1,2,0,0,0,0,0,9,9,95,95,95,95,95,95,95,1,1,0,51.3259001381716,1,9
2405846,2024,15,225,1-15-2024-225-NM2,22,11,7,20:15,1,1,95,95,95,95,95,9,9,9,97,1,0,8,9,9,0,0,1,31.8783964598429,1,9
2405847,2024,15,226,1-15-2024-226-03,3,11,3,17:45,1,2,0,0,0,0,4,9,9,95,95,95,95,95,95,95,4,1,0,13.5033788678664,1,9
2405849,2024,18,144,1-18-2024-144-NM2,22,11,5,09:11,1,1,95,95,95,95,95,2,2,9,97,1,0,0,2,2,0,0,1,131.063519990856,6,9
2405850,2024,18,145,1-18-2024-145-04,4,11,6,17:15,1,1,0,0,0,0,0,2,2,95,95,95,95,95,95,95,0,1,0,244.569892745898,6,9
2405851,2024,26,130,1-26-2024-130-03,3,11,6,07:41,1,2,1,1,1,0,0,9,2,95,95,95,95,95,95,95,4,1,0,727.884719144814,10,9
2405852,2024,20,137,1-20-2024-137-01,1,11,2,14:00,5,2,9,97,1,1,1,9,9,95,95,95,95,95,95,95,2,1,0,35.0220589332575,11,9
2405853,2024,29,100,1-29-2024-100-06,6,11,1,09:59,1,2,9,97,1,0,8,2,9,95,95,95,95,95,95,95,1,1,0,2077.07728208577,2,9
2405854,2024,29,101,1-29-2024-101-NM2,22,11,6,12:58,1,1,95,95,95,95,95,2,2,2,4,1,0,4,2,2,0,0,1,1234.79079181352,2,9
2405855,2024,20,138,1-20-2024-138-03,3,11,2,00:55,4,1,9,97,1,0,9,1,2,95,95,95,95,95,95,95,0,1,0,129.05694282056,11,9
2405856,2024,82,164,1-82-2024-164-NM1,21,11,5,19:36,1,1,0,0,0,0,0,2,2,9,97,1,0,8,2,2,0,1,1,141.753382777396,1,9
2405857,2024,22,176,1-22-2024-176-06,6,11,4,22:03,1,2,0,0,0,0,5,2,2,95,95,95,95,95,95,95,4,1,0,45.6695054334638,12,9
2405858,2024,22,177,1-22-2024-177-09,9,11,4,16:21,1,2,1,1,1,0,6,2,2,95,95,95,95,95,95,95,4,1,0,137.263300510642,12,9
2405859,2024,22,178,1-22-2024-178-04,4,11,6,11:20,2,2,1,1,2,0,5,2,2,95,95,95,95,95,95,95,4,1,0,66.7252441297753,12,9
2405860,2024,21,143,1-21-2024-143-03,3,11,2,21:30,2,2,1,1,1,0,8,1,9,95,95,95,95,95,95,95,1,1,0,591.415698550646,11,9
2405861,2024,25,159,1-25-2024-159-06,6,11,7,12:40,1,2,9,97,1,0,9,2,2,95,95,95,95,95,95,95,4,1,0,127.350061812609,2,9
2405862,2024,15,227,1-15-2024-227-04,4,11,2,13:25,1,2,99,99,0,0,0,9,9,95,95,95,95,95,95,95,4,1,0,51.3259001381716,1,9
2405863,2024,62,174,1-62-2024-174-05,5,11,5,18:35,4,2,2,5,3,0,3,9,9,95,95,95,95,95,95,95,4,1,0,74.9338648234269,7,9
2405864,2024,18,146,1-18-2024-146-08,8,11,1,16:53,7,1,3,17,1,1,3,1,2,95,95,95,95,95,95,95,0,1,0,56.5663772378367,6,9
2405865,2024,73,148,1-73-2024-148-09,9,11,2,21:16,8,1,1,1,1,0,4,9,9,95,95,95,95,95,95,95,0,1,0,300.06155561036,3,9
2405866,2024,66,115,1-66-2024-115-06,6,11,2,11:00,2,1,9,97,1,0,8,2,2,95,95,95,95,95,95,95,0,1,0,124.972344097308,6,9
2405868,2024,79,114,1-79-2024-114-09,9,11,7,12:25,3,2,9,97,1,0,0,9,9,95,95,95,95,95,95,95,4,1,0,146.078482242718,8,9
2405869,2024,11,179,1-11-2024-179-03,3,11,4,11:10,1,2,2,4,1,0,4,2,2,95,95,95,95,95,95,95,4,1,0,50.959088452492,8,9
2405870,2024,81,152,1-81-2024-152-NM1,21,12,2,21:00,1,1,0,0,0,0,0,2,2,2,5,1,0,3,1,2,0,1,1,20.2135532866767,8,9
2405871,2024,81,153,1-81-2024-153-02,2,12,3,07:27,2,3,1,1,1,0,4,2,2,95,95,95,95,95,95,95,1,1,0,19.0849903848337,8,9
2405872,2024,81,154,1-81-2024-154-01,1,12,3,11:58,4,3,5,27,3,1,1,1,2,95,95,95,95,95,95,95,5,1,0,37.5482771746596,8,9
2405874,2024,62,175,1-62-2024-175-04,4,11,3,15:30,1,2,0,0,0,0,0,9,9,95,95,95,95,95,95,95,4,1,0,4606.52124866923,7,9
2405875,2024,62,176,1-62-2024-176-06,6,12,4,16:24,1,2,1,1,1,0,0,9,9,95,95,95,95,95,95,95,1,1,0,4596.61714986565,7,9
2405877,2024,59,174,1-59-2024-174-04,4,12,6,17:40,1,1,0,0,0,0,0,2,2,95,95,95,95,95,95,95,0,1,0,255.44828993305,6,9
2405878,2024,59,175,1-59-2024-175-03,3,12,4,14:22,1,1,1,1,1,0,4,2,2,95,95,95,95,95,95,95,0,1,0,43.7224027225616,6,9
2405879,2024,59,176,1-59-2024-176-02,2,12,7,19:13,1,2,1,1,1,0,4,2,2,95,95,95,95,95,95,95,4,1,0,48.7900687173874,6,9
2405880,2024,77,187,1-77-2024-187-05,5,12,4,09:48,2,2,2,6,1,0,4,2,2,95,95,95,95,95,95,95,4,1,0,90.6570748528622,9,9
2405881,2024,77,188,1-77-2024-188-02,2,12,1,11:22,1,2,4,26,2,1,3,2,2,95,95,95,95,95,95,95,1,1,0,83.1566199866033,9,9
2405884,2024,57,183,1-57-2024-183-06,6,12,7,20:07,1,2,9,97,1,0,5,2,2,95,95,95,95,95,95,95,4,1,0,479.825111400142,1,9
2405886,2024,57,185,1-57-2024-185-NM2,22,12,2,08:08,1,1,95,95,95,95,95,9,9,1,2,1,0,4,2,2,0,0,1,382.264183805407,1,9
2405887,2024,10,121,1-10-2024-121-03,3,12,1,08:48,2,3,1,1,1,0,4,2,2,95,95,95,95,95,95,95,4,1,0,429.663410905726,4,9
2405888,2024,10,122,1-10-2024-122-01,1,12,3,16:27,1,2,3,22,3,2,1,2,1,95,95,95,95,95,95,95,2,1,0,59.5313973431497,4,9
2405889,2024,10,123,1-10-2024-123-05,5,12,7,08:42,1,1,3,14,1,1,1,2,2,95,95,95,95,95,95,95,0,1,0,70.9109148980365,4,9
2405890,2024,23,48,1-23-2024-048-03,3,12,2,13:10,4,4,2,5,3,0,3,2,2,95,95,95,95,95,95,95,4,1,0,1120.10542309425,5,9
2405891,2024,59,177,1-59-2024-177-07,7,12,3,05:20,1,1,0,0,0,0,0,2,2,95,95,95,95,95,95,95,0,1,0,843.914912018636,6,9
2405893,2024,48,190,1-48-2024-190-06,6,12,3,17:45,2,2,1,2,2,0,4,2,2,95,95,95,95,95,95,95,1,1,0,124.286772688647,12,9
2405894,2024,48,191,1-48-2024-191-06,6,12,1,17:12,2,3,1,1,1,0,9,2,2,95,95,95,95,95,95,95,1,1,0,124.286772688647,12,9
2405895,2024,48,192,1-48-2024-192-08,8,12,7,08:10,3,2,2,4,2,0,4,2,2,95,95,95,95,95,95,95,6,1,0,96.1411607504999,12,9
2405896,2024,67,53,1-67-2024-053-03,3,12,5,07:25,2,3,1,1,1,0,4,2,2,95,95,95,95,95,95,95,4,1,0,336.61498686744,7,9
2405897,2024,73,149,1-73-2024-149-05,5,12,5,15:27,1,2,3,9,1,1,3,9,9,95,95,95,95,95,95,95,1,1,0,47.7981654710363,3,9
2405898,2024,18,147,1-18-2024-147-01,1,12,7,11:58,1,2,4,29,3,3,1,2,2,95,95,95,95,95,95,95,2,1,0,63.8166126674341,6,9
2405899,2024,18,148,1-18-2024-148-03,3,12,4,19:23,1,2,1,1,2,0,3,2,2,95,95,95,95,95,95,95,4,1,0,132.618133574143,6,9
2405900,2024,18,149,1-18-2024-149-03,3,12,4,13:42,4,1,1,2,1,0,4,2,2,95,95,95,95,95,95,95,0,1,0,132.618133574143,6,9
2405901,2024,77,191,1-77-2024-191-03,3,12,5,12:51,1,2,99,99,0,0,9,2,2,95,95,95,95,95,95,95,1,1,0,288.445335679694,9,9
2405902,2024,77,192,1-77-2024-192-03,3,12,2,08:44,1,2,1,2,4,0,4,2,2,95,95,95,95,95,95,95,4,1,0,288.445335679694,9,9
2405903,2024,54,127,1-54-2024-127-08,8,12,2,10:00,3,1,9,97,1,0,8,2,2,95,95,95,95,95,95,95,0,1,0,183.997323343744,9,9
2405904,2024,54,128,1-54-2024-128-01,1,12,7,04:45,4,1,9,97,2,1,1,9,9,95,95,95,95,95,95,95,0,1,0,135.319434123776,9,9
2405905,2024,54,129,1-54-2024-129-03,3,12,2,19:40,1,2,1,1,1,0,6,2,2,95,95,95,95,95,95,95,4,1,0,137.769563396817,9,9
2405906,2024,66,116,1-66-2024-116-09,9,12,3,19:50,2,1,2,12,1,0,3,2,2,95,95,95,95,95,95,95,0,1,0,176.458176590149,6,9
2405907,2024,66,117,1-66-2024-117-04,4,12,3,14:10,2,1,99,99,0,0,0,2,2,95,95,95,95,95,95,95,0,1,0,114.973892842,6,9
2405908,2024,66,118,1-66-2024-118-06,6,11,6,19:35,1,1,1,1,2,0,6,2,2,95,95,95,95,95,95,95,0,1,0,124.972344097308,6,9
2405909,2024,12,116,1-12-2024-116-03,3,11,7,10:32,2,2,1,1,2,0,4,2,2,95,95,95,95,95,95,95,4,1,0,166.734048242703,9,9
2405911,2024,12,118,1-12-2024-118-04,4,12,5,05:29,2,1,0,0,0,0,0,2,2,95,95,95,95,95,95,95,0,1,0,916.878937506543,9,9
2405912,2024,13,82,1-13-2024-082-02,2,12,1,22:20,1,2,1,1,1,0,4,9,9,95,95,95,95,95,95,95,4,1,0,66.7757455815988,7,9
2405913,2024,17,192,1-17-2024-192-08,8,12,2,14:12,2,1,9,97,1,0,8,2,2,95,95,95,95,95,95,95,0,1,0,66.7779698608357,4,9
2405914,2024,17,193,1-17-2024-193-05,5,12,4,18:24,1,2,1,1,3,0,6,2,2,95,95,95,95,95,95,95,4,1,0,73.9642155230616,4,9
2405915,2024,17,194,1-17-2024-194-07,7,12,7,10:25,2,1,0,0,0,0,0,2,2,95,95,95,95,95,95,95,0,1,0,562.973405099887,4,9
2405917,2024,19,86,1-19-2024-086-01,1,12,6,13:10,5,4,3,11,2,2,1,2,2,95,95,95,95,95,95,95,0,1,0,103.75873151528,9,9
2405918,2024,19,87,1-19-2024-087-01,1,12,1,02:43,2,1,2,8,1,1,1,9,9,95,95,95,95,95,95,95,0,1,0,103.75873151528,9,9
2405919,2024,19,88,1-19-2024-088-02,2,12,7,17:20,3,2,1,2,3,0,4,2,2,95,95,95,95,95,95,95,4,1,0,45.0884525586451,9,9
2405920,2024,12,117,1-12-2024-117-03,3,12,5,19:49,2,3,1,1,2,0,4,9,9,95,95,95,95,95,95,95,4,1,0,166.734048242703,9,9
2405921,2024,69,149,1-69-2024-149-01,1,12,1,14:11,2,1,9,97,1,1,1,9,9,95,95,95,95,95,95,95,0,1,0,9.82023560759747,8,9
2405922,2024,69,150,1-69-2024-150-01,1,12,2,06:35,2,1,1,1,1,1,1,9,9,95,95,95,95,95,95,95,0,1,0,9.82023560759747,8,9
2405923,2024,69,151,1-69-2024-151-04,4,12,5,11:41,1,2,99,99,0,0,0,2,2,95,95,95,95,95,95,95,1,1,0,345.260079079098,8,9
2405924,2024,69,152,1-69-2024-152-02,2,12,1,04:19,4,1,1,1,1,0,4,1,1,95,95,95,95,95,95,95,0,1,0,7.30201599951961,8,9
2405925,2024,79,115,1-79-2024-115-05,5,12,4,07:03,2,2,2,5,1,0,4,2,9,95,95,95,95,95,95,95,1,1,0,121.577378642075,8,9
2405926,2024,79,116,1-79-2024-116-03,3,12,2,11:20,2,1,9,97,1,0,8,2,2,95,95,95,95,95,95,95,0,1,0,366.612456785011,8,9
2405927,2024,79,117,1-79-2024-117-02,2,12,7,14:00,1,2,1,1,1,0,4,2,2,95,95,95,95,95,95,95,2,1,0,117.307037635243,8,9
2405928,2024,48,193,1-48-2024-193-09,9,12,6,11:10,1,1,1,1,2,0,4,2,2,95,95,95,95,95,95,95,0,1,0,249.720671709397,12,9
2405929,2024,20,139,1-20-2024-139-02,2,11,2,09:56,2,1,1,1,1,0,3,1,2,95,95,95,95,95,95,95,0,1,0,19.9171728154044,11,9
2405931,2024,30,197,1-30-2024-197-07,7,12,6,17:19,2,3,1,2,1,0,4,2,2,95,95,95,95,95,95,95,4,1,0,2060.56491408519,10,9
2405932,2024,30,198,1-30-2024-198-03,3,12,3,11:16,1,2,1,1,1,0,4,2,2,95,95,95,95,95,95,95,4,1,0,184.500396636025,10,9
2405933,2024,30,199,1-30-2024-199-03,3,12,7,21:46,1,2,1,2,2,0,4,9,9,95,95,95,95,95,95,95,1,1,0,184.500396573902,10,9
2405935,2024,24,164,1-24-2024-164-04,4,11,7,04:45,5,1,0,0,0,0,0,2,2,95,95,95,95,95,95,95,0,1,0,250.949654847823,1,9
2405936,2024,24,165,1-24-2024-165-05,5,11,6,16:40,3,3,2,6,2,0,3,2,2,95,95,95,95,95,95,95,1,1,0,24.2721053029394,1,9
2405937,2024,24,166,1-24-2024-166-03,3,12,7,15:59,2,2,1,2,3,0,4,2,2,95,95,95,95,95,95,95,4,1,0,70.1335209887082,1,9
2405939,2024,60,100,1-60-2024-100-07,7,12,7,19:30,1,1,0,0,0,0,0,2,2,95,95,95,95,95,95,95,0,1,0,649.506114747841,8,9
2405940,2024,60,101,1-60-2024-101-03,3,12,5,18:15,1,2,1,2,2,0,6,2,2,95,95,95,95,95,95,95,1,1,0,53.5064326418914,8,9
2405941,2024,11,180,1-11-2024-180-NM2,22,12,6,18:45,1,1,95,95,95,95,95,2,2,3,17,1,1,3,2,2,0,0,1,2346.62012709175,8,9
2405945,2024,25,163,1-25-2024-163-07,7,12,5,17:11,1,2,0,0,0,0,0,2,2,95,95,95,95,95,95,95,1,1,0,1391.80542419003,2,9
2405946,2024,16,128,1-16-2024-128-02,2,12,1,23:16,5,1,3,27,1,1,3,2,1,95,95,95,95,95,95,95,0,1,0,28.4733610013342,5,9
2405951,2024,60,102,1-60-2024-102-06,6,12,6,18:35,4,5,1,1,1,0,4,2,2,95,95,95,95,95,95,95,1,1,0,198.203515128736,8,9
2405952,2024,27,182,1-27-2024-182-03,3,12,2,11:07,1,2,1,1,1,0,4,9,9,95,95,95,95,95,95,95,4,1,0,34.4736258672475,3,9
2405953,2024,27,183,1-27-2024-183-NM2,22,12,5,20:39,1,1,95,95,95,95,95,2,2,1,1,1,0,4,2,2,0,0,1,130.19869272293,3,9
2405954,2024,14,117,1-14-2024-117-02,2,12,3,03:56,3,1,2,6,1,0,4,1,9,95,95,95,95,95,95,95,0,1,0,73.7387227230028,8,9
2405956,2024,14,119,1-14-2024-119-03,3,12,5,19:15,4,4,0,0,0,0,5,9,9,95,95,95,95,95,95,95,4,1,0,210.830854559569,8,9
2405957,2024,31,127,1-31-2024-127-01,1,11,2,13:10,3,2,5,51,3,2,1,2,1,95,95,95,95,95,95,95,4,1,0,190.536266122907,6,9
2405958,2024,31,128,1-31-2024-128-04,4,12,5,06:18,1,2,1,1,1,0,0,9,9,95,95,95,95,95,95,95,2,1,0,277.889964841913,6,9
2405959,2024,31,129,1-31-2024-129-08,8,12,1,19:39,1,2,1,1,2,0,5,2,2,95,95,95,95,95,95,95,1,1,0,222.937813489072,6,9
2405960,2024,31,130,1-31-2024-130-04,4,12,3,07:10,4,1,0,0,0,0,0,9,9,95,95,95,95,95,95,95,0,1,0,277.889964841913,6,9
2405961,2024,32,156,1-32-2024-156-NM1,21,12,3,18:00,1,1,0,0,0,0,0,2,2,1,1,1,0,8,2,2,0,1,1,64.9248984713776,7,9
2405962,2024,32,157,1-32-2024-157-02,2,11,5,09:00,2,2,4,21,2,1,3,2,2,95,95,95,95,95,95,95,2,1,0,20.8819245275317,7,9
2405963,2024,57,186,1-57-2024-186-06,6,12,3,17:57,1,2,0,0,0,0,0,2,2,95,95,95,95,95,95,95,2,1,0,479.825111588548,1,9
2405965,2024,28,180,1-28-2024-180-07,7,12,5,17:08,2,1,0,0,0,0,0,2,2,95,95,95,95,95,95,95,0,1,0,380.711991081105,3,9
2405966,2024,25,164,1-25-2024-164-06,6,12,5,14:45,3,3,2,4,1,0,4,2,2,95,95,95,95,95,95,95,4,1,0,353.939350416704,2,9
2405967,2024,25,165,1-25-2024-165-04,4,12,3,02:56,1,2,0,0,0,0,0,2,2,95,95,95,95,95,95,95,4,1,0,345.115336307189,2,9
2405968,2024,29,102,1-29-2024-102-NM1,21,10,5,13:07,5,1,1,2,1,0,4,2,9,1,1,1,0,4,9,9,0,1,1,46.066249775962,2,9
2405970,2024,21,144,1-21-2024-144-09,9,12,4,05:30,1,1,9,97,1,0,0,2,2,95,95,95,95,95,95,95,0,1,0,1556.4985223625,11,9
2405971,2024,21,145,1-21-2024-145-04,4,12,4,15:59,2,3,0,0,0,0,0,2,2,95,95,95,95,95,95,95,1,1,0,659.443638639548,11,9
2405972,2024,21,146,1-21-2024-146-NM1,21,11,6,00:01,2,1,9,97,1,1,1,9,1,2,5,1,0,3,2,2,0,1,1,9.08918343004306,11,9
2405977,2024,26,132,1-26-2024-132-NM1,21,2,1,16:42,4,1,0,0,0,0,0,2,2,3,9,2,2,1,9,2,0,1,1,29.2426811637843,10,9
2405978,2024,81,156,1-81-2024-156-05,5,12,5,06:59,1,2,1,1,2,0,4,2,2,95,95,95,95,95,95,95,4,1,0,42.5942318286,8,9
2405979,2024,28,181,1-28-2024-181-04,4,12,5,06:52,1,1,1,1,1,0,0,2,2,95,95,95,95,95,95,95,0,1,0,126.672395736145,3,9
2405980,2024,26,133,1-26-2024-133-01,1,10,7,02:10,1,2,1,1,3,1,1,1,2,95,95,95,95,95,95,95,1,1,0,115.531316627262,10,9
2405981,2024,22,179,1-22-2024-179-06,6,12,2,13:50,3,2,1,1,1,0,5,2,2,95,95,95,95,95,95,95,4,1,0,104.526575629748,12,9
2405982,2024,22,180,1-22-2024-180-03,3,12,5,17:45,2,3,0,0,0,0,5,2,2,95,95,95,95,95,95,95,1,1,0,33.5921534966532,12,9
2405983,2024,22,181,1-22-2024-181-01,1,12,3,14:58,2,2,2,9,2,1,1,2,2,95,95,95,95,95,95,95,4,1,0,23.1353338048251,12,9
2405984,2024,22,182,1-22-2024-182-03,3,12,6,11:16,6,1,0,0,0,0,0,9,9,95,95,95,95,95,95,95,0,1,0,33.5921534966532,12,9
2405985,2024,15,231,1-15-2024-231-06,6,12,5,06:55,1,2,0,0,0,0,4,9,9,95,95,95,95,95,95,95,4,1,0,50.962755484092,1,9
2405986,2024,15,232,1-15-2024-232-03,3,12,2,12:30,1,1,9,97,1,0,0,9,9,95,95,95,95,95,95,95,0,1,0,13.757754207129,1,9
2405987,2024,15,233,1-15-2024-233-NM2,22,12,3,17:55,1,1,95,95,95,95,95,9,9,1,1,1,0,0,9,9,0,0,1,32.4789185953742,1,9
2405989,2024,76,175,1-76-2024-175-04,4,10,2,09:38,1,1,0,0,0,0,0,9,9,95,95,95,95,95,95,95,0,1,0,86.4714255045695,3,9
2405992,2024,76,178,1-76-2024-178-10,10,9,3,20:45,1,1,0,0,0,0,0,9,9,95,95,95,95,95,95,95,0,1,0,654.899657959584,3,9
2405993,2024,29,104,1-29-2024-104-NM1,21,11,6,17:13,1,1,0,0,0,0,0,2,2,9,97,1,0,4,9,9,0,1,1,46.066249775962,2,9
2405994,2024,25,166,1-25-2024-166-04,4,12,2,16:46,1,2,0,0,0,0,0,2,2,95,95,95,95,95,95,95,4,1,0,345.115336307189,2,9
2405995,2024,82,166,1-82-2024-166-05,5,11,6,16:46,1,2,1,1,4,0,4,2,2,95,95,95,95,95,95,95,2,1,0,31.9198775635953,1,9
2405996,2024,30,201,1-30-2024-201-03,3,12,5,14:38,4,4,1,1,1,0,5,2,2,95,95,95,95,95,95,95,4,1,0,184.500396590299,10,9
2405998,2024,20,141,1-20-2024-141-NM1,21,9,6,04:11,1,1,0,0,0,0,4,2,2,5,38,1,1,1,1,1,0,1,1,35.0220589332575,11,9
2405999,2024,17,196,1-17-2024-196-04,4,12,3,14:32,1,2,0,0,0,0,5,2,2,95,95,95,95,95,95,95,4,1,0,183.119661822585,4,9
2406000,2024,81,157,1-81-2024-157-09,9,12,7,20:27,1,1,99,99,0,0,0,2,2,95,95,95,95,95,95,95,0,1,0,4875.21511446398,8,9
2406001,2024,81,158,1-81-2024-158-NM2,22,12,7,18:20,2,2,95,95,95,95,95,2,2,0,0,0,0,4,2,2,0,0,1,1666.588526805,8,9
2406002,2024,81,159,1-81-2024-159-NM1,21,12,2,09:25,2,1,0,0,0,0,0,2,2,5,45,1,1,1,2,2,0,1,1,21.098194093673,8,9
2406003,2024,60,103,1-60-2024-103-09,9,12,5,16:00,2,3,1,1,1,0,4,2,2,95,95,95,95,95,95,95,2,1,0,3804.24227967137,8,9
2406004,2024,60,104,1-60-2024-104-06,6,12,3,15:44,8,2,2,5,5,0,3,2,2,95,95,95,95,95,95,95,5,1,0,1686.82934488612,8,9
2406005,2024,59,178,1-59-2024-178-01,1,12,1,16:43,4,1,6,75,1,1,1,2,2,95,95,95,95,95,95,95,0,1,0,53.4084683471652,6,9
2406006,2024,59,179,1-59-2024-179-06,6,12,3,18:56,1,2,0,0,0,0,5,2,2,95,95,95,95,95,95,95,4,1,0,422.426467796273,6,9
2406007,2024,59,180,1-59-2024-180-03,3,12,4,10:00,1,2,2,5,1,0,4,2,2,95,95,95,95,95,95,95,4,1,0,83.6010545122374,6,9
2406008,2024,59,181,1-59-2024-181-08,8,12,7,13:05,3,1,3,10,1,1,4,2,2,95,95,95,95,95,95,95,0,1,0,108.441401744852,6,9
2406009,2024,10,124,1-10-2024-124-03,3,12,3,07:30,2,2,2,4,1,0,4,2,2,95,95,95,95,95,95,95,4,1,0,142.987817060737,4,9
2406010,2024,10,125,1-10-2024-125-03,3,11,3,19:05,2,1,9,97,1,0,8,1,2,95,95,95,95,95,95,95,0,1,0,142.987817041245,4,9
2406011,2024,10,126,1-10-2024-126-05,5,12,2,14:54,1,2,1,1,1,0,4,2,2,95,95,95,95,95,95,95,9,1,0,75.3748060493564,4,9
2406012,2024,10,127,1-10-2024-127-06,6,12,5,13:30,2,3,1,1,1,0,4,2,2,95,95,95,95,95,95,95,1,1,0,529.668799856304,4,9
2406013,2024,77,193,1-77-2024-193-09,9,12,5,05:27,1,1,0,0,0,0,0,2,2,95,95,95,95,95,95,95,0,1,0,1784.0686377395,9,9
2406014,2024,77,194,1-77-2024-194-06,6,12,6,10:29,2,3,1,1,1,0,4,2,2,95,95,95,95,95,95,95,1,1,0,934.62982464716,9,9
2406015,2024,77,195,1-77-2024-195-08,8,12,4,13:53,3,4,3,14,1,1,3,2,2,95,95,95,95,95,95,95,1,1,0,249.597236192587,9,9
2406016,2024,77,196,1-77-2024-196-09,9,12,5,08:40,2,1,1,1,1,0,0,2,2,95,95,95,95,95,95,95,0,1,0,1784.0686377395,9,9
2406019,2024,13,83,1-13-2024-083-03,3,12,2,08:47,4,3,1,2,2,0,4,9,9,95,95,95,95,95,95,95,0,1,0,5418.42420219838,7,9
2406020,2024,14,121,1-14-2024-121-03,3,12,3,17:23,1,2,1,1,1,0,5,9,9,95,95,95,95,95,95,95,4,1,0,136.771072739086,8,9
2406021,2024,14,122,1-14-2024-122-03,3,12,6,16:43,1,2,9,97,1,0,9,9,9,95,95,95,95,95,95,95,4,1,0,136.771072739086,8,9
2406022,2024,14,123,1-14-2024-123-06,6,12,6,18:18,2,3,1,1,1,0,4,9,9,95,95,95,95,95,95,95,1,1,0,506.640156077067,8,9
2406023,2024,14,124,1-14-2024-124-03,3,12,7,21:16,2,1,0,0,0,0,0,1,9,95,95,95,95,95,95,95,0,1,0,136.771072739086,8,9
2406024,2024,73,150,1-73-2024-150-06,6,12,6,16:38,1,2,2,6,3,0,4,9,9,95,95,95,95,95,95,95,1,1,0,192.446977093304,3,9
2406025,2024,73,151,1-73-2024-151-07,7,12,5,04:27,1,1,1,1,1,0,6,9,9,95,95,95,95,95,95,95,0,1,0,892.951346542376,3,9
2406026,2024,67,54,1-67-2024-054-02,2,12,2,07:58,1,1,2,5,1,0,4,2,2,95,95,95,95,95,95,95,0,1,0,59.4086040705367,7,9
2406027,2024,67,55,1-67-2024-055-01,1,12,2,15:03,2,2,1,1,2,1,1,9,9,95,95,95,95,95,95,95,4,1,0,102.857050227779,7,9
2406028,2024,18,150,1-18-2024-150-09,9,12,7,21:16,1,2,3,10,1,1,3,2,2,95,95,95,95,95,95,95,2,1,0,776.571629127203,6,9
2406029,2024,18,151,1-18-2024-151-04,4,12,6,17:20,3,2,0,0,0,0,0,9,9,95,95,95,95,95,95,95,5,1,0,522.549819590506,6,9
2406030,2024,62,177,1-62-2024-177-03,3,12,5,18:51,1,2,0,0,0,0,5,9,9,95,95,95,95,95,95,95,4,1,0,536.965092091673,7,9
2406031,2024,62,178,1-62-2024-178-03,3,12,5,22:01,2,1,1,2,1,0,4,9,9,95,95,95,95,95,95,95,0,1,0,536.96509215571,7,9
2406032,2024,62,179,1-62-2024-179-03,3,12,2,20:16,2,2,1,1,2,0,4,9,9,95,95,95,95,95,95,95,4,1,0,536.96509215571,7,9
2406033,2024,62,180,1-62-2024-180-02,2,12,6,15:41,3,2,2,12,1,0,3,9,9,95,95,95,95,95,95,95,2,1,0,40.5230025519482,7,9
2406034,2024,52,57,1-52-2024-057-04,4,12,1,22:05,1,2,0,0,0,0,0,2,9,95,95,95,95,95,95,95,1,1,0,317.026371764519,12,9
2406036,2024,48,194,1-48-2024-194-02,2,12,1,17:42,9,5,1,2,5,0,4,9,9,95,95,95,95,95,95,95,1,1,0,74.210049573419,12,9
2406037,2024,48,195,1-48-2024-195-06,6,12,6,05:47,1,2,9,97,2,0,0,2,2,95,95,95,95,95,95,95,9,1,0,224.310584656422,12,9
2406038,2024,48,196,1-48-2024-196-04,4,12,4,19:05,2,1,0,0,0,0,0,9,9,95,95,95,95,95,95,95,0,1,0,256.245639765987,12,9
2406039,2024,48,197,1-48-2024-197-02,2,12,6,15:40,2,3,2,4,3,0,4,2,2,95,95,95,95,95,95,95,4,1,0,74.210049573419,12,9
2406040,2024,30,202,1-30-2024-202-02,2,11,4,03:54,4,2,2,5,2,0,4,2,2,95,95,95,95,95,95,95,4,1,0,19.164355457719,10,9
2406041,2024,30,203,1-30-2024-203-02,2,11,7,17:46,2,2,9,97,2,0,5,2,2,95,95,95,95,95,95,95,4,1,0,19.164355457719,10,9
2406042,2024,30,204,1-30-2024-204-09,9,11,4,18:58,2,3,1,3,1,0,4,2,2,95,95,95,95,95,95,95,1,1,0,11034.5007758715,10,9
2406043,2024,30,205,1-30-2024-205-02,2,12,6,13:42,1,1,3,27,1,1,3,2,1,95,95,95,95,95,95,95,0,1,0,19.1643554509332,10,9
2406044,2024,12,119,1-12-2024-119-03,3,12,3,17:36,3,4,1,3,1,0,4,2,2,95,95,95,95,95,95,95,1,1,0,164.057323491007,9,9
2406045,2024,12,120,1-12-2024-120-04,4,12,5,10:58,1,2,0,0,0,0,0,2,2,95,95,95,95,95,95,95,4,1,0,331.530424264406,9,9
2406046,2024,12,121,1-12-2024-121-04,4,12,6,14:01,1,2,0,0,0,0,0,2,2,95,95,95,95,95,95,95,4,1,0,331.530424264406,9,9
2406047,2024,12,122,1-12-2024-122-04,4,12,6,07:21,1,1,0,0,0,0,0,2,2,95,95,95,95,95,95,95,0,1,0,331.530424264406,9,9
2406048,2024,57,189,1-57-2024-189-06,6,12,6,12:25,1,2,1,3,2,0,4,9,9,95,95,95,95,95,95,95,4,1,0,362.476168425867,1,9
2406049,2024,52,59,1-52-2024-059-07,7,11,3,16:30,1,1,0,0,0,0,0,2,9,95,95,95,95,95,95,95,0,1,0,1413.17311042341,12,9
2406050,2024,66,119,1-66-2024-119-04,4,12,7,13:00,1,2,0,0,0,0,0,2,2,95,95,95,95,95,95,95,4,1,0,129.895877636548,6,9
2406051,2024,19,89,1-19-2024-089-04,4,12,3,09:50,1,2,0,0,0,0,0,2,2,95,95,95,95,95,95,95,4,1,0,1024.94428001786,9,9
2406052,2024,19,90,1-19-2024-090-02,2,12,4,17:53,1,1,1,1,1,0,4,2,2,95,95,95,95,95,95,95,0,1,0,45.0884525586451,9,9
2406053,2024,19,91,1-19-2024-091-05,5,12,4,14:30,1,2,2,12,2,0,3,2,2,95,95,95,95,95,95,95,1,1,0,49.1552833588875,9,9
2406054,2024,69,153,1-69-2024-153-01,1,12,5,06:30,5,1,4,18,1,1,1,1,1,95,95,95,95,95,95,95,0,1,0,7.66811372485411,8,9
2406055,2024,69,154,1-69-2024-154-10,10,12,4,10:34,2,1,0,0,0,0,0,2,2,95,95,95,95,95,95,95,0,1,0,2154.09297235182,8,9
2406057,2024,69,156,1-69-2024-156-04,4,12,5,17:25,3,1,0,0,0,0,0,9,9,95,95,95,95,95,95,95,0,1,0,119.132990921842,8,9
2406058,2024,17,197,1-17-2024-197-04,4,12,5,19:42,1,1,0,0,0,0,0,2,2,95,95,95,95,95,95,95,0,1,0,108.610998596913,4,9
2406059,2024,17,198,1-17-2024-198-04,4,12,2,12:19,2,2,0,0,0,0,5,2,2,95,95,95,95,95,95,95,4,1,0,108.610998588373,4,9
2406060,2024,17,199,1-17-2024-199-06,6,12,4,13:07,1,2,2,5,2,0,4,1,1,95,95,95,95,95,95,95,4,1,0,94.6332628692639,4,9
2406061,2024,17,200,1-17-2024-200-07,7,12,5,16:00,1,2,0,0,0,0,0,2,2,95,95,95,95,95,95,95,1,1,0,333.907910781611,4,9
2406064,2024,20,144,1-20-2024-144-06,6,12,2,17:15,2,3,99,99,0,0,0,2,2,95,95,95,95,95,95,95,1,1,0,435.278661520356,11,9
2406065,2024,79,118,1-79-2024-118-NM1,21,12,2,18:26,1,1,0,0,0,0,0,2,9,9,97,1,0,3,2,9,0,1,1,131.970085856043,8,9
2406066,2024,79,119,1-79-2024-119-07,7,12,2,12:11,1,2,0,0,0,0,0,2,2,95,95,95,95,95,95,95,4,1,0,929.199368579376,8,9
2406067,2024,79,120,1-79-2024-120-09,9,12,5,12:55,1,2,1,2,1,0,6,2,2,95,95,95,95,95,95,95,4,1,0,696.13323281141,8,9
2406068,2024,24,167,1-24-2024-167-02,2,12,3,23:13,2,1,2,5,1,0,4,1,1,95,95,95,95,95,95,95,0,1,0,24.2721053029394,1,9
2406069,2024,24,168,1-24-2024-168-06,6,12,4,11:42,2,2,2,9,1,0,3,2,2,95,95,95,95,95,95,95,4,1,0,289.44553984424,1,9
2406070,2024,25,167,1-25-2024-167-03,3,12,3,17:09,1,2,1,1,1,0,0,2,2,95,95,95,95,95,95,95,4,1,0,83.1755492477527,2,9
2406071,2024,25,168,1-25-2024-168-03,3,12,5,15:41,3,3,0,0,0,0,4,2,2,95,95,95,95,95,95,95,1,1,0,83.1755492585875,2,9
2406072,2024,25,169,1-25-2024-169-07,7,12,6,19:26,1,1,0,0,0,0,0,2,2,95,95,95,95,95,95,95,0,1,0,1211.5761298272,2,9
2406074,2024,16,129,1-16-2024-129-02,2,12,4,14:25,1,2,99,99,0,0,4,2,2,95,95,95,95,95,95,95,4,1,0,71.2953653784722,5,9
2406076,2024,28,183,1-28-2024-183-09,9,11,6,23:22,1,1,2,5,1,0,4,1,1,95,95,95,95,95,95,95,0,1,0,93.0422956401853,3,9
2406077,2024,28,184,1-28-2024-184-04,4,12,4,16:55,2,1,0,0,0,0,0,2,2,95,95,95,95,95,95,95,0,1,0,59.0675513570751,3,9
2406078,2024,28,185,1-28-2024-185-04,4,12,1,04:46,1,1,0,0,0,0,0,2,2,95,95,95,95,95,95,95,0,1,0,59.0675513570751,3,9
2406081,2024,76,181,1-76-2024-181-03,3,11,6,21:40,3,1,2,5,1,0,8,9,9,95,95,95,95,95,95,95,0,1,0,71.5495535595937,3,9
2406083,2024,31,131,1-31-2024-131-07,7,12,2,06:15,1,1,0,0,0,0,0,2,2,95,95,95,95,95,95,95,0,1,0,979.856364768598,6,9
2406084,2024,31,132,1-31-2024-132-03,3,12,2,17:18,1,2,9,97,1,0,0,2,2,95,95,95,95,95,95,95,1,1,0,151.964719784207,6,9
2406085,2024,27,184,1-27-2024-184-03,3,12,1,11:40,2,1,2,5,2,0,4,9,9,95,95,95,95,95,95,95,0,1,0,19.1155268679266,3,9
2406089,2024,11,182,1-11-2024-182-02,2,12,4,16:48,2,1,3,17,1,1,3,2,2,95,95,95,95,95,95,95,0,1,0,30.7614595081659,8,9
2406091,2024,32,158,1-32-2024-158-NM1,21,12,4,19:29,1,1,0,0,0,0,0,2,2,9,97,1,1,1,1,2,0,1,1,128.080968764564,7,9
2406092,2024,28,186,1-28-2024-186-04,4,10,1,03:16,1,1,0,0,0,0,0,2,2,95,95,95,95,95,95,95,0,1,0,59.0675513570751,3,9
2406093,2024,57,190,1-57-2024-190-05,5,12,6,06:48,1,1,9,97,1,0,0,2,2,95,95,95,95,95,95,95,0,1,0,11.5282225058122,1,9
2406094,2024,82,167,1-82-2024-167-02,2,12,7,22:30,1,2,9,97,1,0,8,2,2,95,95,95,95,95,95,95,4,1,0,30.3741457251434,1,9
2406096,2024,27,188,1-27-2024-188-06,6,12,4,06:45,2,2,4,34,2,1,4,2,2,95,95,95,95,95,95,95,6,1,0,96.5885483091747,3,9
2406097,2024,29,105,1-29-2024-105-04,4,11,2,13:11,1,2,99,99,0,0,0,2,2,95,95,95,95,95,95,95,4,1,0,554.415553685361,2,9
2406100,2024,21,148,1-21-2024-148-01,1,12,2,17:05,2,2,9,97,1,1,1,1,9,95,95,95,95,95,95,95,6,1,0,39.4711762734772,11,9
2406101,2024,21,149,1-21-2024-149-02,2,12,6,20:55,2,1,3,22,1,1,3,1,1,95,95,95,95,95,95,95,0,1,0,9.63819602034845,11,9
2406102,2024,15,234,1-15-2024-234-08,8,12,5,14:50,1,1,0,0,0,0,4,9,9,95,95,95,95,95,95,95,0,1,0,66.4095741134161,1,9
2406103,2024,15,235,1-15-2024-235-03,3,11,6,21:05,1,2,9,97,2,0,0,9,9,95,95,95,95,95,95,95,4,1,0,77.4280708363723,1,9
2406104,2024,15,236,1-15-2024-236-05,5,12,3,13:45,1,2,0,0,0,0,5,9,9,95,95,95,95,95,95,95,4,1,0,13.6400789963135,1,9
2406107,2024,25,171,1-25-2024-171-06,6,12,6,13:59,1,2,1,1,2,0,4,2,2,95,95,95,95,95,95,95,4,1,0,308.106622418482,2,9
2406108,2024,29,107,1-29-2024-107-03,3,11,5,17:14,2,2,9,97,1,0,4,2,9,95,95,95,95,95,95,95,0,1,0,150.499254995144,2,9
2406109,2024,22,185,1-22-2024-185-10,10,11,4,08:11,1,2,0,0,0,0,0,9,9,95,95,95,95,95,95,95,4,1,0,2942.25745617626,12,9
2406110,2024,22,186,1-22-2024-186-NM2,22,11,1,21:20,1,1,95,95,95,95,95,9,9,1,2,1,0,3,2,2,0,0,1,94.6557465142525,12,9
2406111,2024,21,150,1-21-2024-150-05,5,12,3,23:52,4,1,2,5,5,0,8,1,2,95,95,95,95,95,95,95,0,1,0,39.6357289991185,11,9
2406113,2024,69,157,1-69-2024-157-03,3,12,5,07:51,2,2,1,1,2,0,4,2,2,95,95,95,95,95,95,95,4,1,0,30.8763495381706,8,9
2406114,2024,11,185,1-11-2024-185-06,6,12,1,22:13,1,2,9,97,1,0,6,2,2,95,95,95,95,95,95,95,4,1,0,982.981326542976,8,9
2406115,2024,20,145,1-20-2024-145-03,3,12,4,10:30,4,2,1,1,1,0,3,2,2,95,95,95,95,95,95,95,5,1,0,139.88736858082,11,9
2406116,2024,76,183,1-76-2024-183-04,4,11,3,08:43,1,1,0,0,0,0,0,9,9,95,95,95,95,95,95,95,0,1,0,165.951066705846,3,9
2406117,2024,76,184,1-76-2024-184-04,4,11,2,16:29,2,2,0,0,0,0,0,9,9,95,95,95,95,95,95,95,4,1,0,165.951066705846,3,9
2406118,2024,76,185,1-76-2024-185-04,4,11,7,11:40,2,1,0,0,0,0,0,9,9,95,95,95,95,95,95,95,0,1,0,165.951066705846,3,9
2406119,2024,62,181,1-62-2024-181-02,2,12,5,13:36,2,3,1,2,1,0,4,9,9,95,95,95,95,95,95,95,4,1,0,143.712548638116,7,9
2406120,2024,62,182,1-62-2024-182-03,3,12,1,20:30,1,2,1,1,1,0,4,9,9,95,95,95,95,95,95,95,9,1,0,1379.57484418993,7,9
2406121,2024,81,160,1-81-2024-160-02,2,12,7,14:33,1,2,2,5,2,0,4,2,1,95,95,95,95,95,95,95,4,1,0,46.0552869114928,8,9
2406122,2024,81,161,1-81-2024-161-01,1,12,7,03:00,3,2,6,75,2,2,1,1,2,95,95,95,95,95,95,95,2,1,0,242.308395607162,8,9
2406123,2024,59,182,1-59-2024-182-04,4,12,6,08:08,1,2,0,0,0,0,0,2,2,95,95,95,95,95,95,95,2,1,0,175.956352530004,6,9
2406124,2024,59,183,1-59-2024-183-07,7,12,2,14:50,1,2,0,0,0,0,0,1,9,95,95,95,95,95,95,95,4,1,0,581.300386874371,6,9
2406125,2024,59,184,1-59-2024-184-06,6,12,5,13:42,1,2,1,1,1,0,4,2,2,95,95,95,95,95,95,95,4,1,0,152.175710276001,6,9
2406126,2024,59,185,1-59-2024-185-04,4,12,6,21:52,3,3,0,0,0,0,0,2,2,95,95,95,95,95,95,95,4,1,0,175.956352530004,6,9
2406127,2024,77,197,1-77-2024-197-03,3,12,7,07:17,1,2,0,0,0,0,0,2,2,95,95,95,95,95,95,95,4,1,0,193.93919154216,9,9
2406128,2024,77,198,1-77-2024-198-03,3,12,5,14:13,1,2,0,0,0,0,4,2,2,95,95,95,95,95,95,95,4,1,0,193.93919154216,9,9
2406129,2024,77,199,1-77-2024-199-03,3,12,7,05:34,1,1,1,1,1,0,4,2,2,95,95,95,95,95,95,95,0,1,0,193.93919154216,9,9
2406130,2024,77,200,1-77-2024-200-05,5,12,1,11:15,1,2,2,5,2,0,6,2,2,95,95,95,95,95,95,95,4,1,0,90.6570748528622,9,9
2406131,2024,10,128,1-10-2024-128-04,4,12,2,18:03,1,2,0,0,0,0,4,2,2,95,95,95,95,95,95,95,1,1,0,1302.89955171572,4,9
2406132,2024,10,129,1-10-2024-129-NM1,21,12,3,20:59,1,1,99,99,0,0,9,9,9,2,5,1,0,4,2,2,0,1,1,31.3806248143146,4,9
2406133,2024,10,130,1-10-2024-130-03,3,12,7,18:07,8,5,1,2,3,0,4,1,2,95,95,95,95,95,95,95,1,1,0,302.334296505622,4,9
2406134,2024,14,125,1-14-2024-125-04,4,12,4,15:10,1,2,1,1,2,0,6,9,9,95,95,95,95,95,95,95,4,1,0,347.585660015654,8,9
2406135,2024,14,126,1-14-2024-126-04,4,12,4,18:29,1,2,0,0,0,0,0,9,9,95,95,95,95,95,95,95,4,1,0,347.585660015654,8,9
2406137,2024,13,84,1-13-2024-084-04,4,12,6,18:33,1,2,0,0,0,0,0,9,9,95,95,95,95,95,95,95,4,1,0,9236.10198234623,7,9
2406138,2024,67,56,1-67-2024-056-04,4,12,6,06:55,1,1,0,0,0,0,0,2,2,95,95,95,95,95,95,95,0,1,0,332.534159645776,7,9
2406140,2024,19,92,1-19-2024-092-04,4,12,6,10:50,1,2,0,0,0,0,0,2,2,95,95,95,95,95,95,95,4,1,0,263.790946458572,9,9
2406142,2024,19,94,1-19-2024-094-04,4,12,3,19:01,1,1,0,0,0,0,0,2,2,95,95,95,95,95,95,95,0,1,0,263.790946458572,9,9
2406143,2024,54,130,1-54-2024-130-08,8,12,4,23:20,8,1,9,97,1,0,8,9,9,95,95,95,95,95,95,95,0,1,0,161.994257211147,9,9
2406144,2024,12,123,1-12-2024-123-06,6,12,4,00:23,6,1,0,0,0,0,0,9,9,95,95,95,95,95,95,95,0,1,0,427.642949572862,9,9
2406145,2024,12,124,1-12-2024-124-09,9,12,5,16:07,2,2,0,0,0,0,4,2,2,95,95,95,95,95,95,95,4,1,0,884.878645052102,9,9
2406146,2024,12,125,1-12-2024-125-03,3,12,6,14:12,1,2,1,3,2,0,4,2,2,95,95,95,95,95,95,95,4,1,0,164.057323491007,9,9
2406147,2024,48,198,1-48-2024-198-07,7,12,3,22:16,2,2,1,1,1,0,4,2,2,95,95,95,95,95,95,95,4,1,0,1070.96848945828,12,9
2406148,2024,48,199,1-48-2024-199-05,5,12,2,10:30,2,1,9,97,1,0,8,2,2,95,95,95,95,95,95,95,0,1,0,80.9035530796695,12,9
2406149,2024,48,200,1-48-2024-200-06,6,12,5,13:48,2,1,0,0,0,0,0,2,2,95,95,95,95,95,95,95,0,1,0,239.787560270205,12,9
2406151,2024,79,121,1-79-2024-121-03,3,12,2,20:45,1,2,9,97,2,0,8,2,2,95,95,95,95,95,95,95,1,1,0,104.756877618907,8,9
2406152,2024,79,122,1-79-2024-122-10,10,12,3,19:23,1,2,0,0,0,0,0,9,9,95,95,95,95,95,95,95,4,1,0,5736.20064546515,8,9
2406153,2024,69,158,1-69-2024-158-05,5,12,1,21:23,2,2,1,3,2,0,4,2,2,95,95,95,95,95,95,95,4,1,0,7.30201599951961,8,9
2406154,2024,69,159,1-69-2024-159-04,4,12,1,17:41,1,2,99,99,0,0,8,2,2,95,95,95,95,95,95,95,4,1,0,208.229237945387,8,9
2406155,2024,69,160,1-69-2024-160-02,2,12,4,21:18,1,2,9,97,2,0,8,2,2,95,95,95,95,95,95,95,4,1,0,7.30201599951961,8,9
2406157,2024,57,192,1-57-2024-192-02,2,12,6,15:04,3,2,1,3,1,0,4,2,2,95,95,95,95,95,95,95,4,1,0,16.2550493374768,1,9
2406158,2024,30,206,1-30-2024-206-03,3,12,1,02:23,1,2,2,5,2,0,4,9,9,95,95,95,95,95,95,95,1,1,0,339.574625265226,10,9
2406160,2024,30,208,1-30-2024-208-04,4,11,7,22:02,3,3,2,12,3,0,3,1,1,95,95,95,95,95,95,95,4,1,0,1586.72027088641,10,9
2406161,2024,30,209,1-30-2024-209-02,2,12,6,22:27,2,2,2,5,3,0,4,2,1,95,95,95,95,95,95,95,4,1,0,19.7146598979445,10,9
2406162,2024,17,201,1-17-2024-201-09,9,12,2,21:08,1,2,99,99,0,0,8,2,2,95,95,95,95,95,95,95,4,1,0,483.356586005974,4,9
2406163,2024,17,202,1-17-2024-202-03,3,12,7,20:00,1,2,1,1,1,0,4,2,2,95,95,95,95,95,95,95,4,1,0,56.2627107467575,4,9
2406164,2024,20,146,1-20-2024-146-04,4,12,1,21:20,1,2,0,0,0,0,0,2,2,95,95,95,95,95,95,95,1,1,0,304.330370561349,11,9
2406165,2024,20,147,1-20-2024-147-05,5,12,5,12:02,2,2,0,0,0,0,4,2,2,95,95,95,95,95,95,95,1,1,0,25.0067474296414,11,9
2406167,2024,60,105,1-60-2024-105-03,3,12,4,17:35,1,2,1,2,2,0,4,2,2,95,95,95,95,95,95,95,9,1,0,187.260455402182,8,9
2406168,2024,60,106,1-60-2024-106-04,4,12,2,18:04,1,2,0,0,0,0,4,2,2,95,95,95,95,95,95,95,2,1,0,858.524591319073,8,9
2406169,2024,24,169,1-24-2024-169-01,1,12,2,21:03,4,2,5,35,3,1,1,9,1,95,95,95,95,95,95,95,2,1,0,23.1726143074507,1,9
2406170,2024,24,170,1-24-2024-170-05,5,12,3,20:43,2,2,3,9,4,1,3,1,2,95,95,95,95,95,95,95,4,1,0,24.2721053029394,1,9
2406171,2024,24,171,1-24-2024-171-03,3,12,4,07:20,1,2,0,0,0,0,6,2,2,95,95,95,95,95,95,95,1,1,0,128.24108545593,1,9
2406172,2024,24,172,1-24-2024-172-09,9,12,5,20:20,2,3,1,1,1,0,4,2,9,95,95,95,95,95,95,95,2,1,0,1118.00166555289,1,9
2406173,2024,25,172,1-25-2024-172-03,3,12,2,15:25,2,2,1,1,1,0,4,2,2,95,95,95,95,95,95,95,4,1,0,420.611872511558,2,9
2406174,2024,25,173,1-25-2024-173-05,5,12,7,20:17,1,2,3,14,1,1,3,2,2,95,95,95,95,95,95,95,4,1,0,49.8833818457308,2,9
2406175,2024,16,130,1-16-2024-130-02,2,12,5,20:28,1,2,6,75,4,2,3,9,9,95,95,95,95,95,95,95,2,1,0,56.791932701426,5,9
2406177,2024,11,187,1-11-2024-187-03,3,12,6,18:59,1,2,9,97,3,0,8,2,2,95,95,95,95,95,95,95,4,1,0,199.422450532305,8,9
2406178,2024,76,186,1-76-2024-186-02,2,12,2,08:11,3,1,9,97,1,0,9,9,9,95,95,95,95,95,95,95,0,1,0,69.290638741677,3,9
2406180,2024,76,188,1-76-2024-188-03,3,11,7,11:06,2,1,1,1,1,0,4,9,9,95,95,95,95,95,95,95,0,1,0,71.5495535595937,3,9
2406182,2024,31,133,1-31-2024-133-10,10,12,2,16:00,3,1,0,0,0,0,0,2,2,95,95,95,95,95,95,95,0,1,0,419.593794787767,6,9
2406183,2024,32,159,1-32-2024-159-02,2,12,7,01:33,1,1,2,5,1,0,3,1,1,95,95,95,95,95,95,95,0,1,0,33.6745556127473,7,9
2406185,2024,73,153,1-73-2024-153-01,1,12,6,12:32,3,1,0,0,0,0,2,2,1,95,95,95,95,95,95,95,0,1,0,29.6045947385831,3,9
2406186,2024,28,187,1-28-2024-187-04,4,12,6,17:23,4,1,0,0,0,0,0,2,2,95,95,95,95,95,95,95,0,1,0,81.1581075737838,3,9
2406187,2024,28,188,1-28-2024-188-07,7,12,7,07:55,3,1,0,0,0,0,0,2,2,95,95,95,95,95,95,95,0,1,0,243.919478645917,3,9
2406189,2024,28,190,1-28-2024-190-04,4,12,5,19:57,1,1,0,0,0,0,0,2,2,95,95,95,95,95,95,95,0,1,0,81.1581075737838,3,9
2406191,2024,52,61,1-52-2024-061-06,6,11,7,18:50,1,2,1,1,1,0,0,2,2,95,95,95,95,95,95,95,4,1,0,252.857744755917,12,9
2406192,2024,29,108,1-29-2024-108-02,2,12,1,03:56,1,1,1,1,1,0,8,1,2,95,95,95,95,95,95,95,0,1,0,90.8510962627682,2,9
2406193,2024,82,168,1-82-2024-168-07,7,12,6,16:44,1,2,0,0,0,0,0,2,2,95,95,95,95,95,95,95,1,1,0,1697.47710151414,1,9
2406194,2024,82,169,1-82-2024-169-NM2,22,12,7,18:13,1,1,95,95,95,95,95,2,2,1,2,1,0,3,2,2,0,0,1,291.351098901355,1,9
2406195,2024,27,189,1-27-2024-189-03,3,12,3,14:56,2,1,1,1,2,0,4,2,2,95,95,95,95,95,95,95,0,1,0,32.3914110115022,3,9
2406196,2024,27,190,1-27-2024-190-04,4,12,3,08:05,2,2,0,0,0,0,0,9,9,95,95,95,95,95,95,95,6,1,0,148.721534412378,3,9
2406197,2024,73,154,1-73-2024-154-03,3,12,4,11:08,1,1,0,0,0,0,6,9,9,95,95,95,95,95,95,95,0,1,0,49.7668221990478,3,9
2406201,2024,15,240,1-15-2024-240-03,3,12,2,10:30,2,2,0,0,0,0,4,9,9,95,95,95,95,95,95,95,4,1,0,12.8685765153933,1,9
2406202,2024,26,134,1-26-2024-134-NM1,21,12,4,20:00,3,2,0,0,0,0,0,2,2,1,1,2,0,4,2,2,9,1,1,112.32218986867,10,9
2406203,2024,21,151,1-21-2024-151-03,3,12,5,15:48,1,2,1,1,1,0,4,2,2,95,95,95,95,95,95,95,1,1,0,324.785475613736,11,9
2406204,2024,21,152,1-21-2024-152-03,3,12,5,07:05,1,2,99,99,0,0,8,2,2,95,95,95,95,95,95,95,1,1,0,324.785475546463,11,9
2406206,2024,22,187,1-22-2024-187-10,10,12,3,16:02,1,1,0,0,0,0,0,9,9,95,95,95,95,95,95,95,0,1,0,263.638993066393,12,9
2406207,2024,22,188,1-22-2024-188-NM2,22,12,2,08:50,1,1,95,95,95,95,95,9,9,4,17,1,1,3,2,2,0,0,1,24.4305122731702,12,9
2406209,2024,21,154,1-21-2024-154-01,1,11,7,02:18,2,2,6,75,4,4,1,1,9,95,95,95,95,95,95,95,1,1,0,32.0082246155111,11,9
2406210,2024,11,188,1-11-2024-188-03,3,12,1,11:02,1,2,0,0,0,0,0,2,2,95,95,95,95,95,95,95,4,1,0,199.422450532305,8,9
2406211,2024,76,190,1-76-2024-190-09,9,10,2,11:33,1,2,1,1,1,0,4,9,9,95,95,95,95,95,95,95,4,1,0,373.232780008906,3,9
2406212,2024,66,120,1-66-2024-120-09,9,12,7,18:19,1,1,9,97,1,0,8,2,2,95,95,95,95,95,95,95,0,1,0,97.5596917228585,6,9
2406213,2024,66,121,1-66-2024-121-NM2,22,12,5,15:34,1,1,95,95,95,95,95,2,2,1,1,1,0,0,2,9,0,0,1,110.074249285118,6,9
2406215,2024,14,128,1-14-2024-128-03,3,12,6,02:43,2,1,1,1,1,0,6,1,9,95,95,95,95,95,95,95,0,1,0,85.5382393215963,8,9
2406216,2024,76,191,1-76-2024-191-07,7,10,7,22:00,2,1,0,0,0,0,0,1,9,95,95,95,95,95,95,95,0,1,0,492.536455086335,3,9
2406217,2024,18,153,1-18-2024-153-03,3,12,5,13:35,3,3,1,2,1,0,4,2,2,95,95,95,95,95,95,95,4,1,0,90.4428231986945,6,9
2406218,2024,15,241,1-15-2024-241-04,4,12,3,18:00,1,2,0,0,0,0,0,9,9,95,95,95,95,95,95,95,4,1,0,48.9130372067112,1,9
2406219,2024,15,242,1-15-2024-242-NM2,22,12,2,07:15,1,1,95,95,95,95,95,9,9,1,1,1,0,4,2,9,0,0,1,30.3797729398406,1,9
2406220,2024,15,243,1-15-2024-243-04,4,10,3,14:00,1,2,9,97,1,0,3,9,9,95,95,95,95,95,95,95,1,1,0,48.9130372170985,1,9
2406221,2024,69,162,1-69-2024-162-03,3,12,2,16:12,1,2,9,97,2,0,8,2,2,95,95,95,95,95,95,95,4,1,0,53.9679117020293,8,9
2406222,2024,66,122,1-66-2024-122-10,10,12,3,07:55,1,2,1,1,1,0,6,2,9,95,95,95,95,95,95,95,1,1,0,242.389498710963,6,9
2406223,2024,22,190,1-22-2024-190-09,9,12,3,14:12,3,1,2,5,1,0,4,1,2,95,95,95,95,95,95,95,0,1,0,31.5374411293913,12,9
2406224,2024,28,191,1-28-2024-191-04,4,12,6,16:01,3,3,0,0,0,0,0,2,2,95,95,95,95,95,95,95,1,1,0,81.1581075737838,3,9
2406225,2024,19,95,1-19-2024-095-04,4,12,5,13:10,1,1,0,0,0,0,0,2,2,95,95,95,95,95,95,95,0,1,0,263.790946458572,9,9
2406226,2024,48,202,1-48-2024-202-03,3,12,1,09:45,1,1,9,97,1,0,8,2,2,95,95,95,95,95,95,95,0,1,0,54.9604072040948,12,9
2406227,2024,30,210,1-30-2024-210-03,3,12,3,21:52,2,3,9,97,1,0,4,1,2,95,95,95,95,95,95,95,1,1,0,339.574625310413,10,9
2406228,2024,81,162,1-81-2024-162-08,8,12,3,20:27,2,1,4,34,1,1,3,2,2,95,95,95,95,95,95,95,0,1,0,355.259814660081,8,9
2406229,2024,81,163,1-81-2024-163-NM1,21,12,1,21:45,3,2,1,2,1,0,4,2,2,5,35,1,1,1,1,2,0,1,1,20.2135532866767,8,9
2406231,2024,62,184,1-62-2024-184-05,5,12,4,21:51,3,2,1,2,1,0,4,9,9,95,95,95,95,95,95,95,1,1,0,86.4816168998291,7,9
2406232,2024,23,49,1-23-2024-049-03,3,12,6,04:12,1,1,99,99,0,0,9,2,2,95,95,95,95,95,95,95,0,1,0,538.277569353781,5,9
2406234,2024,77,202,1-77-2024-202-05,5,12,3,18:17,2,1,2,5,1,0,3,1,9,95,95,95,95,95,95,95,0,1,0,90.6570748528622,9,9
2406235,2024,59,186,1-59-2024-186-06,6,12,6,18:19,1,2,1,1,1,0,4,1,9,95,95,95,95,95,95,95,9,1,0,83.2990442714816,6,9
2406236,2024,59,187,1-59-2024-187-04,4,12,2,11:10,1,1,0,0,0,0,0,2,2,95,95,95,95,95,95,95,0,1,0,96.3162647485713,6,9
2406237,2024,73,155,1-73-2024-155-03,3,12,7,12:31,1,2,99,99,0,0,4,9,9,95,95,95,95,95,95,95,2,1,0,27.9333153038062,3,9
2406238,2024,57,193,1-57-2024-193-09,9,12,6,18:43,1,2,0,0,0,0,4,9,9,95,95,95,95,95,95,95,4,1,0,2875.72570555649,1,9
2406239,2024,57,194,1-57-2024-194-NM1,21,12,5,22:12,2,1,9,97,1,0,8,1,9,9,97,1,0,8,2,2,0,1,1,19.2604769426058,1,9
2406240,2024,77,201,1-77-2024-201-06,6,12,1,14:34,1,1,2,5,1,0,6,2,2,95,95,95,95,95,95,95,0,1,0,1537.21615541284,9,9
2406241,2024,48,203,1-48-2024-203-06,6,12,2,11:34,1,2,9,97,1,0,0,2,2,95,95,95,95,95,95,95,4,1,0,129.402457177988,12,9
2406242,2024,48,204,1-48-2024-204-09,9,12,1,15:33,1,1,9,97,1,0,0,2,2,95,95,95,95,95,95,95,0,1,0,259.999256785636,12,9
2406243,2024,67,57,1-67-2024-057-NM2,22,11,3,08:12,1,1,95,95,95,95,95,2,9,9,97,1,0,3,2,2,0,0,1,280.830811465838,7,9
2406244,2024,14,129,1-14-2024-129-03,3,12,2,12:33,1,2,1,1,1,0,6,9,9,95,95,95,95,95,95,95,4,1,0,505.471874028717,8,9
2406245,2024,14,130,1-14-2024-130-01,1,12,5,21:11,2,1,5,25,3,3,1,1,1,95,95,95,95,95,95,95,0,1,0,73.3352740137857,8,9
2406246,2024,18,154,1-18-2024-154-03,3,12,6,13:17,2,2,2,5,2,0,4,2,2,95,95,95,95,95,95,95,4,1,0,50.1559535759686,6,9
2406247,2024,18,155,1-18-2024-155-08,8,12,7,18:58,3,1,4,29,2,1,3,2,2,95,95,95,95,95,95,95,0,1,0,66.5662168606509,6,9
2406248,2024,19,96,1-19-2024-096-10,10,12,3,05:00,1,1,99,99,0,0,9,9,9,95,95,95,95,95,95,95,0,1,0,96.5110974006478,9,9
2406249,2024,19,97,1-19-2024-097-08,8,12,3,23:14,2,1,1,1,1,0,4,1,9,95,95,95,95,95,95,95,0,1,0,52.7407043815755,9,9
2406250,2024,54,131,1-54-2024-131-03,3,12,2,16:51,1,2,1,3,2,0,4,2,2,95,95,95,95,95,95,95,4,1,0,125.113113257208,9,9
2406252,2024,13,86,1-13-2024-086-02,2,12,1,02:03,2,2,4,36,1,1,3,1,1,95,95,95,95,95,95,95,1,1,0,21.5495974710284,7,9
2406254,2024,33,110,1-33-2024-110-04,4,12,1,15:50,3,4,1,1,1,0,4,1,2,95,95,95,95,95,95,95,1,1,0,330.088144283669,12,9
2406255,2024,69,163,1-69-2024-163-03,3,12,3,17:14,3,2,1,1,2,0,8,2,2,95,95,95,95,95,95,95,4,1,0,20.3132021948385,8,9
2406256,2024,69,164,1-69-2024-164-07,7,12,3,14:00,1,1,0,0,0,0,0,2,2,95,95,95,95,95,95,95,0,1,0,256.481300292613,8,9
2406258,2024,30,212,1-30-2024-212-04,4,12,1,11:17,1,2,0,0,0,0,0,2,2,95,95,95,95,95,95,95,5,1,0,2634.86309057548,10,9
2406259,2024,30,213,1-30-2024-213-NM1,21,12,5,06:22,1,1,0,0,0,0,0,2,2,6,75,1,1,1,2,1,0,1,1,70.0679338170937,10,9
2406260,2024,12,126,1-12-2024-126-07,7,12,3,16:15,1,2,1,1,1,0,8,2,2,95,95,95,95,95,95,95,4,1,0,293.505475547656,9,9
2406261,2024,12,127,1-12-2024-127-07,7,12,3,19:50,1,1,1,1,1,0,0,2,2,95,95,95,95,95,95,95,0,1,0,293.505475547656,9,9
2406262,2024,20,148,1-20-2024-148-03,3,12,5,12:00,5,3,1,1,2,0,4,2,2,95,95,95,95,95,95,95,5,1,0,117.724388691886,11,9
2406263,2024,66,123,1-66-2024-123-01,1,12,5,99:99,1,1,9,97,1,1,1,9,9,95,95,95,95,95,95,95,0,1,0,121.69637656743,6,9
2406265,2024,17,203,1-17-2024-203-02,2,12,1,17:42,1,2,2,4,4,0,4,2,2,95,95,95,95,95,95,95,4,1,0,71.3662616428737,4,9
2406266,2024,17,204,1-17-2024-204-03,3,12,7,14:35,2,1,1,1,1,0,4,2,2,95,95,95,95,95,95,95,0,1,0,108.458713278135,4,9
2406267,2024,24,173,1-24-2024-173-10,10,12,7,05:14,1,2,0,0,0,0,0,2,2,95,95,95,95,95,95,95,1,1,0,12047.7996238145,1,9
2406268,2024,24,174,1-24-2024-174-05,5,12,5,16:07,1,2,2,6,1,0,4,2,2,95,95,95,95,95,95,95,4,1,0,24.2721053029394,1,9
2406269,2024,24,175,1-24-2024-175-02,2,12,4,21:41,3,1,4,17,2,1,3,2,2,95,95,95,95,95,95,95,0,1,0,24.2721053029394,1,9
2406270,2024,25,174,1-25-2024-174-06,6,12,3,12:47,3,1,1,1,1,0,3,2,2,95,95,95,95,95,95,95,0,1,0,681.275187925741,2,9
2406271,2024,25,175,1-25-2024-175-01,1,12,3,02:17,2,1,6,75,1,1,1,1,1,95,95,95,95,95,95,95,0,1,0,140.838481178153,2,9
2406272,2024,16,131,1-16-2024-131-03,3,12,3,18:00,1,2,0,0,0,0,5,2,2,95,95,95,95,95,95,95,4,1,0,132.869057626833,5,9
2406273,2024,16,132,1-16-2024-132-03,3,12,2,17:44,1,2,0,0,0,0,8,9,9,95,95,95,95,95,95,95,4,1,0,132.869057586672,5,9
2406274,2024,28,192,1-28-2024-192-06,6,12,7,03:41,2,1,1,1,1,0,0,2,2,95,95,95,95,95,95,95,0,1,0,44.5186799027896,3,9
2406275,2024,28,193,1-28-2024-193-10,10,11,5,13:44,3,1,0,0,0,0,0,2,2,95,95,95,95,95,95,95,0,1,0,1309.23586469864,3,9
2406277,2024,32,161,1-32-2024-161-03,3,12,7,16:13,1,2,1,1,1,0,4,2,2,95,95,95,95,95,95,95,4,1,0,389.952264899487,7,9
2406278,2024,11,189,1-11-2024-189-03,3,12,2,14:50,2,2,9,97,1,0,8,2,2,95,95,95,95,95,95,95,5,1,0,337.618780570381,8,9
2406279,2024,11,190,1-11-2024-190-05,5,12,1,10:15,1,2,1,2,2,0,4,2,2,95,95,95,95,95,95,95,1,1,0,40.0406351983628,8,9
2406280,2024,52,62,1-52-2024-062-06,6,11,4,18:05,1,2,99,99,0,0,0,2,2,95,95,95,95,95,95,95,1,1,0,145.127195997832,12,9
2406281,2024,52,63,1-52-2024-063-NM2,22,12,3,07:37,1,1,95,95,95,95,95,2,2,1,1,1,0,5,2,9,0,0,1,99.7929570162416,12,9
2406282,2024,32,162,1-32-2024-162-03,3,12,5,10:48,2,2,0,0,0,0,4,2,2,95,95,95,95,95,95,95,1,1,0,389.952264846681,7,9
2406283,2024,27,191,1-27-2024-191-04,4,12,2,08:13,1,2,0,0,0,0,0,2,9,95,95,95,95,95,95,95,4,1,0,59.6838672090215,3,9
2406284,2024,27,192,1-27-2024-192-06,6,12,6,16:15,1,2,1,1,1,0,4,2,2,95,95,95,95,95,95,95,4,1,0,51.5352651741861,3,9
2406286,2024,26,136,1-26-2024-136-07,7,12,3,17:05,1,2,1,1,1,0,6,2,9,95,95,95,95,95,95,95,4,1,0,9481.22512620072,10,9
2406288,2024,29,109,1-29-2024-109-03,3,12,3,09:36,2,3,2,5,2,0,4,2,2,95,95,95,95,95,95,95,4,1,0,719.746185825989,2,9
2406292,2024,22,191,1-22-2024-191-NM2,22,12,7,19:56,1,1,95,95,95,95,95,1,2,2,9,1,0,3,2,2,0,0,1,24.4305122731702,12,9
2406293,2024,22,192,1-22-2024-192-07,7,12,3,20:49,5,3,0,0,0,0,0,1,2,95,95,95,95,95,95,95,4,1,0,90.6161164716993,12,9
2406294,2024,22,193,1-22-2024-193-03,3,10,6,14:23,2,3,1,1,1,0,4,2,2,95,95,95,95,95,95,95,1,1,0,26.0912892801948,12,9
2406300,2024,21,157,1-21-2024-157-08,8,12,6,20:30,4,1,3,22,1,1,3,2,9,95,95,95,95,95,95,95,0,1,0,64.9053971870632,11,9
2406302,2024,21,158,1-21-2024-158-03,3,9,2,15:07,1,2,1,1,2,0,4,2,2,95,95,95,95,95,95,95,4,1,0,110.653024234105,11,9
2406303,2024,13,87,1-13-2024-087-04,4,12,3,18:26,1,1,0,0,0,0,0,9,9,95,95,95,95,95,95,95,0,1,0,4743.1737256046,7,9
2406304,2024,62,185,1-62-2024-185-06,6,12,5,09:56,3,1,2,6,1,0,4,2,9,95,95,95,95,95,95,95,0,1,0,2701.18789542651,7,9
2406305,2024,62,183,1-62-2024-183-04,4,12,5,07:30,1,2,0,0,0,0,0,9,9,95,95,95,95,95,95,95,4,1,0,2707.00800802249,7,9
2406306,2024,30,214,1-30-2024-214-06,6,12,3,14:27,2,2,2,5,1,0,3,9,9,95,95,95,95,95,95,95,4,1,0,1754.61481084793,10,9
2406307,2024,26,137,1-26-2024-137-05,5,11,7,01:20,4,1,1,1,2,0,4,1,9,95,95,95,95,95,95,95,0,1,0,81.3263153382772,10,9
2406309,2024,76,193,1-76-2024-193-07,7,9,4,11:09,1,1,0,0,0,0,0,9,9,95,95,95,95,95,95,95,0,1,0,965.974466296381,3,9
2406311,2024,15,245,1-15-2024-245-07,7,12,2,16:10,2,2,99,99,0,0,0,9,9,95,95,95,95,95,95,95,4,1,0,391.489937614284,1,9
2406312,2024,29,111,1-29-2024-111-05,5,12,7,23:44,2,1,0,0,0,0,4,1,2,95,95,95,95,95,95,95,0,1,0,71.2280640115455,2,9
2406313,2024,76,195,1-76-2024-195-04,4,11,4,09:54,1,2,0,0,0,0,0,9,9,95,95,95,95,95,95,95,9,1,0,353.688677838018,3,9
2406314,2024,81,164,1-81-2024-164-07,7,12,7,10:55,2,1,99,99,0,0,9,9,9,95,95,95,95,95,95,95,0,1,0,307.519910408279,8,9
2406315,2024,14,131,1-14-2024-131-03,3,12,6,03:08,3,1,1,1,1,0,4,1,2,95,95,95,95,95,95,95,0,1,0,164.682121960949,8,9
2406317,2024,59,188,1-59-2024-188-10,10,12,2,16:59,1,2,0,0,0,0,0,2,2,95,95,95,95,95,95,95,1,1,0,105.632024096023,6,9
2406320,2024,73,157,1-73-2024-157-09,9,10,2,20:05,1,2,9,97,1,0,9,9,9,95,95,95,95,95,95,95,9,1,0,77.0890065072046,3,9
2406322,2024,62,187,1-62-2024-187-04,4,12,7,15:12,1,2,0,0,0,0,0,9,9,95,95,95,95,95,95,95,4,1,0,222.924358252984,7,9
2406323,2024,14,132,1-14-2024-132-NM2,22,12,5,18:24,1,1,95,95,95,95,95,9,9,1,1,1,0,4,9,9,0,0,1,464.271661627575,8,9
2406324,2024,18,156,1-18-2024-156-04,4,11,4,18:22,4,3,1,2,2,0,4,2,2,95,95,95,95,95,95,95,1,1,0,370.120034184823,6,9
2406325,2024,77,204,1-77-2024-204-03,3,12,4,22:15,1,2,1,1,1,0,4,2,2,95,95,95,95,95,95,95,4,1,0,265.544959638898,9,9
2406326,2024,30,215,1-30-2024-215-06,6,12,3,16:39,1,2,0,0,0,0,5,2,2,95,95,95,95,95,95,95,1,1,0,237.43037964726,10,9
2406328,2024,73,158,1-73-2024-158-09,9,9,5,06:47,1,1,3,10,1,1,3,2,2,95,95,95,95,95,95,95,0,1,0,77.0890065072046,3,9
2406329,2024,17,205,1-17-2024-205-01,1,12,4,22:33,2,1,3,22,3,2,1,2,2,95,95,95,95,95,95,95,0,1,0,103.409495648634,4,9
2406330,2024,17,206,1-17-2024-206-03,3,12,3,12:01,1,2,1,1,1,0,4,2,1,95,95,95,95,95,95,95,4,1,0,145.71700842556,4,9
2406331,2024,13,88,1-13-2024-088-02,2,12,3,12:53,1,2,1,1,1,0,3,9,9,95,95,95,95,95,95,95,4,1,0,14.0005931901574,7,9
2406332,2024,66,124,1-66-2024-124-07,7,12,4,16:00,2,2,0,0,0,0,0,2,2,95,95,95,95,95,95,95,1,1,0,133.367571576148,6,9
2406333,2024,66,125,1-66-2024-125-09,9,12,1,18:16,1,1,9,97,1,0,8,2,2,95,95,95,95,95,95,95,0,1,0,97.5596917228585,6,9
2406340,2024,24,176,1-24-2024-176-03,3,12,2,09:52,1,2,1,1,1,0,5,2,2,95,95,95,95,95,95,95,4,1,0,84.1556182704533,1,9
2406341,2024,24,177,1-24-2024-177-03,3,12,1,11:48,1,2,1,1,1,0,4,2,2,95,95,95,95,95,95,95,4,1,0,84.1556182704533,1,9
2406342,2024,60,107,1-60-2024-107-06,6,12,7,17:50,4,2,1,2,2,0,4,2,2,95,95,95,95,95,95,95,4,1,0,1187.13651431241,8,9
2406343,2024,11,191,1-11-2024-191-NM1,21,12,3,18:42,1,1,0,0,0,0,0,2,2,2,4,1,1,1,1,1,0,1,1,37.1071357763572,8,9
2406345,2024,16,133,1-16-2024-133-02,2,10,5,21:00,4,1,1,1,3,0,4,2,1,95,95,95,95,95,95,95,0,1,0,18.8490264824169,5,9
2406346,2024,28,194,1-28-2024-194-05,5,11,6,22:32,1,2,1,1,1,0,5,2,1,95,95,95,95,95,95,95,4,1,0,49.4691016031828,3,9
2406347,2024,32,163,1-32-2024-163-NM1,21,12,2,00:12,1,1,0,0,0,0,0,2,2,3,22,1,1,3,2,1,0,1,1,47.5537279263516,7,9
2406348,2024,27,193,1-27-2024-193-01,1,12,5,17:49,4,1,9,97,1,1,1,9,9,95,95,95,95,95,95,95,0,1,0,42.5243537061726,3,9
2406350,2024,76,197,1-76-2024-197-08,8,12,1,18:45,1,1,1,1,1,0,4,9,9,95,95,95,95,95,95,95,0,1,0,75.1501837907099,3,9
2406351,2024,76,198,1-76-2024-198-07,7,12,5,12:49,1,1,0,0,0,0,0,9,9,95,95,95,95,95,95,95,0,1,0,72.7960942583928,3,9
2406352,2024,26,138,1-26-2024-138-NM1,21,11,3,17:20,1,1,0,0,0,0,0,2,2,9,97,1,1,1,1,9,0,1,1,89.692806404866,10,9
2406353,2024,76,199,1-76-2024-199-10,10,12,5,10:40,1,1,0,0,0,0,0,9,9,95,95,95,95,95,95,95,0,1,0,84.6789860292199,3,9
2406354,2024,15,246,1-15-2024-246-03,3,12,5,09:10,1,2,99,99,0,0,0,9,9,95,95,95,95,95,95,95,4,1,0,21.2615080830528,1,9
2406356,2024,11,193,1-11-2024-193-09,9,12,1,10:30,1,1,0,0,0,0,0,2,2,95,95,95,95,95,95,95,0,1,0,118.524898479384,8,9
2406357,2024,29,112,1-29-2024-112-04,4,12,4,19:01,2,2,0,0,0,0,0,2,2,95,95,95,95,95,95,95,4,1,0,840.366231787124,2,9
2406358,2024,21,159,1-21-2024-159-06,6,11,5,12:37,2,2,1,3,1,0,4,9,9,95,95,95,95,95,95,95,4,1,0,6493.58221985842,11,9
2406359,2024,21,160,1-21-2024-160-02,2,12,3,08:39,3,4,1,1,2,0,4,2,2,95,95,95,95,95,95,95,4,1,0,93.4168746042218,11,9
2406360,2024,15,248,1-15-2024-248-09,9,11,3,07:35,1,2,1,1,2,0,6,9,9,95,95,95,95,95,95,95,1,1,0,230.359055782603,1,9
2406361,2024,30,217,1-30-2024-217-03,3,12,7,19:14,3,3,0,0,0,0,5,2,2,95,95,95,95,95,95,95,5,1,0,76.3040184677385,10,9
2406367,2024,62,188,1-62-2024-188-03,3,12,3,21:13,1,2,9,97,1,0,5,9,9,95,95,95,95,95,95,95,4,1,0,60.0506100648321,7,9
2406368,2024,20,150,1-20-2024-150-NM2,22,10,6,03:00,1,1,95,95,95,95,95,9,9,1,1,1,0,8,1,9,0,0,1,450.978616278898,11,9
2406369,2024,57,195,1-57-2024-195-03,3,12,5,12:11,2,1,99,99,0,0,8,9,9,95,95,95,95,95,95,95,0,1,0,151.143506604441,1,9
2406370,2024,77,205,1-77-2024-205-10,10,12,1,12:26,1,2,0,0,0,0,0,2,2,95,95,95,95,95,95,95,1,1,0,171.971780492959,9,9
2406371,2024,62,189,1-62-2024-189-03,3,12,6,14:32,1,2,0,0,0,0,4,9,9,95,95,95,95,95,95,95,4,1,0,83.7675023778334,7,9
2406372,2024,18,157,1-18-2024-157-06,6,12,5,16:36,1,1,1,1,1,0,5,2,2,95,95,95,95,95,95,95,0,1,0,92.770740395174,6,9
2406373,2024,10,131,1-10-2024-131-NM2,22,12,6,07:59,1,1,95,95,95,95,95,9,9,9,97,1,0,9,2,2,0,0,1,47.9403529530355,4,9
2406375,2024,17,207,1-17-2024-207-10,10,12,7,22:00,1,1,0,0,0,0,0,2,2,95,95,95,95,95,95,95,0,1,0,101.390613509498,4,9
2406376,2024,20,151,1-20-2024-151-NM2,22,12,6,17:37,1,1,95,95,95,95,95,2,2,4,24,1,1,3,2,2,0,0,1,1093.0659222961,11,9
2406377,2024,24,178,1-24-2024-178-09,9,12,2,11:26,1,2,0,0,0,0,4,2,2,95,95,95,95,95,95,95,4,1,0,102.925861477204,1,9
2406378,2024,16,134,1-16-2024-134-07,7,12,5,06:31,1,2,1,1,1,0,0,9,9,95,95,95,95,95,95,95,4,1,0,109.940533649153,5,9
2406379,2024,11,194,1-11-2024-194-10,10,12,3,10:01,5,1,0,0,0,0,0,2,2,95,95,95,95,95,95,95,0,1,0,1440.81092576453,8,9
2406380,2024,28,195,1-28-2024-195-10,10,11,5,19:10,1,1,0,0,0,0,0,2,2,95,95,95,95,95,95,95,0,1,0,80.5683609045318,3,9
2406381,2024,73,159,1-73-2024-159-07,7,12,2,18:04,1,1,0,0,0,0,0,9,9,95,95,95,95,95,95,95,0,1,0,115.069299396888,3,9
2406382,2024,52,64,1-52-2024-064-02,2,12,7,01:49,4,1,4,19,2,2,3,1,1,95,95,95,95,95,95,95,0,1,0,23.7948925221775,12,9
2406383,2024,13,89,1-13-2024-089-03,3,12,5,08:10,3,1,99,99,0,0,9,9,9,95,95,95,95,95,95,95,0,1,0,71.2960138352861,7,9
2406384,2024,33,112,1-33-2024-112-03,3,9,3,15:18,2,2,1,1,1,0,4,2,2,95,95,95,95,95,95,95,4,1,0,42.0497493010492,12,9
2406385,2024,26,139,1-26-2024-139-09,9,12,3,04:36,5,2,99,99,0,0,8,9,9,95,95,95,95,95,95,95,5,1,0,2608.10275616479,10,9
2406386,2024,12,128,1-12-2024-128-08,8,11,5,23:53,2,1,1,1,1,0,4,2,2,95,95,95,95,95,95,95,0,1,0,295.547885122293,9,9
2406387,2024,12,129,1-12-2024-129-10,10,11,3,21:33,3,1,0,0,0,0,0,2,2,95,95,95,95,95,95,95,0,1,0,2775.12094827989,9,9
2406388,2024,66,126,1-66-2024-126-10,10,12,2,10:13,1,2,0,0,0,0,0,2,1,95,95,95,95,95,95,95,6,1,0,242.389498710963,6,9
2406389,2024,29,113,1-29-2024-113-NM1,21,12,4,14:36,1,1,0,0,0,0,0,2,2,2,5,1,0,3,2,2,0,1,1,107.444469820023,2,9
2406390,2024,21,161,1-21-2024-161-02,2,11,5,21:15,3,1,1,1,1,0,3,1,1,95,95,95,95,95,95,95,0,1,0,99.1452930935043,11,9
2406391,2024,22,194,1-22-2024-194-NM1,21,12,5,16:35,2,1,0,0,0,0,0,2,2,2,9,2,0,4,2,2,0,1,1,23.3960835753343,12,9
