CASEID,PSU,CASENO,CASENUMBER,CATEGORY,NMNO,TRAJCLASS,SEQUENCENO,CONFLICTNO,CASEWGT,PSUSTRAT,VERSION
2400619,16,21,1-16-2024-021-NM1,21,1,2,2,2,61.8147074429554,5,9
2400619,16,21,1-16-2024-021-NM1,21,1,2,3,3,61.8147074429554,5,9
2400625,60,9,1-60-2024-009-NM1,21,1,1,1,1,140.53984277194,8,9
2400625,60,9,1-60-2024-009-NM1,21,1,1,2,3,140.53984277194,8,9
2400625,60,9,1-60-2024-009-NM1,21,1,1,3,4,140.53984277194,8,9
2400625,60,9,1-60-2024-009-NM1,21,1,1,4,2,140.53984277194,8,9
2400625,60,9,1-60-2024-009-NM1,21,1,2,1,1,140.53984277194,8,9
2400625,60,9,1-60-2024-009-NM1,21,1,2,2,3,140.53984277194,8,9
2400625,60,9,1-60-2024-009-NM1,21,1,2,3,4,140.53984277194,8,9
2400630,69,11,1-69-2024-011-NM1,21,1,1,1,1,7.66811372485411,8,9
2400630,69,11,1-69-2024-011-NM1,21,1,1,3,2,7.66811372485411,8,9
2400630,69,11,1-69-2024-011-NM1,21,1,1,4,3,7.66811372485411,8,9
2400630,69,11,1-69-2024-011-NM1,21,1,1,2,4,7.66811372485411,8,9
2400630,69,11,1-69-2024-011-NM1,21,1,2,1,1,7.66811372485411,8,9
2400630,69,11,1-69-2024-011-NM1,21,1,2,3,2,7.66811372485411,8,9
2400630,69,11,1-69-2024-011-NM1,21,1,2,4,3,7.66811372485411,8,9
2400630,69,11,1-69-2024-011-NM1,21,1,2,2,4,7.66811372485411,8,9
2400652,22,18,1-22-2024-018-NM2,22,1,1,1,99,29.4805146666259,12,9
2400662,26,13,1-26-2024-013-NM2,22,1,1,1,1,1176.30815772609,10,9
2400662,26,13,1-26-2024-013-NM2,22,1,1,2,2,1176.30815772609,10,9
2400662,26,13,1-26-2024-013-NM2,22,1,2,1,1,1176.30815772609,10,9
2400662,26,13,1-26-2024-013-NM2,22,1,2,2,2,1176.30815772609,10,9
2400677,11,17,1-11-2024-017-NM1,21,1,1,1,1,37.1071357763572,8,9
2400677,11,17,1-11-2024-017-NM1,21,1,1,4,4,37.1071357763572,8,9
2400677,11,17,1-11-2024-017-NM1,21,1,1,2,2,37.1071357763572,8,9
2400677,11,17,1-11-2024-017-NM1,21,1,1,3,3,37.1071357763572,8,9
2400677,11,17,1-11-2024-017-NM1,21,1,1,5,5,37.1071357763572,8,9
2400678,11,18,1-11-2024-018-NM1,21,1,1,1,1,37.1071357763572,8,9
2400678,11,18,1-11-2024-018-NM1,21,1,1,2,2,37.1071357763572,8,9
2400678,11,18,1-11-2024-018-NM1,21,1,1,3,3,37.1071357763572,8,9
2400678,11,18,1-11-2024-018-NM1,21,1,2,1,1,37.1071357763572,8,9
2400678,11,18,1-11-2024-018-NM1,21,1,2,2,2,37.1071357763572,8,9
2400678,11,18,1-11-2024-018-NM1,21,1,2,3,3,37.1071357763572,8,9
2400683,59,24,1-59-2024-024-NM1,21,1,1,1,1,62.3822922049643,6,9
2400683,59,24,1-59-2024-024-NM1,21,1,1,2,2,62.3822922049643,6,9
2400683,59,24,1-59-2024-024-NM1,21,1,2,1,1,62.3822922049643,6,9
2400683,59,24,1-59-2024-024-NM1,21,1,2,2,2,62.3822922049643,6,9
2400684,59,25,1-59-2024-025-NM2,22,1,1,1,1,264.2527724963,6,9
2400684,59,25,1-59-2024-025-NM2,22,1,1,2,2,264.2527724963,6,9
2400693,77,22,1-77-2024-022-NM2,22,1,1,1,1,426.24158292944,9,9
2400693,77,22,1-77-2024-022-NM2,22,1,1,2,2,426.24158292944,9,9
2400693,77,22,1-77-2024-022-NM2,22,1,1,3,3,426.24158292944,9,9
2400693,77,22,1-77-2024-022-NM2,22,1,2,1,1,426.24158292944,9,9
2400693,77,22,1-77-2024-022-NM2,22,1,2,2,2,426.24158292944,9,9
2400693,77,22,1-77-2024-022-NM2,22,1,2,3,3,426.24158292944,9,9
2400729,32,21,1-32-2024-021-NM1,21,1,1,1,1,10.924164677076,7,9
2400729,32,21,1-32-2024-021-NM1,21,1,1,2,2,10.924164677076,7,9
2400729,32,21,1-32-2024-021-NM1,21,1,1,3,3,10.924164677076,7,9
2400729,32,21,1-32-2024-021-NM1,21,1,1,4,4,10.924164677076,7,9
2400729,32,21,1-32-2024-021-NM1,21,1,2,1,1,10.924164677076,7,9
2400729,32,21,1-32-2024-021-NM1,21,1,2,2,2,10.924164677076,7,9
2400729,32,21,1-32-2024-021-NM1,21,1,2,3,3,10.924164677076,7,9
2400729,32,21,1-32-2024-021-NM1,21,1,2,4,4,10.924164677076,7,9
2400730,32,22,1-32-2024-022-NM1,21,1,1,1,1,10.9241646727683,7,9
2400730,32,22,1-32-2024-022-NM1,21,1,1,2,2,10.9241646727683,7,9
2400730,32,22,1-32-2024-022-NM1,21,1,1,3,3,10.9241646727683,7,9
2400730,32,22,1-32-2024-022-NM1,21,1,1,4,4,10.9241646727683,7,9
2400815,23,13,1-23-2024-013-NM1,21,1,1,1,1,75.3524398717664,5,9
2400815,23,13,1-23-2024-013-NM1,21,1,1,2,2,75.3524398717664,5,9
2400815,23,13,1-23-2024-013-NM1,21,1,2,1,1,75.3524398717664,5,9
2403641,29,39,1-29-2024-039-NM2,22,1,1,1,1,381.081668154122,2,9
2403641,29,39,1-29-2024-039-NM2,22,1,1,2,2,381.081668154122,2,9
2403644,21,77,1-21-2024-077-NM2,22,1,1,1,1,1397.14293235216,11,9
2403644,21,77,1-21-2024-077-NM2,22,1,1,2,2,1397.14293235216,11,9
2403644,21,77,1-21-2024-077-NM2,22,1,2,1,1,1397.14293235216,11,9
2403644,21,77,1-21-2024-077-NM2,22,1,2,2,2,1397.14293235216,11,9
2403660,10,59,1-10-2024-059-NM2,22,1,1,1,1,271.413807736263,4,9
2403660,10,59,1-10-2024-059-NM2,22,1,1,2,2,271.413807736263,4,9
2403660,10,59,1-10-2024-059-NM2,22,1,2,1,1,271.413807736263,4,9
2403660,10,59,1-10-2024-059-NM2,22,1,2,2,2,271.413807736263,4,9
2403715,25,97,1-25-2024-097-NM2,22,1,1,1,1,209.921679437629,2,9
2403754,21,79,1-21-2024-079-NM1,21,1,1,1,1,15.3205421761938,11,9
2403754,21,79,1-21-2024-079-NM1,21,1,1,2,2,15.3205421761938,11,9
2403754,21,79,1-21-2024-079-NM1,21,1,1,3,3,15.3205421761938,11,9
2403754,21,79,1-21-2024-079-NM1,21,1,1,4,4,15.3205421761938,11,9
2403754,21,79,1-21-2024-079-NM1,21,1,1,5,5,15.3205421761938,11,9
2403754,21,79,1-21-2024-079-NM1,21,1,2,1,1,15.3205421761938,11,9
2403754,21,79,1-21-2024-079-NM1,21,1,2,2,2,15.3205421761938,11,9
2403754,21,79,1-21-2024-079-NM1,21,1,2,3,3,15.3205421761938,11,9
2403754,21,79,1-21-2024-079-NM1,21,1,2,4,4,15.3205421761938,11,9
2403754,21,79,1-21-2024-079-NM1,21,1,2,5,5,15.3205421761938,11,9
2403772,81,91,1-81-2024-091-NM1,21,1,1,1,1,42.9814225528816,8,9
2403772,81,91,1-81-2024-091-NM1,21,1,1,2,2,42.9814225528816,8,9
2403772,81,91,1-81-2024-091-NM1,21,1,1,3,3,42.9814225528816,8,9
2403772,81,91,1-81-2024-091-NM1,21,1,1,4,4,42.9814225528816,8,9
2403772,81,91,1-81-2024-091-NM1,21,1,2,1,1,42.9814225528816,8,9
2403772,81,91,1-81-2024-091-NM1,21,1,2,2,2,42.9814225528816,8,9
2403772,81,91,1-81-2024-091-NM1,21,1,2,3,3,42.9814225528816,8,9
2403772,81,91,1-81-2024-091-NM1,21,1,2,4,4,42.9814225528816,8,9
2403799,69,82,1-69-2024-082-NM1,21,1,1,1,1,12.0111452927932,8,9
2403799,69,82,1-69-2024-082-NM1,21,1,1,2,2,12.0111452927932,8,9
2403799,69,82,1-69-2024-082-NM1,21,1,1,3,3,12.0111452927932,8,9
2403799,69,82,1-69-2024-082-NM1,21,1,1,4,4,12.0111452927932,8,9
2403799,69,82,1-69-2024-082-NM1,21,1,2,1,1,12.0111452927932,8,9
2403799,69,82,1-69-2024-082-NM1,21,1,2,2,2,12.0111452927932,8,9
2403799,69,82,1-69-2024-082-NM1,21,1,2,3,3,12.0111452927932,8,9
2403799,69,82,1-69-2024-082-NM1,21,1,2,4,4,12.0111452927932,8,9
2403847,81,94,1-81-2024-094-NM1,21,1,1,1,1,39.6531790525059,8,9
2403847,81,94,1-81-2024-094-NM1,21,1,1,2,2,39.6531790525059,8,9
2403847,81,94,1-81-2024-094-NM1,21,1,1,3,3,39.6531790525059,8,9
2403847,81,94,1-81-2024-094-NM1,21,1,2,1,1,39.6531790525059,8,9
2403847,81,94,1-81-2024-094-NM1,21,1,2,2,2,39.6531790525059,8,9
2403847,81,94,1-81-2024-094-NM1,21,1,2,3,3,39.6531790525059,8,9
2403849,62,106,1-62-2024-106-NM1,21,1,1,1,1,41.0383325582026,7,9
2403849,62,106,1-62-2024-106-NM1,21,1,1,2,2,41.0383325582026,7,9
2403849,62,106,1-62-2024-106-NM1,21,1,1,3,3,41.0383325582026,7,9
2403849,62,106,1-62-2024-106-NM1,21,1,1,4,4,41.0383325582026,7,9
2403849,62,106,1-62-2024-106-NM1,21,1,2,1,1,41.0383325582026,7,9
2403849,62,106,1-62-2024-106-NM1,21,1,2,2,2,41.0383325582026,7,9
2403849,62,106,1-62-2024-106-NM1,21,1,2,3,3,41.0383325582026,7,9
2403849,62,106,1-62-2024-106-NM1,21,1,2,4,4,41.0383325582026,7,9
2403858,77,129,1-77-2024-129-NM1,21,1,1,1,1,113.21347390618,9,9
2403858,77,129,1-77-2024-129-NM1,21,1,1,2,2,113.21347390618,9,9
2403858,77,129,1-77-2024-129-NM1,21,1,1,3,3,113.21347390618,9,9
2403858,77,129,1-77-2024-129-NM1,21,1,1,4,4,113.21347390618,9,9
2403858,77,129,1-77-2024-129-NM1,21,1,1,5,5,113.21347390618,9,9
2403858,77,129,1-77-2024-129-NM1,21,1,2,1,1,113.21347390618,9,9
2403858,77,129,1-77-2024-129-NM1,21,1,2,2,2,113.21347390618,9,9
2403858,77,129,1-77-2024-129-NM1,21,1,2,3,3,113.21347390618,9,9
2403858,77,129,1-77-2024-129-NM1,21,1,2,4,4,113.21347390618,9,9
2403858,77,129,1-77-2024-129-NM1,21,1,2,5,5,113.21347390618,9,9
2403877,17,122,1-17-2024-122-NM2,22,1,1,1,1,97.286021862156,4,9
2403877,17,122,1-17-2024-122-NM2,22,1,1,2,2,97.286021862156,4,9
2403877,17,122,1-17-2024-122-NM2,22,1,2,1,1,97.286021862156,4,9
2403877,17,122,1-17-2024-122-NM2,22,1,2,2,2,97.286021862156,4,9
2403886,24,109,1-24-2024-109-NM1,21,1,1,1,1,23.1726143074507,1,9
2403886,24,109,1-24-2024-109-NM1,21,1,1,2,2,23.1726143074507,1,9
2403886,24,109,1-24-2024-109-NM1,21,1,1,3,3,23.1726143074507,1,9
2403886,24,109,1-24-2024-109-NM1,21,1,1,4,4,23.1726143074507,1,9
2403886,24,109,1-24-2024-109-NM1,21,1,2,1,1,23.1726143074507,1,9
2403886,24,109,1-24-2024-109-NM1,21,1,2,2,2,23.1726143074507,1,9
2403886,24,109,1-24-2024-109-NM1,21,1,2,3,3,23.1726143074507,1,9
2403886,24,109,1-24-2024-109-NM1,21,1,2,4,4,23.1726143074507,1,9
2403963,18,109,1-18-2024-109-NM2,22,1,1,1,99,178.115957125676,6,9
2403980,66,81,1-66-2024-081-NM2,22,1,1,1,99,110.074249285118,6,9
2403998,25,103,1-25-2024-103-NM1,21,1,1,1,1,55.4169403670828,2,9
2403998,25,103,1-25-2024-103-NM1,21,1,1,2,2,55.4169403670828,2,9
2403998,25,103,1-25-2024-103-NM1,21,1,1,3,3,55.4169403670828,2,9
2403998,25,103,1-25-2024-103-NM1,21,1,1,4,4,55.4169403670828,2,9
2403998,25,103,1-25-2024-103-NM1,21,1,2,1,1,55.4169403670828,2,9
2403998,25,103,1-25-2024-103-NM1,21,1,2,2,2,55.4169403670828,2,9
2403998,25,103,1-25-2024-103-NM1,21,1,2,3,3,55.4169403670828,2,9
2403998,25,103,1-25-2024-103-NM1,21,1,2,4,4,55.4169403670828,2,9
2404012,32,127,1-32-2024-127-NM1,21,1,1,1,1,81.1432128652192,7,9
2404012,32,127,1-32-2024-127-NM1,21,1,1,2,2,81.1432128652192,7,9
2404012,32,127,1-32-2024-127-NM1,21,1,1,3,3,81.1432128652192,7,9
2404012,32,127,1-32-2024-127-NM1,21,1,1,4,4,81.1432128652192,7,9
2404012,32,127,1-32-2024-127-NM1,21,1,2,1,1,81.1432128652192,7,9
2404012,32,127,1-32-2024-127-NM1,21,1,2,2,2,81.1432128652192,7,9
2404012,32,127,1-32-2024-127-NM1,21,1,2,3,3,81.1432128652192,7,9
2404012,32,127,1-32-2024-127-NM1,21,1,2,4,4,81.1432128652192,7,9
2404029,82,106,1-82-2024-106-NM2,22,1,1,1,1,313.918669121444,1,9
2404029,82,106,1-82-2024-106-NM2,22,1,1,2,2,313.918669121444,1,9
2404029,82,106,1-82-2024-106-NM2,22,1,1,3,3,313.918669121444,1,9
2404029,82,106,1-82-2024-106-NM2,22,1,2,1,1,313.918669121444,1,9
2404029,82,106,1-82-2024-106-NM2,22,1,2,2,2,313.918669121444,1,9
2400815,23,13,1-23-2024-013-NM1,21,1,2,2,2,75.3524398717664,5,9
2400820,81,20,1-81-2024-020-NM1,21,1,1,1,1,29.8109810103183,8,9
2400820,81,20,1-81-2024-020-NM1,21,1,1,2,2,29.8109810103183,8,9
2400820,81,20,1-81-2024-020-NM1,21,1,1,3,3,29.8109810103183,8,9
2400820,81,20,1-81-2024-020-NM1,21,1,1,4,4,29.8109810103183,8,9
2400820,81,20,1-81-2024-020-NM1,21,1,1,5,5,29.8109810103183,8,9
2400820,81,20,1-81-2024-020-NM1,21,2,1,1,1,29.8109810103183,8,9
2400820,81,20,1-81-2024-020-NM1,21,2,1,2,2,29.8109810103183,8,9
2400820,81,20,1-81-2024-020-NM1,21,2,1,3,3,29.8109810103183,8,9
2400820,81,20,1-81-2024-020-NM1,21,2,1,4,4,29.8109810103183,8,9
2400820,81,20,1-81-2024-020-NM1,21,2,1,5,5,29.8109810103183,8,9
2400820,81,20,1-81-2024-020-NM1,21,2,2,1,1,29.8109810103183,8,9
2400820,81,20,1-81-2024-020-NM1,21,2,2,2,2,29.8109810103183,8,9
2400820,81,20,1-81-2024-020-NM1,21,2,2,3,3,29.8109810103183,8,9
2400820,81,20,1-81-2024-020-NM1,21,2,2,4,4,29.8109810103183,8,9
2400820,81,20,1-81-2024-020-NM1,21,2,2,5,5,29.8109810103183,8,9
2400825,10,13,1-10-2024-013-NM1,21,1,1,1,1,60.5767032793963,4,9
2400825,10,13,1-10-2024-013-NM1,21,1,1,2,2,60.5767032793963,4,9
2400825,10,13,1-10-2024-013-NM1,21,1,2,1,1,60.5767032793963,4,9
2400825,10,13,1-10-2024-013-NM1,21,1,2,2,2,60.5767032793963,4,9
2400830,77,27,1-77-2024-027-NM2,22,1,1,1,1,330.223105550016,9,9
2400830,77,27,1-77-2024-027-NM2,22,1,1,2,2,330.223105550016,9,9
2400830,77,27,1-77-2024-027-NM2,22,1,2,1,1,330.223105550016,9,9
2400830,77,27,1-77-2024-027-NM2,22,1,2,2,2,330.223105550016,9,9
2400831,77,28,1-77-2024-028-NM2,22,1,1,1,1,330.223105550016,9,9
2400831,77,28,1-77-2024-028-NM2,22,1,1,2,2,330.223105550016,9,9
2400832,77,29,1-77-2024-029-NM1,21,1,1,1,1,113.21347390618,9,9
2400832,77,29,1-77-2024-029-NM1,21,1,1,2,2,113.21347390618,9,9
2400832,77,29,1-77-2024-029-NM1,21,1,1,3,3,113.21347390618,9,9
2400832,77,29,1-77-2024-029-NM1,21,1,2,1,1,113.21347390618,9,9
2400832,77,29,1-77-2024-029-NM1,21,1,2,2,2,113.21347390618,9,9
2400832,77,29,1-77-2024-029-NM1,21,1,2,3,3,113.21347390618,9,9
2400846,82,22,1-82-2024-022-NM2,22,1,1,1,1,774.715121583303,1,9
2400846,82,22,1-82-2024-022-NM2,22,1,1,2,2,774.715121583303,1,9
2400846,82,22,1-82-2024-022-NM2,22,1,2,1,1,774.715121583303,1,9
2400846,82,22,1-82-2024-022-NM2,22,1,2,2,2,774.715121583303,1,9
2400847,82,23,1-82-2024-023-NM2,22,1,1,1,1,774.715121490359,1,9
2400847,82,23,1-82-2024-023-NM2,22,1,1,2,2,774.715121490359,1,9
2400884,14,13,1-14-2024-013-NM2,22,1,1,1,1,678.185114701579,8,9
2400884,14,13,1-14-2024-013-NM2,22,1,1,2,2,678.185114701579,8,9
2400884,14,13,1-14-2024-013-NM2,22,1,2,1,1,678.185114701579,8,9
2400884,14,13,1-14-2024-013-NM2,22,1,2,2,2,678.185114701579,8,9
2400923,21,22,1-21-2024-022-NM1,21,1,1,1,1,12.4076963253184,11,9
2400923,21,22,1-21-2024-022-NM1,21,1,1,2,2,12.4076963253184,11,9
2400923,21,22,1-21-2024-022-NM1,21,1,1,3,3,12.4076963253184,11,9
2400923,21,22,1-21-2024-022-NM1,21,1,2,1,1,12.4076963253184,11,9
2400923,21,22,1-21-2024-022-NM1,21,1,2,2,2,12.4076963253184,11,9
2400923,21,22,1-21-2024-022-NM1,21,1,2,3,3,12.4076963253184,11,9
2400960,57,19,1-57-2024-019-NM1,21,1,1,1,1,15.0398443849994,1,9
2400960,57,19,1-57-2024-019-NM1,21,1,1,2,2,15.0398443849994,1,9
2401016,24,22,1-24-2024-022-NM1,21,1,1,1,1,81.6170730667138,1,9
2401016,24,22,1-24-2024-022-NM1,21,1,1,2,2,81.6170730667138,1,9
2401016,24,22,1-24-2024-022-NM1,21,1,1,3,3,81.6170730667138,1,9
2401016,24,22,1-24-2024-022-NM1,21,1,1,4,4,81.6170730667138,1,9
2401016,24,22,1-24-2024-022-NM1,21,1,1,5,5,81.6170730667138,1,9
2401016,24,22,1-24-2024-022-NM1,21,1,2,1,1,81.6170730667138,1,9
2401016,24,22,1-24-2024-022-NM1,21,1,2,2,2,81.6170730667138,1,9
2401016,24,22,1-24-2024-022-NM1,21,1,2,3,3,81.6170730667138,1,9
2401016,24,22,1-24-2024-022-NM1,21,1,2,4,4,81.6170730667138,1,9
2401016,24,22,1-24-2024-022-NM1,21,1,2,5,5,81.6170730667138,1,9
2401027,16,33,1-16-2024-033-NM2,22,1,1,1,1,439.019791611487,5,9
2401027,16,33,1-16-2024-033-NM2,22,1,1,2,2,439.019791611487,5,9
2401027,16,33,1-16-2024-033-NM2,22,1,2,1,1,439.019791611487,5,9
2401027,16,33,1-16-2024-033-NM2,22,1,2,2,2,439.019791611487,5,9
2401027,16,33,1-16-2024-033-NM2,22,2,1,1,1,439.019791611487,5,9
2401027,16,33,1-16-2024-033-NM2,22,2,1,2,2,439.019791611487,5,9
2401036,32,34,1-32-2024-034-NM1,21,1,1,1,1,15.678814367208,7,9
2401036,32,34,1-32-2024-034-NM1,21,1,1,2,2,15.678814367208,7,9
2401042,52,13,1-52-2024-013-NM1,21,1,1,1,1,20.9023614233441,12,9
2401042,52,13,1-52-2024-013-NM1,21,1,1,2,2,20.9023614233441,12,9
2401042,52,13,1-52-2024-013-NM1,21,1,1,3,3,20.9023614233441,12,9
2401042,52,13,1-52-2024-013-NM1,21,1,1,4,4,20.9023614233441,12,9
2401042,52,13,1-52-2024-013-NM1,21,1,1,5,5,20.9023614233441,12,9
2401042,52,13,1-52-2024-013-NM1,21,1,2,1,1,20.9023614233441,12,9
2401042,52,13,1-52-2024-013-NM1,21,1,2,2,2,20.9023614233441,12,9
2401042,52,13,1-52-2024-013-NM1,21,1,2,3,3,20.9023614233441,12,9
2401042,52,13,1-52-2024-013-NM1,21,1,2,4,4,20.9023614233441,12,9
2401042,52,13,1-52-2024-013-NM1,21,1,2,5,5,20.9023614233441,12,9
2401053,27,34,1-27-2024-034-NM2,22,1,1,1,1,32.7871735473087,3,9
2401053,27,34,1-27-2024-034-NM2,22,1,1,2,2,32.7871735473087,3,9
2401084,77,37,1-77-2024-037-NM2,22,1,1,1,1,297.636915073691,9,9
2401084,77,37,1-77-2024-037-NM2,22,1,1,2,2,297.636915073691,9,9
2401084,77,37,1-77-2024-037-NM2,22,1,2,1,1,297.636915073691,9,9
2401084,77,37,1-77-2024-037-NM2,22,1,2,2,2,297.636915073691,9,9
2401085,77,38,1-77-2024-038-NM2,22,1,1,1,1,297.636915073691,9,9
2401085,77,38,1-77-2024-038-NM2,22,1,1,2,2,297.636915073691,9,9
2401098,10,16,1-10-2024-016-NM1,21,1,1,1,1,31.3806248143146,4,9
2401098,10,16,1-10-2024-016-NM1,21,1,1,2,2,31.3806248143146,4,9
2401098,10,16,1-10-2024-016-NM1,21,1,1,3,3,31.3806248143146,4,9
2401098,10,16,1-10-2024-016-NM1,21,1,2,1,1,31.3806248143146,4,9
2401098,10,16,1-10-2024-016-NM1,21,1,2,2,2,31.3806248143146,4,9
2401098,10,16,1-10-2024-016-NM1,21,1,2,3,3,31.3806248143146,4,9
2401098,10,16,1-10-2024-016-NM1,21,2,1,1,1,31.3806248143146,4,9
2401098,10,16,1-10-2024-016-NM1,21,2,1,2,2,31.3806248143146,4,9
2401098,10,16,1-10-2024-016-NM1,21,2,1,3,3,31.3806248143146,4,9
2401098,10,16,1-10-2024-016-NM1,21,2,2,1,1,31.3806248143146,4,9
2401098,10,16,1-10-2024-016-NM1,21,2,2,2,2,31.3806248143146,4,9
2401098,10,16,1-10-2024-016-NM1,21,2,2,3,3,31.3806248143146,4,9
2401113,13,28,1-13-2024-028-NM1,21,1,1,1,1,14.5007405645646,7,9
2401113,13,28,1-13-2024-028-NM1,21,1,1,2,2,14.5007405645646,7,9
2401113,13,28,1-13-2024-028-NM1,21,1,1,3,3,14.5007405645646,7,9
2401113,13,28,1-13-2024-028-NM1,21,1,2,1,1,14.5007405645646,7,9
2401113,13,28,1-13-2024-028-NM1,21,1,2,2,2,14.5007405645646,7,9
2401113,13,28,1-13-2024-028-NM1,21,1,2,3,3,14.5007405645646,7,9
2401143,30,39,1-30-2024-039-NM2,22,1,1,1,1,269.894765505706,10,9
2401143,30,39,1-30-2024-039-NM2,22,1,1,2,2,269.894765505706,10,9
2401143,30,39,1-30-2024-039-NM2,22,1,2,1,1,269.894765505706,10,9
2401143,30,39,1-30-2024-039-NM2,22,1,2,2,2,269.894765505706,10,9
2401146,20,28,1-20-2024-028-NM1,21,1,1,1,1,43.971490849978,11,9
2401146,20,28,1-20-2024-028-NM1,21,1,1,2,2,43.971490849978,11,9
2401146,20,28,1-20-2024-028-NM1,21,1,1,3,3,43.971490849978,11,9
2401146,20,28,1-20-2024-028-NM1,21,1,1,4,4,43.971490849978,11,9
2401146,20,28,1-20-2024-028-NM1,21,2,1,1,1,43.971490849978,11,9
2401146,20,28,1-20-2024-028-NM1,21,2,1,2,2,43.971490849978,11,9
2401146,20,28,1-20-2024-028-NM1,21,2,1,3,3,43.971490849978,11,9
2401146,20,28,1-20-2024-028-NM1,21,2,1,4,4,43.971490849978,11,9
2401146,20,28,1-20-2024-028-NM1,21,2,1,5,5,43.971490849978,11,9
2401146,20,28,1-20-2024-028-NM1,21,2,2,1,1,43.971490849978,11,9
2401146,20,28,1-20-2024-028-NM1,21,2,2,2,2,43.971490849978,11,9
2401146,20,28,1-20-2024-028-NM1,21,2,2,3,3,43.971490849978,11,9
2401146,20,28,1-20-2024-028-NM1,21,2,2,4,4,43.971490849978,11,9
2401146,20,28,1-20-2024-028-NM1,21,2,2,5,5,43.971490849978,11,9
2401179,32,40,1-32-2024-040-NM1,21,1,1,1,1,15.2268214619951,7,9
2401179,32,40,1-32-2024-040-NM1,21,1,1,2,2,15.2268214619951,7,9
2401179,32,40,1-32-2024-040-NM1,21,1,2,1,1,15.2268214619951,7,9
2401179,32,40,1-32-2024-040-NM1,21,1,2,2,2,15.2268214619951,7,9
2401180,32,41,1-32-2024-041-NM1,21,1,1,1,99,15.2268214619951,7,9
2401183,22,34,1-22-2024-034-NM2,22,1,1,1,1,24.4305122731702,12,9
2401183,22,34,1-22-2024-034-NM2,22,1,1,2,2,24.4305122731702,12,9
2401183,22,34,1-22-2024-034-NM2,22,1,2,1,1,24.4305122731702,12,9
2401183,22,34,1-22-2024-034-NM2,22,1,2,2,2,24.4305122731702,12,9
2401198,13,30,1-13-2024-030-NM2,22,2,1,1,1,1161.47481366351,7,9
2401198,13,30,1-13-2024-030-NM2,22,2,1,2,2,1161.47481366351,7,9
2401198,13,30,1-13-2024-030-NM2,22,2,1,3,3,1161.47481366351,7,9
2401198,13,30,1-13-2024-030-NM2,22,2,2,1,1,1161.47481366351,7,9
2401198,13,30,1-13-2024-030-NM2,22,2,2,2,2,1161.47481366351,7,9
2401198,13,30,1-13-2024-030-NM2,22,2,2,3,3,1161.47481366351,7,9
2401198,13,30,1-13-2024-030-NM2,22,1,1,1,1,1161.47481366351,7,9
2401198,13,30,1-13-2024-030-NM2,22,1,1,2,2,1161.47481366351,7,9
2401198,13,30,1-13-2024-030-NM2,22,1,1,3,3,1161.47481366351,7,9
2401198,13,30,1-13-2024-030-NM2,22,1,2,1,1,1161.47481366351,7,9
2401198,13,30,1-13-2024-030-NM2,22,1,2,2,2,1161.47481366351,7,9
2401198,13,30,1-13-2024-030-NM2,22,1,2,3,3,1161.47481366351,7,9
2401206,31,25,1-31-2024-025-NM2,22,1,1,1,1,197.377933176122,6,9
2401206,31,25,1-31-2024-025-NM2,22,1,1,2,2,197.377933176122,6,9
2401206,31,25,1-31-2024-025-NM2,22,1,2,1,1,197.377933176122,6,9
2401206,31,25,1-31-2024-025-NM2,22,1,2,2,2,197.377933176122,6,9
2401250,30,41,1-30-2024-041-NM1,21,1,1,1,1,28.3509494483113,10,9
2401250,30,41,1-30-2024-041-NM1,21,1,1,2,2,28.3509494483113,10,9
2401250,30,41,1-30-2024-041-NM1,21,1,1,3,3,28.3509494483113,10,9
2401286,52,17,1-52-2024-017-NM2,22,1,1,1,1,35.2372312111538,12,9
2401286,52,17,1-52-2024-017-NM2,22,1,1,2,2,35.2372312111538,12,9
2401297,27,43,1-27-2024-043-NM1,21,1,1,1,1,20.2398432682456,3,9
2401297,27,43,1-27-2024-043-NM1,21,1,1,2,2,20.2398432682456,3,9
2401297,27,43,1-27-2024-043-NM1,21,1,1,3,3,20.2398432682456,3,9
2401297,27,43,1-27-2024-043-NM1,21,1,1,4,4,20.2398432682456,3,9
2401306,26,31,1-26-2024-031-NM1,21,1,1,1,1,25.7030205312635,10,9
2401306,26,31,1-26-2024-031-NM1,21,1,1,2,2,25.7030205312635,10,9
2401306,26,31,1-26-2024-031-NM1,21,1,1,3,3,25.7030205312635,10,9
2401306,26,31,1-26-2024-031-NM1,21,1,1,4,4,25.7030205312635,10,9
2401306,26,31,1-26-2024-031-NM1,21,1,2,1,1,25.7030205312635,10,9
2401306,26,31,1-26-2024-031-NM1,21,1,2,2,2,25.7030205312635,10,9
2401306,26,31,1-26-2024-031-NM1,21,1,2,3,3,25.7030205312635,10,9
2401306,26,31,1-26-2024-031-NM1,21,1,2,4,4,25.7030205312635,10,9
2401324,66,26,1-66-2024-026-NM2,22,1,1,1,1,110.074249285118,6,9
2401324,66,26,1-66-2024-026-NM2,22,1,1,2,2,110.074249285118,6,9
2401324,66,26,1-66-2024-026-NM2,22,1,1,3,3,110.074249285118,6,9
2401324,66,26,1-66-2024-026-NM2,22,1,1,4,4,110.074249285118,6,9
2401324,66,26,1-66-2024-026-NM2,22,1,2,1,1,110.074249285118,6,9
2401324,66,26,1-66-2024-026-NM2,22,1,2,2,2,110.074249285118,6,9
2401324,66,26,1-66-2024-026-NM2,22,1,2,3,3,110.074249285118,6,9
2401324,66,26,1-66-2024-026-NM2,22,1,2,4,4,110.074249285118,6,9
2401339,59,43,1-59-2024-043-NM2,22,1,1,1,1,260.431399312795,6,9
2401812,24,43,1-24-2024-043-NM1,21,1,1,1,1,23.1726143074507,1,9
2401842,22,56,1-22-2024-056-NM2,22,1,1,1,1,24.4305122731702,12,9
2401842,22,56,1-22-2024-056-NM2,22,1,1,2,2,24.4305122731702,12,9
2401842,22,56,1-22-2024-056-NM2,22,1,1,3,3,24.4305122731702,12,9
2401844,26,46,1-26-2024-046-NM1,21,1,1,1,1,25.7030205312635,10,9
2401844,26,46,1-26-2024-046-NM1,21,1,1,2,2,25.7030205312635,10,9
2401844,26,46,1-26-2024-046-NM1,21,1,1,3,3,25.7030205312635,10,9
2401862,30,62,1-30-2024-062-NM2,22,1,2,1,1,511.59271785067,10,9
2401862,30,62,1-30-2024-062-NM2,22,1,2,2,2,511.59271785067,10,9
2401862,30,62,1-30-2024-062-NM2,22,1,1,1,1,511.59271785067,10,9
2401862,30,62,1-30-2024-062-NM2,22,1,1,2,2,511.59271785067,10,9
2401902,73,58,1-73-2024-058-NM1,21,1,1,1,1,34.5788324725448,3,9
2401980,26,53,1-26-2024-053-NM2,22,1,1,1,1,326.204869245419,10,9
2401980,26,53,1-26-2024-053-NM2,22,1,1,2,2,326.204869245419,10,9
2401980,26,53,1-26-2024-053-NM2,22,1,2,1,1,326.204869245419,10,9
2401980,26,53,1-26-2024-053-NM2,22,1,2,2,2,326.204869245419,10,9
2402080,11,53,1-11-2024-053-NM1,21,1,1,1,1,37.1071357763572,8,9
2402080,11,53,1-11-2024-053-NM1,21,1,1,3,2,37.1071357763572,8,9
2402080,11,53,1-11-2024-053-NM1,21,1,1,4,3,37.1071357763572,8,9
2402080,11,53,1-11-2024-053-NM1,21,1,1,2,4,37.1071357763572,8,9
2402080,11,53,1-11-2024-053-NM1,21,1,1,5,5,37.1071357763572,8,9
2402080,11,53,1-11-2024-053-NM1,21,1,2,1,1,37.1071357763572,8,9
2402080,11,53,1-11-2024-053-NM1,21,1,2,3,2,37.1071357763572,8,9
2402080,11,53,1-11-2024-053-NM1,21,1,2,4,3,37.1071357763572,8,9
2402080,11,53,1-11-2024-053-NM1,21,1,2,2,4,37.1071357763572,8,9
2402080,11,53,1-11-2024-053-NM1,21,1,2,5,5,37.1071357763572,8,9
2402083,24,50,1-24-2024-050-NM1,21,1,1,1,1,23.1726143074507,1,9
2402083,24,50,1-24-2024-050-NM1,21,1,1,2,2,23.1726143074507,1,9
2402083,24,50,1-24-2024-050-NM1,21,1,1,3,3,23.1726143074507,1,9
2402083,24,50,1-24-2024-050-NM1,21,1,2,1,1,23.1726143074507,1,9
2402083,24,50,1-24-2024-050-NM1,21,1,2,2,2,23.1726143074507,1,9
2402083,24,50,1-24-2024-050-NM1,21,1,2,3,3,23.1726143074507,1,9
2402090,16,59,1-16-2024-059-NM1,21,1,1,1,1,19.3635256654646,5,9
2402090,16,59,1-16-2024-059-NM1,21,1,1,2,2,19.3635256654646,5,9
2402090,16,59,1-16-2024-059-NM1,21,1,1,3,3,19.3635256654646,5,9
2402090,16,59,1-16-2024-059-NM1,21,1,1,4,4,19.3635256654646,5,9
2402090,16,59,1-16-2024-059-NM1,21,1,1,5,5,19.3635256654646,5,9
2402090,16,59,1-16-2024-059-NM1,21,1,1,6,6,19.3635256654646,5,9
2402090,16,59,1-16-2024-059-NM1,21,1,1,7,7,19.3635256654646,5,9
2402090,16,59,1-16-2024-059-NM1,21,1,1,8,8,19.3635256654646,5,9
2402090,16,59,1-16-2024-059-NM1,21,1,2,1,1,19.3635256654646,5,9
2402090,16,59,1-16-2024-059-NM1,21,1,2,2,2,19.3635256654646,5,9
2402090,16,59,1-16-2024-059-NM1,21,1,2,3,3,19.3635256654646,5,9
2402090,16,59,1-16-2024-059-NM1,21,1,2,4,4,19.3635256654646,5,9
2402090,16,59,1-16-2024-059-NM1,21,1,2,5,5,19.3635256654646,5,9
2402090,16,59,1-16-2024-059-NM1,21,1,2,6,6,19.3635256654646,5,9
2402090,16,59,1-16-2024-059-NM1,21,1,2,7,7,19.3635256654646,5,9
2402090,16,59,1-16-2024-059-NM1,21,1,2,8,8,19.3635256654646,5,9
2402106,82,48,1-82-2024-048-NM2,22,1,1,1,99,217.855164636431,1,9
2402114,22,63,1-22-2024-063-NM2,22,1,1,1,1,82.628551642103,12,9
2402114,22,63,1-22-2024-063-NM2,22,1,1,2,2,82.628551642103,12,9
2402114,22,63,1-22-2024-063-NM2,22,1,2,1,1,82.628551642103,12,9
2402114,22,63,1-22-2024-063-NM2,22,1,2,2,2,82.628551642103,12,9
2402124,28,61,1-28-2024-061-NM2,22,1,1,1,1,37.9334438090452,3,9
2401339,59,43,1-59-2024-043-NM2,22,1,1,2,2,260.431399312795,6,9
2401353,10,20,1-10-2024-020-NM2,22,1,1,1,1,1035.08583897877,4,9
2401353,10,20,1-10-2024-020-NM2,22,1,1,2,2,1035.08583897877,4,9
2401435,32,53,1-32-2024-053-NM1,21,1,1,1,1,17.0813061121433,7,9
2401435,32,53,1-32-2024-053-NM1,21,1,1,2,2,17.0813061121433,7,9
2401442,26,39,1-26-2024-039-NM1,21,1,1,1,1,25.7030205312635,10,9
2401442,26,39,1-26-2024-039-NM1,21,1,1,2,2,25.7030205312635,10,9
2401453,22,45,1-22-2024-045-NM2,22,1,1,1,1,29.8393033504253,12,9
2401453,22,45,1-22-2024-045-NM2,22,1,1,2,2,29.8393033504253,12,9
2401459,15,57,1-15-2024-057-NM2,22,1,1,1,1,62.2950385720824,1,9
2401459,15,57,1-15-2024-057-NM2,22,1,1,2,2,62.2950385720824,1,9
2401459,15,57,1-15-2024-057-NM2,22,1,2,1,1,62.2950385720824,1,9
2401459,15,57,1-15-2024-057-NM2,22,1,2,2,2,62.2950385720824,1,9
2401481,77,50,1-77-2024-050-NM2,22,1,1,1,1,306.910106229355,9,9
2401481,77,50,1-77-2024-050-NM2,22,1,1,2,2,306.910106229355,9,9
2401481,77,50,1-77-2024-050-NM2,22,1,2,1,1,306.910106229355,9,9
2401481,77,50,1-77-2024-050-NM2,22,1,2,2,2,306.910106229355,9,9
2401487,59,47,1-59-2024-047-NM2,22,1,1,1,99,122.869992801552,6,9
2401489,59,49,1-59-2024-049-NM2,22,1,1,1,99,122.869992801552,6,9
2401535,12,28,1-12-2024-028-NM2,22,1,1,1,1,249.68170357321,9,9
2401535,12,28,1-12-2024-028-NM2,22,1,1,2,2,249.68170357321,9,9
2401535,12,28,1-12-2024-028-NM2,22,1,1,3,3,249.68170357321,9,9
2401535,12,28,1-12-2024-028-NM2,22,1,2,1,1,249.68170357321,9,9
2401535,12,28,1-12-2024-028-NM2,22,1,2,2,2,249.68170357321,9,9
2401535,12,28,1-12-2024-028-NM2,22,1,2,3,3,249.68170357321,9,9
2401592,28,42,1-28-2024-042-NM2,22,1,1,1,1,37.9334438090452,3,9
2401592,28,42,1-28-2024-042-NM2,22,1,1,2,2,37.9334438090452,3,9
2401592,28,42,1-28-2024-042-NM2,22,1,1,3,3,37.9334438090452,3,9
2401592,28,42,1-28-2024-042-NM2,22,1,2,1,1,37.9334438090452,3,9
2401592,28,42,1-28-2024-042-NM2,22,1,2,2,2,37.9334438090452,3,9
2401592,28,42,1-28-2024-042-NM2,22,1,2,3,3,37.9334438090452,3,9
2401615,59,51,1-59-2024-051-NM2,22,1,1,1,1,173.711917950995,6,9
2401615,59,51,1-59-2024-051-NM2,22,1,1,2,2,173.711917950995,6,9
2401615,59,51,1-59-2024-051-NM2,22,1,2,1,1,173.711917950995,6,9
2401615,59,51,1-59-2024-051-NM2,22,1,2,2,2,173.711917950995,6,9
2401665,24,37,1-24-2024-037-NM2,22,1,1,1,1,87.1884768897586,1,9
2401665,24,37,1-24-2024-037-NM2,22,1,1,2,2,87.1884768897586,1,9
2401665,24,37,1-24-2024-037-NM2,22,1,1,3,3,87.1884768897586,1,9
2401665,24,37,1-24-2024-037-NM2,22,1,1,4,4,87.1884768897586,1,9
2401665,24,37,1-24-2024-037-NM2,22,1,2,1,1,87.1884768897586,1,9
2401665,24,37,1-24-2024-037-NM2,22,1,2,2,2,87.1884768897586,1,9
2401665,24,37,1-24-2024-037-NM2,22,1,2,3,3,87.1884768897586,1,9
2404029,82,106,1-82-2024-106-NM2,22,1,2,3,3,313.918669121444,1,9
2404042,29,53,1-29-2024-053-NM2,22,1,1,1,1,480.123684005821,2,9
2404042,29,53,1-29-2024-053-NM2,22,1,1,2,2,480.123684005821,2,9
2404045,81,98,1-81-2024-098-NM1,21,1,1,1,1,74.6147978501919,8,9
2404045,81,98,1-81-2024-098-NM1,21,1,1,2,4,74.6147978501919,8,9
2404045,81,98,1-81-2024-098-NM1,21,1,1,3,2,74.6147978501919,8,9
2404045,81,98,1-81-2024-098-NM1,21,1,1,4,3,74.6147978501919,8,9
2404045,81,98,1-81-2024-098-NM1,21,1,2,1,1,74.6147978501919,8,9
2404045,81,98,1-81-2024-098-NM1,21,1,2,2,4,74.6147978501919,8,9
2404045,81,98,1-81-2024-098-NM1,21,1,2,3,2,74.6147978501919,8,9
2404045,81,98,1-81-2024-098-NM1,21,1,2,4,3,74.6147978501919,8,9
2404051,59,121,1-59-2024-121-NM2,22,1,1,1,1,778.982106600467,6,9
2404051,59,121,1-59-2024-121-NM2,22,1,1,2,2,778.982106600467,6,9
2404051,59,121,1-59-2024-121-NM2,22,1,2,1,1,778.982106600467,6,9
2404051,59,121,1-59-2024-121-NM2,22,1,2,2,2,778.982106600467,6,9
2404053,10,70,1-10-2024-070-NM1,21,1,1,1,1,31.3806248143146,4,9
2404053,10,70,1-10-2024-070-NM1,21,1,1,2,2,31.3806248143146,4,9
2404053,10,70,1-10-2024-070-NM1,21,1,1,3,3,31.3806248143146,4,9
2404053,10,70,1-10-2024-070-NM1,21,1,1,4,4,31.3806248143146,4,9
2404053,10,70,1-10-2024-070-NM1,21,1,2,1,1,31.3806248143146,4,9
2404053,10,70,1-10-2024-070-NM1,21,1,2,2,2,31.3806248143146,4,9
2404053,10,70,1-10-2024-070-NM1,21,1,2,3,3,31.3806248143146,4,9
2404053,10,70,1-10-2024-070-NM1,21,1,2,4,4,31.3806248143146,4,9
2404064,73,113,1-73-2024-113-NM2,22,1,1,1,1,537.853972469241,3,9
2404064,73,113,1-73-2024-113-NM2,22,1,1,2,2,537.853972469241,3,9
2404064,73,113,1-73-2024-113-NM2,22,1,2,1,1,537.853972469241,3,9
2404064,73,113,1-73-2024-113-NM2,22,1,2,2,2,537.853972469241,3,9
2404084,69,91,1-69-2024-091-NM2,22,1,1,1,1,98.6054556454264,8,9
2404084,69,91,1-69-2024-091-NM2,22,1,1,2,2,98.6054556454264,8,9
2404084,69,91,1-69-2024-091-NM2,22,1,1,3,3,98.6054556454264,8,9
2404084,69,91,1-69-2024-091-NM2,22,1,1,4,4,98.6054556454264,8,9
2404084,69,91,1-69-2024-091-NM2,22,1,1,5,5,98.6054556454264,8,9
2404084,69,91,1-69-2024-091-NM2,22,1,2,1,1,98.6054556454264,8,9
2404084,69,91,1-69-2024-091-NM2,22,1,2,2,2,98.6054556454264,8,9
2404084,69,91,1-69-2024-091-NM2,22,1,2,3,3,98.6054556454264,8,9
2404084,69,91,1-69-2024-091-NM2,22,1,2,4,4,98.6054556454264,8,9
2404084,69,91,1-69-2024-091-NM2,22,1,2,5,5,98.6054556454264,8,9
2404089,33,76,1-33-2024-076-NM2,22,1,1,1,1,228.732430580773,12,9
2404089,33,76,1-33-2024-076-NM2,22,1,1,2,2,228.732430580773,12,9
2404089,33,76,1-33-2024-076-NM2,22,1,1,3,3,228.732430580773,12,9
2404089,33,76,1-33-2024-076-NM2,22,1,1,4,4,228.732430580773,12,9
2404089,33,76,1-33-2024-076-NM2,22,1,1,5,5,228.732430580773,12,9
2404089,33,76,1-33-2024-076-NM2,22,1,2,1,1,228.732430580773,12,9
2404089,33,76,1-33-2024-076-NM2,22,1,2,2,2,228.732430580773,12,9
2404089,33,76,1-33-2024-076-NM2,22,1,2,3,3,228.732430580773,12,9
2404089,33,76,1-33-2024-076-NM2,22,1,2,4,4,228.732430580773,12,9
2404089,33,76,1-33-2024-076-NM2,22,1,2,5,5,228.732430580773,12,9
2404100,20,107,1-20-2024-107-NM1,21,1,1,1,1,44.2957867500321,11,9
2404100,20,107,1-20-2024-107-NM1,21,1,1,2,2,44.2957867500321,11,9
2404100,20,107,1-20-2024-107-NM1,21,1,1,3,3,44.2957867500321,11,9
2404100,20,107,1-20-2024-107-NM1,21,1,1,5,5,44.2957867500321,11,9
2404100,20,107,1-20-2024-107-NM1,21,1,1,4,4,44.2957867500321,11,9
2404100,20,107,1-20-2024-107-NM1,21,1,2,1,1,44.2957867500321,11,9
2404100,20,107,1-20-2024-107-NM1,21,1,2,2,2,44.2957867500321,11,9
2404100,20,107,1-20-2024-107-NM1,21,1,2,3,3,44.2957867500321,11,9
2404100,20,107,1-20-2024-107-NM1,21,1,2,5,5,44.2957867500321,11,9
2404100,20,107,1-20-2024-107-NM1,21,1,2,4,4,44.2957867500321,11,9
2404117,24,116,1-24-2024-116-NM2,22,1,1,1,1,150.695729579903,1,9
2404117,24,116,1-24-2024-116-NM2,22,1,1,2,2,150.695729579903,1,9
2404140,15,164,1-15-2024-164-NM2,22,1,1,1,1,26.3765495179532,1,9
2404140,15,164,1-15-2024-164-NM2,22,1,1,2,2,26.3765495179532,1,9
2404140,15,164,1-15-2024-164-NM2,22,1,1,3,3,26.3765495179532,1,9
2404140,15,164,1-15-2024-164-NM2,22,1,1,4,4,26.3765495179532,1,9
2404140,15,164,1-15-2024-164-NM2,22,1,2,1,1,26.3765495179532,1,9
2404140,15,164,1-15-2024-164-NM2,22,1,2,2,2,26.3765495179532,1,9
2404140,15,164,1-15-2024-164-NM2,22,1,2,3,3,26.3765495179532,1,9
2404140,15,164,1-15-2024-164-NM2,22,1,2,4,4,26.3765495179532,1,9
2404141,15,165,1-15-2024-165-NM2,22,1,1,1,1,26.3765495168134,1,9
2404141,15,165,1-15-2024-165-NM2,22,1,1,3,3,26.3765495168134,1,9
2404141,15,165,1-15-2024-165-NM2,22,1,1,2,2,26.3765495168134,1,9
2404141,15,165,1-15-2024-165-NM2,22,1,2,1,1,26.3765495168134,1,9
2404141,15,165,1-15-2024-165-NM2,22,1,2,3,3,26.3765495168134,1,9
2404141,15,165,1-15-2024-165-NM2,22,1,2,2,2,26.3765495168134,1,9
2404160,25,110,1-25-2024-110-NM2,22,1,1,1,1,217.706177804094,2,9
2404160,25,110,1-25-2024-110-NM2,22,1,1,2,2,217.706177804094,2,9
2404163,25,113,1-25-2024-113-NM2,22,1,1,1,1,217.706177804094,2,9
2404163,25,113,1-25-2024-113-NM2,22,1,1,2,2,217.706177804094,2,9
2404169,16,111,1-16-2024-111-NM2,22,1,1,1,1,253.20495381158,5,9
2404169,16,111,1-16-2024-111-NM2,22,1,1,2,2,253.20495381158,5,9
2404169,16,111,1-16-2024-111-NM2,22,1,1,3,3,253.20495381158,5,9
2404179,60,59,1-60-2024-059-NM1,21,1,1,1,1,43.22330010499,8,9
2404179,60,59,1-60-2024-059-NM1,21,1,1,2,2,43.22330010499,8,9
2404179,60,59,1-60-2024-059-NM1,21,1,1,3,4,43.22330010499,8,9
2404179,60,59,1-60-2024-059-NM1,21,1,1,4,3,43.22330010499,8,9
2404179,60,59,1-60-2024-059-NM1,21,1,2,1,1,43.22330010499,8,9
2404179,60,59,1-60-2024-059-NM1,21,1,2,2,2,43.22330010499,8,9
2404179,60,59,1-60-2024-059-NM1,21,1,2,3,4,43.22330010499,8,9
2404179,60,59,1-60-2024-059-NM1,21,1,2,4,3,43.22330010499,8,9
2404182,77,135,1-77-2024-135-NM2,22,1,1,1,1,829.004115071482,9,9
2404182,77,135,1-77-2024-135-NM2,22,1,1,2,2,829.004115071482,9,9
2404202,52,45,1-52-2024-045-NM1,21,1,1,1,1,23.3488363699868,12,9
2404202,52,45,1-52-2024-045-NM1,21,1,1,2,2,23.3488363699868,12,9
2404202,52,45,1-52-2024-045-NM1,21,1,1,3,3,23.3488363699868,12,9
2404202,52,45,1-52-2024-045-NM1,21,1,1,4,4,23.3488363699868,12,9
2404218,24,120,1-24-2024-120-NM2,22,1,1,1,1,253.744000679976,1,9
2404218,24,120,1-24-2024-120-NM2,22,1,1,2,2,253.744000679976,1,9
2401665,24,37,1-24-2024-037-NM2,22,1,2,4,4,87.1884768897586,1,9
2401715,26,45,1-26-2024-045-NM2,22,1,1,1,99,339.064613159241,10,9
2401718,21,32,1-21-2024-032-NM2,22,1,1,1,1,2513.96756463306,11,9
2401718,21,32,1-21-2024-032-NM2,22,1,1,2,2,2513.96756463306,11,9
2401724,22,52,1-22-2024-052-NM2,22,1,1,1,1,30.6635507189318,12,9
2401724,22,52,1-22-2024-052-NM2,22,1,1,2,2,30.6635507189318,12,9
2401724,22,52,1-22-2024-052-NM2,22,1,1,3,3,30.6635507189318,12,9
2401724,22,52,1-22-2024-052-NM2,22,1,2,1,1,30.6635507189318,12,9
2401724,22,52,1-22-2024-052-NM2,22,1,2,2,2,30.6635507189318,12,9
2401724,22,52,1-22-2024-052-NM2,22,1,2,3,3,30.6635507189318,12,9
2401750,57,33,1-57-2024-033-NM1,21,1,1,1,1,38.5305215581579,1,9
2401750,57,33,1-57-2024-033-NM1,21,1,1,2,2,38.5305215581579,1,9
2401750,57,33,1-57-2024-033-NM1,21,1,1,4,4,38.5305215581579,1,9
2401750,57,33,1-57-2024-033-NM1,21,1,1,3,3,38.5305215581579,1,9
2401750,57,33,1-57-2024-033-NM1,21,1,2,1,1,38.5305215581579,1,9
2401750,57,33,1-57-2024-033-NM1,21,1,2,2,2,38.5305215581579,1,9
2401750,57,33,1-57-2024-033-NM1,21,1,2,4,4,38.5305215581579,1,9
2401750,57,33,1-57-2024-033-NM1,21,1,2,3,3,38.5305215581579,1,9
2401752,13,46,1-13-2024-046-NM2,22,1,1,1,1,2482.68938093394,7,9
2401752,13,46,1-13-2024-046-NM2,22,1,1,2,2,2482.68938093394,7,9
2401755,81,34,1-81-2024-034-NM1,21,1,1,2,2,46.909790827141,8,9
2401755,81,34,1-81-2024-034-NM1,21,1,1,3,3,46.909790827141,8,9
2401755,81,34,1-81-2024-034-NM1,21,1,1,4,4,46.909790827141,8,9
2401755,81,34,1-81-2024-034-NM1,21,1,1,1,1,46.909790827141,8,9
2401755,81,34,1-81-2024-034-NM1,21,1,2,1,2,46.909790827141,8,9
2401755,81,34,1-81-2024-034-NM1,21,1,2,2,3,46.909790827141,8,9
2401755,81,34,1-81-2024-034-NM1,21,1,2,3,4,46.909790827141,8,9
2401755,81,34,1-81-2024-034-NM1,21,1,2,4,1,46.909790827141,8,9
2401773,33,29,1-33-2024-029-NM2,22,1,1,1,1,84.6784527844662,12,9
2401773,33,29,1-33-2024-029-NM2,22,1,1,2,2,84.6784527844662,12,9
2401788,69,33,1-69-2024-033-NM1,21,1,1,1,1,7.66811372485411,8,9
2401788,69,33,1-69-2024-033-NM1,21,1,1,3,3,7.66811372485411,8,9
2401788,69,33,1-69-2024-033-NM1,21,1,1,4,5,7.66811372485411,8,9
2401788,69,33,1-69-2024-033-NM1,21,1,1,2,2,7.66811372485411,8,9
2401788,69,33,1-69-2024-033-NM1,21,1,2,1,1,7.66811372485411,8,9
2401788,69,33,1-69-2024-033-NM1,21,1,2,2,3,7.66811372485411,8,9
2401788,69,33,1-69-2024-033-NM1,21,1,2,3,5,7.66811372485411,8,9
2401788,69,33,1-69-2024-033-NM1,21,1,2,4,2,7.66811372485411,8,9
2401790,81,35,1-81-2024-035-NM1,21,1,1,1,1,46.909790827141,8,9
2401790,81,35,1-81-2024-035-NM1,21,1,1,2,2,46.909790827141,8,9
2401793,20,53,1-20-2024-053-NM2,22,1,1,1,1,172.732860679058,11,9
2401793,20,53,1-20-2024-053-NM2,22,1,1,2,2,172.732860679058,11,9
2401793,20,53,1-20-2024-053-NM2,22,1,2,1,1,172.732860679058,11,9
2401793,20,53,1-20-2024-053-NM2,22,1,2,2,2,172.732860679058,11,9
2401800,60,18,1-60-2024-018-NM1,21,1,1,1,1,135.73456108388,8,9
2401800,60,18,1-60-2024-018-NM1,21,1,1,2,2,135.73456108388,8,9
2401800,60,18,1-60-2024-018-NM1,21,1,1,3,3,135.73456108388,8,9
2402124,28,61,1-28-2024-061-NM2,22,1,1,2,2,37.9334438090452,3,9
2402124,28,61,1-28-2024-061-NM2,22,1,2,1,1,37.9334438090452,3,9
2402124,28,61,1-28-2024-061-NM2,22,1,2,2,2,37.9334438090452,3,9
2402140,77,71,1-77-2024-071-NM1,21,1,1,1,1,113.21347390618,9,9
2402140,77,71,1-77-2024-071-NM1,21,1,1,2,2,113.21347390618,9,9
2402140,77,71,1-77-2024-071-NM1,21,1,2,1,1,113.21347390618,9,9
2402140,77,71,1-77-2024-071-NM1,21,1,2,2,2,113.21347390618,9,9
2402148,59,67,1-59-2024-067-NM1,21,1,1,1,99,62.3822922049643,6,9
2402153,81,44,1-81-2024-044-NM2,22,1,1,1,1,2513.96756463306,8,9
2402153,81,44,1-81-2024-044-NM2,22,1,1,2,2,2513.96756463306,8,9
2402161,62,56,1-62-2024-056-NM1,21,1,1,1,1,60.6701620601723,7,9
2402161,62,56,1-62-2024-056-NM1,21,1,1,2,2,60.6701620601723,7,9
2402161,62,56,1-62-2024-056-NM1,21,1,1,3,3,60.6701620601723,7,9
2402161,62,56,1-62-2024-056-NM1,21,1,1,4,4,60.6701620601723,7,9
2402161,62,56,1-62-2024-056-NM1,21,1,2,1,1,60.6701620601723,7,9
2402161,62,56,1-62-2024-056-NM1,21,1,2,2,2,60.6701620601723,7,9
2402161,62,56,1-62-2024-056-NM1,21,1,2,3,3,60.6701620601723,7,9
2402161,62,56,1-62-2024-056-NM1,21,1,2,4,4,60.6701620601723,7,9
2402168,48,72,1-48-2024-072-NM2,22,1,1,1,1,76.3842355060005,12,9
2402168,48,72,1-48-2024-072-NM2,22,1,1,2,2,76.3842355060005,12,9
2402168,48,72,1-48-2024-072-NM2,22,1,2,1,1,76.3842355060005,12,9
2402168,48,72,1-48-2024-072-NM2,22,1,2,2,2,76.3842355060005,12,9
2402195,79,44,1-79-2024-044-NM2,22,1,1,1,1,110.555038236303,8,9
2402195,79,44,1-79-2024-044-NM2,22,1,1,2,2,110.555038236303,8,9
2402198,11,55,1-11-2024-055-NM1,21,1,1,1,1,37.1071357763572,8,9
2402198,11,55,1-11-2024-055-NM1,21,1,1,2,2,37.1071357763572,8,9
2402198,11,55,1-11-2024-055-NM1,21,1,1,3,3,37.1071357763572,8,9
2402210,25,53,1-25-2024-053-NM2,22,1,1,1,1,202.399293704263,2,9
2402210,25,53,1-25-2024-053-NM2,22,1,1,2,2,202.399293704263,2,9
2402210,25,53,1-25-2024-053-NM2,22,1,1,3,3,202.399293704263,2,9
2402210,25,53,1-25-2024-053-NM2,22,1,2,1,1,202.399293704263,2,9
2402210,25,53,1-25-2024-053-NM2,22,1,2,2,2,202.399293704263,2,9
2402210,25,53,1-25-2024-053-NM2,22,1,2,3,3,202.399293704263,2,9
2402228,27,70,1-27-2024-070-NM2,22,1,1,1,1,30.6673615919684,3,9
2402228,27,70,1-27-2024-070-NM2,22,1,1,2,2,30.6673615919684,3,9
2402228,27,70,1-27-2024-070-NM2,22,1,1,3,3,30.6673615919684,3,9
2402228,27,70,1-27-2024-070-NM2,22,1,2,1,1,30.6673615919684,3,9
2402228,27,70,1-27-2024-070-NM2,22,1,2,2,2,30.6673615919684,3,9
2402228,27,70,1-27-2024-070-NM2,22,1,2,3,3,30.6673615919684,3,9
2402243,15,87,1-15-2024-087-NM2,22,1,1,1,1,35.7446223566179,1,9
2402243,15,87,1-15-2024-087-NM2,22,1,1,2,2,35.7446223566179,1,9
2402254,26,62,1-26-2024-062-NM1,21,1,1,1,1,25.7030205312635,10,9
2402254,26,62,1-26-2024-062-NM1,21,1,1,2,2,25.7030205312635,10,9
2402254,26,62,1-26-2024-062-NM1,21,1,1,3,3,25.7030205312635,10,9
2404542,10,84,1-10-2024-084-NM2,22,1,1,2,2,303.372657865986,4,9
2404542,10,84,1-10-2024-084-NM2,22,1,1,3,3,303.372657865986,4,9
2404569,18,121,1-18-2024-121-NM2,22,1,1,1,1,142.413843051628,6,9
2404569,18,121,1-18-2024-121-NM2,22,1,1,2,2,142.413843051628,6,9
2404569,18,121,1-18-2024-121-NM2,22,1,2,1,1,142.413843051628,6,9
2404569,18,121,1-18-2024-121-NM2,22,1,2,2,2,142.413843051628,6,9
2404582,24,129,1-24-2024-129-NM1,21,1,1,1,1,23.1726143074507,1,9
2404582,24,129,1-24-2024-129-NM1,21,1,1,2,2,23.1726143074507,1,9
2404582,24,129,1-24-2024-129-NM1,21,1,1,3,4,23.1726143074507,1,9
2404582,24,129,1-24-2024-129-NM1,21,1,1,4,3,23.1726143074507,1,9
2404582,24,129,1-24-2024-129-NM1,21,1,1,5,5,23.1726143074507,1,9
2404582,24,129,1-24-2024-129-NM1,21,1,2,1,1,23.1726143074507,1,9
2404582,24,129,1-24-2024-129-NM1,21,1,2,2,2,23.1726143074507,1,9
2404582,24,129,1-24-2024-129-NM1,21,1,2,3,4,23.1726143074507,1,9
2404582,24,129,1-24-2024-129-NM1,21,1,2,4,3,23.1726143074507,1,9
2404582,24,129,1-24-2024-129-NM1,21,1,2,5,5,23.1726143074507,1,9
2404586,25,121,1-25-2024-121-NM2,22,1,1,1,1,117.391789482128,2,9
2404586,25,121,1-25-2024-121-NM2,22,1,1,2,2,117.391789482128,2,9
2404586,25,121,1-25-2024-121-NM2,22,1,1,3,3,117.391789482128,2,9
2404587,25,122,1-25-2024-122-NM2,22,1,1,1,1,117.391789482128,2,9
2404587,25,122,1-25-2024-122-NM2,22,1,1,2,2,117.391789482128,2,9
2404592,11,140,1-11-2024-140-NM1,21,1,1,1,1,37.1071357763572,8,9
2404592,11,140,1-11-2024-140-NM1,21,1,1,2,2,37.1071357763572,8,9
2404592,11,140,1-11-2024-140-NM1,21,1,1,3,3,37.1071357763572,8,9
2404592,11,140,1-11-2024-140-NM1,21,1,1,4,4,37.1071357763572,8,9
2404607,26,111,1-26-2024-111-NM1,21,1,1,1,1,76.6867213232,10,9
2404607,26,111,1-26-2024-111-NM1,21,1,1,2,2,76.6867213232,10,9
2404607,26,111,1-26-2024-111-NM1,21,1,1,3,3,76.6867213232,10,9
2404607,26,111,1-26-2024-111-NM1,21,1,1,4,4,76.6867213232,10,9
2404607,26,111,1-26-2024-111-NM1,21,1,2,1,1,76.6867213232,10,9
2404607,26,111,1-26-2024-111-NM1,21,1,2,2,2,76.6867213232,10,9
2404607,26,111,1-26-2024-111-NM1,21,1,2,3,3,76.6867213232,10,9
2404607,26,111,1-26-2024-111-NM1,21,1,2,4,4,76.6867213232,10,9
2404650,82,126,1-82-2024-126-NM2,22,1,1,1,1,272.240647923415,1,9
2404650,82,126,1-82-2024-126-NM2,22,1,1,2,2,272.240647923415,1,9
2404650,82,126,1-82-2024-126-NM2,22,1,2,1,1,272.240647923415,1,9
2404650,82,126,1-82-2024-126-NM2,22,1,2,2,2,272.240647923415,1,9
2404652,30,158,1-30-2024-158-NM2,22,1,1,1,1,415.467981801604,10,9
2404652,30,158,1-30-2024-158-NM2,22,1,1,2,2,415.467981801604,10,9
2404652,30,158,1-30-2024-158-NM2,22,1,2,1,1,415.467981801604,10,9
2404652,30,158,1-30-2024-158-NM2,22,1,2,2,2,415.467981801604,10,9
2404658,81,117,1-81-2024-117-NM1,21,1,1,1,1,26.5893987350207,8,9
2404658,81,117,1-81-2024-117-NM1,21,1,1,2,2,26.5893987350207,8,9
2404658,81,117,1-81-2024-117-NM1,21,1,1,3,3,26.5893987350207,8,9
2404700,69,110,1-69-2024-110-NM1,21,1,1,1,1,7.66811372485411,8,9
2404700,69,110,1-69-2024-110-NM1,21,1,1,2,2,7.66811372485411,8,9
2404700,69,110,1-69-2024-110-NM1,21,1,1,3,3,7.66811372485411,8,9
2404700,69,110,1-69-2024-110-NM1,21,1,2,1,1,7.66811372485411,8,9
2404700,69,110,1-69-2024-110-NM1,21,1,2,2,2,7.66811372485411,8,9
2404700,69,110,1-69-2024-110-NM1,21,1,2,3,3,7.66811372485411,8,9
2404706,11,142,1-11-2024-142-NM1,21,1,1,1,1,37.1071357763572,8,9
2404706,11,142,1-11-2024-142-NM1,21,1,1,2,2,37.1071357763572,8,9
2404706,11,142,1-11-2024-142-NM1,21,1,1,3,3,37.1071357763572,8,9
2404706,11,142,1-11-2024-142-NM1,21,1,1,4,4,37.1071357763572,8,9
2404706,11,142,1-11-2024-142-NM1,21,1,1,5,5,37.1071357763572,8,9
2404706,11,142,1-11-2024-142-NM1,21,1,2,1,1,37.1071357763572,8,9
2404706,11,142,1-11-2024-142-NM1,21,1,2,2,2,37.1071357763572,8,9
2404706,11,142,1-11-2024-142-NM1,21,1,2,3,3,37.1071357763572,8,9
2404706,11,142,1-11-2024-142-NM1,21,1,2,4,4,37.1071357763572,8,9
2404706,11,142,1-11-2024-142-NM1,21,1,2,5,5,37.1071357763572,8,9
2404707,11,143,1-11-2024-143-NM2,22,1,1,1,1,2037.79059287364,8,9
2404707,11,143,1-11-2024-143-NM2,22,1,1,2,2,2037.79059287364,8,9
2404711,25,125,1-25-2024-125-NM1,21,1,1,1,1,55.4169403670828,2,9
2404711,25,125,1-25-2024-125-NM1,21,1,1,2,2,55.4169403670828,2,9
2404711,25,125,1-25-2024-125-NM1,21,1,1,3,3,55.4169403670828,2,9
2404711,25,125,1-25-2024-125-NM1,21,1,2,1,1,55.4169403670828,2,9
2404711,25,125,1-25-2024-125-NM1,21,1,2,2,2,55.4169403670828,2,9
2404711,25,125,1-25-2024-125-NM1,21,1,2,3,3,55.4169403670828,2,9
2405338,27,166,1-27-2024-166-NM1,21,1,1,1,1,21.5359551258335,3,9
2405338,27,166,1-27-2024-166-NM1,21,1,2,2,2,21.5359551258335,3,9
2405338,27,166,1-27-2024-166-NM1,21,1,2,3,3,21.5359551258335,3,9
2405338,27,166,1-27-2024-166-NM1,21,1,2,4,4,21.5359551258335,3,9
2405338,27,166,1-27-2024-166-NM1,21,1,2,1,1,21.5359551258335,3,9
2405348,15,204,1-15-2024-204-NM2,22,1,1,1,1,95.8031442610112,1,9
2405348,15,204,1-15-2024-204-NM2,22,1,1,2,2,95.8031442610112,1,9
2405348,15,204,1-15-2024-204-NM2,22,1,2,1,1,95.8031442610112,1,9
2405348,15,204,1-15-2024-204-NM2,22,1,2,2,2,95.8031442610112,1,9
2405352,29,89,1-29-2024-089-NM1,21,1,1,1,1,37.5008426016573,2,9
2405352,29,89,1-29-2024-089-NM1,21,1,1,2,2,37.5008426016573,2,9
2405352,29,89,1-29-2024-089-NM1,21,1,2,1,1,37.5008426016573,2,9
2405352,29,89,1-29-2024-089-NM1,21,1,2,2,2,37.5008426016573,2,9
2405353,29,90,1-29-2024-090-NM2,22,1,1,1,1,400.603383200049,2,9
2405353,29,90,1-29-2024-090-NM2,22,1,1,2,2,400.603383200049,2,9
2405353,29,90,1-29-2024-090-NM2,22,1,1,3,3,400.603383200049,2,9
2405353,29,90,1-29-2024-090-NM2,22,1,2,1,1,400.603383200049,2,9
2405353,29,90,1-29-2024-090-NM2,22,1,2,2,2,400.603383200049,2,9
2405353,29,90,1-29-2024-090-NM2,22,1,2,3,3,400.603383200049,2,9
2405354,29,91,1-29-2024-091-NM2,22,2,1,1,1,400.603383200049,2,9
2405354,29,91,1-29-2024-091-NM2,22,2,1,2,2,400.603383200049,2,9
2405354,29,91,1-29-2024-091-NM2,22,1,1,1,1,400.603383200049,2,9
2405354,29,91,1-29-2024-091-NM2,22,1,1,2,2,400.603383200049,2,9
2405355,67,48,1-67-2024-048-NM2,22,1,1,1,1,466.844383438263,7,9
2405355,67,48,1-67-2024-048-NM2,22,1,1,2,2,466.844383438263,7,9
2405355,67,48,1-67-2024-048-NM2,22,1,1,3,3,466.844383438263,7,9
2405355,67,48,1-67-2024-048-NM2,22,1,1,4,4,466.844383438263,7,9
2405381,22,165,1-22-2024-165-NM2,22,1,1,1,1,86.2407444911639,12,9
2405381,22,165,1-22-2024-165-NM2,22,1,1,2,2,86.2407444911639,12,9
2405381,22,165,1-22-2024-165-NM2,22,1,2,1,1,86.2407444911639,12,9
2405381,22,165,1-22-2024-165-NM2,22,1,2,2,2,86.2407444911639,12,9
2405394,10,107,1-10-2024-107-NM1,21,1,1,1,1,36.1764362071444,4,9
2405394,10,107,1-10-2024-107-NM1,21,1,1,2,2,36.1764362071444,4,9
2405394,10,107,1-10-2024-107-NM1,21,1,1,3,3,36.1764362071444,4,9
2405594,27,174,1-27-2024-174-NM2,22,1,1,2,2,41.6395308351094,3,9
2405594,27,174,1-27-2024-174-NM2,22,1,2,1,1,41.6395308351094,3,9
2405594,27,174,1-27-2024-174-NM2,22,1,2,2,2,41.6395308351094,3,9
2405594,27,174,1-27-2024-174-NM2,22,2,1,1,1,41.6395308351094,3,9
2405594,27,174,1-27-2024-174-NM2,22,2,1,2,2,41.6395308351094,3,9
2405594,27,174,1-27-2024-174-NM2,22,2,2,1,1,41.6395308351094,3,9
2405594,27,174,1-27-2024-174-NM2,22,2,2,2,2,41.6395308351094,3,9
2405595,52,55,1-52-2024-055-NM2,22,1,1,1,1,153.764846051201,12,9
2405595,52,55,1-52-2024-055-NM2,22,1,1,2,2,153.764846051201,12,9
2405595,52,55,1-52-2024-055-NM2,22,1,2,1,1,153.764846051201,12,9
2405595,52,55,1-52-2024-055-NM2,22,1,2,2,2,153.764846051201,12,9
2405604,29,93,1-29-2024-093-NM1,21,1,1,1,1,118.587450301321,2,9
2405604,29,93,1-29-2024-093-NM1,21,1,1,2,2,118.587450301321,2,9
2405604,29,93,1-29-2024-093-NM1,21,1,1,3,3,118.587450301321,2,9
2405604,29,93,1-29-2024-093-NM1,21,1,1,4,4,118.587450301321,2,9
2405604,29,93,1-29-2024-093-NM1,21,1,2,1,1,118.587450301321,2,9
2405604,29,93,1-29-2024-093-NM1,21,1,2,2,2,118.587450301321,2,9
2405604,29,93,1-29-2024-093-NM1,21,1,2,3,3,118.587450301321,2,9
2405604,29,93,1-29-2024-093-NM1,21,1,2,4,4,118.587450301321,2,9
2405648,14,114,1-14-2024-114-NM1,21,1,1,1,1,89.7759087557985,8,9
2405648,14,114,1-14-2024-114-NM1,21,1,1,2,2,89.7759087557985,8,9
2405648,14,114,1-14-2024-114-NM1,21,1,1,4,4,89.7759087557985,8,9
2405648,14,114,1-14-2024-114-NM1,21,1,1,3,3,89.7759087557985,8,9
2405648,14,114,1-14-2024-114-NM1,21,1,2,1,1,89.7759087557985,8,9
2405648,14,114,1-14-2024-114-NM1,21,1,2,2,2,89.7759087557985,8,9
2405648,14,114,1-14-2024-114-NM1,21,1,2,4,4,89.7759087557985,8,9
2405648,14,114,1-14-2024-114-NM1,21,1,2,3,3,89.7759087557985,8,9
2405677,69,143,1-69-2024-143-NM1,21,2,1,1,1,7.66811372485411,8,9
2405677,69,143,1-69-2024-143-NM1,21,2,1,2,2,7.66811372485411,8,9
2405677,69,143,1-69-2024-143-NM1,21,2,2,1,1,7.66811372485411,8,9
2405677,69,143,1-69-2024-143-NM1,21,2,2,2,2,7.66811372485411,8,9
2405677,69,143,1-69-2024-143-NM1,21,1,1,1,1,7.66811372485411,8,9
2405677,69,143,1-69-2024-143-NM1,21,1,1,2,2,7.66811372485411,8,9
2405677,69,143,1-69-2024-143-NM1,21,1,1,3,3,7.66811372485411,8,9
2405677,69,143,1-69-2024-143-NM1,21,1,1,4,4,7.66811372485411,8,9
2405677,69,143,1-69-2024-143-NM1,21,1,2,1,1,7.66811372485411,8,9
2405677,69,143,1-69-2024-143-NM1,21,1,2,2,2,7.66811372485411,8,9
2405677,69,143,1-69-2024-143-NM1,21,1,2,3,3,7.66811372485411,8,9
2405715,76,166,1-76-2024-166-NM1,21,1,1,1,1,85.5567201400254,3,9
2405715,76,166,1-76-2024-166-NM1,21,1,1,2,2,85.5567201400254,3,9
2405722,30,193,1-30-2024-193-NM2,22,1,1,1,1,2186.42290292287,10,9
2405722,30,193,1-30-2024-193-NM2,22,1,1,2,2,2186.42290292287,10,9
2405728,82,162,1-82-2024-162-NM1,21,1,1,1,99,25.4374322287382,1,9
2405729,82,163,1-82-2024-163-NM2,22,1,1,1,1,2077.73112331519,1,9
2405729,82,163,1-82-2024-163-NM2,22,1,1,2,2,2077.73112331519,1,9
2405729,82,163,1-82-2024-163-NM2,22,1,2,1,1,2077.73112331519,1,9
2405729,82,163,1-82-2024-163-NM2,22,1,2,2,2,2077.73112331519,1,9
2405730,26,128,1-26-2024-128-NM1,21,1,1,1,1,26.5232523906936,10,9
2405730,26,128,1-26-2024-128-NM1,21,1,1,2,2,26.5232523906936,10,9
2405730,26,128,1-26-2024-128-NM1,21,1,1,3,3,26.5232523906936,10,9
2405730,26,128,1-26-2024-128-NM1,21,1,2,1,1,26.5232523906936,10,9
2405730,26,128,1-26-2024-128-NM1,21,1,2,2,2,26.5232523906936,10,9
2405730,26,128,1-26-2024-128-NM1,21,1,2,3,3,26.5232523906936,10,9
2405732,29,96,1-29-2024-096-NM1,21,1,1,1,1,151.12126186189,2,9
2405732,29,96,1-29-2024-096-NM1,21,1,1,2,2,151.12126186189,2,9
2405745,22,175,1-22-2024-175-NM2,22,1,1,1,1,38.9781737548834,12,9
2405745,22,175,1-22-2024-175-NM2,22,1,1,2,2,38.9781737548834,12,9
2405745,22,175,1-22-2024-175-NM2,22,1,2,1,1,38.9781737548834,12,9
2405745,22,175,1-22-2024-175-NM2,22,1,2,2,2,38.9781737548834,12,9
2405770,57,178,1-57-2024-178-NM2,22,1,1,1,1,167.365124450856,1,9
2405770,57,178,1-57-2024-178-NM2,22,1,1,2,2,167.365124450856,1,9
2405770,57,178,1-57-2024-178-NM2,22,1,1,3,3,167.365124450856,1,9
2405770,57,178,1-57-2024-178-NM2,22,1,2,1,1,167.365124450856,1,9
2405770,57,178,1-57-2024-178-NM2,22,1,2,2,2,167.365124450856,1,9
2405770,57,178,1-57-2024-178-NM2,22,1,2,3,3,167.365124450856,1,9
2405819,60,98,1-60-2024-098-NM1,21,1,1,1,1,43.22330010499,8,9
2405819,60,98,1-60-2024-098-NM1,21,1,1,2,2,43.22330010499,8,9
2405819,60,98,1-60-2024-098-NM1,21,1,2,1,1,43.22330010499,8,9
2405819,60,98,1-60-2024-098-NM1,21,1,2,2,2,43.22330010499,8,9
2405843,11,178,1-11-2024-178-NM2,22,1,1,1,1,142.256664296033,8,9
2405843,11,178,1-11-2024-178-NM2,22,1,1,2,2,142.256664296033,8,9
2405846,15,225,1-15-2024-225-NM2,22,1,1,1,1,31.8783964598429,1,9
2405846,15,225,1-15-2024-225-NM2,22,1,1,2,2,31.8783964598429,1,9
2405846,15,225,1-15-2024-225-NM2,22,1,1,3,3,31.8783964598429,1,9
2405849,18,144,1-18-2024-144-NM2,22,1,1,1,1,131.063519990856,6,9
2405849,18,144,1-18-2024-144-NM2,22,1,1,2,2,131.063519990856,6,9
2405849,18,144,1-18-2024-144-NM2,22,1,2,1,1,131.063519990856,6,9
2405849,18,144,1-18-2024-144-NM2,22,1,2,2,2,131.063519990856,6,9
2405854,29,101,1-29-2024-101-NM2,22,1,1,1,1,1234.79079181352,2,9
2405854,29,101,1-29-2024-101-NM2,22,1,1,2,2,1234.79079181352,2,9
2405854,29,101,1-29-2024-101-NM2,22,1,2,1,1,1234.79079181352,2,9
2405854,29,101,1-29-2024-101-NM2,22,1,2,2,2,1234.79079181352,2,9
2405856,82,164,1-82-2024-164-NM1,21,1,1,1,1,141.753382777396,1,9
2405856,82,164,1-82-2024-164-NM1,21,1,1,2,2,141.753382777396,1,9
2405856,82,164,1-82-2024-164-NM1,21,1,2,1,1,141.753382777396,1,9
2405856,82,164,1-82-2024-164-NM1,21,1,2,2,2,141.753382777396,1,9
2405870,81,152,1-81-2024-152-NM1,21,1,1,1,1,20.2135532866767,8,9
2405870,81,152,1-81-2024-152-NM1,21,1,1,2,2,20.2135532866767,8,9
2405870,81,152,1-81-2024-152-NM1,21,1,1,3,3,20.2135532866767,8,9
2405870,81,152,1-81-2024-152-NM1,21,1,1,4,4,20.2135532866767,8,9
2405870,81,152,1-81-2024-152-NM1,21,1,2,1,1,20.2135532866767,8,9
2405870,81,152,1-81-2024-152-NM1,21,1,2,2,2,20.2135532866767,8,9
2405870,81,152,1-81-2024-152-NM1,21,1,2,3,3,20.2135532866767,8,9
2405870,81,152,1-81-2024-152-NM1,21,1,2,4,4,20.2135532866767,8,9
2405886,57,185,1-57-2024-185-NM2,22,1,1,1,1,382.264183805407,1,9
2405886,57,185,1-57-2024-185-NM2,22,1,1,2,2,382.264183805407,1,9
2402254,26,62,1-26-2024-062-NM1,21,1,1,4,4,25.7030205312635,10,9
2402256,21,45,1-21-2024-045-NM1,21,1,1,1,1,17.4486412062215,11,9
2402256,21,45,1-21-2024-045-NM1,21,1,1,2,2,17.4486412062215,11,9
2402256,21,45,1-21-2024-045-NM1,21,1,2,1,1,17.4486412062215,11,9
2402256,21,45,1-21-2024-045-NM1,21,1,2,2,2,17.4486412062215,11,9
2402260,26,63,1-26-2024-063-NM2,22,1,1,1,1,962.578555188656,10,9
2402260,26,63,1-26-2024-063-NM2,22,1,1,2,2,962.578555188656,10,9
2402260,26,63,1-26-2024-063-NM2,22,1,2,1,1,962.578555188656,10,9
2402260,26,63,1-26-2024-063-NM2,22,1,2,2,2,962.578555188656,10,9
2402267,31,43,1-31-2024-043-NM2,22,1,1,1,1,197.377933176122,6,9
2402267,31,43,1-31-2024-043-NM2,22,1,1,2,2,197.377933176122,6,9
2402288,81,46,1-81-2024-046-NM2,22,1,1,1,1,2408.08347527868,8,9
2402288,81,46,1-81-2024-046-NM2,22,1,1,2,2,2408.08347527868,8,9
2402288,81,46,1-81-2024-046-NM2,22,1,1,3,3,2408.08347527868,8,9
2402288,81,46,1-81-2024-046-NM2,22,1,2,1,1,2408.08347527868,8,9
2402288,81,46,1-81-2024-046-NM2,22,1,2,2,2,2408.08347527868,8,9
2402288,81,46,1-81-2024-046-NM2,22,1,2,3,3,2408.08347527868,8,9
2402288,81,46,1-81-2024-046-NM2,22,2,1,1,1,2408.08347527868,8,9
2402288,81,46,1-81-2024-046-NM2,22,2,1,2,2,2408.08347527868,8,9
2402288,81,46,1-81-2024-046-NM2,22,2,2,1,1,2408.08347527868,8,9
2402288,81,46,1-81-2024-046-NM2,22,2,2,2,2,2408.08347527868,8,9
2402289,81,47,1-81-2024-047-NM1,21,1,1,1,99,30.4851567966787,8,9
2402304,30,78,1-30-2024-078-NM1,21,1,1,1,1,42.5560416047343,10,9
2402304,30,78,1-30-2024-078-NM1,21,1,1,2,2,42.5560416047343,10,9
2402304,30,78,1-30-2024-078-NM1,21,1,1,3,3,42.5560416047343,10,9
2402304,30,78,1-30-2024-078-NM1,21,1,1,4,4,42.5560416047343,10,9
2402304,30,78,1-30-2024-078-NM1,21,1,2,1,1,42.5560416047343,10,9
2402304,30,78,1-30-2024-078-NM1,21,1,2,2,2,42.5560416047343,10,9
2402304,30,78,1-30-2024-078-NM1,21,1,2,3,3,42.5560416047343,10,9
2402304,30,78,1-30-2024-078-NM1,21,1,2,4,4,42.5560416047343,10,9
2402306,30,80,1-30-2024-080-NM2,22,1,1,1,1,2370.57424915505,10,9
2402306,30,80,1-30-2024-080-NM2,22,1,1,2,2,2370.57424915505,10,9
2402306,30,80,1-30-2024-080-NM2,22,1,2,1,1,2370.57424915505,10,9
2402306,30,80,1-30-2024-080-NM2,22,1,2,2,2,2370.57424915505,10,9
2402307,30,81,1-30-2024-081-NM1,21,1,1,1,1,70.0679338170937,10,9
2402307,30,81,1-30-2024-081-NM1,21,1,1,2,2,70.0679338170937,10,9
2402307,30,81,1-30-2024-081-NM1,21,1,2,1,1,70.0679338170937,10,9
2402307,30,81,1-30-2024-081-NM1,21,1,2,3,2,70.0679338170937,10,9
2402307,30,81,1-30-2024-081-NM1,21,1,2,2,3,70.0679338170937,10,9
2402344,16,69,1-16-2024-069-NM1,21,1,1,1,1,26.1808531062603,5,9
2402344,16,69,1-16-2024-069-NM1,21,1,1,2,2,26.1808531062603,5,9
2402344,16,69,1-16-2024-069-NM1,21,1,1,3,3,26.1808531062603,5,9
2402344,16,69,1-16-2024-069-NM1,21,1,1,4,4,26.1808531062603,5,9
2402344,16,69,1-16-2024-069-NM1,21,1,2,1,1,26.1808531062603,5,9
2402344,16,69,1-16-2024-069-NM1,21,1,2,2,2,26.1808531062603,5,9
2402344,16,69,1-16-2024-069-NM1,21,1,2,3,3,26.1808531062603,5,9
2402344,16,69,1-16-2024-069-NM1,21,1,2,4,4,26.1808531062603,5,9
2402376,15,92,1-15-2024-092-NM2,22,1,1,1,1,172.627983004139,1,9
2402376,15,92,1-15-2024-092-NM2,22,1,1,2,2,172.627983004139,1,9
2402377,15,93,1-15-2024-093-NM2,22,1,1,1,1,172.627983004139,1,9
2402377,15,93,1-15-2024-093-NM2,22,1,1,2,2,172.627983004139,1,9
2402379,26,68,1-26-2024-068-NM2,22,1,1,1,1,401.065954850307,10,9
2402379,26,68,1-26-2024-068-NM2,22,1,1,2,2,401.065954850307,10,9
2402379,26,68,1-26-2024-068-NM2,22,1,2,1,1,401.065954850307,10,9
2402379,26,68,1-26-2024-068-NM2,22,1,2,2,2,401.065954850307,10,9
2402381,27,75,1-27-2024-075-NM2,22,1,1,1,1,58.8273813617497,3,9
2402381,27,75,1-27-2024-075-NM2,22,1,1,2,2,58.8273813617497,3,9
2402420,48,79,1-48-2024-079-NM1,21,1,1,1,1,85.8427679861707,12,9
2402420,48,79,1-48-2024-079-NM1,21,1,1,2,2,85.8427679861707,12,9
2402420,48,79,1-48-2024-079-NM1,21,1,1,3,4,85.8427679861707,12,9
2402420,48,79,1-48-2024-079-NM1,21,1,2,1,1,85.8427679861707,12,9
2402420,48,79,1-48-2024-079-NM1,21,1,2,2,2,85.8427679861707,12,9
2402420,48,79,1-48-2024-079-NM1,21,1,2,3,4,85.8427679861707,12,9
2402434,30,83,1-30-2024-083-NM2,22,1,1,1,1,361.666104097377,10,9
2402434,30,83,1-30-2024-083-NM2,22,1,1,2,2,361.666104097377,10,9
2402434,30,83,1-30-2024-083-NM2,22,1,1,3,3,361.666104097377,10,9
2402434,30,83,1-30-2024-083-NM2,22,1,1,4,4,361.666104097377,10,9
2402434,30,83,1-30-2024-083-NM2,22,1,1,5,5,361.666104097377,10,9
2402434,30,83,1-30-2024-083-NM2,22,1,2,1,1,361.666104097377,10,9
2402434,30,83,1-30-2024-083-NM2,22,1,2,2,2,361.666104097377,10,9
2402434,30,83,1-30-2024-083-NM2,22,1,2,3,3,361.666104097377,10,9
2402434,30,83,1-30-2024-083-NM2,22,1,2,4,4,361.666104097377,10,9
2402434,30,83,1-30-2024-083-NM2,22,1,2,5,5,361.666104097377,10,9
2402502,32,90,1-32-2024-090-NM1,21,1,1,1,1,20.533614820255,7,9
2402502,32,90,1-32-2024-090-NM1,21,1,1,2,2,20.533614820255,7,9
2402502,32,90,1-32-2024-090-NM1,21,1,2,1,1,20.533614820255,7,9
2402502,32,90,1-32-2024-090-NM1,21,1,2,2,2,20.533614820255,7,9
2402515,22,71,1-22-2024-071-NM2,22,1,1,1,1,85.2845477308788,12,9
2402515,22,71,1-22-2024-071-NM2,22,1,1,2,2,85.2845477308788,12,9
2402515,22,71,1-22-2024-071-NM2,22,1,2,1,1,85.2845477308788,12,9
2402515,22,71,1-22-2024-071-NM2,22,1,2,2,2,85.2845477308788,12,9
2402535,24,69,1-24-2024-069-NM1,21,1,1,1,1,23.1726143074507,1,9
2402535,24,69,1-24-2024-069-NM1,21,1,1,2,2,23.1726143074507,1,9
2402535,24,69,1-24-2024-069-NM1,21,1,1,3,3,23.1726143074507,1,9
2402542,16,78,1-16-2024-078-NM1,21,1,1,1,1,21.9314980825962,5,9
2402542,16,78,1-16-2024-078-NM1,21,1,1,2,2,21.9314980825962,5,9
2402542,16,78,1-16-2024-078-NM1,21,1,1,3,3,21.9314980825962,5,9
2402542,16,78,1-16-2024-078-NM1,21,1,1,4,4,21.9314980825962,5,9
2402542,16,78,1-16-2024-078-NM1,21,1,2,1,1,21.9314980825962,5,9
2402542,16,78,1-16-2024-078-NM1,21,1,2,2,2,21.9314980825962,5,9
2402542,16,78,1-16-2024-078-NM1,21,1,2,3,3,21.9314980825962,5,9
2402542,16,78,1-16-2024-078-NM1,21,1,2,4,4,21.9314980825962,5,9
2402543,25,60,1-25-2024-060-NM1,21,1,1,1,1,46.3961698932894,2,9
2402543,25,60,1-25-2024-060-NM1,21,1,1,2,2,46.3961698932894,2,9
2402543,25,60,1-25-2024-060-NM1,21,1,1,3,3,46.3961698932894,2,9
2402543,25,60,1-25-2024-060-NM1,21,1,1,5,5,46.3961698932894,2,9
2402543,25,60,1-25-2024-060-NM1,21,1,1,4,4,46.3961698932894,2,9
2402543,25,60,1-25-2024-060-NM1,21,1,2,1,1,46.3961698932894,2,9
2402543,25,60,1-25-2024-060-NM1,21,1,2,2,2,46.3961698932894,2,9
2402543,25,60,1-25-2024-060-NM1,21,1,2,3,3,46.3961698932894,2,9
2402543,25,60,1-25-2024-060-NM1,21,1,2,5,5,46.3961698932894,2,9
2402543,25,60,1-25-2024-060-NM1,21,1,2,4,4,46.3961698932894,2,9
2402547,59,79,1-59-2024-079-NM1,21,1,1,1,1,62.3822922049643,6,9
2402547,59,79,1-59-2024-079-NM1,21,1,1,2,2,62.3822922049643,6,9
2402547,59,79,1-59-2024-079-NM1,21,1,1,3,3,62.3822922049643,6,9
2402547,59,79,1-59-2024-079-NM1,21,1,1,4,4,62.3822922049643,6,9
2402547,59,79,1-59-2024-079-NM1,21,1,1,5,5,62.3822922049643,6,9
2402547,59,79,1-59-2024-079-NM1,21,1,2,1,1,62.3822922049643,6,9
2402547,59,79,1-59-2024-079-NM1,21,1,2,2,2,62.3822922049643,6,9
2402547,59,79,1-59-2024-079-NM1,21,1,2,3,3,62.3822922049643,6,9
2402547,59,79,1-59-2024-079-NM1,21,1,2,4,4,62.3822922049643,6,9
2402547,59,79,1-59-2024-079-NM1,21,1,2,5,5,62.3822922049643,6,9
2402571,32,94,1-32-2024-094-NM1,21,1,1,1,1,27.5926066558606,7,9
2402571,32,94,1-32-2024-094-NM1,21,1,1,2,2,27.5926066558606,7,9
2402571,32,94,1-32-2024-094-NM1,21,1,1,3,3,27.5926066558606,7,9
2402571,32,94,1-32-2024-094-NM1,21,1,1,4,4,27.5926066558606,7,9
2402589,33,42,1-33-2024-042-NM2,22,1,1,1,1,361.093515754961,12,9
2402589,33,42,1-33-2024-042-NM2,22,1,1,2,2,361.093515754961,12,9
2402589,33,42,1-33-2024-042-NM2,22,1,2,1,1,361.093515754961,12,9
2402589,33,42,1-33-2024-042-NM2,22,1,2,2,2,361.093515754961,12,9
2402593,57,54,1-57-2024-054-NM2,22,1,1,1,1,570.311860030331,1,9
2402593,57,54,1-57-2024-054-NM2,22,1,1,2,2,570.311860030331,1,9
2402593,57,54,1-57-2024-054-NM2,22,1,1,3,3,570.311860030331,1,9
2402593,57,54,1-57-2024-054-NM2,22,1,1,4,4,570.311860030331,1,9
2402593,57,54,1-57-2024-054-NM2,22,1,2,1,1,570.311860030331,1,9
2404755,22,143,1-22-2024-143-NM2,22,1,1,1,1,85.2845477308788,12,9
2404755,22,143,1-22-2024-143-NM2,22,1,1,2,2,85.2845477308788,12,9
2404760,32,138,1-32-2024-138-NM1,21,1,1,1,1,41.8806863445024,7,9
2404760,32,138,1-32-2024-138-NM1,21,1,1,2,3,41.8806863445024,7,9
2404760,32,138,1-32-2024-138-NM1,21,1,1,3,4,41.8806863445024,7,9
2404760,32,138,1-32-2024-138-NM1,21,1,1,4,5,41.8806863445024,7,9
2404760,32,138,1-32-2024-138-NM1,21,1,1,5,2,41.8806863445024,7,9
2404760,32,138,1-32-2024-138-NM1,21,1,2,1,1,41.8806863445024,7,9
2404760,32,138,1-32-2024-138-NM1,21,1,2,2,3,41.8806863445024,7,9
2404760,32,138,1-32-2024-138-NM1,21,1,2,3,4,41.8806863445024,7,9
2404760,32,138,1-32-2024-138-NM1,21,1,2,4,5,41.8806863445024,7,9
2404760,32,138,1-32-2024-138-NM1,21,1,2,5,2,41.8806863445024,7,9
2404764,33,92,1-33-2024-092-NM2,22,1,1,1,1,355.828360472917,12,9
2404764,33,92,1-33-2024-092-NM2,22,1,1,2,2,355.828360472917,12,9
2404764,33,92,1-33-2024-092-NM2,22,1,2,1,1,355.828360472917,12,9
2404764,33,92,1-33-2024-092-NM2,22,1,2,2,2,355.828360472917,12,9
2404767,81,119,1-81-2024-119-NM1,21,1,1,1,1,47.7030665360098,8,9
2404767,81,119,1-81-2024-119-NM1,21,1,1,2,2,47.7030665360098,8,9
2404767,81,119,1-81-2024-119-NM1,21,1,1,3,3,47.7030665360098,8,9
2404767,81,119,1-81-2024-119-NM1,21,1,2,1,1,47.7030665360098,8,9
2404767,81,119,1-81-2024-119-NM1,21,1,2,2,2,47.7030665360098,8,9
2404767,81,119,1-81-2024-119-NM1,21,1,2,3,3,47.7030665360098,8,9
2404816,30,163,1-30-2024-163-NM2,22,1,1,1,1,814.767720332015,10,9
2404816,30,163,1-30-2024-163-NM2,22,1,1,2,2,814.767720332015,10,9
2404825,24,135,1-24-2024-135-NM2,22,1,1,1,1,43.9956216097119,1,9
2404825,24,135,1-24-2024-135-NM2,22,1,1,2,2,43.9956216097119,1,9
2404825,24,135,1-24-2024-135-NM2,22,1,2,1,1,43.9956216097119,1,9
2404825,24,135,1-24-2024-135-NM2,22,1,2,2,2,43.9956216097119,1,9
2404827,25,127,1-25-2024-127-NM1,21,1,1,1,1,46.3961698932894,2,9
2404827,25,127,1-25-2024-127-NM1,21,1,1,2,2,46.3961698932894,2,9
2404827,25,127,1-25-2024-127-NM1,21,1,1,3,3,46.3961698932894,2,9
2404827,25,127,1-25-2024-127-NM1,21,1,2,1,1,46.3961698932894,2,9
2404827,25,127,1-25-2024-127-NM1,21,1,2,2,2,46.3961698932894,2,9
2404827,25,127,1-25-2024-127-NM1,21,1,2,3,3,46.3961698932894,2,9
2404828,25,128,1-25-2024-128-NM1,21,1,1,1,1,46.3961698932894,2,9
2404828,25,128,1-25-2024-128-NM1,21,1,1,2,2,46.3961698932894,2,9
2404828,25,128,1-25-2024-128-NM1,21,1,1,3,3,46.3961698932894,2,9
2404828,25,128,1-25-2024-128-NM1,21,1,1,4,4,46.3961698932894,2,9
2404828,25,128,1-25-2024-128-NM1,21,1,2,1,1,46.3961698932894,2,9
2404828,25,128,1-25-2024-128-NM1,21,1,2,2,2,46.3961698932894,2,9
2404828,25,128,1-25-2024-128-NM1,21,1,2,3,3,46.3961698932894,2,9
2404828,25,128,1-25-2024-128-NM1,21,1,2,4,4,46.3961698932894,2,9
2404886,22,148,1-22-2024-148-NM2,22,1,1,1,1,35.1496027167127,12,9
2404886,22,148,1-22-2024-148-NM2,22,1,1,2,2,35.1496027167127,12,9
2404886,22,148,1-22-2024-148-NM2,22,1,1,3,3,35.1496027167127,12,9
2404886,22,148,1-22-2024-148-NM2,22,1,2,1,1,35.1496027167127,12,9
2404886,22,148,1-22-2024-148-NM2,22,1,2,2,2,35.1496027167127,12,9
2404886,22,148,1-22-2024-148-NM2,22,1,2,3,3,35.1496027167127,12,9
2404887,17,158,1-17-2024-158-NM2,22,1,1,1,1,62.2469031035836,4,9
2404887,17,158,1-17-2024-158-NM2,22,1,1,2,2,62.2469031035836,4,9
2404890,30,167,1-30-2024-167-NM2,22,1,1,1,1,814.767720370494,10,9
2404890,30,167,1-30-2024-167-NM2,22,1,1,2,2,814.767720370494,10,9
2404890,30,167,1-30-2024-167-NM2,22,1,1,3,3,814.767720370494,10,9
2404890,30,167,1-30-2024-167-NM2,22,1,2,1,1,814.767720370494,10,9
2404890,30,167,1-30-2024-167-NM2,22,1,2,2,2,814.767720370494,10,9
2404890,30,167,1-30-2024-167-NM2,22,1,2,3,3,814.767720370494,10,9
2404902,57,145,1-57-2024-145-NM2,22,1,1,1,1,184.840196410829,1,9
2404902,57,145,1-57-2024-145-NM2,22,1,1,2,2,184.840196410829,1,9
2404902,57,145,1-57-2024-145-NM2,22,1,2,1,1,184.840196410829,1,9
2404902,57,145,1-57-2024-145-NM2,22,1,2,2,2,184.840196410829,1,9
2404906,77,155,1-77-2024-155-NM1,21,1,1,1,1,113.21347390618,9,9
2404906,77,155,1-77-2024-155-NM1,21,1,1,2,2,113.21347390618,9,9
2404906,77,155,1-77-2024-155-NM1,21,1,1,3,3,113.21347390618,9,9
2404906,77,155,1-77-2024-155-NM1,21,1,1,4,4,113.21347390618,9,9
2404906,77,155,1-77-2024-155-NM1,21,1,2,1,1,113.21347390618,9,9
2404906,77,155,1-77-2024-155-NM1,21,1,2,2,2,113.21347390618,9,9
2404906,77,155,1-77-2024-155-NM1,21,1,2,3,3,113.21347390618,9,9
2404906,77,155,1-77-2024-155-NM1,21,1,2,4,4,113.21347390618,9,9
2404924,12,94,1-12-2024-094-NM1,21,1,1,1,1,263.286057296844,9,9
2404924,12,94,1-12-2024-094-NM1,21,1,1,2,2,263.286057296844,9,9
2404924,12,94,1-12-2024-094-NM1,21,1,1,3,3,263.286057296844,9,9
2404924,12,94,1-12-2024-094-NM1,21,1,1,4,4,263.286057296844,9,9
2404924,12,94,1-12-2024-094-NM1,21,1,1,5,5,263.286057296844,9,9
2404927,54,110,1-54-2024-110-NM1,21,1,1,1,1,158.05614243884,9,9
2404927,54,110,1-54-2024-110-NM1,21,1,1,2,2,158.05614243884,9,9
2404927,54,110,1-54-2024-110-NM1,21,1,1,3,3,158.05614243884,9,9
2404927,54,110,1-54-2024-110-NM1,21,1,2,1,1,158.05614243884,9,9
2404927,54,110,1-54-2024-110-NM1,21,1,2,2,2,158.05614243884,9,9
2404927,54,110,1-54-2024-110-NM1,21,1,2,3,3,158.05614243884,9,9
2404933,33,96,1-33-2024-096-NM2,22,1,1,1,1,151.096542186302,12,9
2404933,33,96,1-33-2024-096-NM2,22,1,1,2,2,151.096542186302,12,9
2404933,33,96,1-33-2024-096-NM2,22,1,2,1,1,151.096542186302,12,9
2404933,33,96,1-33-2024-096-NM2,22,1,2,2,2,151.096542186302,12,9
2404943,24,137,1-24-2024-137-NM2,22,1,1,1,1,103.775968566411,1,9
2404946,60,72,1-60-2024-072-NM1,21,1,1,1,1,43.22330010499,8,9
2404946,60,72,1-60-2024-072-NM1,21,1,1,2,2,43.22330010499,8,9
2404946,60,72,1-60-2024-072-NM1,21,1,1,3,3,43.22330010499,8,9
2404946,60,72,1-60-2024-072-NM1,21,1,1,4,4,43.22330010499,8,9
2404946,60,72,1-60-2024-072-NM1,21,1,2,1,1,43.22330010499,8,9
2404946,60,72,1-60-2024-072-NM1,21,1,2,2,2,43.22330010499,8,9
2404946,60,72,1-60-2024-072-NM1,21,1,2,3,3,43.22330010499,8,9
2404946,60,72,1-60-2024-072-NM1,21,1,2,4,4,43.22330010499,8,9
2404955,16,122,1-16-2024-122-NM1,21,1,1,1,1,20.5106500164933,5,9
2404955,16,122,1-16-2024-122-NM1,21,1,1,2,2,20.5106500164933,5,9
2404955,16,122,1-16-2024-122-NM1,21,1,1,3,3,20.5106500164933,5,9
2404955,16,122,1-16-2024-122-NM1,21,1,2,1,1,20.5106500164933,5,9
2402593,57,54,1-57-2024-054-NM2,22,1,2,2,2,570.311860030331,1,9
2402593,57,54,1-57-2024-054-NM2,22,1,2,3,3,570.311860030331,1,9
2402593,57,54,1-57-2024-054-NM2,22,1,2,4,4,570.311860030331,1,9
2402620,31,52,1-31-2024-052-NM2,22,1,1,1,1,197.377933176122,6,9
2402620,31,52,1-31-2024-052-NM2,22,1,1,2,2,197.377933176122,6,9
2402620,31,52,1-31-2024-052-NM2,22,1,1,3,3,197.377933176122,6,9
2402620,31,52,1-31-2024-052-NM2,22,1,2,1,1,197.377933176122,6,9
2402620,31,52,1-31-2024-052-NM2,22,1,2,2,2,197.377933176122,6,9
2402620,31,52,1-31-2024-052-NM2,22,1,2,3,3,197.377933176122,6,9
2402625,21,52,1-21-2024-052-NM2,22,1,1,1,1,1946.80039165077,11,9
2402625,21,52,1-21-2024-052-NM2,22,1,1,2,2,1946.80039165077,11,9
2402625,21,52,1-21-2024-052-NM2,22,1,1,3,3,1946.80039165077,11,9
2402625,21,52,1-21-2024-052-NM2,22,1,1,4,4,1946.80039165077,11,9
2402625,21,52,1-21-2024-052-NM2,22,1,1,5,5,1946.80039165077,11,9
2402625,21,52,1-21-2024-052-NM2,22,1,2,1,1,1946.80039165077,11,9
2402625,21,52,1-21-2024-052-NM2,22,1,2,2,2,1946.80039165077,11,9
2402625,21,52,1-21-2024-052-NM2,22,1,2,3,3,1946.80039165077,11,9
2402625,21,52,1-21-2024-052-NM2,22,1,2,4,4,1946.80039165077,11,9
2402625,21,52,1-21-2024-052-NM2,22,1,2,5,5,1946.80039165077,11,9
2402638,82,63,1-82-2024-063-NM2,22,1,1,1,1,317.115950685831,1,9
2402638,82,63,1-82-2024-063-NM2,22,1,1,2,2,317.115950685831,1,9
2402661,10,39,1-10-2024-039-NM2,22,1,1,1,99,340.440602144735,4,9
2402679,13,64,1-13-2024-064-NM1,21,1,1,1,1,52.9890988226477,7,9
2402679,13,64,1-13-2024-064-NM1,21,1,1,2,2,52.9890988226477,7,9
2402679,13,64,1-13-2024-064-NM1,21,1,2,1,1,52.9890988226477,7,9
2402679,13,64,1-13-2024-064-NM1,21,1,2,2,2,52.9890988226477,7,9
2402679,13,64,1-13-2024-064-NM1,21,1,2,3,3,52.9890988226477,7,9
2402692,69,50,1-69-2024-050-NM1,21,1,1,1,1,7.66811372485411,8,9
2402692,69,50,1-69-2024-050-NM1,21,1,1,2,2,7.66811372485411,8,9
2402692,69,50,1-69-2024-050-NM1,21,1,1,3,3,7.66811372485411,8,9
2402692,69,50,1-69-2024-050-NM1,21,1,2,1,1,7.66811372485411,8,9
2402692,69,50,1-69-2024-050-NM1,21,1,2,2,2,7.66811372485411,8,9
2402692,69,50,1-69-2024-050-NM1,21,1,2,3,3,7.66811372485411,8,9
2402696,17,89,1-17-2024-089-NM2,22,1,1,1,1,75.2169154133713,4,9
2402696,17,89,1-17-2024-089-NM2,22,1,1,2,2,75.2169154133713,4,9
2402702,20,77,1-20-2024-077-NM2,22,1,1,1,1,87.941289186377,11,9
2402702,20,77,1-20-2024-077-NM2,22,1,1,2,2,87.941289186377,11,9
2402738,32,98,1-32-2024-098-NM1,21,1,1,1,1,72.5717518696977,7,9
2402738,32,98,1-32-2024-098-NM1,21,1,1,2,2,72.5717518696977,7,9
2402738,32,98,1-32-2024-098-NM1,21,1,1,3,3,72.5717518696977,7,9
2402738,32,98,1-32-2024-098-NM1,21,1,1,4,4,72.5717518696977,7,9
2402738,32,98,1-32-2024-098-NM1,21,1,2,1,1,72.5717518696977,7,9
2402738,32,98,1-32-2024-098-NM1,21,1,2,2,2,72.5717518696977,7,9
2402738,32,98,1-32-2024-098-NM1,21,1,2,3,3,72.5717518696977,7,9
2402738,32,98,1-32-2024-098-NM1,21,1,2,4,4,72.5717518696977,7,9
2402754,26,79,1-26-2024-079-NM2,22,1,1,1,1,1030.55932741376,10,9
2402754,26,79,1-26-2024-079-NM2,22,1,1,2,2,1030.55932741376,10,9
2402755,26,80,1-26-2024-080-NM1,21,1,1,1,1,25.7030205312635,10,9
2402755,26,80,1-26-2024-080-NM1,21,1,1,2,2,25.7030205312635,10,9
2402755,26,80,1-26-2024-080-NM1,21,1,1,3,3,25.7030205312635,10,9
2402767,27,90,1-27-2024-090-NM2,22,1,1,1,1,33.2945661482558,3,9
2402767,27,90,1-27-2024-090-NM2,22,1,1,3,3,33.2945661482558,3,9
2402767,27,90,1-27-2024-090-NM2,22,1,1,2,2,33.2945661482558,3,9
2402769,21,56,1-21-2024-056-NM1,21,1,1,1,1,32.5426329002838,11,9
2402769,21,56,1-21-2024-056-NM1,21,1,1,2,2,32.5426329002838,11,9
2402769,21,56,1-21-2024-056-NM1,21,1,1,3,3,32.5426329002838,11,9
2402769,21,56,1-21-2024-056-NM1,21,1,1,4,4,32.5426329002838,11,9
2402832,69,55,1-69-2024-055-NM1,21,1,1,1,1,7.66811372485411,8,9
2402832,69,55,1-69-2024-055-NM1,21,1,1,2,2,7.66811372485411,8,9
2402832,69,55,1-69-2024-055-NM1,21,1,1,3,3,7.66811372485411,8,9
2402832,69,55,1-69-2024-055-NM1,21,1,1,4,4,7.66811372485411,8,9
2402832,69,55,1-69-2024-055-NM1,21,1,2,1,1,7.66811372485411,8,9
2402832,69,55,1-69-2024-055-NM1,21,1,2,2,2,7.66811372485411,8,9
2402832,69,55,1-69-2024-055-NM1,21,1,2,3,3,7.66811372485411,8,9
2404218,24,120,1-24-2024-120-NM2,22,1,1,3,3,253.744000679976,1,9
2404218,24,120,1-24-2024-120-NM2,22,1,1,4,4,253.744000679976,1,9
2404218,24,120,1-24-2024-120-NM2,22,1,2,1,1,253.744000679976,1,9
2404218,24,120,1-24-2024-120-NM2,22,1,2,2,2,253.744000679976,1,9
2404218,24,120,1-24-2024-120-NM2,22,1,2,3,3,253.744000679976,1,9
2404218,24,120,1-24-2024-120-NM2,22,1,2,4,4,253.744000679976,1,9
2404235,26,108,1-26-2024-108-NM1,21,1,1,1,1,41.696402482386,10,9
2404235,26,108,1-26-2024-108-NM1,21,1,1,2,2,41.696402482386,10,9
2404235,26,108,1-26-2024-108-NM1,21,1,1,3,3,41.696402482386,10,9
2404235,26,108,1-26-2024-108-NM1,21,1,1,4,4,41.696402482386,10,9
2404267,15,171,1-15-2024-171-NM2,22,1,1,1,1,27.5756522213656,1,9
2404267,15,171,1-15-2024-171-NM2,22,1,1,2,2,27.5756522213656,1,9
2404267,15,171,1-15-2024-171-NM2,22,1,2,1,1,27.5756522213656,1,9
2404267,15,171,1-15-2024-171-NM2,22,1,2,2,2,27.5756522213656,1,9
2404273,81,103,1-81-2024-103-NM1,21,1,1,1,1,34.7221032435964,8,9
2404273,81,103,1-81-2024-103-NM1,21,1,1,2,2,34.7221032435964,8,9
2404276,81,106,1-81-2024-106-NM1,21,1,1,1,1,34.7221032435964,8,9
2404276,81,106,1-81-2024-106-NM1,21,1,1,2,2,34.7221032435964,8,9
2404276,81,106,1-81-2024-106-NM1,21,1,1,3,3,34.7221032435964,8,9
2404276,81,106,1-81-2024-106-NM1,21,1,1,4,4,34.7221032435964,8,9
2404276,81,106,1-81-2024-106-NM1,21,1,2,1,1,34.7221032435964,8,9
2404276,81,106,1-81-2024-106-NM1,21,1,2,2,2,34.7221032435964,8,9
2404276,81,106,1-81-2024-106-NM1,21,1,2,3,3,34.7221032435964,8,9
2404276,81,106,1-81-2024-106-NM1,21,1,2,4,4,34.7221032435964,8,9
2404311,19,58,1-19-2024-058-NM1,21,1,1,1,1,58.1964149408969,9,9
2404311,19,58,1-19-2024-058-NM1,21,1,1,2,3,58.1964149408969,9,9
2404311,19,58,1-19-2024-058-NM1,21,1,2,1,1,58.1964149408969,9,9
2404311,19,58,1-19-2024-058-NM1,21,1,2,2,3,58.1964149408969,9,9
2404327,16,113,1-16-2024-113-NM1,21,1,1,1,1,55.2220906582399,5,9
2404327,16,113,1-16-2024-113-NM1,21,1,1,2,2,55.2220906582399,5,9
2404327,16,113,1-16-2024-113-NM1,21,1,1,3,3,55.2220906582399,5,9
2404327,16,113,1-16-2024-113-NM1,21,1,2,1,1,55.2220906582399,5,9
2404327,16,113,1-16-2024-113-NM1,21,1,2,2,2,55.2220906582399,5,9
2404327,16,113,1-16-2024-113-NM1,21,1,2,3,3,55.2220906582399,5,9
2404328,16,114,1-16-2024-114-NM1,21,1,1,1,1,55.2220906459898,5,9
2404328,16,114,1-16-2024-114-NM1,21,1,1,2,2,55.2220906459898,5,9
2404328,16,114,1-16-2024-114-NM1,21,1,2,1,1,55.2220906459898,5,9
2404328,16,114,1-16-2024-114-NM1,21,1,2,2,2,55.2220906459898,5,9
2404354,12,79,1-12-2024-079-NM2,22,1,1,1,1,719.957760795501,9,9
2404354,12,79,1-12-2024-079-NM2,22,1,1,2,2,719.957760795501,9,9
2404354,12,79,1-12-2024-079-NM2,22,1,1,3,3,719.957760795501,9,9
2404354,12,79,1-12-2024-079-NM2,22,1,1,4,4,719.957760795501,9,9
2404354,12,79,1-12-2024-079-NM2,22,1,2,1,1,719.957760795501,9,9
2404354,12,79,1-12-2024-079-NM2,22,1,2,2,2,719.957760795501,9,9
2404354,12,79,1-12-2024-079-NM2,22,1,2,3,3,719.957760795501,9,9
2404354,12,79,1-12-2024-079-NM2,22,1,2,4,4,719.957760795501,9,9
2404371,22,130,1-22-2024-130-NM2,22,1,1,1,1,24.4305122731702,12,9
2404371,22,130,1-22-2024-130-NM2,22,1,1,2,2,24.4305122731702,12,9
2404371,22,130,1-22-2024-130-NM2,22,1,2,1,1,24.4305122731702,12,9
2404371,22,130,1-22-2024-130-NM2,22,1,2,2,2,24.4305122731702,12,9
2404374,29,60,1-29-2024-060-NM1,21,1,1,1,1,40.3751173333703,2,9
2404374,29,60,1-29-2024-060-NM1,21,1,1,2,2,40.3751173333703,2,9
2404374,29,60,1-29-2024-060-NM1,21,1,1,3,3,40.3751173333703,2,9
2404374,29,60,1-29-2024-060-NM1,21,1,1,4,4,40.3751173333703,2,9
2404374,29,60,1-29-2024-060-NM1,21,1,2,1,1,40.3751173333703,2,9
2404374,29,60,1-29-2024-060-NM1,21,1,2,2,2,40.3751173333703,2,9
2404374,29,60,1-29-2024-060-NM1,21,1,2,3,3,40.3751173333703,2,9
2404374,29,60,1-29-2024-060-NM1,21,1,2,4,4,40.3751173333703,2,9
2404422,33,84,1-33-2024-084-NM1,21,1,1,1,1,41.0900179301514,12,9
2404422,33,84,1-33-2024-084-NM1,21,1,1,2,2,41.0900179301514,12,9
2404422,33,84,1-33-2024-084-NM1,21,1,1,3,3,41.0900179301514,12,9
2404422,33,84,1-33-2024-084-NM1,21,1,2,1,1,41.0900179301514,12,9
2404422,33,84,1-33-2024-084-NM1,21,1,2,2,2,41.0900179301514,12,9
2404422,33,84,1-33-2024-084-NM1,21,1,2,3,3,41.0900179301514,12,9
2404449,11,136,1-11-2024-136-NM1,21,1,1,1,1,37.1071357763572,8,9
2404449,11,136,1-11-2024-136-NM1,21,1,1,2,2,37.1071357763572,8,9
2404449,11,136,1-11-2024-136-NM1,21,1,1,3,3,37.1071357763572,8,9
2404449,11,136,1-11-2024-136-NM1,21,1,1,4,4,37.1071357763572,8,9
2404449,11,136,1-11-2024-136-NM1,21,1,2,1,1,37.1071357763572,8,9
2404449,11,136,1-11-2024-136-NM1,21,1,2,2,2,37.1071357763572,8,9
2404449,11,136,1-11-2024-136-NM1,21,1,2,3,3,37.1071357763572,8,9
2404449,11,136,1-11-2024-136-NM1,21,1,2,4,4,37.1071357763572,8,9
2404463,14,82,1-14-2024-082-NM2,22,1,1,1,3,398.655902879135,8,9
2404463,14,82,1-14-2024-082-NM2,22,1,1,2,4,398.655902879135,8,9
2404463,14,82,1-14-2024-082-NM2,22,1,1,3,2,398.655902879135,8,9
2404463,14,82,1-14-2024-082-NM2,22,1,1,4,1,398.655902879135,8,9
2404477,27,140,1-27-2024-140-NM2,22,1,1,1,1,26.6993316813968,3,9
2404477,27,140,1-27-2024-140-NM2,22,1,1,2,2,26.6993316813968,3,9
2404482,82,121,1-82-2024-121-NM2,22,1,1,1,1,375.053029592921,1,9
2404482,82,121,1-82-2024-121-NM2,22,1,1,2,3,375.053029592921,1,9
2404482,82,121,1-82-2024-121-NM2,22,1,1,3,2,375.053029592921,1,9
2404502,31,95,1-31-2024-095-NM2,22,1,1,1,1,343.437603726452,6,9
2404502,31,95,1-31-2024-095-NM2,22,1,1,2,2,343.437603726452,6,9
2404542,10,84,1-10-2024-084-NM2,22,1,1,1,1,303.372657865986,4,9
2402832,69,55,1-69-2024-055-NM1,21,1,2,4,4,7.66811372485411,8,9
2402841,24,79,1-24-2024-079-NM1,21,1,1,1,1,23.1726143074507,1,9
2402841,24,79,1-24-2024-079-NM1,21,1,1,2,2,23.1726143074507,1,9
2402841,24,79,1-24-2024-079-NM1,21,1,1,3,3,23.1726143074507,1,9
2402868,32,101,1-32-2024-101-NM1,21,1,1,1,99,21.5942405462542,7,9
2402888,15,114,1-15-2024-114-NM2,22,1,1,1,1,35.5740146987417,1,9
2402888,15,114,1-15-2024-114-NM2,22,1,1,2,2,35.5740146987417,1,9
2402888,15,114,1-15-2024-114-NM2,22,1,2,1,1,35.5740146987417,1,9
2402888,15,114,1-15-2024-114-NM2,22,1,2,2,2,35.5740146987417,1,9
2402933,77,98,1-77-2024-098-NM1,21,1,1,1,1,113.21347390618,9,9
2402933,77,98,1-77-2024-098-NM1,21,1,1,2,2,113.21347390618,9,9
2402933,77,98,1-77-2024-098-NM1,21,1,1,3,3,113.21347390618,9,9
2405941,11,180,1-11-2024-180-NM2,22,1,1,1,1,2346.62012709175,8,9
2405941,11,180,1-11-2024-180-NM2,22,1,1,2,2,2346.62012709175,8,9
2405941,11,180,1-11-2024-180-NM2,22,1,1,3,3,2346.62012709175,8,9
2405941,11,180,1-11-2024-180-NM2,22,1,2,1,1,2346.62012709175,8,9
2405941,11,180,1-11-2024-180-NM2,22,1,2,2,2,2346.62012709175,8,9
2405941,11,180,1-11-2024-180-NM2,22,1,2,3,3,2346.62012709175,8,9
2405953,27,183,1-27-2024-183-NM2,22,1,1,1,1,130.19869272293,3,9
2405953,27,183,1-27-2024-183-NM2,22,1,2,1,1,130.19869272293,3,9
2405961,32,156,1-32-2024-156-NM1,21,1,1,1,1,64.9248984713776,7,9
2405961,32,156,1-32-2024-156-NM1,21,1,1,2,2,64.9248984713776,7,9
2405961,32,156,1-32-2024-156-NM1,21,1,2,1,1,64.9248984713776,7,9
2405961,32,156,1-32-2024-156-NM1,21,1,2,2,2,64.9248984713776,7,9
2405968,29,102,1-29-2024-102-NM1,21,1,1,1,1,46.066249775962,2,9
2405968,29,102,1-29-2024-102-NM1,21,1,2,1,1,46.066249775962,2,9
2405972,21,146,1-21-2024-146-NM1,21,1,1,1,1,9.08918343004306,11,9
2405972,21,146,1-21-2024-146-NM1,21,1,1,2,2,9.08918343004306,11,9
2405977,26,132,1-26-2024-132-NM1,21,1,1,1,1,29.2426811637843,10,9
2405977,26,132,1-26-2024-132-NM1,21,1,1,2,2,29.2426811637843,10,9
2405977,26,132,1-26-2024-132-NM1,21,1,1,3,3,29.2426811637843,10,9
2405977,26,132,1-26-2024-132-NM1,21,1,2,1,1,29.2426811637843,10,9
2405977,26,132,1-26-2024-132-NM1,21,1,2,2,2,29.2426811637843,10,9
2405977,26,132,1-26-2024-132-NM1,21,1,2,3,3,29.2426811637843,10,9
2405977,26,132,1-26-2024-132-NM1,21,2,1,1,1,29.2426811637843,10,9
2405977,26,132,1-26-2024-132-NM1,21,2,1,2,2,29.2426811637843,10,9
2405977,26,132,1-26-2024-132-NM1,21,2,2,1,1,29.2426811637843,10,9
2405977,26,132,1-26-2024-132-NM1,21,2,2,2,2,29.2426811637843,10,9
2405987,15,233,1-15-2024-233-NM2,22,1,1,1,1,32.4789185953742,1,9
2405987,15,233,1-15-2024-233-NM2,22,1,1,2,2,32.4789185953742,1,9
2405987,15,233,1-15-2024-233-NM2,22,1,2,1,1,32.4789185953742,1,9
2405987,15,233,1-15-2024-233-NM2,22,1,2,2,2,32.4789185953742,1,9
2405993,29,104,1-29-2024-104-NM1,21,1,1,1,1,46.066249775962,2,9
2405993,29,104,1-29-2024-104-NM1,21,1,1,2,2,46.066249775962,2,9
2405998,20,141,1-20-2024-141-NM1,21,1,1,1,1,35.0220589332575,11,9
2405998,20,141,1-20-2024-141-NM1,21,1,1,2,2,35.0220589332575,11,9
2405998,20,141,1-20-2024-141-NM1,21,1,1,3,3,35.0220589332575,11,9
2405998,20,141,1-20-2024-141-NM1,21,1,1,4,4,35.0220589332575,11,9
2405998,20,141,1-20-2024-141-NM1,21,1,2,1,1,35.0220589332575,11,9
2405998,20,141,1-20-2024-141-NM1,21,1,2,2,2,35.0220589332575,11,9
2405998,20,141,1-20-2024-141-NM1,21,1,2,3,3,35.0220589332575,11,9
2405998,20,141,1-20-2024-141-NM1,21,1,2,4,4,35.0220589332575,11,9
2406001,81,158,1-81-2024-158-NM2,22,1,1,1,1,1666.588526805,8,9
2406001,81,158,1-81-2024-158-NM2,22,1,1,2,2,1666.588526805,8,9
2406001,81,158,1-81-2024-158-NM2,22,1,2,1,1,1666.588526805,8,9
2406001,81,158,1-81-2024-158-NM2,22,1,2,2,2,1666.588526805,8,9
2406002,81,159,1-81-2024-159-NM1,21,1,1,1,1,21.098194093673,8,9
2406002,81,159,1-81-2024-159-NM1,21,1,1,2,2,21.098194093673,8,9
2406065,79,118,1-79-2024-118-NM1,21,1,1,1,1,131.970085856043,8,9
2406065,79,118,1-79-2024-118-NM1,21,1,1,2,2,131.970085856043,8,9
2406065,79,118,1-79-2024-118-NM1,21,1,2,1,1,131.970085856043,8,9
2406065,79,118,1-79-2024-118-NM1,21,1,2,2,2,131.970085856043,8,9
2406091,32,158,1-32-2024-158-NM1,21,1,1,1,1,128.080968764564,7,9
2406091,32,158,1-32-2024-158-NM1,21,1,1,2,2,128.080968764564,7,9
2406091,32,158,1-32-2024-158-NM1,21,1,1,3,3,128.080968764564,7,9
2406091,32,158,1-32-2024-158-NM1,21,1,1,4,4,128.080968764564,7,9
2406091,32,158,1-32-2024-158-NM1,21,1,2,1,1,128.080968764564,7,9
2406091,32,158,1-32-2024-158-NM1,21,1,2,2,2,128.080968764564,7,9
2406091,32,158,1-32-2024-158-NM1,21,1,2,3,3,128.080968764564,7,9
2406091,32,158,1-32-2024-158-NM1,21,1,2,4,4,128.080968764564,7,9
2406110,22,186,1-22-2024-186-NM2,22,1,1,1,1,94.6557465142525,12,9
2406110,22,186,1-22-2024-186-NM2,22,1,2,1,1,94.6557465142525,12,9
2406132,10,129,1-10-2024-129-NM1,21,1,1,1,1,31.3806248143146,4,9
2406132,10,129,1-10-2024-129-NM1,21,1,1,2,2,31.3806248143146,4,9
2406132,10,129,1-10-2024-129-NM1,21,1,2,1,1,31.3806248143146,4,9
2406132,10,129,1-10-2024-129-NM1,21,1,2,2,2,31.3806248143146,4,9
2406194,82,169,1-82-2024-169-NM2,22,1,1,1,1,291.351098901355,1,9
2406194,82,169,1-82-2024-169-NM2,22,1,1,2,2,291.351098901355,1,9
2406194,82,169,1-82-2024-169-NM2,22,1,2,1,1,291.351098901355,1,9
2406194,82,169,1-82-2024-169-NM2,22,1,2,2,2,291.351098901355,1,9
2406202,26,134,1-26-2024-134-NM1,21,1,1,1,1,112.32218986867,10,9
2406202,26,134,1-26-2024-134-NM1,21,1,1,2,2,112.32218986867,10,9
2406202,26,134,1-26-2024-134-NM1,21,2,1,1,1,112.32218986867,10,9
2406207,22,188,1-22-2024-188-NM2,22,1,1,1,1,24.4305122731702,12,9
2406207,22,188,1-22-2024-188-NM2,22,1,1,2,2,24.4305122731702,12,9
2406213,66,121,1-66-2024-121-NM2,22,1,1,1,2,110.074249285118,6,9
2406213,66,121,1-66-2024-121-NM2,22,1,1,2,1,110.074249285118,6,9
2406213,66,121,1-66-2024-121-NM2,22,1,2,1,2,110.074249285118,6,9
2406213,66,121,1-66-2024-121-NM2,22,1,2,2,1,110.074249285118,6,9
2406219,15,242,1-15-2024-242-NM2,22,1,1,1,1,30.3797729398406,1,9
2406219,15,242,1-15-2024-242-NM2,22,1,1,2,2,30.3797729398406,1,9
2406229,81,163,1-81-2024-163-NM1,21,1,1,1,1,20.2135532866767,8,9
2406229,81,163,1-81-2024-163-NM1,21,1,1,2,2,20.2135532866767,8,9
2406229,81,163,1-81-2024-163-NM1,21,1,1,3,3,20.2135532866767,8,9
2406229,81,163,1-81-2024-163-NM1,21,1,1,4,4,20.2135532866767,8,9
2406229,81,163,1-81-2024-163-NM1,21,1,2,1,1,20.2135532866767,8,9
2406229,81,163,1-81-2024-163-NM1,21,1,2,2,2,20.2135532866767,8,9
2406229,81,163,1-81-2024-163-NM1,21,1,2,3,3,20.2135532866767,8,9
2406229,81,163,1-81-2024-163-NM1,21,1,2,4,4,20.2135532866767,8,9
2406239,57,194,1-57-2024-194-NM1,21,1,1,1,1,19.2604769426058,1,9
2406239,57,194,1-57-2024-194-NM1,21,1,1,2,2,19.2604769426058,1,9
2406239,57,194,1-57-2024-194-NM1,21,1,2,1,1,19.2604769426058,1,9
2406239,57,194,1-57-2024-194-NM1,21,1,2,2,2,19.2604769426058,1,9
2406243,67,57,1-67-2024-057-NM2,22,1,1,1,1,280.830811465838,7,9
2406243,67,57,1-67-2024-057-NM2,22,1,2,1,1,280.830811465838,7,9
2406259,30,213,1-30-2024-213-NM1,21,1,1,1,1,70.0679338170937,10,9
2406259,30,213,1-30-2024-213-NM1,21,1,1,2,2,70.0679338170937,10,9
2406259,30,213,1-30-2024-213-NM1,21,1,1,3,3,70.0679338170937,10,9
2405394,10,107,1-10-2024-107-NM1,21,1,1,4,4,36.1764362071444,4,9
2405394,10,107,1-10-2024-107-NM1,21,1,2,1,1,36.1764362071444,4,9
2405394,10,107,1-10-2024-107-NM1,21,1,2,2,2,36.1764362071444,4,9
2405394,10,107,1-10-2024-107-NM1,21,1,2,3,3,36.1764362071444,4,9
2405394,10,107,1-10-2024-107-NM1,21,1,2,4,4,36.1764362071444,4,9
2405420,30,185,1-30-2024-185-NM1,21,1,1,1,1,122.593345274421,10,9
2405420,30,185,1-30-2024-185-NM1,21,1,1,2,2,122.593345274421,10,9
2405420,30,185,1-30-2024-185-NM1,21,1,2,1,1,122.593345274421,10,9
2405420,30,185,1-30-2024-185-NM1,21,1,2,2,2,122.593345274421,10,9
2405428,20,129,1-20-2024-129-NM1,21,1,1,1,1,35.0220589332575,11,9
2405428,20,129,1-20-2024-129-NM1,21,1,1,2,2,35.0220589332575,11,9
2405428,20,129,1-20-2024-129-NM1,21,1,2,1,1,35.0220589332575,11,9
2405428,20,129,1-20-2024-129-NM1,21,1,2,2,2,35.0220589332575,11,9
2405432,69,136,1-69-2024-136-NM1,21,1,1,1,1,7.66811372485411,8,9
2405432,69,136,1-69-2024-136-NM1,21,1,1,2,2,7.66811372485411,8,9
2405444,17,180,1-17-2024-180-NM2,22,1,1,1,1,245.767819800364,4,9
2405444,17,180,1-17-2024-180-NM2,22,1,1,2,2,245.767819800364,4,9
2405448,60,86,1-60-2024-086-NM1,21,1,1,1,1,43.22330010499,8,9
2405448,60,86,1-60-2024-086-NM1,21,1,1,2,2,43.22330010499,8,9
2405448,60,86,1-60-2024-086-NM1,21,1,1,3,3,43.22330010499,8,9
2405448,60,86,1-60-2024-086-NM1,21,1,1,4,4,43.22330010499,8,9
2405448,60,86,1-60-2024-086-NM1,21,1,2,1,1,43.22330010499,8,9
2405448,60,86,1-60-2024-086-NM1,21,1,2,2,2,43.22330010499,8,9
2405448,60,86,1-60-2024-086-NM1,21,1,2,3,3,43.22330010499,8,9
2405448,60,86,1-60-2024-086-NM1,21,1,2,4,4,43.22330010499,8,9
2405454,11,165,1-11-2024-165-NM1,21,1,1,1,1,37.1071357763572,8,9
2405454,11,165,1-11-2024-165-NM1,21,1,1,2,2,37.1071357763572,8,9
2405454,11,165,1-11-2024-165-NM1,21,1,1,3,4,37.1071357763572,8,9
2405454,11,165,1-11-2024-165-NM1,21,1,1,4,3,37.1071357763572,8,9
2405485,30,188,1-30-2024-188-NM1,21,1,1,1,1,122.593345242516,10,9
2405485,30,188,1-30-2024-188-NM1,21,1,1,2,2,122.593345242516,10,9
2405491,22,168,1-22-2024-168-NM2,22,1,1,1,1,63.7015832881093,12,9
2405491,22,168,1-22-2024-168-NM2,22,1,1,2,2,63.7015832881093,12,9
2405495,26,125,1-26-2024-125-NM1,21,1,1,1,1,26.2657713930828,10,9
2405495,26,125,1-26-2024-125-NM1,21,1,1,2,2,26.2657713930828,10,9
2405495,26,125,1-26-2024-125-NM1,21,1,2,1,1,26.2657713930828,10,9
2405495,26,125,1-26-2024-125-NM1,21,1,2,2,2,26.2657713930828,10,9
2405527,48,179,1-48-2024-179-NM1,21,1,1,2,2,85.8427679861707,12,9
2405527,48,179,1-48-2024-179-NM1,21,1,1,3,3,85.8427679861707,12,9
2405527,48,179,1-48-2024-179-NM1,21,1,1,4,4,85.8427679861707,12,9
2405527,48,179,1-48-2024-179-NM1,21,1,1,1,1,85.8427679861707,12,9
2405527,48,179,1-48-2024-179-NM1,21,1,2,2,2,85.8427679861707,12,9
2405527,48,179,1-48-2024-179-NM1,21,1,2,3,3,85.8427679861707,12,9
2405527,48,179,1-48-2024-179-NM1,21,1,2,4,4,85.8427679861707,12,9
2405527,48,179,1-48-2024-179-NM1,21,1,2,1,1,85.8427679861707,12,9
2405547,30,189,1-30-2024-189-NM1,21,1,1,1,1,33.3381262919494,10,9
2405547,30,189,1-30-2024-189-NM1,21,1,1,2,2,33.3381262919494,10,9
2405547,30,189,1-30-2024-189-NM1,21,1,1,3,3,33.3381262919494,10,9
2405547,30,189,1-30-2024-189-NM1,21,1,1,4,4,33.3381262919494,10,9
2405547,30,189,1-30-2024-189-NM1,21,1,2,1,1,33.3381262919494,10,9
2405547,30,189,1-30-2024-189-NM1,21,1,2,2,2,33.3381262919494,10,9
2405547,30,189,1-30-2024-189-NM1,21,1,2,3,3,33.3381262919494,10,9
2405547,30,189,1-30-2024-189-NM1,21,1,2,4,4,33.3381262919494,10,9
2405547,30,189,1-30-2024-189-NM1,21,2,1,1,1,33.3381262919494,10,9
2405547,30,189,1-30-2024-189-NM1,21,2,1,2,2,33.3381262919494,10,9
2405547,30,189,1-30-2024-189-NM1,21,2,1,3,3,33.3381262919494,10,9
2405547,30,189,1-30-2024-189-NM1,21,2,1,4,4,33.3381262919494,10,9
2405547,30,189,1-30-2024-189-NM1,21,2,2,1,1,33.3381262919494,10,9
2405547,30,189,1-30-2024-189-NM1,21,2,2,2,2,33.3381262919494,10,9
2405547,30,189,1-30-2024-189-NM1,21,2,2,3,3,33.3381262919494,10,9
2405551,33,106,1-33-2024-106-NM1,21,1,1,1,1,41.0900179301514,12,9
2405551,33,106,1-33-2024-106-NM1,21,1,1,2,2,41.0900179301514,12,9
2405551,33,106,1-33-2024-106-NM1,21,1,1,3,3,41.0900179301514,12,9
2405551,33,106,1-33-2024-106-NM1,21,1,1,4,4,41.0900179301514,12,9
2405551,33,106,1-33-2024-106-NM1,21,1,2,1,1,41.0900179301514,12,9
2405551,33,106,1-33-2024-106-NM1,21,1,2,2,2,41.0900179301514,12,9
2405551,33,106,1-33-2024-106-NM1,21,1,2,3,3,41.0900179301514,12,9
2405551,33,106,1-33-2024-106-NM1,21,1,2,4,4,41.0900179301514,12,9
2405560,57,173,1-57-2024-173-NM2,22,1,1,1,99,166.164473508738,1,9
2405570,25,151,1-25-2024-151-NM2,22,1,1,1,1,362.735522403193,2,9
2405570,25,151,1-25-2024-151-NM2,22,1,1,2,2,362.735522403193,2,9
2405570,25,151,1-25-2024-151-NM2,22,1,2,1,1,362.735522403193,2,9
2405570,25,151,1-25-2024-151-NM2,22,1,2,2,2,362.735522403193,2,9
2405574,16,126,1-16-2024-126-NM1,21,1,1,1,1,196.102077456907,5,9
2405574,16,126,1-16-2024-126-NM1,21,1,1,2,2,196.102077456907,5,9
2405574,16,126,1-16-2024-126-NM1,21,1,1,3,3,196.102077456907,5,9
2405574,16,126,1-16-2024-126-NM1,21,1,1,4,4,196.102077456907,5,9
2405574,16,126,1-16-2024-126-NM1,21,1,2,1,1,196.102077456907,5,9
2405574,16,126,1-16-2024-126-NM1,21,1,2,2,2,196.102077456907,5,9
2405574,16,126,1-16-2024-126-NM1,21,1,2,3,3,196.102077456907,5,9
2405574,16,126,1-16-2024-126-NM1,21,1,2,4,4,196.102077456907,5,9
2405575,11,166,1-11-2024-166-NM2,22,1,1,1,1,1994.3486165726,8,9
2405575,11,166,1-11-2024-166-NM2,22,1,1,2,2,1994.3486165726,8,9
2405575,11,166,1-11-2024-166-NM2,22,1,1,3,3,1994.3486165726,8,9
2405575,11,166,1-11-2024-166-NM2,22,1,2,1,1,1994.3486165726,8,9
2405575,11,166,1-11-2024-166-NM2,22,1,2,2,2,1994.3486165726,8,9
2405575,11,166,1-11-2024-166-NM2,22,1,2,3,3,1994.3486165726,8,9
2405578,32,150,1-32-2024-150-NM1,21,1,1,1,1,61.8412176679644,7,9
2405578,32,150,1-32-2024-150-NM1,21,1,1,2,2,61.8412176679644,7,9
2405578,32,150,1-32-2024-150-NM1,21,1,1,3,3,61.8412176679644,7,9
2405578,32,150,1-32-2024-150-NM1,21,1,1,4,4,61.8412176679644,7,9
2405578,32,150,1-32-2024-150-NM1,21,1,2,1,1,61.8412176679644,7,9
2405578,32,150,1-32-2024-150-NM1,21,1,2,2,2,61.8412176679644,7,9
2405578,32,150,1-32-2024-150-NM1,21,1,2,3,3,61.8412176679644,7,9
2405578,32,150,1-32-2024-150-NM1,21,1,2,4,4,61.8412176679644,7,9
2405594,27,174,1-27-2024-174-NM2,22,1,1,1,1,41.6395308351094,3,9
2402933,77,98,1-77-2024-098-NM1,21,1,2,1,1,113.21347390618,9,9
2402933,77,98,1-77-2024-098-NM1,21,1,2,2,2,113.21347390618,9,9
2402933,77,98,1-77-2024-098-NM1,21,1,2,3,3,113.21347390618,9,9
2402952,30,102,1-30-2024-102-NM1,21,1,1,1,1,73.645145385009,10,9
2402952,30,102,1-30-2024-102-NM1,21,1,1,2,2,73.645145385009,10,9
2402952,30,102,1-30-2024-102-NM1,21,1,2,1,1,73.645145385009,10,9
2402952,30,102,1-30-2024-102-NM1,21,1,2,2,2,73.645145385009,10,9
2402956,12,50,1-12-2024-050-NM2,22,1,1,1,1,639.059715073345,9,9
2402956,12,50,1-12-2024-050-NM2,22,1,1,2,2,639.059715073345,9,9
2402956,12,50,1-12-2024-050-NM2,22,1,1,3,3,639.059715073345,9,9
2402956,12,50,1-12-2024-050-NM2,22,1,2,1,1,639.059715073345,9,9
2402956,12,50,1-12-2024-050-NM2,22,1,2,2,2,639.059715073345,9,9
2402956,12,50,1-12-2024-050-NM2,22,1,2,3,3,639.059715073345,9,9
2402972,11,82,1-11-2024-082-NM1,21,1,1,1,1,37.1071357763572,8,9
2402972,11,82,1-11-2024-082-NM1,21,1,1,2,2,37.1071357763572,8,9
2402972,11,82,1-11-2024-082-NM1,21,1,1,3,3,37.1071357763572,8,9
2402975,24,81,1-24-2024-081-NM2,22,1,1,1,1,262.129476205265,1,9
2402975,24,81,1-24-2024-081-NM2,22,1,1,2,2,262.129476205265,1,9
2402975,24,81,1-24-2024-081-NM2,22,1,2,1,1,262.129476205265,1,9
2402975,24,81,1-24-2024-081-NM2,22,1,2,2,2,262.129476205265,1,9
2402989,32,104,1-32-2024-104-NM1,21,1,1,1,1,11.6164138708606,7,9
2402989,32,104,1-32-2024-104-NM1,21,1,1,2,2,11.6164138708606,7,9
2402989,32,104,1-32-2024-104-NM1,21,1,1,3,3,11.6164138708606,7,9
2402989,32,104,1-32-2024-104-NM1,21,1,1,4,4,11.6164138708606,7,9
2402989,32,104,1-32-2024-104-NM1,21,1,1,5,5,11.6164138708606,7,9
2402989,32,104,1-32-2024-104-NM1,21,1,2,1,1,11.6164138708606,7,9
2402989,32,104,1-32-2024-104-NM1,21,1,2,2,2,11.6164138708606,7,9
2402989,32,104,1-32-2024-104-NM1,21,1,2,3,3,11.6164138708606,7,9
2402989,32,104,1-32-2024-104-NM1,21,1,2,4,4,11.6164138708606,7,9
2402989,32,104,1-32-2024-104-NM1,21,1,2,5,5,11.6164138708606,7,9
2402990,32,105,1-32-2024-105-NM2,22,1,1,1,1,564.925282878733,7,9
2402995,27,96,1-27-2024-096-NM2,22,1,1,1,1,45.5428338265018,3,9
2402995,27,96,1-27-2024-096-NM2,22,1,1,2,2,45.5428338265018,3,9
2403003,26,86,1-26-2024-086-NM1,21,1,1,1,99,25.7030205312635,10,9
2403020,22,90,1-22-2024-090-NM2,22,1,1,1,99,24.4305122731702,12,9
2403028,31,63,1-31-2024-063-NM2,22,1,1,1,1,197.377933176122,6,9
2403028,31,63,1-31-2024-063-NM2,22,1,1,2,2,197.377933176122,6,9
2403028,31,63,1-31-2024-063-NM2,22,1,2,1,1,197.377933176122,6,9
2403028,31,63,1-31-2024-063-NM2,22,1,2,2,2,197.377933176122,6,9
2403048,10,45,1-10-2024-045-NM2,22,1,1,1,1,461.067694088124,4,9
2403048,10,45,1-10-2024-045-NM2,22,1,1,2,2,461.067694088124,4,9
2403048,10,45,1-10-2024-045-NM2,22,1,2,1,1,461.067694088124,4,9
2403048,10,45,1-10-2024-045-NM2,22,1,2,2,2,461.067694088124,4,9
2403102,16,93,1-16-2024-093-NM2,22,1,1,1,1,346.176563309069,5,9
2403102,16,93,1-16-2024-093-NM2,22,1,1,2,2,346.176563309069,5,9
2403106,32,110,1-32-2024-110-NM1,21,1,1,1,99,25.3988337354055,7,9
2403157,62,84,1-62-2024-084-NM1,21,2,1,1,1,50.4228553346501,7,9
2403157,62,84,1-62-2024-084-NM1,21,2,2,1,1,50.4228553346501,7,9
2403157,62,84,1-62-2024-084-NM1,21,1,1,1,1,50.4228553346501,7,9
2403157,62,84,1-62-2024-084-NM1,21,1,1,2,2,50.4228553346501,7,9
2403157,62,84,1-62-2024-084-NM1,21,1,1,3,3,50.4228553346501,7,9
2403157,62,84,1-62-2024-084-NM1,21,1,1,4,4,50.4228553346501,7,9
2403157,62,84,1-62-2024-084-NM1,21,1,2,1,1,50.4228553346501,7,9
2403157,62,84,1-62-2024-084-NM1,21,1,2,2,2,50.4228553346501,7,9
2403157,62,84,1-62-2024-084-NM1,21,1,2,3,3,50.4228553346501,7,9
2403157,62,84,1-62-2024-084-NM1,21,1,2,4,4,50.4228553346501,7,9
2403175,10,48,1-10-2024-048-NM2,22,1,1,1,1,917.555786243938,4,9
2403175,10,48,1-10-2024-048-NM2,22,1,1,2,2,917.555786243938,4,9
2403175,10,48,1-10-2024-048-NM2,22,1,2,1,1,917.555786243938,4,9
2403175,10,48,1-10-2024-048-NM2,22,1,2,2,2,917.555786243938,4,9
2403177,13,71,1-13-2024-071-NM1,21,1,1,1,1,64.2373320511644,7,9
2403177,13,71,1-13-2024-071-NM1,21,1,1,2,2,64.2373320511644,7,9
2403177,13,71,1-13-2024-071-NM1,21,1,1,3,3,64.2373320511644,7,9
2403177,13,71,1-13-2024-071-NM1,21,1,1,4,4,64.2373320511644,7,9
2403177,13,71,1-13-2024-071-NM1,21,1,2,1,1,64.2373320511644,7,9
2403177,13,71,1-13-2024-071-NM1,21,1,2,2,2,64.2373320511644,7,9
2403177,13,71,1-13-2024-071-NM1,21,1,2,3,3,64.2373320511644,7,9
2403177,13,71,1-13-2024-071-NM1,21,1,2,4,4,64.2373320511644,7,9
2403191,12,53,1-12-2024-053-NM2,22,1,1,1,1,279.612696685556,9,9
2403191,12,53,1-12-2024-053-NM2,22,1,1,2,2,279.612696685556,9,9
2403191,12,53,1-12-2024-053-NM2,22,1,2,1,1,279.612696685556,9,9
2403191,12,53,1-12-2024-053-NM2,22,1,2,2,2,279.612696685556,9,9
2403193,30,111,1-30-2024-111-NM1,21,1,1,1,1,39.9148366584821,10,9
2403193,30,111,1-30-2024-111-NM1,21,1,1,2,2,39.9148366584821,10,9
2403193,30,111,1-30-2024-111-NM1,21,1,1,3,3,39.9148366584821,10,9
2403193,30,111,1-30-2024-111-NM1,21,1,1,4,4,39.9148366584821,10,9
2403193,30,111,1-30-2024-111-NM1,21,1,1,5,5,39.9148366584821,10,9
2403193,30,111,1-30-2024-111-NM1,21,1,1,6,6,39.9148366584821,10,9
2403193,30,111,1-30-2024-111-NM1,21,1,2,1,1,39.9148366584821,10,9
2403193,30,111,1-30-2024-111-NM1,21,1,2,2,2,39.9148366584821,10,9
2403193,30,111,1-30-2024-111-NM1,21,1,2,3,3,39.9148366584821,10,9
2403193,30,111,1-30-2024-111-NM1,21,1,2,4,4,39.9148366584821,10,9
2403193,30,111,1-30-2024-111-NM1,21,1,2,5,5,39.9148366584821,10,9
2403193,30,111,1-30-2024-111-NM1,21,1,2,6,6,39.9148366584821,10,9
2403198,33,54,1-33-2024-054-NM1,21,1,1,1,1,55.7364737376608,12,9
2403198,33,54,1-33-2024-054-NM1,21,1,1,2,2,55.7364737376608,12,9
2403198,33,54,1-33-2024-054-NM1,21,1,1,3,3,55.7364737376608,12,9
2403198,33,54,1-33-2024-054-NM1,21,1,1,4,4,55.7364737376608,12,9
2403198,33,54,1-33-2024-054-NM1,21,2,1,1,1,55.7364737376608,12,9
2403198,33,54,1-33-2024-054-NM1,21,2,1,2,2,55.7364737376608,12,9
2403198,33,54,1-33-2024-054-NM1,21,2,2,1,1,55.7364737376608,12,9
2403198,33,54,1-33-2024-054-NM1,21,2,2,2,2,55.7364737376608,12,9
2403213,24,89,1-24-2024-089-NM1,21,1,1,1,1,23.1726143074507,1,9
2403213,24,89,1-24-2024-089-NM1,21,1,1,2,2,23.1726143074507,1,9
2403213,24,89,1-24-2024-089-NM1,21,1,1,3,3,23.1726143074507,1,9
2403213,24,89,1-24-2024-089-NM1,21,1,1,4,4,23.1726143074507,1,9
2400048,60,1,1-60-2024-001-NM2,22,1,1,1,1,157.912873387776,8,9
2400050,69,1,1-69-2024-001-NM1,21,1,1,1,1,7.66811372485411,8,9
2400050,69,1,1-69-2024-001-NM1,21,1,1,2,2,7.66811372485411,8,9
2400052,27,1,1-27-2024-001-NM1,21,2,1,1,1,20.5862279366663,3,9
2400052,27,1,1-27-2024-001-NM1,21,2,1,2,2,20.5862279366663,3,9
2400052,27,1,1-27-2024-001-NM1,21,2,1,4,4,20.5862279366663,3,9
2400052,27,1,1-27-2024-001-NM1,21,2,1,3,3,20.5862279366663,3,9
2400052,27,1,1-27-2024-001-NM1,21,2,1,5,5,20.5862279366663,3,9
2400052,27,1,1-27-2024-001-NM1,21,2,2,1,1,20.5862279366663,3,9
2400052,27,1,1-27-2024-001-NM1,21,2,2,2,2,20.5862279366663,3,9
2400052,27,1,1-27-2024-001-NM1,21,2,2,3,4,20.5862279366663,3,9
2400052,27,1,1-27-2024-001-NM1,21,2,2,4,3,20.5862279366663,3,9
2400052,27,1,1-27-2024-001-NM1,21,2,2,5,5,20.5862279366663,3,9
2400052,27,1,1-27-2024-001-NM1,21,1,1,1,1,20.5862279366663,3,9
2400052,27,1,1-27-2024-001-NM1,21,1,1,2,2,20.5862279366663,3,9
2400052,27,1,1-27-2024-001-NM1,21,1,1,3,3,20.5862279366663,3,9
2400052,27,1,1-27-2024-001-NM1,21,1,2,1,1,20.5862279366663,3,9
2400052,27,1,1-27-2024-001-NM1,21,1,2,2,2,20.5862279366663,3,9
2400052,27,1,1-27-2024-001-NM1,21,1,2,3,3,20.5862279366663,3,9
2400079,59,5,1-59-2024-005-NM2,22,1,1,1,1,326.257763636632,6,9
2400079,59,5,1-59-2024-005-NM2,22,1,1,2,2,326.257763636632,6,9
2400079,59,5,1-59-2024-005-NM2,22,1,2,1,1,326.257763636632,6,9
2400079,59,5,1-59-2024-005-NM2,22,1,2,2,2,326.257763636632,6,9
2400096,30,2,1-30-2024-002-NM1,21,1,1,1,1,33.6409129061174,10,9
2400096,30,2,1-30-2024-002-NM1,21,1,1,2,2,33.6409129061174,10,9
2400096,30,2,1-30-2024-002-NM1,21,1,2,1,1,33.6409129061174,10,9
2400096,30,2,1-30-2024-002-NM1,21,1,2,2,2,33.6409129061174,10,9
2400111,16,3,1-16-2024-003-NM2,22,1,1,1,1,1277.06637139415,5,9
2400111,16,3,1-16-2024-003-NM2,22,1,1,2,2,1277.06637139415,5,9
2400112,28,2,1-28-2024-002-NM2,22,1,1,1,1,55.8454658150129,3,9
2400112,28,2,1-28-2024-002-NM2,22,1,1,2,2,55.8454658150129,3,9
2400112,28,2,1-28-2024-002-NM2,22,1,2,1,1,55.8454658150129,3,9
2400112,28,2,1-28-2024-002-NM2,22,1,2,2,2,55.8454658150129,3,9
2400118,69,3,1-69-2024-003-NM1,21,1,1,1,1,7.66811372485411,8,9
2400118,69,3,1-69-2024-003-NM1,21,1,1,2,2,7.66811372485411,8,9
2400118,69,3,1-69-2024-003-NM1,21,1,1,3,3,7.66811372485411,8,9
2400118,69,3,1-69-2024-003-NM1,21,1,1,4,4,7.66811372485411,8,9
2400118,69,3,1-69-2024-003-NM1,21,1,1,5,5,7.66811372485411,8,9
2400118,69,3,1-69-2024-003-NM1,21,1,2,1,1,7.66811372485411,8,9
2400118,69,3,1-69-2024-003-NM1,21,1,2,2,2,7.66811372485411,8,9
2400118,69,3,1-69-2024-003-NM1,21,1,2,3,3,7.66811372485411,8,9
2400118,69,3,1-69-2024-003-NM1,21,1,2,4,4,7.66811372485411,8,9
2400118,69,3,1-69-2024-003-NM1,21,1,2,5,5,7.66811372485411,8,9
2400248,22,4,1-22-2024-004-NM2,22,1,1,1,1,105.99041920132,12,9
2400248,22,4,1-22-2024-004-NM2,22,1,1,2,2,105.99041920132,12,9
2400447,67,5,1-67-2024-005-NM2,22,1,1,1,1,483.798087598719,7,9
2400447,67,5,1-67-2024-005-NM2,22,1,1,2,2,483.798087598719,7,9
2400448,82,13,1-82-2024-013-NM2,22,1,1,1,1,387.535062825824,1,9
2400448,82,13,1-82-2024-013-NM2,22,1,1,2,2,387.535062825824,1,9
2400448,82,13,1-82-2024-013-NM2,22,1,2,1,1,387.535062825824,1,9
2400448,82,13,1-82-2024-013-NM2,22,1,2,2,2,387.535062825824,1,9
2400470,30,16,1-30-2024-016-NM2,22,1,1,1,1,614.931666902505,10,9
2400470,30,16,1-30-2024-016-NM2,22,1,1,2,2,614.931666902505,10,9
2400488,57,9,1-57-2024-009-NM1,21,1,1,1,1,15.1868109907281,1,9
2400488,57,9,1-57-2024-009-NM1,21,1,1,2,2,15.1868109907281,1,9
2400488,57,9,1-57-2024-009-NM1,21,1,2,1,1,15.1868109907281,1,9
2400488,57,9,1-57-2024-009-NM1,21,1,2,2,2,15.1868109907281,1,9
2400514,15,18,1-15-2024-018-NM2,22,1,1,1,1,48.0070740321826,1,9
2400514,15,18,1-15-2024-018-NM2,22,1,1,2,2,48.0070740321826,1,9
2400518,26,10,1-26-2024-010-NM2,22,1,1,1,1,585.861766834301,10,9
2400518,26,10,1-26-2024-010-NM2,22,1,1,2,2,585.861766834301,10,9
2400518,26,10,1-26-2024-010-NM2,22,1,2,1,1,585.861766834301,10,9
2400518,26,10,1-26-2024-010-NM2,22,1,2,2,2,585.861766834301,10,9
2400574,13,13,1-13-2024-013-NM1,21,1,1,1,1,16.3827604184312,7,9
2400574,13,13,1-13-2024-013-NM1,21,1,1,2,2,16.3827604184312,7,9
2400574,13,13,1-13-2024-013-NM1,21,1,1,3,3,16.3827604184312,7,9
2400574,13,13,1-13-2024-013-NM1,21,1,1,4,4,16.3827604184312,7,9
2400574,13,13,1-13-2024-013-NM1,21,1,1,5,5,16.3827604184312,7,9
2400581,30,18,1-30-2024-018-NM1,21,1,1,1,1,28.3509494483113,10,9
2400581,30,18,1-30-2024-018-NM1,21,1,1,2,2,28.3509494483113,10,9
2400581,30,18,1-30-2024-018-NM1,21,1,1,3,3,28.3509494483113,10,9
2400581,30,18,1-30-2024-018-NM1,21,1,1,4,4,28.3509494483113,10,9
2400611,24,13,1-24-2024-013-NM2,22,1,1,1,1,147.143075961834,1,9
2400611,24,13,1-24-2024-013-NM2,22,1,1,2,2,147.143075961834,1,9
2400611,24,13,1-24-2024-013-NM2,22,1,1,3,3,147.143075961834,1,9
2400611,24,13,1-24-2024-013-NM2,22,1,2,1,1,147.143075961834,1,9
2400611,24,13,1-24-2024-013-NM2,22,1,2,2,2,147.143075961834,1,9
2400611,24,13,1-24-2024-013-NM2,22,1,2,3,3,147.143075961834,1,9
2400618,16,20,1-16-2024-020-NM1,21,1,1,1,1,19.3635256654646,5,9
2400618,16,20,1-16-2024-020-NM1,21,1,1,2,2,19.3635256654646,5,9
2400618,16,20,1-16-2024-020-NM1,21,1,1,3,3,19.3635256654646,5,9
2400618,16,20,1-16-2024-020-NM1,21,1,1,4,4,19.3635256654646,5,9
2400618,16,20,1-16-2024-020-NM1,21,1,1,5,5,19.3635256654646,5,9
2400618,16,20,1-16-2024-020-NM1,21,1,1,6,6,19.3635256654646,5,9
2400618,16,20,1-16-2024-020-NM1,21,1,1,7,7,19.3635256654646,5,9
2400618,16,20,1-16-2024-020-NM1,21,1,2,1,1,19.3635256654646,5,9
2400618,16,20,1-16-2024-020-NM1,21,1,2,2,2,19.3635256654646,5,9
2400618,16,20,1-16-2024-020-NM1,21,1,2,3,3,19.3635256654646,5,9
2400618,16,20,1-16-2024-020-NM1,21,1,2,4,4,19.3635256654646,5,9
2400618,16,20,1-16-2024-020-NM1,21,1,2,5,5,19.3635256654646,5,9
2400618,16,20,1-16-2024-020-NM1,21,1,2,6,6,19.3635256654646,5,9
2400618,16,20,1-16-2024-020-NM1,21,1,2,7,7,19.3635256654646,5,9
2400619,16,21,1-16-2024-021-NM1,21,1,1,1,1,61.8147074429554,5,9
2400619,16,21,1-16-2024-021-NM1,21,1,1,2,2,61.8147074429554,5,9
2400619,16,21,1-16-2024-021-NM1,21,1,1,3,3,61.8147074429554,5,9
2400619,16,21,1-16-2024-021-NM1,21,1,2,1,1,61.8147074429554,5,9
2404955,16,122,1-16-2024-122-NM1,21,1,2,2,2,20.5106500164933,5,9
2404955,16,122,1-16-2024-122-NM1,21,1,2,3,3,20.5106500164933,5,9
2404970,20,120,1-20-2024-120-NM1,21,1,1,1,1,42.5846152120555,11,9
2404970,20,120,1-20-2024-120-NM1,21,1,1,2,2,42.5846152120555,11,9
2405007,30,171,1-30-2024-171-NM2,22,1,1,1,1,699.896518115335,10,9
2405007,30,171,1-30-2024-171-NM2,22,1,1,2,2,699.896518115335,10,9
2405009,30,172,1-30-2024-172-NM2,22,1,1,1,1,699.896518145871,10,9
2405009,30,172,1-30-2024-172-NM2,22,1,1,2,2,699.896518145871,10,9
2405042,18,126,1-18-2024-126-NM2,22,1,1,1,1,352.555780341459,6,9
2405042,18,126,1-18-2024-126-NM2,22,1,1,2,2,352.555780341459,6,9
2405042,18,126,1-18-2024-126-NM2,22,1,2,1,1,352.555780341459,6,9
2405042,18,126,1-18-2024-126-NM2,22,1,2,2,2,352.555780341459,6,9
2405047,33,97,1-33-2024-097-NM1,21,2,1,1,1,55.4261582929793,12,9
2405047,33,97,1-33-2024-097-NM1,21,2,1,2,2,55.4261582929793,12,9
2405047,33,97,1-33-2024-097-NM1,21,2,1,3,3,55.4261582929793,12,9
2405047,33,97,1-33-2024-097-NM1,21,2,1,4,4,55.4261582929793,12,9
2405047,33,97,1-33-2024-097-NM1,21,2,1,5,5,55.4261582929793,12,9
2405047,33,97,1-33-2024-097-NM1,21,2,2,1,1,55.4261582929793,12,9
2405047,33,97,1-33-2024-097-NM1,21,2,2,2,2,55.4261582929793,12,9
2405047,33,97,1-33-2024-097-NM1,21,2,2,3,3,55.4261582929793,12,9
2405047,33,97,1-33-2024-097-NM1,21,2,2,4,4,55.4261582929793,12,9
2405047,33,97,1-33-2024-097-NM1,21,2,2,5,5,55.4261582929793,12,9
2405047,33,97,1-33-2024-097-NM1,21,1,1,1,1,55.4261582929793,12,9
2405047,33,97,1-33-2024-097-NM1,21,1,1,2,2,55.4261582929793,12,9
2405047,33,97,1-33-2024-097-NM1,21,1,1,3,3,55.4261582929793,12,9
2405047,33,97,1-33-2024-097-NM1,21,1,2,1,1,55.4261582929793,12,9
2405047,33,97,1-33-2024-097-NM1,21,1,2,2,2,55.4261582929793,12,9
2405047,33,97,1-33-2024-097-NM1,21,1,2,3,3,55.4261582929793,12,9
2405049,30,174,1-30-2024-174-NM1,21,1,1,1,1,35.2170995864478,10,9
2405049,30,174,1-30-2024-174-NM1,21,1,1,2,2,35.2170995864478,10,9
2405049,30,174,1-30-2024-174-NM1,21,1,1,3,3,35.2170995864478,10,9
2405049,30,174,1-30-2024-174-NM1,21,1,1,4,4,35.2170995864478,10,9
2403218,16,96,1-16-2024-096-NM1,21,1,1,1,1,19.3635256654646,5,9
2403218,16,96,1-16-2024-096-NM1,21,1,1,2,2,19.3635256654646,5,9
2403218,16,96,1-16-2024-096-NM1,21,1,1,3,3,19.3635256654646,5,9
2403275,20,88,1-20-2024-088-NM2,22,1,1,1,1,204.607683671141,11,9
2403275,20,88,1-20-2024-088-NM2,22,1,1,2,2,204.607683671141,11,9
2403275,20,88,1-20-2024-088-NM2,22,1,1,3,3,204.607683671141,11,9
2403275,20,88,1-20-2024-088-NM2,22,1,1,4,4,204.607683671141,11,9
2403275,20,88,1-20-2024-088-NM2,22,1,2,1,1,204.607683671141,11,9
2403275,20,88,1-20-2024-088-NM2,22,1,2,2,2,204.607683671141,11,9
2403275,20,88,1-20-2024-088-NM2,22,1,2,3,3,204.607683671141,11,9
2403275,20,88,1-20-2024-088-NM2,22,1,2,4,4,204.607683671141,11,9
2403305,10,52,1-10-2024-052-NM1,21,1,1,1,1,48.5486424740169,4,9
2403346,24,92,1-24-2024-092-NM1,21,1,1,1,1,23.1726143074507,1,9
2403346,24,92,1-24-2024-092-NM1,21,1,1,2,2,23.1726143074507,1,9
2403346,24,92,1-24-2024-092-NM1,21,1,1,3,3,23.1726143074507,1,9
2403346,24,92,1-24-2024-092-NM1,21,1,2,1,1,23.1726143074507,1,9
2403346,24,92,1-24-2024-092-NM1,21,1,2,2,2,23.1726143074507,1,9
2403346,24,92,1-24-2024-092-NM1,21,1,2,3,3,23.1726143074507,1,9
2403370,32,117,1-32-2024-117-NM1,21,1,1,1,99,24.6793297433215,7,9
2403378,16,98,1-16-2024-098-NM1,21,1,1,1,1,23.4984908001716,5,9
2403378,16,98,1-16-2024-098-NM1,21,1,1,2,2,23.4984908001716,5,9
2403378,16,98,1-16-2024-098-NM1,21,1,1,3,3,23.4984908001716,5,9
2403389,15,132,1-15-2024-132-NM2,22,1,1,1,1,43.1774985201338,1,9
2403389,15,132,1-15-2024-132-NM2,22,1,1,2,2,43.1774985201338,1,9
2403389,15,132,1-15-2024-132-NM2,22,1,2,1,1,43.1774985201338,1,9
2403389,15,132,1-15-2024-132-NM2,22,1,2,2,2,43.1774985201338,1,9
2403403,29,33,1-29-2024-033-NM2,22,1,1,1,1,717.115181555973,2,9
2403403,29,33,1-29-2024-033-NM2,22,1,1,2,2,717.115181555973,2,9
2403403,29,33,1-29-2024-033-NM2,22,1,2,1,1,717.115181555973,2,9
2403403,29,33,1-29-2024-033-NM2,22,1,2,2,2,717.115181555973,2,9
2403413,81,77,1-81-2024-077-NM1,21,1,1,1,1,23.4695700092411,8,9
2403413,81,77,1-81-2024-077-NM1,21,1,1,2,2,23.4695700092411,8,9
2403432,62,93,1-62-2024-093-NM2,22,1,1,1,99,1033.17136515517,7,9
2403440,57,82,1-57-2024-082-NM1,21,1,1,1,1,13.7201676622522,1,9
2403440,57,82,1-57-2024-082-NM1,21,1,1,2,2,13.7201676622522,1,9
2403440,57,82,1-57-2024-082-NM1,21,1,1,3,3,13.7201676622522,1,9
2403440,57,82,1-57-2024-082-NM1,21,1,1,4,4,13.7201676622522,1,9
2403440,57,82,1-57-2024-082-NM1,21,1,2,1,1,13.7201676622522,1,9
2403440,57,82,1-57-2024-082-NM1,21,1,2,2,2,13.7201676622522,1,9
2403440,57,82,1-57-2024-082-NM1,21,1,2,3,3,13.7201676622522,1,9
2403440,57,82,1-57-2024-082-NM1,21,1,2,4,4,13.7201676622522,1,9
2403500,32,122,1-32-2024-122-NM1,21,1,1,1,1,14.4199310356771,7,9
2403500,32,122,1-32-2024-122-NM1,21,1,1,2,2,14.4199310356771,7,9
2403500,32,122,1-32-2024-122-NM1,21,1,2,1,1,14.4199310356771,7,9
2403500,32,122,1-32-2024-122-NM1,21,1,2,2,2,14.4199310356771,7,9
2403509,82,89,1-82-2024-089-NM2,22,1,1,1,1,184.00474438731,1,9
2403509,82,89,1-82-2024-089-NM2,22,1,1,2,2,184.00474438731,1,9
2403509,82,89,1-82-2024-089-NM2,22,1,2,1,1,184.00474438731,1,9
2403509,82,89,1-82-2024-089-NM2,22,1,2,2,2,184.00474438731,1,9
2403524,21,72,1-21-2024-072-NM1,21,1,1,1,1,9.710167648307,11,9
2403524,21,72,1-21-2024-072-NM1,21,1,1,2,2,9.710167648307,11,9
2403524,21,72,1-21-2024-072-NM1,21,1,2,1,1,9.710167648307,11,9
2403524,21,72,1-21-2024-072-NM1,21,1,2,2,2,9.710167648307,11,9
2403524,21,72,1-21-2024-072-NM1,21,2,1,1,1,9.710167648307,11,9
2403524,21,72,1-21-2024-072-NM1,21,2,1,2,2,9.710167648307,11,9
2403524,21,72,1-21-2024-072-NM1,21,2,2,1,1,9.710167648307,11,9
2403524,21,72,1-21-2024-072-NM1,21,2,2,2,2,9.710167648307,11,9
2403550,77,119,1-77-2024-119-NM1,21,1,1,1,1,113.21347390618,9,9
2403550,77,119,1-77-2024-119-NM1,21,1,1,2,2,113.21347390618,9,9
2403550,77,119,1-77-2024-119-NM1,21,1,2,1,1,113.21347390618,9,9
2403550,77,119,1-77-2024-119-NM1,21,1,2,2,2,113.21347390618,9,9
2403576,30,126,1-30-2024-126-NM2,22,1,1,1,1,516.81832296578,10,9
2403576,30,126,1-30-2024-126-NM2,22,1,1,2,2,516.81832296578,10,9
2403576,30,126,1-30-2024-126-NM2,22,1,2,1,1,516.81832296578,10,9
2403576,30,126,1-30-2024-126-NM2,22,1,2,2,2,516.81832296578,10,9
2403616,32,123,1-32-2024-123-NM1,21,1,1,1,1,73.4062485290255,7,9
2403616,32,123,1-32-2024-123-NM1,21,1,1,2,2,73.4062485290255,7,9
2403616,32,123,1-32-2024-123-NM1,21,1,1,3,3,73.4062485290255,7,9
2403616,32,123,1-32-2024-123-NM1,21,1,1,4,4,73.4062485290255,7,9
2403616,32,123,1-32-2024-123-NM1,21,1,1,5,5,73.4062485290255,7,9
2403616,32,123,1-32-2024-123-NM1,21,1,2,1,1,73.4062485290255,7,9
2403616,32,123,1-32-2024-123-NM1,21,1,2,2,2,73.4062485290255,7,9
2403616,32,123,1-32-2024-123-NM1,21,1,2,3,3,73.4062485290255,7,9
2403616,32,123,1-32-2024-123-NM1,21,1,2,4,4,73.4062485290255,7,9
2403616,32,123,1-32-2024-123-NM1,21,1,2,5,5,73.4062485290255,7,9
2403627,26,102,1-26-2024-102-NM2,22,1,1,1,1,471.653968173224,10,9
2403627,26,102,1-26-2024-102-NM2,22,1,1,2,2,471.653968173224,10,9
2403628,26,103,1-26-2024-103-NM2,22,1,1,1,1,471.653968173224,10,9
2403628,26,103,1-26-2024-103-NM2,22,1,1,2,2,471.653968173224,10,9
2403628,26,103,1-26-2024-103-NM2,22,1,1,3,3,471.653968173224,10,9
2405049,30,174,1-30-2024-174-NM1,21,1,2,1,1,35.2170995864478,10,9
2405049,30,174,1-30-2024-174-NM1,21,1,2,2,2,35.2170995864478,10,9
2405049,30,174,1-30-2024-174-NM1,21,1,2,3,3,35.2170995864478,10,9
2405049,30,174,1-30-2024-174-NM1,21,1,2,4,4,35.2170995864478,10,9
2405069,11,151,1-11-2024-151-NM1,21,1,1,1,1,37.1071357763572,8,9
2405069,11,151,1-11-2024-151-NM1,21,1,1,2,2,37.1071357763572,8,9
2405074,16,123,1-16-2024-123-NM1,21,1,1,1,1,43.3211199928482,5,9
2405074,16,123,1-16-2024-123-NM1,21,1,1,2,2,43.3211199928482,5,9
2405096,32,144,1-32-2024-144-NM1,21,1,1,1,1,65.0700959465246,7,9
2405096,32,144,1-32-2024-144-NM1,21,1,1,2,2,65.0700959465246,7,9
2405096,32,144,1-32-2024-144-NM1,21,1,1,3,3,65.0700959465246,7,9
2405096,32,144,1-32-2024-144-NM1,21,1,1,4,4,65.0700959465246,7,9
2405096,32,144,1-32-2024-144-NM1,21,1,1,5,5,65.0700959465246,7,9
2405096,32,144,1-32-2024-144-NM1,21,1,2,1,1,65.0700959465246,7,9
2405096,32,144,1-32-2024-144-NM1,21,1,2,2,2,65.0700959465246,7,9
2405096,32,144,1-32-2024-144-NM1,21,1,2,3,3,65.0700959465246,7,9
2405096,32,144,1-32-2024-144-NM1,21,1,2,4,4,65.0700959465246,7,9
2405096,32,144,1-32-2024-144-NM1,21,1,2,5,5,65.0700959465246,7,9
2405105,27,160,1-27-2024-160-NM2,22,1,1,1,1,35.0197990149152,3,9
2405105,27,160,1-27-2024-160-NM2,22,1,1,2,2,35.0197990149152,3,9
2405105,27,160,1-27-2024-160-NM2,22,1,2,1,1,35.0197990149152,3,9
2405105,27,160,1-27-2024-160-NM2,22,1,2,2,2,35.0197990149152,3,9
2405106,27,161,1-27-2024-161-NM2,22,1,1,1,1,35.0197990231484,3,9
2405106,27,161,1-27-2024-161-NM2,22,1,1,2,2,35.0197990231484,3,9
2405111,15,197,1-15-2024-197-NM2,22,1,1,1,1,69.3276767334112,1,9
2405111,15,197,1-15-2024-197-NM2,22,1,1,2,2,69.3276767334112,1,9
2405111,15,197,1-15-2024-197-NM2,22,1,2,1,1,69.3276767334112,1,9
2405111,15,197,1-15-2024-197-NM2,22,1,2,2,2,69.3276767334112,1,9
2405120,22,154,1-22-2024-154-NM2,22,1,1,1,1,64.1408737687855,12,9
2405120,22,154,1-22-2024-154-NM2,22,1,1,2,2,64.1408737687855,12,9
2405120,22,154,1-22-2024-154-NM2,22,1,2,1,1,64.1408737687855,12,9
2405120,22,154,1-22-2024-154-NM2,22,1,2,2,2,64.1408737687855,12,9
2405121,22,155,1-22-2024-155-NM2,22,1,1,1,1,64.1408737687855,12,9
2405121,22,155,1-22-2024-155-NM2,22,1,1,2,2,64.1408737687855,12,9
2405121,22,155,1-22-2024-155-NM2,22,1,2,1,1,64.1408737687855,12,9
2405121,22,155,1-22-2024-155-NM2,22,1,2,2,2,64.1408737687855,12,9
2405134,81,130,1-81-2024-130-NM1,21,1,1,1,2,32.358742659987,8,9
2405134,81,130,1-81-2024-130-NM1,21,1,1,2,3,32.358742659987,8,9
2405134,81,130,1-81-2024-130-NM1,21,1,1,3,1,32.358742659987,8,9
2405156,10,100,1-10-2024-100-NM1,21,1,1,1,1,31.3806248143146,4,9
2405156,10,100,1-10-2024-100-NM1,21,1,1,2,2,31.3806248143146,4,9
2405156,10,100,1-10-2024-100-NM1,21,1,1,3,3,31.3806248143146,4,9
2405167,57,157,1-57-2024-157-NM1,21,1,1,1,1,19.2604769426058,1,9
2405167,57,157,1-57-2024-157-NM1,21,1,1,2,2,19.2604769426058,1,9
2405167,57,157,1-57-2024-157-NM1,21,1,1,3,3,19.2604769426058,1,9
2405167,57,157,1-57-2024-157-NM1,21,1,1,4,4,19.2604769426058,1,9
2405218,28,164,1-28-2024-164-NM2,22,1,1,1,1,142.962485684357,3,9
2405228,82,149,1-82-2024-149-NM2,22,1,1,1,1,530.041651146454,1,9
2405228,82,149,1-82-2024-149-NM2,22,1,2,1,1,530.041651146454,1,9
2405234,26,120,1-26-2024-120-NM2,22,1,1,1,1,2513.96756463306,10,9
2405234,26,120,1-26-2024-120-NM2,22,1,1,2,2,2513.96756463306,10,9
2405238,22,161,1-22-2024-161-NM2,22,1,1,1,1,45.2877985053891,12,9
2405238,22,161,1-22-2024-161-NM2,22,1,1,2,2,45.2877985053891,12,9
2405238,22,161,1-22-2024-161-NM2,22,1,1,3,3,45.2877985053891,12,9
2405238,22,161,1-22-2024-161-NM2,22,1,2,1,1,45.2877985053891,12,9
2405238,22,161,1-22-2024-161-NM2,22,1,2,2,2,45.2877985053891,12,9
2405238,22,161,1-22-2024-161-NM2,22,1,2,3,3,45.2877985053891,12,9
2405242,17,171,1-17-2024-171-NM2,22,1,1,1,1,85.8489914277837,4,9
2405242,17,171,1-17-2024-171-NM2,22,1,1,2,2,85.8489914277837,4,9
2405242,17,171,1-17-2024-171-NM2,22,1,2,1,1,85.8489914277837,4,9
2405242,17,171,1-17-2024-171-NM2,22,1,2,2,2,85.8489914277837,4,9
2405263,81,135,1-81-2024-135-NM1,21,1,1,1,1,20.6268312285561,8,9
2405263,81,135,1-81-2024-135-NM1,21,1,1,2,2,20.6268312285561,8,9
2405263,81,135,1-81-2024-135-NM1,21,1,1,3,4,20.6268312285561,8,9
2405263,81,135,1-81-2024-135-NM1,21,1,1,4,3,20.6268312285561,8,9
2405263,81,135,1-81-2024-135-NM1,21,1,2,1,1,20.6268312285561,8,9
2405263,81,135,1-81-2024-135-NM1,21,1,2,2,2,20.6268312285561,8,9
2405263,81,135,1-81-2024-135-NM1,21,1,2,3,4,20.6268312285561,8,9
2405263,81,135,1-81-2024-135-NM1,21,1,2,4,3,20.6268312285561,8,9
2405266,59,155,1-59-2024-155-NM2,22,1,1,1,1,265.224171982023,6,9
2405266,59,155,1-59-2024-155-NM2,22,1,1,2,2,265.224171982023,6,9
2405276,77,169,1-77-2024-169-NM1,21,1,1,1,1,113.21347390618,9,9
2405276,77,169,1-77-2024-169-NM1,21,1,1,2,2,113.21347390618,9,9
2405276,77,169,1-77-2024-169-NM1,21,1,2,1,1,113.21347390618,9,9
2405276,77,169,1-77-2024-169-NM1,21,1,2,2,2,113.21347390618,9,9
2405276,77,169,1-77-2024-169-NM1,21,3,1,1,1,113.21347390618,9,9
2405276,77,169,1-77-2024-169-NM1,21,3,2,1,1,113.21347390618,9,9
2405276,77,169,1-77-2024-169-NM1,21,4,1,1,1,113.21347390618,9,9
2405276,77,169,1-77-2024-169-NM1,21,4,1,2,2,113.21347390618,9,9
2405276,77,169,1-77-2024-169-NM1,21,4,1,3,3,113.21347390618,9,9
2405276,77,169,1-77-2024-169-NM1,21,4,1,4,4,113.21347390618,9,9
2405276,77,169,1-77-2024-169-NM1,21,4,2,1,1,113.21347390618,9,9
2405276,77,169,1-77-2024-169-NM1,21,4,2,2,2,113.21347390618,9,9
2405276,77,169,1-77-2024-169-NM1,21,4,2,3,3,113.21347390618,9,9
2405276,77,169,1-77-2024-169-NM1,21,4,2,4,4,113.21347390618,9,9
2405276,77,169,1-77-2024-169-NM1,21,2,1,1,1,113.21347390618,9,9
2405276,77,169,1-77-2024-169-NM1,21,2,1,2,2,113.21347390618,9,9
2405276,77,169,1-77-2024-169-NM1,21,2,2,1,1,113.21347390618,9,9
2405276,77,169,1-77-2024-169-NM1,21,2,2,2,2,113.21347390618,9,9
2405303,30,179,1-30-2024-179-NM2,22,1,1,1,1,503.501583789456,10,9
2405303,30,179,1-30-2024-179-NM2,22,1,1,2,2,503.501583789456,10,9
2405316,24,148,1-24-2024-148-NM1,21,1,1,1,1,23.1726143074507,1,9
2405316,24,148,1-24-2024-148-NM1,21,1,1,2,2,23.1726143074507,1,9
2405338,27,166,1-27-2024-166-NM1,21,1,1,2,2,21.5359551258335,3,9
2405338,27,166,1-27-2024-166-NM1,21,1,1,3,3,21.5359551258335,3,9
2405338,27,166,1-27-2024-166-NM1,21,1,1,4,4,21.5359551258335,3,9
2406259,30,213,1-30-2024-213-NM1,21,1,2,1,1,70.0679338170937,10,9
2406259,30,213,1-30-2024-213-NM1,21,1,2,2,2,70.0679338170937,10,9
2406259,30,213,1-30-2024-213-NM1,21,1,2,3,3,70.0679338170937,10,9
2406281,52,63,1-52-2024-063-NM2,22,1,1,1,1,99.7929570162416,12,9
2406292,22,191,1-22-2024-191-NM2,22,1,1,1,1,24.4305122731702,12,9
2406292,22,191,1-22-2024-191-NM2,22,1,1,2,2,24.4305122731702,12,9
2406292,22,191,1-22-2024-191-NM2,22,1,1,3,3,24.4305122731702,12,9
2406292,22,191,1-22-2024-191-NM2,22,1,2,1,1,24.4305122731702,12,9
2406292,22,191,1-22-2024-191-NM2,22,1,2,2,2,24.4305122731702,12,9
2406292,22,191,1-22-2024-191-NM2,22,1,2,3,3,24.4305122731702,12,9
2406323,14,132,1-14-2024-132-NM2,22,1,1,1,1,464.271661627575,8,9
2406323,14,132,1-14-2024-132-NM2,22,1,1,2,2,464.271661627575,8,9
2406323,14,132,1-14-2024-132-NM2,22,1,2,1,1,464.271661627575,8,9
2406323,14,132,1-14-2024-132-NM2,22,1,2,2,2,464.271661627575,8,9
2406343,11,191,1-11-2024-191-NM1,21,1,1,1,1,37.1071357763572,8,9
2406343,11,191,1-11-2024-191-NM1,21,1,1,2,2,37.1071357763572,8,9
2406343,11,191,1-11-2024-191-NM1,21,1,1,3,3,37.1071357763572,8,9
2406343,11,191,1-11-2024-191-NM1,21,1,1,4,4,37.1071357763572,8,9
2406343,11,191,1-11-2024-191-NM1,21,1,2,1,1,37.1071357763572,8,9
2406343,11,191,1-11-2024-191-NM1,21,1,2,2,2,37.1071357763572,8,9
2406343,11,191,1-11-2024-191-NM1,21,1,2,3,3,37.1071357763572,8,9
2406343,11,191,1-11-2024-191-NM1,21,1,2,4,4,37.1071357763572,8,9
2406347,32,163,1-32-2024-163-NM1,21,1,1,1,1,47.5537279263516,7,9
2406347,32,163,1-32-2024-163-NM1,21,1,1,2,2,47.5537279263516,7,9
2406347,32,163,1-32-2024-163-NM1,21,1,2,1,1,47.5537279263516,7,9
2406347,32,163,1-32-2024-163-NM1,21,1,2,2,2,47.5537279263516,7,9
2406352,26,138,1-26-2024-138-NM1,21,1,1,1,1,89.692806404866,10,9
2406352,26,138,1-26-2024-138-NM1,21,1,1,2,2,89.692806404866,10,9
2406352,26,138,1-26-2024-138-NM1,21,1,1,3,3,89.692806404866,10,9
2406352,26,138,1-26-2024-138-NM1,21,1,1,4,4,89.692806404866,10,9
2406352,26,138,1-26-2024-138-NM1,21,1,2,1,1,89.692806404866,10,9
2406352,26,138,1-26-2024-138-NM1,21,1,2,2,2,89.692806404866,10,9
2406352,26,138,1-26-2024-138-NM1,21,1,2,3,3,89.692806404866,10,9
2406352,26,138,1-26-2024-138-NM1,21,1,2,4,4,89.692806404866,10,9
2406368,20,150,1-20-2024-150-NM2,22,1,1,1,99,450.978616278898,11,9
2406373,10,131,1-10-2024-131-NM2,22,1,1,1,99,47.9403529530355,4,9
2406376,20,151,1-20-2024-151-NM2,22,1,1,1,1,1093.0659222961,11,9
2406376,20,151,1-20-2024-151-NM2,22,1,1,2,2,1093.0659222961,11,9
2406376,20,151,1-20-2024-151-NM2,22,1,1,3,3,1093.0659222961,11,9
2406376,20,151,1-20-2024-151-NM2,22,1,1,4,4,1093.0659222961,11,9
2406376,20,151,1-20-2024-151-NM2,22,1,2,1,1,1093.0659222961,11,9
2406376,20,151,1-20-2024-151-NM2,22,1,2,2,2,1093.0659222961,11,9
2406376,20,151,1-20-2024-151-NM2,22,1,2,3,3,1093.0659222961,11,9
2406376,20,151,1-20-2024-151-NM2,22,1,2,4,4,1093.0659222961,11,9
2406389,29,113,1-29-2024-113-NM1,21,1,1,1,1,107.444469820023,2,9
2406389,29,113,1-29-2024-113-NM1,21,1,1,2,2,107.444469820023,2,9
2406389,29,113,1-29-2024-113-NM1,21,1,1,3,3,107.444469820023,2,9
2406389,29,113,1-29-2024-113-NM1,21,1,1,4,4,107.444469820023,2,9
2406389,29,113,1-29-2024-113-NM1,21,1,2,1,1,107.444469820023,2,9
2406389,29,113,1-29-2024-113-NM1,21,1,2,2,2,107.444469820023,2,9
2406389,29,113,1-29-2024-113-NM1,21,1,2,3,3,107.444469820023,2,9
2406389,29,113,1-29-2024-113-NM1,21,1,2,4,4,107.444469820023,2,9
2406391,22,194,1-22-2024-194-NM1,21,1,1,1,1,23.3960835753343,12,9
2406391,22,194,1-22-2024-194-NM1,21,1,1,2,2,23.3960835753343,12,9
2406391,22,194,1-22-2024-194-NM1,21,1,1,3,3,23.3960835753343,12,9
2406391,22,194,1-22-2024-194-NM1,21,1,1,4,4,23.3960835753343,12,9
2406391,22,194,1-22-2024-194-NM1,21,1,2,1,1,23.3960835753343,12,9
2406391,22,194,1-22-2024-194-NM1,21,1,2,2,2,23.3960835753343,12,9
2406391,22,194,1-22-2024-194-NM1,21,1,2,3,3,23.3960835753343,12,9
2406391,22,194,1-22-2024-194-NM1,21,1,2,4,4,23.3960835753343,12,9
2406391,22,194,1-22-2024-194-NM1,21,2,1,1,1,23.3960835753343,12,9
2406391,22,194,1-22-2024-194-NM1,21,2,1,2,2,23.3960835753343,12,9
2406391,22,194,1-22-2024-194-NM1,21,2,1,3,3,23.3960835753343,12,9
2406391,22,194,1-22-2024-194-NM1,21,2,2,1,1,23.3960835753343,12,9
2406391,22,194,1-22-2024-194-NM1,21,2,2,2,2,23.3960835753343,12,9
2406391,22,194,1-22-2024-194-NM1,21,2,2,3,3,23.3960835753343,12,9
