CASEID,PSU,CASENO,CASENUMBER,CATEGORY,VEHNO,CONTACT,CONTACTAREA,CONTCOMP,NMNO,LONGLOC,LATLOC,CRUSH,BOTTOMOUT,BODYREGION,EVIDENCE,CONFIDENCE,CASEWGT,PSUSTRAT,VERSION
2400729,32,21,1-32-2024-021-NM1,21,1,A,1,700,1,999,999,999,0,851,3,3,10.924164677076,7,9
2400729,32,21,1-32-2024-021-NM1,21,1,B,5,770,1,120,30,23,0,811,1,1,10.924164677076,7,9
2400677,11,17,1-11-2024-017-NM1,21,1,A,1,701,1,40,-43,999,0,842,2,3,37.1071357763572,8,9
2400677,11,17,1-11-2024-017-NM1,21,1,B,5,770,1,90,-46,999,0,812,1,3,37.1071357763572,8,9
2400677,11,17,1-11-2024-017-NM1,21,1,C,5,770,1,140,-45,999,0,813,1,3,37.1071357763572,8,9
2400677,11,17,1-11-2024-017-NM1,21,1,D,5,770,1,170,-58,999,0,732,1,3,37.1071357763572,8,9
2400677,11,17,1-11-2024-017-NM1,21,1,J,2,732,1,210,-94,999,0,732,5,3,37.1071357763572,8,9
2400677,11,17,1-11-2024-017-NM1,21,1,E,6,775,1,235,-54,999,0,401,5,3,37.1071357763572,8,9
2400677,11,17,1-11-2024-017-NM1,21,1,F,6,785,1,274,-45,999,0,401,5,3,37.1071357763572,8,9
2400677,11,17,1-11-2024-017-NM1,21,1,G,6,776,1,274,-45,999,0,401,5,3,37.1071357763572,8,9
2400677,11,17,1-11-2024-017-NM1,21,1,H,6,777,1,274,-24,999,0,401,5,3,37.1071357763572,8,9
2400677,11,17,1-11-2024-017-NM1,21,1,I,6,785,1,275,14,999,0,101,2,3,37.1071357763572,8,9
2400618,16,20,1-16-2024-020-NM1,21,2,A,1,703,1,82,-65,999,0,831,1,2,19.3635256654646,5,9
2400618,16,20,1-16-2024-020-NM1,21,2,B,5,770,1,127,-72,999,0,819,1,2,19.3635256654646,5,9
2400618,16,20,1-16-2024-020-NM1,21,2,C,6,775,1,205,-56,999,0,601,12,1,19.3635256654646,5,9
2400112,28,2,1-28-2024-002-NM2,22,1,A,1,703,1,999,999,999,0,401,1,1,55.8454658150129,3,9
2400112,28,2,1-28-2024-002-NM2,22,1,B,1,702,1,999,999,999,0,741,1,2,55.8454658150129,3,9
2400693,77,22,1-77-2024-022-NM2,22,1,A,5,770,1,150,64,0,0,711,3,3,426.24158292944,9,9
2400693,77,22,1-77-2024-022-NM2,22,1,B,1,706,1,100,66,0,0,811,2,2,426.24158292944,9,9
2400693,77,22,1-77-2024-022-NM2,22,1,C,1,703,1,93,-3,0,0,741,3,2,426.24158292944,9,9
2400693,77,22,1-77-2024-022-NM2,22,1,D,1,702,1,82,-6,0,0,761,2,2,426.24158292944,9,9
2400693,77,22,1-77-2024-022-NM2,22,1,E,1,702,1,80,-36,0,0,851,4,1,426.24158292944,9,9
2400693,77,22,1-77-2024-022-NM2,22,1,F,1,700,1,72,-59,0,0,851,4,1,426.24158292944,9,9
2400832,77,29,1-77-2024-029-NM1,21,1,A,1,718,1,50,12,2,0,842,1,1,113.21347390618,9,9
2400832,77,29,1-77-2024-029-NM1,21,1,B,1,700,1,70,22,3,0,832,1,1,113.21347390618,9,9
2400832,77,29,1-77-2024-029-NM1,21,1,C,1,702,1,102,5,8,0,512,2,1,113.21347390618,9,9
2400832,77,29,1-77-2024-029-NM1,21,1,D,1,703,1,133,17,8,0,712,1,1,113.21347390618,9,9
2400832,77,29,1-77-2024-029-NM1,21,1,E,5,770,1,150,18,3,0,101,1,1,113.21347390618,9,9
2401042,52,13,1-52-2024-013-NM1,21,1,A,1,706,1,76,72,3,8,831,2,1,20.9023614233441,12,9
2401042,52,13,1-52-2024-013-NM1,21,1,B,5,772,1,110,84,888,8,859,9,1,20.9023614233441,12,9
2401042,52,13,1-52-2024-013-NM1,21,1,C,6,775,1,235,43,7,8,101,96,2,20.9023614233441,12,9
2401042,52,13,1-52-2024-013-NM1,21,1,D,6,784,1,216,70,888,8,729,3,1,20.9023614233441,12,9
2401042,52,13,1-52-2024-013-NM1,21,1,E,3,753,1,216,83,888,8,519,3,1,20.9023614233441,12,9
2400730,32,22,1-32-2024-022-NM1,21,1,A,1,719,1,999,999,999,0,999,98,2,10.9241646727683,7,9
2400730,32,22,1-32-2024-022-NM1,21,1,B,5,770,1,999,999,999,0,512,1,2,10.9241646727683,7,9
2400052,27,1,1-27-2024-001-NM1,21,1,P,10,61,2,888,888,888,8,999,98,1,20.5862279366663,3,9
2400923,21,22,1-21-2024-022-NM1,21,1,A,1,700,1,28,-4,6,0,851,1,1,12.4076963253184,11,9
2400923,21,22,1-21-2024-022-NM1,21,1,B,6,775,1,230,112,10,0,731,5,1,12.4076963253184,11,9
2400923,21,22,1-21-2024-022-NM1,21,1,C,6,775,1,220,-2,999,0,101,96,1,12.4076963253184,11,9
2400923,21,22,1-21-2024-022-NM1,21,1,D,2,732,1,200,-76,24,8,859,98,2,12.4076963253184,11,9
2401788,69,33,1-69-2024-033-NM1,21,1,F,5,774,1,197,60,888,8,101,2,1,7.66811372485411,8,9
2401788,69,33,1-69-2024-033-NM1,21,1,G,6,775,1,203,63,3,8,101,12,1,7.66811372485411,8,9
2401788,69,33,1-69-2024-033-NM1,21,1,I,10,61,1,888,888,888,8,999,98,1,7.66811372485411,8,9
2401788,69,33,1-69-2024-033-NM1,21,1,H,3,740,1,888,888,5,8,999,5,2,7.66811372485411,8,9
2405444,17,180,1-17-2024-180-NM2,22,1,A,10,61,1,888,888,888,8,999,98,3,245.767819800364,4,9
2405049,30,174,1-30-2024-174-NM1,21,1,A,1,700,1,999,999,999,0,852,2,2,35.2170995864478,10,9
2405049,30,174,1-30-2024-174-NM1,21,1,B,5,770,1,999,999,999,0,812,5,2,35.2170995864478,10,9
2405049,30,174,1-30-2024-174-NM1,21,1,C,6,775,1,999,999,999,0,101,2,2,35.2170995864478,10,9
2401773,33,29,1-33-2024-029-NM2,22,1,D,10,61,1,888,888,888,8,999,98,2,84.6784527844662,12,9
2404943,24,137,1-24-2024-137-NM2,22,1,A,1,718,1,999,999,999,0,999,3,1,103.775968566411,1,9
2401036,32,34,1-32-2024-034-NM1,21,1,A,10,61,1,888,888,888,8,999,98,2,15.678814367208,7,9
2405009,30,172,1-30-2024-172-NM2,22,1,A,10,61,1,888,888,888,0,999,98,1,699.896518145871,10,9
2401902,73,58,1-73-2024-058-NM1,21,1,A,6,776,1,999,999,999,9,101,3,3,34.5788324725448,3,9
2405106,27,161,1-27-2024-161-NM2,22,1,A,2,730,1,999,999,999,9,512,9,1,35.0197990231484,3,9
2401980,26,53,1-26-2024-053-NM2,22,1,A,10,61,1,888,888,888,8,999,98,2,326.204869245419,10,9
2404163,25,113,1-25-2024-113-NM2,22,1,B,10,61,1,888,888,888,8,711,98,1,217.706177804094,2,9
2402090,16,59,1-16-2024-059-NM1,21,1,I,10,61,1,888,888,888,8,999,98,2,19.3635256654646,5,9
2404970,20,120,1-20-2024-120-NM1,21,1,C,1,703,1,138,-12,0,8,999,96,3,42.5846152120555,11,9
2404160,25,110,1-25-2024-110-NM2,22,1,D,10,61,1,888,888,888,8,999,98,1,217.706177804094,2,9
2402090,16,59,1-16-2024-059-NM1,21,2,G,1,701,1,18,-5,999,9,719,2,1,19.3635256654646,5,9
2402090,16,59,1-16-2024-059-NM1,21,2,H,10,61,1,888,888,888,8,999,96,2,19.3635256654646,5,9
2404235,26,108,1-26-2024-108-NM1,21,1,A,2,720,1,187,-90,5,0,999,5,2,41.696402482386,10,9
2404235,26,108,1-26-2024-108-NM1,21,1,C,5,770,1,186,-33,0,0,999,3,2,41.696402482386,10,9
2404235,26,108,1-26-2024-108-NM1,21,1,D,6,775,1,250,39,0,0,101,12,2,41.696402482386,10,9
2404235,26,108,1-26-2024-108-NM1,21,1,E,6,775,1,252,44,0,0,999,12,2,41.696402482386,10,9
2404235,26,108,1-26-2024-108-NM1,21,1,F,10,61,1,888,888,888,8,999,98,1,41.696402482386,10,9
2405604,29,93,1-29-2024-093-NM1,21,1,D,6,775,1,235,-28,999,1,996,2,2,118.587450301321,2,9
2404235,26,108,1-26-2024-108-NM1,21,1,B,5,770,1,191,66,0,0,999,96,2,41.696402482386,10,9
2405594,27,174,1-27-2024-174-NM2,22,1,A,1,700,1,64,0,1,0,831,1,1,41.6395308351094,3,9
2405106,27,161,1-27-2024-161-NM2,22,1,B,10,61,1,888,888,888,8,999,98,1,35.0197990231484,3,9
2404100,20,107,1-20-2024-107-NM1,21,2,A,10,61,1,888,888,888,8,814,98,1,44.2957867500321,11,9
2404140,15,164,1-15-2024-164-NM2,22,1,A,10,61,1,888,888,888,8,999,98,1,26.3765495179532,1,9
2404064,73,113,1-73-2024-113-NM2,22,1,A,10,61,1,888,888,888,8,999,98,1,537.853972469241,3,9
2405394,10,107,1-10-2024-107-NM1,21,1,A,1,701,1,37,24,2,0,851,2,1,36.1764362071444,4,9
2405394,10,107,1-10-2024-107-NM1,21,1,B,1,701,1,49,34,888,0,851,2,1,36.1764362071444,4,9
2405394,10,107,1-10-2024-107-NM1,21,1,C,1,706,1,77,62,888,0,831,2,1,36.1764362071444,4,9
2405394,10,107,1-10-2024-107-NM1,21,1,D,5,770,1,130,44,4,1,511,5,1,36.1764362071444,4,9
2400079,59,5,1-59-2024-005-NM2,22,1,A,1,700,1,34,13,888,0,871,9,1,326.257763636632,6,9
2400630,69,11,1-69-2024-011-NM1,21,1,A,1,703,1,68,27,4,0,821,5,3,7.66811372485411,8,9
2400630,69,11,1-69-2024-011-NM1,21,1,B,6,775,1,210,38,3,0,601,12,3,7.66811372485411,8,9
2400630,69,11,1-69-2024-011-NM1,21,1,C,6,776,1,283,41,3,0,711,5,1,7.66811372485411,8,9
2400581,30,18,1-30-2024-018-NM1,21,1,A,1,702,1,50,-37,1,0,852,2,1,28.3509494483113,10,9
2400581,30,18,1-30-2024-018-NM1,21,1,B,1,700,1,73,-32,2,0,842,2,1,28.3509494483113,10,9
2400581,30,18,1-30-2024-018-NM1,21,1,C,1,703,1,93,-22,5,1,812,2,1,28.3509494483113,10,9
2400581,30,18,1-30-2024-018-NM1,21,1,D,5,770,1,135,-22,12,1,812,1,1,28.3509494483113,10,9
2400581,30,18,1-30-2024-018-NM1,21,1,E,6,775,1,235,-8,15,0,101,96,1,28.3509494483113,10,9
2400581,30,18,1-30-2024-018-NM1,21,1,F,6,776,1,272,-10,1,0,749,1,1,28.3509494483113,10,9
2400581,30,18,1-30-2024-018-NM1,21,1,G,6,776,1,272,13,1,0,749,1,1,28.3509494483113,10,9
2400684,59,25,1-59-2024-025-NM2,22,1,A,10,61,1,888,888,888,8,999,98,1,264.2527724963,6,9
2401206,31,25,1-31-2024-025-NM2,22,1,A,1,700,1,78,59,1,0,811,9,2,197.377933176122,6,9
2401206,31,25,1-31-2024-025-NM2,22,1,B,1,700,1,57,66,0,0,731,2,2,197.377933176122,6,9
2400248,22,4,1-22-2024-004-NM2,22,1,B,10,61,1,888,888,888,8,842,98,1,105.99041920132,12,9
2401146,20,28,1-20-2024-028-NM1,21,1,A,1,702,2,75,50,1,0,811,2,3,43.971490849978,11,9
2401146,20,28,1-20-2024-028-NM1,21,1,B,1,701,2,20,23,0,0,861,3,3,43.971490849978,11,9
2401146,20,28,1-20-2024-028-NM1,21,1,C,1,701,1,24,54,0,0,851,2,3,43.971490849978,11,9
2401146,20,28,1-20-2024-028-NM1,21,1,D,1,700,1,45,58,0,0,841,2,3,43.971490849978,11,9
2401146,20,28,1-20-2024-028-NM1,21,1,E,1,708,1,37,73,0,0,811,2,3,43.971490849978,11,9
2401146,20,28,1-20-2024-028-NM1,21,1,F,1,700,1,43,118,0,0,999,3,3,43.971490849978,11,9
2401146,20,28,1-20-2024-028-NM1,21,1,G,3,740,1,77,98,1,0,999,9,3,43.971490849978,11,9
2401146,20,28,1-20-2024-028-NM1,21,1,H,3,758,1,217,154,0,0,999,2,2,43.971490849978,11,9
2401146,20,28,1-20-2024-028-NM1,21,1,I,2,733,2,225,-100,888,0,999,3,3,43.971490849978,11,9
2400678,11,18,1-11-2024-018-NM1,21,1,A,1,700,1,77,-64,0,0,852,3,2,37.1071357763572,8,9
2400678,11,18,1-11-2024-018-NM1,21,1,B,1,700,1,87,-87,0,0,851,3,2,37.1071357763572,8,9
2400678,11,18,1-11-2024-018-NM1,21,1,C,1,706,1,119,-78,3,0,812,2,2,37.1071357763572,8,9
2400678,11,18,1-11-2024-018-NM1,21,1,D,5,772,1,147,-77,3,0,812,5,2,37.1071357763572,8,9
2400678,11,18,1-11-2024-018-NM1,21,1,E,5,772,1,157,-98,2,0,512,5,2,37.1071357763572,8,9
2400678,11,18,1-11-2024-018-NM1,21,1,F,5,772,1,184,-90,2,0,512,5,3,37.1071357763572,8,9
2400678,11,18,1-11-2024-018-NM1,21,1,G,5,770,1,214,-98,0,0,762,4,2,37.1071357763572,8,9
2400678,11,18,1-11-2024-018-NM1,21,1,H,5,772,1,218,-85,1,0,101,5,2,37.1071357763572,8,9
2401250,30,41,1-30-2024-041-NM1,21,1,A,3,740,1,222,130,2,0,999,1,1,28.3509494483113,10,9
2401250,30,41,1-30-2024-041-NM1,21,1,B,3,740,1,142,140,0,0,999,3,2,28.3509494483113,10,9
2401250,30,41,1-30-2024-041-NM1,21,1,C,3,740,1,177,100,1,0,999,1,1,28.3509494483113,10,9
2401250,30,41,1-30-2024-041-NM1,21,1,D,3,740,1,180,102,1,0,999,1,1,28.3509494483113,10,9
2401250,30,41,1-30-2024-041-NM1,21,1,E,3,740,1,222,89,1,0,999,1,1,28.3509494483113,10,9
2401250,30,41,1-30-2024-041-NM1,21,1,F,3,740,1,141,95,1,0,999,1,1,28.3509494483113,10,9
2401250,30,41,1-30-2024-041-NM1,21,1,G,5,770,1,197,72,0,0,999,3,2,28.3509494483113,10,9
2401113,13,28,1-13-2024-028-NM1,21,1,A,6,775,1,232,40,0,0,101,12,2,14.5007405645646,7,9
2401113,13,28,1-13-2024-028-NM1,21,1,B,6,775,1,203,14,0,0,761,12,2,14.5007405645646,7,9
2400096,30,2,1-30-2024-002-NM1,21,1,A,10,61,1,888,888,888,8,519,98,1,33.6409129061174,10,9
2401286,52,17,1-52-2024-017-NM2,22,1,A,10,61,1,888,888,888,8,999,96,1,35.2372312111538,12,9
2401306,26,31,1-26-2024-031-NM1,21,1,A,6,784,1,224,65,2,0,999,1,1,25.7030205312635,10,9
2400683,59,24,1-59-2024-024-NM1,21,1,A,1,700,1,46,-26,0,0,859,3,3,62.3822922049643,6,9
2400683,59,24,1-59-2024-024-NM1,21,1,B,1,700,1,15,-55,0,0,859,2,3,62.3822922049643,6,9
2401297,27,43,1-27-2024-043-NM1,21,1,A,1,701,1,35,63,2,1,871,5,3,20.2398432682456,3,9
2401297,27,43,1-27-2024-043-NM1,21,1,B,1,702,1,55,2,2,0,811,2,2,20.2398432682456,3,9
2401297,27,43,1-27-2024-043-NM1,21,1,C,1,700,1,35,-27,0,0,841,3,3,20.2398432682456,3,9
2401297,27,43,1-27-2024-043-NM1,21,1,D,1,703,1,65,-44,0,0,841,3,3,20.2398432682456,3,9
2401297,27,43,1-27-2024-043-NM1,21,1,E,5,770,1,107,-1,2,0,511,5,1,20.2398432682456,3,9
2401297,27,43,1-27-2024-043-NM1,21,1,F,6,775,1,231,-44,5,0,711,12,1,20.2398432682456,3,9
2401297,27,43,1-27-2024-043-NM1,21,1,G,6,784,1,233,-67,0,0,101,7,1,20.2398432682456,3,9
2400112,28,2,1-28-2024-002-NM2,22,1,C,10,61,1,888,888,888,8,999,98,1,55.8454658150129,3,9
2401324,66,26,1-66-2024-026-NM2,22,1,A,1,700,1,45,9,0,1,852,3,1,110.074249285118,6,9
2401324,66,26,1-66-2024-026-NM2,22,1,B,1,700,1,45,-9,0,1,851,3,1,110.074249285118,6,9
2404827,25,127,1-25-2024-127-NM1,21,1,C,1,703,1,83,38,1,0,512,1,2,46.3961698932894,2,9
2404827,25,127,1-25-2024-127-NM1,21,1,D,10,61,1,888,888,888,8,999,98,1,46.3961698932894,2,9
2404924,12,94,1-12-2024-094-NM1,21,1,G,1,706,1,100,74,999,0,829,2,1,263.286057296844,9,9
2404924,12,94,1-12-2024-094-NM1,21,1,H,10,61,1,888,888,888,8,999,98,2,263.286057296844,9,9
2403998,25,103,1-25-2024-103-NM1,21,1,E,1,718,1,999,999,999,8,501,5,3,55.4169403670828,2,9
2405998,20,141,1-20-2024-141-NM1,21,1,I,5,787,1,999,999,999,8,999,5,3,35.0220589332575,11,9
2404825,24,135,1-24-2024-135-NM2,22,1,A,10,61,1,888,888,888,8,999,96,2,43.9956216097119,1,9
2406292,22,191,1-22-2024-191-NM2,22,1,A,1,703,1,999,999,999,9,999,2,1,24.4305122731702,12,9
2404828,25,128,1-25-2024-128-NM1,21,1,E,10,61,1,888,888,888,8,999,98,2,46.3961698932894,2,9
2406001,81,158,1-81-2024-158-NM2,22,2,A,1,719,1,999,999,999,8,869,98,1,1666.588526805,8,9
2404933,33,96,1-33-2024-096-NM2,22,1,A,10,61,1,888,888,888,8,999,98,2,151.096542186302,12,9
2404955,16,122,1-16-2024-122-NM1,21,1,C,1,702,1,84,48,0,0,999,2,3,20.5106500164933,5,9
2405648,14,114,1-14-2024-114-NM1,21,1,A,1,700,1,999,999,999,0,851,2,2,89.7759087557985,8,9
2405648,14,114,1-14-2024-114-NM1,21,1,B,1,706,1,999,999,999,0,511,2,2,89.7759087557985,8,9
2405648,14,114,1-14-2024-114-NM1,21,1,C,1,702,1,999,999,999,0,999,5,1,89.7759087557985,8,9
2402434,30,83,1-30-2024-083-NM2,22,1,K,10,61,1,888,888,888,8,999,98,1,361.666104097377,10,9
2405648,14,114,1-14-2024-114-NM1,21,1,D,1,703,1,999,999,999,0,999,5,1,89.7759087557985,8,9
2405745,22,175,1-22-2024-175-NM2,22,1,C,1,700,1,67,-57,1,0,999,3,2,38.9781737548834,12,9
2405238,22,161,1-22-2024-161-NM2,22,1,A,10,61,1,888,888,888,8,999,98,1,45.2877985053891,12,9
2403524,21,72,1-21-2024-072-NM1,21,1,A,10,61,1,888,888,888,8,999,98,2,9.710167648307,11,9
2403524,21,72,1-21-2024-072-NM1,21,1,B,10,61,2,888,888,888,8,999,98,2,9.710167648307,11,9
2403413,81,77,1-81-2024-077-NM1,21,2,A,3,750,1,888,888,3,0,999,1,2,23.4695700092411,8,9
2403413,81,77,1-81-2024-077-NM1,21,2,B,10,61,1,888,888,888,8,999,96,2,23.4695700092411,8,9
2405819,60,98,1-60-2024-098-NM1,21,1,A,1,701,1,48,56,1,0,852,2,1,43.22330010499,8,9
2405819,60,98,1-60-2024-098-NM1,21,1,B,1,700,1,69,40,1,0,832,2,1,43.22330010499,8,9
2405819,60,98,1-60-2024-098-NM1,21,1,C,1,703,1,128,60,0,0,101,3,3,43.22330010499,8,9
2404955,16,122,1-16-2024-122-NM1,21,1,D,10,61,1,888,888,888,8,999,98,2,20.5106500164933,5,9
2401198,13,30,1-13-2024-030-NM2,22,1,E,1,702,1,999,999,999,9,999,3,1,1161.47481366351,7,9
2401198,13,30,1-13-2024-030-NM2,22,1,F,1,700,2,999,999,999,9,852,98,2,1161.47481366351,7,9
2404886,22,148,1-22-2024-148-NM2,22,1,A,1,700,1,62,999,0,0,999,3,3,35.1496027167127,12,9
2404886,22,148,1-22-2024-148-NM2,22,1,B,1,702,1,98,999,888,0,999,2,3,35.1496027167127,12,9
2404886,22,148,1-22-2024-148-NM2,22,1,C,1,706,1,107,999,888,0,999,2,2,35.1496027167127,12,9
2404886,22,148,1-22-2024-148-NM2,22,1,D,1,703,1,122,999,0,0,999,2,2,35.1496027167127,12,9
2404886,22,148,1-22-2024-148-NM2,22,1,E,1,703,1,122,999,1,0,999,5,2,35.1496027167127,12,9
2404886,22,148,1-22-2024-148-NM2,22,1,F,2,738,1,999,999,999,0,999,3,2,35.1496027167127,12,9
2404886,22,148,1-22-2024-148-NM2,22,1,G,2,720,1,999,999,3,0,999,5,2,35.1496027167127,12,9
2404886,22,148,1-22-2024-148-NM2,22,1,H,2,720,1,999,999,0,0,999,9,2,35.1496027167127,12,9
2404886,22,148,1-22-2024-148-NM2,22,1,I,2,730,1,888,888,0,0,999,9,2,35.1496027167127,12,9
2404886,22,148,1-22-2024-148-NM2,22,1,J,10,61,1,888,888,888,8,999,98,1,35.1496027167127,12,9
2405007,30,171,1-30-2024-171-NM2,22,1,A,10,61,1,888,888,888,8,742,98,2,699.896518115335,10,9
2405987,15,233,1-15-2024-233-NM2,22,1,A,10,61,1,888,888,888,8,996,98,1,32.4789185953742,1,9
2406391,22,194,1-22-2024-194-NM1,21,1,A,1,700,1,60,-29,0,0,831,2,2,23.3960835753343,12,9
2406391,22,194,1-22-2024-194-NM1,21,1,B,5,770,1,92,33,4,1,811,1,2,23.3960835753343,12,9
2406391,22,194,1-22-2024-194-NM1,21,1,C,5,770,1,113,-29,5,0,501,1,2,23.3960835753343,12,9
2406391,22,194,1-22-2024-194-NM1,21,1,D,5,770,1,148,-19,3,0,711,1,2,23.3960835753343,12,9
2406391,22,194,1-22-2024-194-NM1,21,1,E,6,775,1,999,999,999,0,101,2,1,23.3960835753343,12,9
2406347,32,163,1-32-2024-163-NM1,21,1,A,5,770,1,94,-25,2,0,819,1,1,47.5537279263516,7,9
2402620,31,52,1-31-2024-052-NM2,22,1,E,1,701,1,30,25,999,0,859,3,2,197.377933176122,6,9
2401324,66,26,1-66-2024-026-NM2,22,1,C,1,702,1,74,9,2,0,822,1,1,110.074249285118,6,9
2401324,66,26,1-66-2024-026-NM2,22,1,D,1,702,1,74,-9,2,0,821,1,1,110.074249285118,6,9
2401324,66,26,1-66-2024-026-NM2,22,1,E,5,770,1,95,23,3,0,742,1,1,110.074249285118,6,9
2401324,66,26,1-66-2024-026-NM2,22,1,F,5,770,1,95,-23,3,0,741,1,1,110.074249285118,6,9
2401324,66,26,1-66-2024-026-NM2,22,1,G,5,770,1,107,0,4,0,601,1,1,110.074249285118,6,9
2401324,66,26,1-66-2024-026-NM2,22,1,H,5,770,1,127,0,4,0,101,1,1,110.074249285118,6,9
2401324,66,26,1-66-2024-026-NM2,22,1,I,6,775,1,999,999,999,0,601,2,1,110.074249285118,6,9
2400630,69,11,1-69-2024-011-NM1,21,1,D,1,700,1,46,32,0,0,851,3,2,7.66811372485411,8,9
2400630,69,11,1-69-2024-011-NM1,21,1,E,10,61,1,888,888,888,8,999,98,1,7.66811372485411,8,9
2400574,13,13,1-13-2024-013-NM1,21,1,H,10,61,1,888,888,888,8,999,98,1,16.3827604184312,7,9
2401592,28,42,1-28-2024-042-NM2,22,1,A,1,700,1,999,999,999,0,999,2,1,37.9334438090452,3,9
2401592,28,42,1-28-2024-042-NM2,22,1,B,1,703,1,999,999,999,9,999,98,1,37.9334438090452,3,9
2401592,28,42,1-28-2024-042-NM2,22,1,C,1,706,1,999,999,999,9,999,2,1,37.9334438090452,3,9
2400619,16,21,1-16-2024-021-NM1,21,1,E,10,61,1,888,888,888,8,999,98,1,61.8147074429554,5,9
2400514,15,18,1-15-2024-018-NM2,22,1,A,10,61,1,888,888,888,8,999,98,2,48.0070740321826,1,9
2400678,11,18,1-11-2024-018-NM1,21,1,I,10,61,1,888,888,888,8,811,98,2,37.1071357763572,8,9
2400630,69,11,1-69-2024-011-NM1,21,1,F,1,701,1,18,46,0,0,861,3,2,7.66811372485411,8,9
2400630,69,11,1-69-2024-011-NM1,21,1,G,6,777,1,215,38,3,8,101,5,2,7.66811372485411,8,9
2400050,69,1,1-69-2024-001-NM1,21,1,B,2,720,1,117,-89,0,0,852,3,2,7.66811372485411,8,9
2401306,26,31,1-26-2024-031-NM1,21,1,G,3,753,1,999,74,999,0,999,5,3,25.7030205312635,10,9
2401535,12,28,1-12-2024-028-NM2,22,1,B,2,720,1,170,-90,4,0,999,5,2,249.68170357321,9,9
2401535,12,28,1-12-2024-028-NM2,22,1,C,2,720,1,202,-92,1,0,812,5,2,249.68170357321,9,9
2401535,12,28,1-12-2024-028-NM2,22,1,D,5,770,1,220,-83,1,0,512,3,2,249.68170357321,9,9
2401535,12,28,1-12-2024-028-NM2,22,1,E,2,730,1,294,-92,1,0,999,5,3,249.68170357321,9,9
2401016,24,22,1-24-2024-022-NM1,21,1,C,1,703,1,106,62,6,1,821,1,1,81.6170730667138,1,9
2401016,24,22,1-24-2024-022-NM1,21,1,E,6,784,1,232,80,2,0,712,3,2,81.6170730667138,1,9
2400079,59,5,1-59-2024-005-NM2,22,1,B,10,61,1,888,888,888,8,999,98,1,326.257763636632,6,9
2400652,22,18,1-22-2024-018-NM2,22,1,A,10,61,1,888,888,888,8,999,98,1,29.4805146666259,12,9
2400118,69,3,1-69-2024-003-NM1,21,1,E,10,61,1,888,888,888,8,999,98,1,7.66811372485411,8,9
2400830,77,27,1-77-2024-027-NM2,22,1,A,10,61,1,888,888,888,8,101,98,1,330.223105550016,9,9
2401800,60,18,1-60-2024-018-NM1,21,1,A,1,701,1,44,-42,0,0,851,9,2,135.73456108388,8,9
2401800,60,18,1-60-2024-018-NM1,21,1,B,1,706,1,106,-66,3,0,811,2,1,135.73456108388,8,9
2401800,60,18,1-60-2024-018-NM1,21,1,C,5,770,1,150,-48,4,1,711,1,1,135.73456108388,8,9
2401800,60,18,1-60-2024-018-NM1,21,1,D,5,770,1,190,-48,999,0,101,1,1,135.73456108388,8,9
2401113,13,28,1-13-2024-028-NM1,21,1,C,10,61,1,999,999,999,9,999,98,1,14.5007405645646,7,9
2400730,32,22,1-32-2024-022-NM1,21,1,C,6,775,1,999,999,999,8,101,12,2,10.9241646727683,7,9
2401297,27,43,1-27-2024-043-NM1,21,1,H,10,61,1,888,888,888,8,999,98,1,20.2398432682456,3,9
2401085,77,38,1-77-2024-038-NM2,22,1,A,10,61,1,888,888,888,8,999,98,2,297.636915073691,9,9
2401773,33,29,1-33-2024-029-NM2,22,1,A,3,753,1,307,119,0,0,101,2,1,84.6784527844662,12,9
2401773,33,29,1-33-2024-029-NM2,22,1,B,3,750,1,888,888,0,0,501,3,1,84.6784527844662,12,9
2401773,33,29,1-33-2024-029-NM2,22,1,C,3,750,1,888,888,0,0,501,3,1,84.6784527844662,12,9
2400815,23,13,1-23-2024-013-NM1,21,2,A,4,760,1,999,999,0,0,601,9,2,75.3524398717664,5,9
2401788,69,33,1-69-2024-033-NM1,21,1,A,1,701,1,23,50,3,0,871,2,2,7.66811372485411,8,9
2401788,69,33,1-69-2024-033-NM1,21,1,B,1,700,1,57,43,0,0,851,2,2,7.66811372485411,8,9
2401755,81,34,1-81-2024-034-NM1,21,1,A,1,703,1,105,-108,1,0,812,5,3,46.909790827141,8,9
2401755,81,34,1-81-2024-034-NM1,21,1,B,6,775,1,235,-125,999,8,101,96,2,46.909790827141,8,9
2401755,81,34,1-81-2024-034-NM1,21,1,C,6,784,1,279,-94,1,0,999,5,2,46.909790827141,8,9
2401750,57,33,1-57-2024-033-NM1,21,1,A,1,701,1,50,-157,999,1,852,2,2,38.5305215581579,1,9
2401750,57,33,1-57-2024-033-NM1,21,1,B,1,700,1,70,-157,999,1,842,5,2,38.5305215581579,1,9
2401750,57,33,1-57-2024-033-NM1,21,1,C,1,706,1,98,-167,999,0,812,2,2,38.5305215581579,1,9
2401750,57,33,1-57-2024-033-NM1,21,1,D,1,703,1,125,-167,3,1,812,5,2,38.5305215581579,1,9
2401750,57,33,1-57-2024-033-NM1,21,1,E,2,720,1,145,-194,10,0,712,5,3,38.5305215581579,1,9
2401750,57,33,1-57-2024-033-NM1,21,1,F,2,733,1,270,-194,888,0,712,5,2,38.5305215581579,1,9
2401042,52,13,1-52-2024-013-NM1,21,1,F,10,61,1,888,888,888,8,999,98,1,20.9023614233441,12,9
2400884,14,13,1-14-2024-013-NM2,22,1,A,10,61,1,888,888,888,8,999,98,1,678.185114701579,8,9
2400581,30,18,1-30-2024-018-NM1,21,1,H,10,61,1,888,888,888,8,601,98,1,28.3509494483113,10,9
2401790,81,35,1-81-2024-035-NM1,21,1,A,2,720,1,999,999,999,0,999,5,2,46.909790827141,8,9
2401790,81,35,1-81-2024-035-NM1,21,1,B,2,720,1,999,999,999,0,999,1,3,46.909790827141,8,9
2401790,81,35,1-81-2024-035-NM1,21,1,C,2,720,1,999,999,999,0,999,3,2,46.909790827141,8,9
2401718,21,32,1-21-2024-032-NM2,22,1,A,3,753,1,999,999,999,8,201,5,1,2513.96756463306,11,9
2400048,60,1,1-60-2024-001-NM2,22,1,A,7,791,1,999,999,0,8,871,3,2,157.912873387776,8,9
2400048,60,1,1-60-2024-001-NM2,22,1,B,10,61,1,888,888,888,8,871,98,3,157.912873387776,8,9
2400693,77,22,1-77-2024-022-NM2,22,1,G,10,61,1,888,888,888,8,999,98,1,426.24158292944,9,9
2400729,32,21,1-32-2024-021-NM1,21,1,C,6,775,1,255,60,20,8,101,2,1,10.924164677076,7,9
2401027,16,33,1-16-2024-033-NM2,22,1,A,1,701,1,42,30,0,0,841,3,2,439.019791611487,5,9
2400847,82,23,1-82-2024-023-NM2,22,1,A,4,769,1,999,999,999,9,841,98,3,774.715121490359,1,9
2400847,82,23,1-82-2024-023-NM2,22,1,B,10,61,1,888,888,888,8,712,98,3,774.715121490359,1,9
2400677,11,17,1-11-2024-017-NM1,21,1,K,10,61,1,999,888,888,8,999,98,1,37.1071357763572,8,9
2401339,59,43,1-59-2024-043-NM2,22,1,A,2,733,1,888,888,888,0,812,98,1,260.431399312795,6,9
2401339,59,43,1-59-2024-043-NM2,22,1,B,2,730,1,888,888,0,0,852,9,2,260.431399312795,6,9
2401339,59,43,1-59-2024-043-NM2,22,1,C,2,720,1,888,888,0,0,842,9,2,260.431399312795,6,9
2401339,59,43,1-59-2024-043-NM2,22,1,D,10,61,1,888,888,888,8,999,98,2,260.431399312795,6,9
2401844,26,46,1-26-2024-046-NM1,21,2,A,5,770,1,82,-10,0,0,999,3,3,25.7030205312635,10,9
2401844,26,46,1-26-2024-046-NM1,21,2,B,5,770,1,116,-58,2,0,999,4,3,25.7030205312635,10,9
2401844,26,46,1-26-2024-046-NM1,21,2,C,5,770,1,113,-45,0,0,999,3,3,25.7030205312635,10,9
2401844,26,46,1-26-2024-046-NM1,21,2,D,6,775,1,203,-38,8,0,101,12,3,25.7030205312635,10,9
2401844,26,46,1-26-2024-046-NM1,21,2,E,6,784,1,226,-72,0,0,999,3,3,25.7030205312635,10,9
2400488,57,9,1-57-2024-009-NM1,21,1,B,10,61,1,888,888,888,8,999,98,1,15.1868109907281,1,9
2401053,27,34,1-27-2024-034-NM2,22,1,A,10,61,1,888,888,888,8,999,98,1,32.7871735473087,3,9
2402090,16,59,1-16-2024-059-NM1,21,1,A,1,700,1,45,5,0,0,851,3,2,19.3635256654646,5,9
2402090,16,59,1-16-2024-059-NM1,21,1,B,1,702,1,65,20,0,0,851,5,1,19.3635256654646,5,9
2402090,16,59,1-16-2024-059-NM1,21,1,C,5,770,1,88,0,0,0,831,1,2,19.3635256654646,5,9
2402090,16,59,1-16-2024-059-NM1,21,1,D,6,775,1,200,0,3,0,711,12,1,19.3635256654646,5,9
2402090,16,59,1-16-2024-059-NM1,21,1,E,6,775,1,270,45,7,0,101,12,1,19.3635256654646,5,9
2402090,16,59,1-16-2024-059-NM1,21,1,F,6,776,1,280,45,3,0,101,5,2,19.3635256654646,5,9
2402090,16,59,1-16-2024-059-NM1,21,1,G,6,782,1,320,15,1,0,999,96,2,19.3635256654646,5,9
2402090,16,59,1-16-2024-059-NM1,21,1,H,1,700,1,45,70,0,0,852,3,2,19.3635256654646,5,9
2402090,16,59,1-16-2024-059-NM1,21,2,A,1,700,1,28,-5,18,9,999,2,2,19.3635256654646,5,9
2402090,16,59,1-16-2024-059-NM1,21,2,B,1,702,1,40,-2,999,9,999,5,2,19.3635256654646,5,9
2402090,16,59,1-16-2024-059-NM1,21,2,C,5,770,1,75,-15,1,0,999,5,2,19.3635256654646,5,9
2402090,16,59,1-16-2024-059-NM1,21,2,D,1,700,1,55,-40,4,0,999,5,2,19.3635256654646,5,9
2405394,10,107,1-10-2024-107-NM1,21,1,E,6,775,1,240,36,999,9,711,96,1,36.1764362071444,4,9
2405394,10,107,1-10-2024-107-NM1,21,1,F,6,776,1,281,46,1,0,101,5,1,36.1764362071444,4,9
2404169,16,111,1-16-2024-111-NM2,22,1,A,10,61,1,888,888,888,8,999,98,1,253.20495381158,5,9
2401179,32,40,1-32-2024-040-NM1,21,2,A,10,61,1,888,888,888,8,999,98,2,15.2268214619951,7,9
2405121,22,155,1-22-2024-155-NM2,22,1,B,10,61,1,888,888,888,8,999,96,1,64.1408737687855,12,9
2403275,20,88,1-20-2024-088-NM2,22,1,G,6,775,1,999,999,999,9,101,2,1,204.607683671141,11,9
2403275,20,88,1-20-2024-088-NM2,22,1,H,10,61,1,888,888,888,8,999,98,2,204.607683671141,11,9
2404202,52,45,1-52-2024-045-NM1,21,1,D,5,770,1,101,61,5,0,999,5,2,23.3488363699868,12,9
2403213,24,89,1-24-2024-089-NM1,21,1,D,1,703,1,105,2,999,0,839,1,2,23.1726143074507,1,9
2404202,52,45,1-52-2024-045-NM1,21,1,E,6,775,1,244,35,5,0,101,12,2,23.3488363699868,12,9
2404202,52,45,1-52-2024-045-NM1,21,1,F,10,61,1,888,888,888,8,999,98,1,23.3488363699868,12,9
2403213,24,89,1-24-2024-089-NM1,21,1,G,10,61,1,888,888,888,8,999,98,2,23.1726143074507,1,9
2403213,24,89,1-24-2024-089-NM1,21,1,F,5,770,1,120,-30,999,0,742,1,3,23.1726143074507,1,9
2403213,24,89,1-24-2024-089-NM1,21,1,E,5,770,1,120,25,999,0,741,1,3,23.1726143074507,1,9
2405120,22,154,1-22-2024-154-NM2,22,1,A,10,61,1,888,888,888,8,999,98,1,64.1408737687855,12,9
2404707,11,143,1-11-2024-143-NM2,22,1,A,10,61,1,888,888,888,8,999,98,2,2037.79059287364,8,9
2405745,22,175,1-22-2024-175-NM2,22,1,A,1,700,1,48,-59,1,0,999,11,1,38.9781737548834,12,9
2405745,22,175,1-22-2024-175-NM2,22,1,B,10,61,1,888,888,888,8,999,98,2,38.9781737548834,12,9
2405105,27,160,1-27-2024-160-NM2,22,1,A,2,720,1,185,-115,1,0,831,5,2,35.0197990149152,3,9
2405105,27,160,1-27-2024-160-NM2,22,1,D,10,61,1,888,888,888,8,996,98,1,35.0197990149152,3,9
2402434,30,83,1-30-2024-083-NM2,22,1,J,3,756,1,110,78,0,0,999,96,2,361.666104097377,10,9
2402090,16,59,1-16-2024-059-NM1,21,2,E,8,800,1,69,0,3,0,999,5,2,19.3635256654646,5,9
2402090,16,59,1-16-2024-059-NM1,21,2,F,2,720,1,160,-85,1,0,999,5,2,19.3635256654646,5,9
2401535,12,28,1-12-2024-028-NM2,22,1,F,10,61,1,888,888,888,8,999,98,1,249.68170357321,9,9
2402161,62,56,1-62-2024-056-NM1,21,1,A,5,770,1,90,-50,3,0,812,5,2,60.6701620601723,7,9
2402161,62,56,1-62-2024-056-NM1,21,1,B,2,720,1,120,-66,2,0,859,5,3,60.6701620601723,7,9
2402161,62,56,1-62-2024-056-NM1,21,1,C,5,770,1,135,-15,999,0,732,5,3,60.6701620601723,7,9
2402161,62,56,1-62-2024-056-NM1,21,1,D,6,775,1,999,999,999,0,712,98,3,60.6701620601723,7,9
2401027,16,33,1-16-2024-033-NM2,22,1,B,1,703,1,96,-27,2,0,101,98,2,439.019791611487,5,9
2401198,13,30,1-13-2024-030-NM2,22,1,B,10,61,1,888,888,888,8,999,98,1,1161.47481366351,7,9
2401198,13,30,1-13-2024-030-NM2,22,1,C,10,61,2,888,888,888,8,731,98,1,1161.47481366351,7,9
2401146,20,28,1-20-2024-028-NM1,21,1,J,5,770,2,135,-14,2,0,711,98,2,43.971490849978,11,9
2401146,20,28,1-20-2024-028-NM1,21,1,K,5,770,2,172,-52,1,0,711,98,2,43.971490849978,11,9
2401146,20,28,1-20-2024-028-NM1,21,1,L,5,770,2,178,-88,888,8,999,2,2,43.971490849978,11,9
2402228,27,70,1-27-2024-070-NM2,22,1,A,1,701,1,33,162,0,0,851,5,1,30.6673615919684,3,9
2402228,27,70,1-27-2024-070-NM2,22,1,B,1,700,1,42,153,1,0,831,5,1,30.6673615919684,3,9
2402228,27,70,1-27-2024-070-NM2,22,1,C,1,700,1,57,-27,0,0,831,3,1,30.6673615919684,3,9
2402228,27,70,1-27-2024-070-NM2,22,1,D,1,701,1,33,-7,0,0,851,3,1,30.6673615919684,3,9
2402228,27,70,1-27-2024-070-NM2,22,1,E,5,770,1,110,-4,1,0,711,1,1,30.6673615919684,3,9
2402228,27,70,1-27-2024-070-NM2,22,1,F,5,770,1,150,-47,0,0,101,1,1,30.6673615919684,3,9
2402228,27,70,1-27-2024-070-NM2,22,1,G,5,770,1,120,-64,0,0,401,1,1,30.6673615919684,3,9
2401665,24,37,1-24-2024-037-NM2,22,1,A,1,700,1,49,95,0,0,851,2,3,87.1884768897586,1,9
2401665,24,37,1-24-2024-037-NM2,22,1,B,5,770,1,145,103,0,0,731,3,3,87.1884768897586,1,9
2401665,24,37,1-24-2024-037-NM2,22,1,C,3,752,1,228,83,0,0,201,5,3,87.1884768897586,1,9
2401146,20,28,1-20-2024-028-NM1,21,1,M,10,61,1,888,888,888,8,999,98,1,43.971490849978,11,9
2401146,20,28,1-20-2024-028-NM1,21,1,N,10,61,2,888,888,888,8,999,98,1,43.971490849978,11,9
2400447,67,5,1-67-2024-005-NM2,22,1,A,10,61,1,888,888,888,8,999,98,1,483.798087598719,7,9
2400518,26,10,1-26-2024-010-NM2,22,1,A,10,61,1,888,888,888,8,999,98,1,585.861766834301,10,9
2401146,20,28,1-20-2024-028-NM1,21,1,O,6,784,2,199,-68,0,0,601,5,2,43.971490849978,11,9
2401718,21,32,1-21-2024-032-NM2,22,1,B,10,61,1,888,888,888,8,601,6,1,2513.96756463306,11,9
2401183,22,34,1-22-2024-034-NM2,22,1,A,10,61,1,888,888,888,8,999,98,2,24.4305122731702,12,9
2402080,11,53,1-11-2024-053-NM1,21,1,A,1,700,1,70,-12,0,0,851,3,3,37.1071357763572,8,9
2402080,11,53,1-11-2024-053-NM1,21,1,B,1,702,1,76,-7,3,0,831,3,3,37.1071357763572,8,9
2402080,11,53,1-11-2024-053-NM1,21,1,C,1,703,1,96,-15,0,0,811,5,3,37.1071357763572,8,9
2402080,11,53,1-11-2024-053-NM1,21,1,D,5,770,1,120,-10,3,0,511,5,3,37.1071357763572,8,9
2402080,11,53,1-11-2024-053-NM1,21,1,E,1,703,1,103,19,0,0,814,3,3,37.1071357763572,8,9
2402080,11,53,1-11-2024-053-NM1,21,1,F,1,703,1,105,32,4,0,511,5,3,37.1071357763572,8,9
2402080,11,53,1-11-2024-053-NM1,21,1,G,1,703,1,105,45,0,0,811,3,3,37.1071357763572,8,9
2402080,11,53,1-11-2024-053-NM1,21,1,H,1,703,1,117,61,0,0,814,3,3,37.1071357763572,8,9
2402080,11,53,1-11-2024-053-NM1,21,1,I,5,770,1,130,36,4,0,731,5,3,37.1071357763572,8,9
2402080,11,53,1-11-2024-053-NM1,21,1,J,6,775,1,229,54,0,0,101,2,3,37.1071357763572,8,9
2402080,11,53,1-11-2024-053-NM1,21,1,K,6,775,1,252,55,0,0,101,2,3,37.1071357763572,8,9
2402080,11,53,1-11-2024-053-NM1,21,1,L,3,742,1,128,68,0,0,711,3,3,37.1071357763572,8,9
2401752,13,46,1-13-2024-046-NM2,22,1,A,4,768,1,999,999,999,0,201,1,1,2482.68938093394,7,9
2401143,30,39,1-30-2024-039-NM2,22,1,A,10,61,1,888,888,888,8,999,98,2,269.894765505706,10,9
2402344,16,69,1-16-2024-069-NM1,21,1,B,5,770,1,73,-24,0,0,822,3,1,26.1808531062603,5,9
2402344,16,69,1-16-2024-069-NM1,21,1,D,6,775,1,228,-62,6,0,101,7,1,26.1808531062603,5,9
2402344,16,69,1-16-2024-069-NM1,21,1,C,5,772,1,120,-70,0,0,821,3,1,26.1808531062603,5,9
2401442,26,39,1-26-2024-039-NM1,21,2,A,10,61,1,888,888,888,8,999,98,1,25.7030205312635,10,9
2401206,31,25,1-31-2024-025-NM2,22,1,C,10,61,1,888,888,888,8,999,98,2,197.377933176122,6,9
2401459,15,57,1-15-2024-057-NM2,22,1,A,10,61,1,888,888,888,0,999,98,1,62.2950385720824,1,9
2401665,24,37,1-24-2024-037-NM2,22,1,D,10,61,1,888,888,888,8,201,98,1,87.1884768897586,1,9
2401180,32,41,1-32-2024-041-NM1,21,1,A,10,61,1,888,888,888,9,999,98,2,15.2268214619951,7,9
2402344,16,69,1-16-2024-069-NM1,21,1,A,1,700,1,60,-40,0,0,832,96,1,26.1808531062603,5,9
2401615,59,51,1-59-2024-051-NM2,22,1,A,10,61,1,888,888,888,8,823,98,1,173.711917950995,6,9
2400729,32,21,1-32-2024-021-NM1,21,1,D,10,61,1,888,888,888,9,999,98,1,10.924164677076,7,9
2402210,25,53,1-25-2024-053-NM2,22,1,A,1,700,1,999,999,999,0,859,3,1,202.399293704263,2,9
2402210,25,53,1-25-2024-053-NM2,22,1,B,1,701,1,999,999,999,0,859,2,1,202.399293704263,2,9
2402210,25,53,1-25-2024-053-NM2,22,1,C,1,703,1,999,999,999,0,819,1,1,202.399293704263,2,9
2402210,25,53,1-25-2024-053-NM2,22,1,D,5,770,1,999,999,999,0,739,5,1,202.399293704263,2,9
2402210,25,53,1-25-2024-053-NM2,22,1,E,1,702,1,999,999,999,0,819,3,1,202.399293704263,2,9
2402210,25,53,1-25-2024-053-NM2,22,1,F,1,706,1,999,999,999,0,819,2,1,202.399293704263,2,9
2402210,25,53,1-25-2024-053-NM2,22,1,G,2,720,1,999,999,999,0,739,5,1,202.399293704263,2,9
2402210,25,53,1-25-2024-053-NM2,22,1,H,6,775,1,999,999,999,0,101,3,1,202.399293704263,2,9
2400611,24,13,1-24-2024-013-NM2,22,1,B,5,770,1,999,999,999,9,601,5,1,147.143075961834,1,9
2400611,24,13,1-24-2024-013-NM2,22,1,C,1,700,1,999,999,999,9,851,1,2,147.143075961834,1,9
2400611,24,13,1-24-2024-013-NM2,22,1,E,10,61,1,888,888,888,8,999,98,2,147.143075961834,1,9
2400683,59,24,1-59-2024-024-NM1,21,1,C,10,61,1,888,888,888,8,999,98,2,62.3822922049643,6,9
2402381,27,75,1-27-2024-075-NM2,22,1,A,3,750,1,888,888,888,0,851,98,3,58.8273813617497,3,9
2402381,27,75,1-27-2024-075-NM2,22,1,B,3,750,1,888,888,888,0,721,96,1,58.8273813617497,3,9
2402381,27,75,1-27-2024-075-NM2,22,1,C,3,756,1,888,888,888,0,711,98,3,58.8273813617497,3,9
2402420,48,79,1-48-2024-079-NM1,21,1,A,5,770,1,114,22,0,0,741,3,3,85.8427679861707,12,9
2400111,16,3,1-16-2024-003-NM2,22,1,A,10,61,1,888,888,888,8,999,98,2,1277.06637139415,5,9
2401812,24,43,1-24-2024-043-NM1,21,1,A,10,61,1,999,999,999,0,201,6,1,23.1726143074507,1,9
2400923,21,22,1-21-2024-022-NM1,21,1,E,1,718,1,26,38,888,0,852,5,2,12.4076963253184,11,9
2400923,21,22,1-21-2024-022-NM1,21,1,F,1,700,1,37,35,0,0,859,2,2,12.4076963253184,11,9
2401016,24,22,1-24-2024-022-NM1,21,1,B,1,706,1,85,62,999,0,831,2,1,81.6170730667138,1,9
2401016,24,22,1-24-2024-022-NM1,21,1,D,5,770,1,200,78,1,0,601,5,1,81.6170730667138,1,9
2401016,24,22,1-24-2024-022-NM1,21,1,F,3,753,1,232,95,888,8,719,1,1,81.6170730667138,1,9
2401016,24,22,1-24-2024-022-NM1,21,1,A,1,700,1,56,70,999,9,831,3,1,81.6170730667138,1,9
2401016,24,22,1-24-2024-022-NM1,21,1,G,6,775,1,245,80,0,8,101,3,2,81.6170730667138,1,9
2401016,24,22,1-24-2024-022-NM1,21,1,I,10,61,1,888,888,888,8,999,98,1,81.6170730667138,1,9
2402543,25,60,1-25-2024-060-NM1,21,1,A,1,701,1,25,65,0,0,871,3,2,46.3961698932894,2,9
2402543,25,60,1-25-2024-060-NM1,21,1,B,1,700,1,45,33,0,0,841,3,1,46.3961698932894,2,9
2402543,25,60,1-25-2024-060-NM1,21,1,C,1,700,1,44,85,3,0,999,2,3,46.3961698932894,2,9
2402543,25,60,1-25-2024-060-NM1,21,1,D,1,706,1,100,73,0,0,811,3,2,46.3961698932894,2,9
2402543,25,60,1-25-2024-060-NM1,21,1,E,5,770,1,141,71,2,0,511,96,1,46.3961698932894,2,9
2402543,25,60,1-25-2024-060-NM1,21,1,F,6,775,1,214,58,6,0,101,12,1,46.3961698932894,2,9
2402543,25,60,1-25-2024-060-NM1,21,1,G,3,749,1,258,90,1,0,999,5,3,46.3961698932894,2,9
2402543,25,60,1-25-2024-060-NM1,21,1,H,5,788,1,298,43,1,0,999,5,3,46.3961698932894,2,9
2402547,59,79,1-59-2024-079-NM1,21,1,A,1,700,1,999,999,999,0,849,3,1,62.3822922049643,6,9
2402547,59,79,1-59-2024-079-NM1,21,1,B,1,706,1,999,999,999,0,839,96,1,62.3822922049643,6,9
2402547,59,79,1-59-2024-079-NM1,21,1,C,1,708,1,999,999,999,0,839,96,1,62.3822922049643,6,9
2402547,59,79,1-59-2024-079-NM1,21,1,D,1,703,1,999,999,999,0,519,96,1,62.3822922049643,6,9
2402547,59,79,1-59-2024-079-NM1,21,1,E,5,770,1,999,999,999,0,519,96,1,62.3822922049643,6,9
2402547,59,79,1-59-2024-079-NM1,21,1,F,6,784,1,999,999,999,0,719,96,1,62.3822922049643,6,9
2402547,59,79,1-59-2024-079-NM1,21,1,G,6,775,1,999,999,999,0,999,96,1,62.3822922049643,6,9
2402547,59,79,1-59-2024-079-NM1,21,1,H,2,732,1,999,999,999,0,999,98,1,62.3822922049643,6,9
2402547,59,79,1-59-2024-079-NM1,21,1,I,2,720,1,999,999,999,0,999,96,1,62.3822922049643,6,9
2402547,59,79,1-59-2024-079-NM1,21,1,J,2,734,1,999,999,999,0,999,3,1,62.3822922049643,6,9
2402547,59,79,1-59-2024-079-NM1,21,1,K,2,729,1,999,999,999,0,999,3,1,62.3822922049643,6,9
2402547,59,79,1-59-2024-079-NM1,21,1,L,2,730,1,999,999,999,0,999,3,1,62.3822922049643,6,9
2402542,16,78,1-16-2024-078-NM1,21,1,A,5,770,1,999,999,999,0,832,3,1,21.9314980825962,5,9
2402542,16,78,1-16-2024-078-NM1,21,1,B,5,770,1,999,999,999,0,831,3,1,21.9314980825962,5,9
2402542,16,78,1-16-2024-078-NM1,21,1,C,6,775,1,999,999,999,0,823,2,1,21.9314980825962,5,9
2402542,16,78,1-16-2024-078-NM1,21,1,D,6,775,1,999,999,999,0,761,2,1,21.9314980825962,5,9
2402542,16,78,1-16-2024-078-NM1,21,1,E,6,775,1,999,999,999,0,731,2,1,21.9314980825962,5,9
2402288,81,46,1-81-2024-046-NM2,22,1,A,1,700,1,999,999,999,9,811,1,2,2408.08347527868,8,9
2402288,81,46,1-81-2024-046-NM2,22,1,B,1,700,2,999,999,999,9,811,1,2,2408.08347527868,8,9
2402625,21,52,1-21-2024-052-NM2,22,1,A,1,701,1,25,94,999,0,851,2,1,1946.80039165077,11,9
2402625,21,52,1-21-2024-052-NM2,22,1,B,1,700,1,55,94,0,0,841,2,1,1946.80039165077,11,9
2402625,21,52,1-21-2024-052-NM2,22,1,C,1,706,1,67,94,20,8,501,5,1,1946.80039165077,11,9
2402254,26,62,1-26-2024-062-NM1,21,1,A,1,700,1,80,240,0,0,851,3,2,25.7030205312635,10,9
2402254,26,62,1-26-2024-062-NM1,21,1,B,1,706,1,100,236,0,0,831,2,2,25.7030205312635,10,9
2402254,26,62,1-26-2024-062-NM1,21,1,C,5,770,1,176,261,0,0,511,3,2,25.7030205312635,10,9
2402254,26,62,1-26-2024-062-NM1,21,1,D,5,770,1,186,295,4,0,711,3,2,25.7030205312635,10,9
2402376,15,92,1-15-2024-092-NM2,22,1,A,10,61,1,888,888,888,8,101,98,1,172.627983004139,1,9
2402692,69,50,1-69-2024-050-NM1,21,1,A,1,702,1,78,33,1,0,831,5,2,7.66811372485411,8,9
2402692,69,50,1-69-2024-050-NM1,21,1,B,1,703,1,78,44,0,0,831,3,2,7.66811372485411,8,9
2402692,69,50,1-69-2024-050-NM1,21,1,C,1,703,1,100,33,3,0,761,5,2,7.66811372485411,8,9
2402198,11,55,1-11-2024-055-NM1,21,1,A,3,750,1,888,888,15,0,601,5,3,37.1071357763572,8,9
2401800,60,18,1-60-2024-018-NM1,21,1,E,10,61,1,888,888,888,8,999,98,1,135.73456108388,8,9
2402083,24,50,1-24-2024-050-NM1,21,1,A,1,703,1,999,999,999,9,511,3,3,23.1726143074507,1,9
2402124,28,61,1-28-2024-061-NM2,22,1,A,1,701,1,999,999,0,0,872,3,1,37.9334438090452,3,9
2402124,28,61,1-28-2024-061-NM2,22,1,B,1,701,1,999,999,0,0,999,3,2,37.9334438090452,3,9
2402755,26,80,1-26-2024-080-NM1,21,1,A,3,758,1,888,888,0,0,999,4,2,25.7030205312635,10,9
2401306,26,31,1-26-2024-031-NM1,21,1,H,10,61,1,888,888,888,8,999,96,2,25.7030205312635,10,9
2401306,26,31,1-26-2024-031-NM1,21,1,B,1,700,1,999,73,999,9,859,2,2,25.7030205312635,10,9
2401306,26,31,1-26-2024-031-NM1,21,1,C,1,700,1,999,82,2,9,859,1,2,25.7030205312635,10,9
2401306,26,31,1-26-2024-031-NM1,21,1,D,6,775,1,230,56,999,8,101,2,2,25.7030205312635,10,9
2401306,26,31,1-26-2024-031-NM1,21,1,E,1,706,1,999,999,999,9,819,2,2,25.7030205312635,10,9
2401306,26,31,1-26-2024-031-NM1,21,1,F,5,772,1,999,68,999,9,519,1,2,25.7030205312635,10,9
2402083,24,50,1-24-2024-050-NM1,21,1,B,5,770,1,999,999,999,9,511,9,3,23.1726143074507,1,9
2401250,30,41,1-30-2024-041-NM1,21,1,H,10,61,1,888,888,888,8,999,98,2,28.3509494483113,10,9
2402153,81,44,1-81-2024-044-NM2,22,1,A,10,61,1,888,888,888,8,999,98,2,2513.96756463306,8,9
2400923,21,22,1-21-2024-022-NM1,21,1,G,10,61,1,888,888,888,8,999,98,2,12.4076963253184,11,9
2401353,10,20,1-10-2024-020-NM2,22,1,A,10,61,1,888,888,888,8,999,98,1,1035.08583897877,4,9
2402381,27,75,1-27-2024-075-NM2,22,1,D,10,61,1,888,888,888,8,999,98,1,58.8273813617497,3,9
2402168,48,72,1-48-2024-072-NM2,22,1,A,1,708,1,999,999,999,0,999,98,2,76.3842355060005,12,9
2402620,31,52,1-31-2024-052-NM2,22,1,A,1,703,1,85,17,4,0,711,5,1,197.377933176122,6,9
2402620,31,52,1-31-2024-052-NM2,22,1,B,5,770,1,156,59,1,0,101,5,2,197.377933176122,6,9
2400825,10,13,1-10-2024-013-NM1,21,1,A,2,733,1,999,999,999,8,999,2,3,60.5767032793963,4,9
2402306,30,80,1-30-2024-080-NM2,22,1,A,10,61,1,888,888,888,8,999,98,2,2370.57424915505,10,9
2402307,30,81,1-30-2024-081-NM1,21,1,A,1,703,1,75,-65,1,0,831,5,3,70.0679338170937,10,9
2402307,30,81,1-30-2024-081-NM1,21,1,B,1,702,1,70,-65,2,0,851,2,2,70.0679338170937,10,9
2402434,30,83,1-30-2024-083-NM2,22,1,A,1,700,1,60,-71,1,0,999,5,2,361.666104097377,10,9
2402434,30,83,1-30-2024-083-NM2,22,1,B,1,718,1,48,8,0,0,999,2,2,361.666104097377,10,9
2402434,30,83,1-30-2024-083-NM2,22,1,C,1,700,1,48,61,0,0,999,2,2,361.666104097377,10,9
2402434,30,83,1-30-2024-083-NM2,22,1,H,6,784,1,232,72,0,0,999,3,3,361.666104097377,10,9
2402434,30,83,1-30-2024-083-NM2,22,1,D,1,708,1,54,78,1,0,999,2,2,361.666104097377,10,9
2402434,30,83,1-30-2024-083-NM2,22,1,E,1,703,1,115,60,1,0,999,5,2,361.666104097377,10,9
2402434,30,83,1-30-2024-083-NM2,22,1,F,5,770,1,170,68,0,0,999,3,2,361.666104097377,10,9
2402434,30,83,1-30-2024-083-NM2,22,1,G,6,775,1,232,70,1,0,101,12,2,361.666104097377,10,9
2400448,82,13,1-82-2024-013-NM2,22,1,A,1,719,1,999,999,999,9,999,98,2,387.535062825824,1,9
2400448,82,13,1-82-2024-013-NM2,22,1,B,10,61,1,888,888,888,8,999,98,1,387.535062825824,1,9
2401793,20,53,1-20-2024-053-NM2,22,1,A,1,718,1,999,999,999,9,999,5,2,172.732860679058,11,9
2401793,20,53,1-20-2024-053-NM2,22,1,B,1,703,1,999,999,888,0,999,9,2,172.732860679058,11,9
2401793,20,53,1-20-2024-053-NM2,22,1,C,10,61,1,888,888,888,8,999,98,1,172.732860679058,11,9
2401489,59,49,1-59-2024-049-NM2,22,1,A,10,61,1,888,888,888,8,999,98,9,122.869992801552,6,9
2401324,66,26,1-66-2024-026-NM2,22,1,L,10,61,1,888,888,888,8,999,98,2,110.074249285118,6,9
2402972,11,82,1-11-2024-082-NM1,21,1,A,1,701,1,53,168,0,0,872,2,2,37.1071357763572,8,9
2402972,11,82,1-11-2024-082-NM1,21,1,B,1,701,1,56,150,1,1,862,5,3,37.1071357763572,8,9
2402972,11,82,1-11-2024-082-NM1,21,1,C,1,700,1,80,-2,17,0,832,1,3,37.1071357763572,8,9
2402972,11,82,1-11-2024-082-NM1,21,1,D,1,702,1,90,-2,15,0,832,1,3,37.1071357763572,8,9
2402972,11,82,1-11-2024-082-NM1,21,1,E,1,703,1,102,4,8,0,812,1,3,37.1071357763572,8,9
2402972,11,82,1-11-2024-082-NM1,21,1,F,1,703,1,102,-10,4,0,812,1,3,37.1071357763572,8,9
2402972,11,82,1-11-2024-082-NM1,21,1,G,5,770,1,112,-12,4,0,822,1,3,37.1071357763572,8,9
2402972,11,82,1-11-2024-082-NM1,21,1,H,5,770,1,183,8,2,0,752,1,3,37.1071357763572,8,9
2402972,11,82,1-11-2024-082-NM1,21,1,I,10,61,1,888,888,888,8,999,98,1,37.1071357763572,8,9
2402304,30,78,1-30-2024-078-NM1,21,1,A,1,700,1,999,999,999,9,842,3,3,42.5560416047343,10,9
2401453,22,45,1-22-2024-045-NM2,22,1,D,10,61,1,888,888,888,8,999,98,2,29.8393033504253,12,9
2402769,21,56,1-21-2024-056-NM1,21,1,C,1,702,1,70,37,7,0,839,2,1,32.5426329002838,11,9
2402769,21,56,1-21-2024-056-NM1,21,1,E,5,770,1,110,27,6,0,501,1,1,32.5426329002838,11,9
2402769,21,56,1-21-2024-056-NM1,21,1,G,6,777,1,888,888,4,0,999,1,2,32.5426329002838,11,9
2402769,21,56,1-21-2024-056-NM1,21,1,F,6,775,1,999,999,999,9,101,98,1,32.5426329002838,11,9
2402989,32,104,1-32-2024-104-NM1,21,1,A,1,703,1,83,17,0,0,999,1,3,11.6164138708606,7,9
2402434,30,83,1-30-2024-083-NM2,22,1,I,3,758,1,198,76,888,8,999,98,2,361.666104097377,10,9
2402140,77,71,1-77-2024-071-NM1,21,1,A,1,701,1,38,55,0,0,871,2,2,113.21347390618,9,9
2402140,77,71,1-77-2024-071-NM1,21,1,B,1,700,1,55,5,0,0,811,4,1,113.21347390618,9,9
2402140,77,71,1-77-2024-071-NM1,21,1,C,1,700,1,51,55,0,0,811,4,1,113.21347390618,9,9
2402304,30,78,1-30-2024-078-NM1,21,1,F,6,775,1,999,999,999,9,101,2,3,42.5560416047343,10,9
2401842,22,56,1-22-2024-056-NM2,22,1,A,10,61,1,888,888,888,8,999,98,1,24.4305122731702,12,9
2401788,69,33,1-69-2024-033-NM1,21,1,D,1,706,1,89,61,3,8,831,2,2,7.66811372485411,8,9
2402956,12,50,1-12-2024-050-NM2,22,1,A,5,770,1,100,19,2,0,731,5,2,639.059715073345,9,9
2402956,12,50,1-12-2024-050-NM2,22,1,B,1,700,1,60,100,2,0,861,5,3,639.059715073345,9,9
2401844,26,46,1-26-2024-046-NM1,21,2,F,10,61,1,888,888,888,9,999,98,1,25.7030205312635,10,9
2402420,48,79,1-48-2024-079-NM1,21,1,B,10,61,1,888,888,888,8,601,98,2,85.8427679861707,12,9
2401862,30,62,1-30-2024-062-NM2,22,1,A,10,61,1,888,888,888,9,999,98,1,511.59271785067,10,9
2403157,62,84,1-62-2024-084-NM1,21,1,D,5,770,1,135,40,1,0,519,5,3,50.4228553346501,7,9
2403157,62,84,1-62-2024-084-NM1,21,1,E,5,770,1,110,12,2,0,819,5,2,50.4228553346501,7,9
2403157,62,84,1-62-2024-084-NM1,21,1,F,5,770,2,147,-37,1,0,739,5,3,50.4228553346501,7,9
2403157,62,84,1-62-2024-084-NM1,21,1,G,5,770,2,127,-55,2,0,819,5,2,50.4228553346501,7,9
2403157,62,84,1-62-2024-084-NM1,21,1,H,2,720,2,173,-81,1,0,769,5,3,50.4228553346501,7,9
2402832,69,55,1-69-2024-055-NM1,21,1,A,1,703,1,81,-33,7,0,812,5,2,7.66811372485411,8,9
2402832,69,55,1-69-2024-055-NM1,21,1,B,5,770,1,92,-35,8,0,812,1,2,7.66811372485411,8,9
2402832,69,55,1-69-2024-055-NM1,21,1,C,6,775,1,195,-30,4,0,101,12,1,7.66811372485411,8,9
2401755,81,34,1-81-2024-034-NM1,21,1,E,10,61,1,888,888,888,9,999,98,1,46.909790827141,8,9
2402738,32,98,1-32-2024-098-NM1,21,1,B,1,700,1,57,-60,38,0,999,2,1,72.5717518696977,7,9
2402738,32,98,1-32-2024-098-NM1,21,1,D,1,706,1,71,-75,16,0,999,2,1,72.5717518696977,7,9
2402738,32,98,1-32-2024-098-NM1,21,1,F,5,770,1,90,-75,27,0,999,5,1,72.5717518696977,7,9
2402738,32,98,1-32-2024-098-NM1,21,1,G,6,775,1,57,-75,1,0,101,2,1,72.5717518696977,7,9
2401750,57,33,1-57-2024-033-NM1,21,1,G,6,775,1,260,-169,888,8,101,12,1,38.5305215581579,1,9
2401750,57,33,1-57-2024-033-NM1,21,1,I,10,61,1,999,999,999,0,999,98,1,38.5305215581579,1,9
2400832,77,29,1-77-2024-029-NM1,21,1,F,10,61,1,888,888,888,8,999,96,2,113.21347390618,9,9
2402080,11,53,1-11-2024-053-NM1,21,1,M,3,753,1,999,999,999,0,999,2,1,37.1071357763572,8,9
2402080,11,53,1-11-2024-053-NM1,21,1,N,10,61,1,888,888,888,8,999,98,1,37.1071357763572,8,9
2401535,12,28,1-12-2024-028-NM2,22,1,A,2,738,1,60,-82,0,0,999,3,3,249.68170357321,9,9
2402267,31,43,1-31-2024-043-NM2,22,1,A,10,61,1,888,888,888,8,999,98,1,197.377933176122,6,9
2403218,16,96,1-16-2024-096-NM1,21,1,A,6,775,1,251,30,0,0,999,2,3,19.3635256654646,5,9
2402254,26,62,1-26-2024-062-NM1,21,1,E,6,775,1,256,261,999,8,101,2,1,25.7030205312635,10,9
2402571,32,94,1-32-2024-094-NM1,21,1,A,1,701,1,34,77,999,0,851,2,1,27.5926066558606,7,9
2402679,13,64,1-13-2024-064-NM1,21,1,A,1,700,1,999,999,999,9,859,1,3,52.9890988226477,7,9
2402841,24,79,1-24-2024-079-NM1,21,1,E,5,770,1,999,999,999,9,711,1,2,23.1726143074507,1,9
2402841,24,79,1-24-2024-079-NM1,21,1,F,10,61,1,888,888,888,8,999,98,2,23.1726143074507,1,9
2402933,77,98,1-77-2024-098-NM1,21,1,A,6,775,1,999,999,999,0,101,96,1,113.21347390618,9,9
2403715,25,97,1-25-2024-097-NM2,22,1,A,1,700,1,134,54,0,0,851,3,1,209.921679437629,2,9
2402888,15,114,1-15-2024-114-NM2,22,1,A,10,61,1,888,888,888,8,999,98,2,35.5740146987417,1,9
2403715,25,97,1-25-2024-097-NM2,22,1,B,1,718,1,999,999,0,0,851,96,1,209.921679437629,2,9
2403028,31,63,1-31-2024-063-NM2,22,1,A,10,61,1,888,888,888,8,999,98,2,197.377933176122,6,9
2402933,77,98,1-77-2024-098-NM1,21,1,B,10,61,1,999,999,999,0,101,98,1,113.21347390618,9,9
2402696,17,89,1-17-2024-089-NM2,22,1,A,10,61,1,888,888,888,8,999,96,2,75.2169154133713,4,9
2402589,33,42,1-33-2024-042-NM2,22,1,A,10,61,1,999,999,999,9,999,98,1,361.093515754961,12,9
2402868,32,101,1-32-2024-101-NM1,21,1,A,10,61,1,888,888,888,8,999,98,2,21.5942405462542,7,9
2403193,30,111,1-30-2024-111-NM1,21,2,A,1,701,1,28,93,0,0,841,3,3,39.9148366584821,10,9
2403193,30,111,1-30-2024-111-NM1,21,2,B,1,700,1,51,93,0,0,999,2,2,39.9148366584821,10,9
2403213,24,89,1-24-2024-089-NM1,21,1,A,5,770,1,114,2,999,0,823,5,1,23.1726143074507,1,9
2403213,24,89,1-24-2024-089-NM1,21,1,B,6,775,1,191,12,999,0,101,2,1,23.1726143074507,1,9
2403275,20,88,1-20-2024-088-NM2,22,1,A,1,700,1,999,999,999,8,742,2,1,204.607683671141,11,9
2403275,20,88,1-20-2024-088-NM2,22,1,B,1,706,1,999,999,999,1,842,5,1,204.607683671141,11,9
2403275,20,88,1-20-2024-088-NM2,22,1,C,5,772,1,999,999,999,9,813,1,1,204.607683671141,11,9
2403275,20,88,1-20-2024-088-NM2,22,1,D,1,703,1,999,999,999,9,813,5,1,204.607683671141,11,9
2403275,20,88,1-20-2024-088-NM2,22,1,E,5,770,1,999,999,999,8,519,5,1,204.607683671141,11,9
2403275,20,88,1-20-2024-088-NM2,22,1,F,6,784,1,999,999,999,8,999,3,2,204.607683671141,11,9
2403193,30,111,1-30-2024-111-NM1,21,2,C,1,706,1,63,93,0,0,999,9,2,39.9148366584821,10,9
2400470,30,16,1-30-2024-016-NM2,22,1,A,10,61,1,999,999,888,8,999,98,1,614.931666902505,10,9
2400662,26,13,1-26-2024-013-NM2,22,1,A,10,61,1,888,888,888,8,999,98,1,1176.30815772609,10,9
2400820,81,20,1-81-2024-020-NM1,21,1,A,1,701,2,70,75,999,0,851,2,2,29.8109810103183,8,9
2400820,81,20,1-81-2024-020-NM1,21,1,B,1,700,2,75,80,999,0,831,2,2,29.8109810103183,8,9
2400820,81,20,1-81-2024-020-NM1,21,1,C,1,706,2,80,85,888,8,821,5,2,29.8109810103183,8,9
2400820,81,20,1-81-2024-020-NM1,21,1,D,1,703,1,95,11,3,0,821,5,2,29.8109810103183,8,9
2400820,81,20,1-81-2024-020-NM1,21,1,E,5,770,1,112,11,8,8,821,5,2,29.8109810103183,8,9
2400820,81,20,1-81-2024-020-NM1,21,1,F,5,770,1,108,-27,0,8,731,5,2,29.8109810103183,8,9
2400820,81,20,1-81-2024-020-NM1,21,1,G,5,770,1,112,-35,1,8,761,5,2,29.8109810103183,8,9
2403003,26,86,1-26-2024-086-NM1,21,1,A,10,61,1,888,888,888,8,999,98,2,25.7030205312635,10,9
2400820,81,20,1-81-2024-020-NM1,21,1,H,5,772,2,85,80,999,0,831,5,2,29.8109810103183,8,9
2400820,81,20,1-81-2024-020-NM1,21,1,I,6,775,1,203,43,0,8,101,2,2,29.8109810103183,8,9
2400820,81,20,1-81-2024-020-NM1,21,1,J,6,775,1,205,25,0,8,711,2,2,29.8109810103183,8,9
2400820,81,20,1-81-2024-020-NM1,21,1,K,3,753,2,240,100,0,8,601,2,2,29.8109810103183,8,9
2400820,81,20,1-81-2024-020-NM1,21,1,L,10,61,1,888,888,888,8,999,98,1,29.8109810103183,8,9
2400820,81,20,1-81-2024-020-NM1,21,1,M,10,61,2,888,888,888,8,999,96,1,29.8109810103183,8,9
2403213,24,89,1-24-2024-089-NM1,21,1,C,5,774,1,287,12,999,0,101,1,2,23.1726143074507,1,9
2400846,82,22,1-82-2024-022-NM2,22,1,A,10,61,1,999,999,888,8,999,98,1,774.715121583303,1,9
2403020,22,90,1-22-2024-090-NM2,22,1,A,10,61,1,888,888,888,8,999,98,2,24.4305122731702,12,9
2402956,12,50,1-12-2024-050-NM2,22,1,C,10,61,1,888,888,888,8,999,98,2,639.059715073345,9,9
2403858,77,129,1-77-2024-129-NM1,21,1,A,1,700,1,68,22,0,0,841,9,2,113.21347390618,9,9
2402661,10,39,1-10-2024-039-NM2,22,1,A,10,61,1,888,888,888,8,999,98,2,340.440602144735,4,9
2402754,26,79,1-26-2024-079-NM2,22,1,B,10,61,1,888,888,888,8,999,98,2,1030.55932741376,10,9
2403346,24,92,1-24-2024-092-NM1,21,1,A,1,700,1,69,-58,3,0,999,1,1,23.1726143074507,1,9
2403849,62,106,1-62-2024-106-NM1,21,1,A,6,775,1,999,999,13,0,999,12,2,41.0383325582026,7,9
2402543,25,60,1-25-2024-060-NM1,21,1,I,6,784,1,214,72,1,8,999,5,1,46.3961698932894,2,9
2403858,77,129,1-77-2024-129-NM1,21,1,B,1,700,1,77,63,0,0,851,9,2,113.21347390618,9,9
2403858,77,129,1-77-2024-129-NM1,21,1,C,1,700,1,51,82,0,0,861,4,2,113.21347390618,9,9
2403858,77,129,1-77-2024-129-NM1,21,1,D,5,770,1,122,48,0,0,811,3,1,113.21347390618,9,9
2403858,77,129,1-77-2024-129-NM1,21,1,E,5,770,1,163,-45,0,0,741,9,1,113.21347390618,9,9
2402543,25,60,1-25-2024-060-NM1,21,1,J,10,61,1,888,888,888,8,999,98,2,46.3961698932894,2,9
2403858,77,129,1-77-2024-129-NM1,21,1,F,5,770,1,165,-12,0,0,731,9,1,113.21347390618,9,9
2403858,77,129,1-77-2024-129-NM1,21,1,G,5,770,1,0,157,26,0,999,98,3,113.21347390618,9,9
2403858,77,129,1-77-2024-129-NM1,21,1,H,6,775,1,257,-12,18,0,741,96,1,113.21347390618,9,9
2403858,77,129,1-77-2024-129-NM1,21,1,I,6,775,1,255,32,22,1,511,96,1,113.21347390618,9,9
2405574,16,126,1-16-2024-126-NM1,21,1,I,6,775,1,270,22,3,0,201,12,2,196.102077456907,5,9
2405574,16,126,1-16-2024-126-NM1,21,1,J,6,776,1,280,6,0,0,999,5,2,196.102077456907,5,9
2405338,27,166,1-27-2024-166-NM1,21,1,A,5,770,1,999,999,999,9,811,5,1,21.5359551258335,3,9
2405338,27,166,1-27-2024-166-NM1,21,1,B,6,775,1,999,999,999,0,101,96,1,21.5359551258335,3,9
2405338,27,166,1-27-2024-166-NM1,21,1,E,10,61,1,888,888,888,8,999,98,1,21.5359551258335,3,9
2402289,81,47,1-81-2024-047-NM1,21,1,A,10,61,1,888,888,888,8,999,98,1,30.4851567966787,8,9
2405432,69,136,1-69-2024-136-NM1,21,2,A,10,61,1,888,888,888,9,999,98,3,7.66811372485411,8,9
2405354,29,91,1-29-2024-091-NM2,22,1,A,3,756,1,888,888,999,9,999,9,3,400.603383200049,2,9
2401198,13,30,1-13-2024-030-NM2,22,1,A,1,700,1,999,999,999,0,832,3,2,1161.47481366351,7,9
2401198,13,30,1-13-2024-030-NM2,22,1,D,10,72,1,888,888,888,8,852,98,3,1161.47481366351,7,9
2403847,81,94,1-81-2024-094-NM1,21,1,A,1,700,1,77,-4,2,0,761,1,2,39.6531790525059,8,9
2403847,81,94,1-81-2024-094-NM1,21,1,B,1,702,1,93,7,888,0,741,2,2,39.6531790525059,8,9
2403847,81,94,1-81-2024-094-NM1,21,1,C,1,703,1,110,6,2,0,721,1,2,39.6531790525059,8,9
2403847,81,94,1-81-2024-094-NM1,21,1,E,5,770,1,123,9,4,0,731,1,2,39.6531790525059,8,9
2403847,81,94,1-81-2024-094-NM1,21,1,F,5,770,1,153,-6,4,0,101,1,2,39.6531790525059,8,9
2403847,81,94,1-81-2024-094-NM1,21,1,G,5,770,1,999,999,0,0,869,3,2,39.6531790525059,8,9
2404179,60,59,1-60-2024-059-NM1,21,1,B,1,700,1,999,999,0,0,852,3,2,43.22330010499,8,9
2404179,60,59,1-60-2024-059-NM1,21,1,C,1,700,1,999,999,0,0,999,9,3,43.22330010499,8,9
2404179,60,59,1-60-2024-059-NM1,21,1,D,1,702,1,999,999,1,0,812,2,2,43.22330010499,8,9
2404179,60,59,1-60-2024-059-NM1,21,1,E,1,702,1,999,999,0,0,999,3,3,43.22330010499,8,9
2404179,60,59,1-60-2024-059-NM1,21,1,F,1,703,1,999,999,2,0,742,1,2,43.22330010499,8,9
2404179,60,59,1-60-2024-059-NM1,21,1,G,5,770,1,999,999,2,0,732,1,2,43.22330010499,8,9
2404179,60,59,1-60-2024-059-NM1,21,1,H,5,770,1,999,999,4,0,712,1,2,43.22330010499,8,9
2404179,60,59,1-60-2024-059-NM1,21,1,I,10,61,1,888,888,888,8,999,98,1,43.22330010499,8,9
2401435,32,53,1-32-2024-053-NM1,21,2,A,10,61,1,888,888,888,8,999,98,2,17.0813061121433,7,9
2402535,24,69,1-24-2024-069-NM1,21,1,F,7,790,1,999,999,999,9,401,98,2,23.1726143074507,1,9
2405485,30,188,1-30-2024-188-NM1,21,2,A,3,740,1,999,999,0,0,999,3,3,122.593345242516,10,9
2405485,30,188,1-30-2024-188-NM1,21,2,B,3,756,1,888,888,888,8,999,5,2,122.593345242516,10,9
2405491,22,168,1-22-2024-168-NM2,22,1,A,10,61,1,888,888,888,8,999,98,1,63.7015832881093,12,9
2403858,77,129,1-77-2024-129-NM1,21,1,J,6,776,1,292,24,1,0,101,1,1,113.21347390618,9,9
2403858,77,129,1-77-2024-129-NM1,21,1,K,6,777,1,300,-4,0,0,761,1,1,113.21347390618,9,9
2403858,77,129,1-77-2024-129-NM1,21,1,L,1,706,1,108,81,0,0,811,2,1,113.21347390618,9,9
2403858,77,129,1-77-2024-129-NM1,21,1,M,5,787,1,110,40,0,0,501,5,1,113.21347390618,9,9
2403858,77,129,1-77-2024-129-NM1,21,1,N,3,740,1,0,99,26,0,831,96,1,113.21347390618,9,9
2403858,77,129,1-77-2024-129-NM1,21,1,O,5,774,1,228,38,999,1,811,5,1,113.21347390618,9,9
2402344,16,69,1-16-2024-069-NM1,21,1,E,5,774,1,175,-22,888,8,999,1,2,26.1808531062603,5,9
2402344,16,69,1-16-2024-069-NM1,21,1,G,10,61,1,888,888,888,8,999,96,2,26.1808531062603,5,9
2402379,26,68,1-26-2024-068-NM2,22,1,A,10,61,1,888,888,888,8,999,98,2,401.065954850307,10,9
2401724,22,52,1-22-2024-052-NM2,22,1,A,10,61,1,999,999,888,8,999,98,1,30.6635507189318,12,9
2400960,57,19,1-57-2024-019-NM1,21,2,A,10,61,1,888,888,888,8,999,98,1,15.0398443849994,1,9
2401027,16,33,1-16-2024-033-NM2,22,1,D,10,61,2,888,888,888,8,999,98,1,439.019791611487,5,9
2402344,16,69,1-16-2024-069-NM1,21,1,F,6,775,1,185,-50,999,8,732,2,2,26.1808531062603,5,9
2403772,81,91,1-81-2024-091-NM1,21,1,A,1,701,1,17,166,999,1,859,1,1,42.9814225528816,8,9
2403772,81,91,1-81-2024-091-NM1,21,1,B,1,702,1,78,220,8,1,819,5,2,42.9814225528816,8,9
2403772,81,91,1-81-2024-091-NM1,21,1,C,1,703,1,120,235,8,1,719,5,2,42.9814225528816,8,9
2403772,81,91,1-81-2024-091-NM1,21,1,D,6,775,1,220,250,999,0,101,7,1,42.9814225528816,8,9
2402307,30,81,1-30-2024-081-NM1,21,1,C,10,61,1,888,888,888,8,999,98,2,70.0679338170937,10,9
2402288,81,46,1-81-2024-046-NM2,22,1,C,10,61,1,888,888,888,9,999,98,2,2408.08347527868,8,9
2400625,60,9,1-60-2024-009-NM1,21,1,E,10,61,1,888,888,888,8,999,96,1,140.53984277194,8,9
2402288,81,46,1-81-2024-046-NM2,22,1,D,10,61,2,888,888,888,8,999,98,2,2408.08347527868,8,9
2402288,81,46,1-81-2024-046-NM2,22,1,E,2,720,1,999,999,999,0,501,1,3,2408.08347527868,8,9
2403616,32,123,1-32-2024-123-NM1,21,1,A,1,706,1,999,999,999,0,999,2,3,73.4062485290255,7,9
2403616,32,123,1-32-2024-123-NM1,21,1,B,5,770,1,999,999,999,0,999,1,3,73.4062485290255,7,9
2403616,32,123,1-32-2024-123-NM1,21,1,C,6,775,1,999,999,999,0,999,2,3,73.4062485290255,7,9
2402198,11,55,1-11-2024-055-NM1,21,1,B,3,755,1,888,888,999,8,719,98,1,37.1071357763572,8,9
2402198,11,55,1-11-2024-055-NM1,21,1,C,3,750,1,888,888,888,9,831,5,1,37.1071357763572,8,9
2402210,25,53,1-25-2024-053-NM2,22,1,I,10,61,1,888,888,888,8,999,98,2,202.399293704263,2,9
2403378,16,98,1-16-2024-098-NM1,21,1,A,1,701,1,43,33,888,0,851,3,2,23.4984908001716,5,9
2403378,16,98,1-16-2024-098-NM1,21,1,B,1,701,1,47,27,888,8,841,2,2,23.4984908001716,5,9
2403378,16,98,1-16-2024-098-NM1,21,1,C,1,718,1,54,8,888,8,811,2,2,23.4984908001716,5,9
2403378,16,98,1-16-2024-098-NM1,21,1,D,1,700,1,55,60,888,0,811,2,2,23.4984908001716,5,9
2403378,16,98,1-16-2024-098-NM1,21,1,E,1,706,1,75,60,888,0,731,2,2,23.4984908001716,5,9
2403378,16,98,1-16-2024-098-NM1,21,1,F,1,703,1,80,45,3,8,711,5,2,23.4984908001716,5,9
2403378,16,98,1-16-2024-098-NM1,21,1,G,5,770,1,161,43,12,8,101,5,2,23.4984908001716,5,9
2403378,16,98,1-16-2024-098-NM1,21,1,H,10,61,1,888,888,888,8,999,98,1,23.4984908001716,5,9
2402228,27,70,1-27-2024-070-NM2,22,1,H,10,61,1,888,888,888,8,999,98,1,30.6673615919684,3,9
2402952,30,102,1-30-2024-102-NM1,21,2,A,10,61,1,888,888,888,8,999,98,1,73.645145385009,10,9
2402995,27,96,1-27-2024-096-NM2,22,1,A,10,61,1,888,888,888,8,999,98,1,45.5428338265018,3,9
2402148,59,67,1-59-2024-067-NM1,21,1,A,10,61,1,888,888,888,8,999,98,2,62.3822922049643,6,9
2402767,27,90,1-27-2024-090-NM2,22,1,B,10,61,1,888,888,888,8,711,98,1,33.2945661482558,3,9
2402243,15,87,1-15-2024-087-NM2,22,1,A,10,61,1,888,888,888,8,999,98,2,35.7446223566179,1,9
2402638,82,63,1-82-2024-063-NM2,22,1,A,10,61,1,888,888,888,8,999,98,1,317.115950685831,1,9
2402304,30,78,1-30-2024-078-NM1,21,1,E,6,784,1,999,999,999,8,712,1,2,42.5560416047343,10,9
2402304,30,78,1-30-2024-078-NM1,21,1,D,2,720,1,999,999,999,0,832,5,1,42.5560416047343,10,9
2402304,30,78,1-30-2024-078-NM1,21,1,B,1,706,1,999,999,999,9,812,5,2,42.5560416047343,10,9
2402304,30,78,1-30-2024-078-NM1,21,1,C,1,701,1,999,999,999,9,852,3,3,42.5560416047343,10,9
2402304,30,78,1-30-2024-078-NM1,21,1,G,10,61,1,888,888,888,8,999,98,2,42.5560416047343,10,9
2403627,26,102,1-26-2024-102-NM2,22,1,A,3,740,1,999,999,999,9,999,3,9,471.653968173224,10,9
2404053,10,70,1-10-2024-070-NM1,21,1,A,1,701,1,33,-8,3,0,872,2,2,31.3806248143146,4,9
2404053,10,70,1-10-2024-070-NM1,21,1,B,1,702,1,60,5,3,1,852,2,2,31.3806248143146,4,9
2404053,10,70,1-10-2024-070-NM1,21,1,C,1,700,1,77,3,5,0,832,5,2,31.3806248143146,4,9
2403847,81,94,1-81-2024-094-NM1,21,1,H,10,61,1,888,888,888,8,999,98,1,39.6531790525059,8,9
2403847,81,94,1-81-2024-094-NM1,21,1,D,1,703,1,110,999,999,0,741,2,2,39.6531790525059,8,9
2403858,77,129,1-77-2024-129-NM1,21,1,P,10,61,1,888,888,888,8,999,98,3,113.21347390618,9,9
2405420,30,185,1-30-2024-185-NM1,21,1,A,1,706,1,999,999,999,0,812,3,3,122.593345274421,10,9
2405870,81,152,1-81-2024-152-NM1,21,1,A,1,701,1,23,59,3,0,999,5,3,20.2135532866767,8,9
2405870,81,152,1-81-2024-152-NM1,21,1,B,1,700,1,35,34,5,0,999,5,3,20.2135532866767,8,9
2405870,81,152,1-81-2024-152-NM1,21,1,E,3,740,1,101,115,1,0,999,9,3,20.2135532866767,8,9
2405870,81,152,1-81-2024-152-NM1,21,1,D,3,740,1,139,114,1,0,999,9,3,20.2135532866767,8,9
2405870,81,152,1-81-2024-152-NM1,21,1,C,1,702,1,46,-45,5,0,999,5,3,20.2135532866767,8,9
2405870,81,152,1-81-2024-152-NM1,21,1,G,1,703,1,79,39,2,0,999,5,3,20.2135532866767,8,9
2405870,81,152,1-81-2024-152-NM1,21,1,H,6,775,1,237,31,7,1,101,12,2,20.2135532866767,8,9
2405870,81,152,1-81-2024-152-NM1,21,1,I,6,776,1,290,0,6,1,999,5,2,20.2135532866767,8,9
2404042,29,53,1-29-2024-053-NM2,22,1,A,10,61,1,888,888,888,8,999,98,2,480.123684005821,2,9
2404179,60,59,1-60-2024-059-NM1,21,1,A,1,701,1,999,999,0,0,872,3,2,43.22330010499,8,9
2404053,10,70,1-10-2024-070-NM1,21,1,D,5,770,1,116,-6,7,0,822,5,2,31.3806248143146,4,9
2402161,62,56,1-62-2024-056-NM1,21,1,E,1,700,1,60,-30,999,9,842,9,2,60.6701620601723,7,9
2402161,62,56,1-62-2024-056-NM1,21,1,F,1,706,1,72,-65,888,0,812,2,1,60.6701620601723,7,9
2402161,62,56,1-62-2024-056-NM1,21,1,G,10,61,1,888,888,888,8,999,98,2,60.6701620601723,7,9
2402195,79,44,1-79-2024-044-NM2,22,1,A,10,61,1,888,888,888,8,999,98,2,110.555038236303,8,9
2403628,26,103,1-26-2024-103-NM2,22,1,A,1,700,1,999,999,999,9,999,96,2,471.653968173224,10,9
2401790,81,35,1-81-2024-035-NM1,21,1,D,2,733,1,999,999,999,8,999,2,2,46.909790827141,8,9
2404051,59,121,1-59-2024-121-NM2,22,1,A,1,700,1,999,999,999,0,841,98,2,778.982106600467,6,9
2401790,81,35,1-81-2024-035-NM1,21,1,E,2,722,1,999,999,888,8,999,3,2,46.909790827141,8,9
2404051,59,121,1-59-2024-121-NM2,22,1,B,1,702,1,999,999,999,0,731,98,1,778.982106600467,6,9
2401790,81,35,1-81-2024-035-NM1,21,1,F,10,61,1,888,888,888,8,999,98,1,46.909790827141,8,9
2402106,82,48,1-82-2024-048-NM2,22,1,A,10,61,1,888,888,888,8,999,98,2,217.855164636431,1,9
2403191,12,53,1-12-2024-053-NM2,22,1,B,10,61,1,888,888,888,8,712,98,1,279.612696685556,9,9
2403754,21,79,1-21-2024-079-NM1,21,1,A,1,701,1,40,128,6,0,852,5,2,15.3205421761938,11,9
2403754,21,79,1-21-2024-079-NM1,21,1,B,1,700,1,47,136,0,0,862,3,2,15.3205421761938,11,9
2402124,28,61,1-28-2024-061-NM2,22,1,C,10,61,1,888,888,888,8,999,98,1,37.9334438090452,3,9
2402140,77,71,1-77-2024-071-NM1,21,1,D,1,703,1,73,21,0,8,511,3,2,113.21347390618,9,9
2402140,77,71,1-77-2024-071-NM1,21,1,E,10,61,1,888,888,888,8,999,98,1,113.21347390618,9,9
2404163,25,113,1-25-2024-113-NM2,22,1,A,3,750,1,888,888,0,0,749,96,2,217.706177804094,2,9
2403403,29,33,1-29-2024-033-NM2,22,1,A,10,61,1,888,888,888,8,999,98,2,717.115181555973,2,9
2402377,15,93,1-15-2024-093-NM2,22,1,A,10,61,1,888,888,888,8,999,98,1,172.627983004139,1,9
2402083,24,50,1-24-2024-050-NM1,21,1,C,10,61,1,888,888,888,8,101,98,2,23.1726143074507,1,9
2402515,22,71,1-22-2024-071-NM2,22,1,A,10,61,1,888,888,888,8,832,98,1,85.2845477308788,12,9
2404202,52,45,1-52-2024-045-NM1,21,1,A,1,701,1,32,64,888,0,999,98,2,23.3488363699868,12,9
2404202,52,45,1-52-2024-045-NM1,21,1,B,1,706,1,32,64,1,0,999,5,2,23.3488363699868,12,9
2404202,52,45,1-52-2024-045-NM1,21,1,C,1,703,1,90,61,7,0,999,5,2,23.3488363699868,12,9
2403370,32,117,1-32-2024-117-NM1,21,1,A,10,61,1,888,888,888,8,999,98,2,24.6793297433215,7,9
2402502,32,90,1-32-2024-090-NM1,21,1,A,10,61,1,888,888,888,8,999,98,1,20.533614820255,7,9
2401752,13,46,1-13-2024-046-NM2,22,1,B,10,61,1,888,888,888,8,999,98,2,2482.68938093394,7,9
2403799,69,82,1-69-2024-082-NM1,21,1,A,5,770,1,98,-16,1,0,752,4,1,12.0111452927932,8,9
2403799,69,82,1-69-2024-082-NM1,21,1,B,5,770,1,100,2,1,0,752,9,2,12.0111452927932,8,9
2403799,69,82,1-69-2024-082-NM1,21,1,C,6,776,1,277,-26,14,0,712,1,1,12.0111452927932,8,9
2403799,69,82,1-69-2024-082-NM1,21,1,D,6,777,1,290,-23,3,0,101,1,1,12.0111452927932,8,9
2403799,69,82,1-69-2024-082-NM1,21,1,E,6,775,1,238,4,14,0,712,12,1,12.0111452927932,8,9
2402769,21,56,1-21-2024-056-NM1,21,1,B,1,700,1,45,41,0,0,851,3,2,32.5426329002838,11,9
2402769,21,56,1-21-2024-056-NM1,21,1,A,1,701,1,26,30,0,0,871,3,2,32.5426329002838,11,9
2402769,21,56,1-21-2024-056-NM1,21,1,D,1,703,1,95,21,3,0,811,5,2,32.5426329002838,11,9
2402769,21,56,1-21-2024-056-NM1,21,1,H,10,61,1,888,888,888,8,999,98,1,32.5426329002838,11,9
2403509,82,89,1-82-2024-089-NM2,22,1,A,10,61,1,888,888,888,8,999,96,2,184.00474438731,1,9
2403628,26,103,1-26-2024-103-NM2,22,1,B,3,740,1,999,999,999,0,999,96,2,471.653968173224,10,9
2403628,26,103,1-26-2024-103-NM2,22,1,C,3,740,1,999,999,999,0,999,5,2,471.653968173224,10,9
2403628,26,103,1-26-2024-103-NM2,22,1,D,3,740,1,999,999,999,0,999,9,2,471.653968173224,10,9
2403628,26,103,1-26-2024-103-NM2,22,1,E,3,740,1,999,999,999,0,999,5,2,471.653968173224,10,9
2403628,26,103,1-26-2024-103-NM2,22,1,F,3,753,1,999,999,999,0,999,2,2,471.653968173224,10,9
2403628,26,103,1-26-2024-103-NM2,22,1,G,10,61,1,888,888,888,8,999,98,1,471.653968173224,10,9
2405303,30,179,1-30-2024-179-NM2,22,1,A,10,61,1,999,999,999,0,812,3,9,503.501583789456,10,9
2404502,31,95,1-31-2024-095-NM2,22,1,A,10,61,1,888,888,888,9,999,98,1,343.437603726452,6,9
2405156,10,100,1-10-2024-100-NM1,21,1,A,3,740,1,999,999,3,0,999,5,3,31.3806248143146,4,9
2405381,22,165,1-22-2024-165-NM2,22,1,A,10,61,1,888,888,888,8,821,3,1,86.2407444911639,12,9
2403550,77,119,1-77-2024-119-NM1,21,1,A,10,61,1,888,888,888,8,999,98,2,113.21347390618,9,9
2405276,77,169,1-77-2024-169-NM1,21,1,A,1,700,1,40,72,999,0,999,9,2,113.21347390618,9,9
2405276,77,169,1-77-2024-169-NM1,21,1,B,3,740,4,80,-35,999,0,511,5,1,113.21347390618,9,9
2405276,77,169,1-77-2024-169-NM1,21,1,C,5,770,4,108,60,999,0,101,5,1,113.21347390618,9,9
2405276,77,169,1-77-2024-169-NM1,21,1,D,3,753,4,86,71,999,0,511,5,1,113.21347390618,9,9
2403799,69,82,1-69-2024-082-NM1,21,1,F,1,700,1,48,3,0,8,852,3,2,12.0111452927932,8,9
2403799,69,82,1-69-2024-082-NM1,21,1,G,1,703,1,77,3,0,0,832,9,1,12.0111452927932,8,9
2403799,69,82,1-69-2024-082-NM1,21,1,H,5,770,1,105,-16,2,0,812,5,1,12.0111452927932,8,9
2403799,69,82,1-69-2024-082-NM1,21,1,I,5,770,1,164,-10,0,0,742,5,2,12.0111452927932,8,9
2403799,69,82,1-69-2024-082-NM1,21,1,J,10,61,1,888,888,888,8,999,98,2,12.0111452927932,8,9
2405428,20,129,1-20-2024-129-NM1,21,1,A,10,61,1,888,888,888,8,999,98,2,35.0220589332575,11,9
2403305,10,52,1-10-2024-052-NM1,21,2,A,10,88,1,888,888,888,8,999,96,2,48.5486424740169,4,9
2405263,81,135,1-81-2024-135-NM1,21,1,A,1,700,1,999,999,999,0,812,5,2,20.6268312285561,8,9
2405263,81,135,1-81-2024-135-NM1,21,1,B,1,702,1,999,999,999,0,722,3,2,20.6268312285561,8,9
2405263,81,135,1-81-2024-135-NM1,21,1,C,1,703,1,999,999,999,0,712,5,1,20.6268312285561,8,9
2405574,16,126,1-16-2024-126-NM1,21,1,A,1,700,1,24,-17,0,0,872,3,1,196.102077456907,5,9
2405574,16,126,1-16-2024-126-NM1,21,1,B,1,700,1,23,28,8,1,871,2,1,196.102077456907,5,9
2405574,16,126,1-16-2024-126-NM1,21,1,C,1,702,1,70,4,8,1,849,1,2,196.102077456907,5,9
2405574,16,126,1-16-2024-126-NM1,21,1,D,1,703,1,94,0,7,0,819,1,2,196.102077456907,5,9
2405574,16,126,1-16-2024-126-NM1,21,1,E,5,770,1,142,6,9,0,501,1,2,196.102077456907,5,9
2405574,16,126,1-16-2024-126-NM1,21,1,F,6,775,1,215,5,8,0,719,12,2,196.102077456907,5,9
2405574,16,126,1-16-2024-126-NM1,21,1,G,6,775,1,232,22,10,0,719,12,2,196.102077456907,5,9
2405574,16,126,1-16-2024-126-NM1,21,1,H,6,775,1,252,24,7,0,101,12,2,196.102077456907,5,9
2400618,16,20,1-16-2024-020-NM1,21,2,H,10,88,1,888,888,888,8,999,98,3,19.3635256654646,5,9
2400618,16,20,1-16-2024-020-NM1,21,2,I,10,61,1,888,888,888,8,999,98,1,19.3635256654646,5,9
2405547,30,189,1-30-2024-189-NM1,21,1,A,1,701,1,34,-19,0,0,859,3,3,33.3381262919494,10,9
2405547,30,189,1-30-2024-189-NM1,21,1,B,1,701,1,34,-36,0,0,859,3,3,33.3381262919494,10,9
2405547,30,189,1-30-2024-189-NM1,21,1,C,1,700,2,35,50,0,0,859,3,3,33.3381262919494,10,9
2405547,30,189,1-30-2024-189-NM1,21,1,D,1,700,2,35,-72,0,0,859,3,3,33.3381262919494,10,9
2405547,30,189,1-30-2024-189-NM1,21,1,E,1,700,2,44,43,0,0,859,3,3,33.3381262919494,10,9
2405547,30,189,1-30-2024-189-NM1,21,1,F,1,700,1,48,-39,0,0,849,3,3,33.3381262919494,10,9
2405547,30,189,1-30-2024-189-NM1,21,1,G,1,700,1,58,33,0,0,849,3,3,33.3381262919494,10,9
2405547,30,189,1-30-2024-189-NM1,21,1,H,1,700,1,73,-78,0,0,999,3,3,33.3381262919494,10,9
2405547,30,189,1-30-2024-189-NM1,21,1,I,5,770,2,102,31,1,0,999,5,3,33.3381262919494,10,9
2405547,30,189,1-30-2024-189-NM1,21,1,J,1,706,1,104,-78,999,8,999,98,3,33.3381262919494,10,9
2405547,30,189,1-30-2024-189-NM1,21,1,K,5,770,1,120,-75,1,0,999,5,3,33.3381262919494,10,9
2405547,30,189,1-30-2024-189-NM1,21,1,L,2,720,1,139,-91,3,0,999,5,3,33.3381262919494,10,9
2405547,30,189,1-30-2024-189-NM1,21,1,M,5,770,1,179,-67,1,0,999,5,3,33.3381262919494,10,9
2405547,30,189,1-30-2024-189-NM1,21,1,N,6,775,1,209,-71,888,8,101,96,3,33.3381262919494,10,9
2405547,30,189,1-30-2024-189-NM1,21,1,O,6,775,1,210,-56,888,8,999,2,3,33.3381262919494,10,9
2404371,22,130,1-22-2024-130-NM2,22,1,A,10,61,1,888,888,888,8,999,98,2,24.4305122731702,12,9
2401755,81,34,1-81-2024-034-NM1,21,1,D,1,700,1,999,999,999,9,849,3,3,46.909790827141,8,9
2405578,32,150,1-32-2024-150-NM1,21,1,A,1,700,1,72,-60,37,0,859,3,2,61.8412176679644,7,9
2405578,32,150,1-32-2024-150-NM1,21,1,B,1,706,1,56,-56,28,0,849,2,2,61.8412176679644,7,9
2405578,32,150,1-32-2024-150-NM1,21,1,C,2,720,1,83,-10,46,0,519,1,2,61.8412176679644,7,9
2405578,32,150,1-32-2024-150-NM1,21,1,D,2,722,1,82,46,30,0,719,1,2,61.8412176679644,7,9
2405578,32,150,1-32-2024-150-NM1,21,1,E,2,732,1,82,70,12,0,401,2,2,61.8412176679644,7,9
2405578,32,150,1-32-2024-150-NM1,21,1,F,2,738,1,78,194,12,0,999,3,2,61.8412176679644,7,9
2405578,32,150,1-32-2024-150-NM1,21,1,G,2,738,1,82,196,43,0,999,1,2,61.8412176679644,7,9
2405578,32,150,1-32-2024-150-NM1,21,1,H,2,736,1,80,286,15,0,999,1,2,61.8412176679644,7,9
2405594,27,174,1-27-2024-174-NM2,22,1,B,10,61,1,888,888,888,0,601,98,1,41.6395308351094,3,9
2405594,27,174,1-27-2024-174-NM2,22,1,C,10,61,2,888,888,888,0,823,98,1,41.6395308351094,3,9
2404354,12,79,1-12-2024-079-NM2,22,1,F,5,770,1,999,999,999,0,999,5,2,719.957760795501,9,9
2404354,12,79,1-12-2024-079-NM2,22,1,G,5,770,1,999,999,999,0,999,5,2,719.957760795501,9,9
2404354,12,79,1-12-2024-079-NM2,22,1,A,1,701,1,999,999,999,0,999,1,2,719.957760795501,9,9
2404354,12,79,1-12-2024-079-NM2,22,1,I,2,730,1,888,888,888,8,999,96,3,719.957760795501,9,9
2404182,77,135,1-77-2024-135-NM2,22,1,A,10,61,1,888,888,888,8,999,98,2,829.004115071482,9,9
2404354,12,79,1-12-2024-079-NM2,22,1,J,10,61,1,888,888,888,8,999,98,1,719.957760795501,9,9
2404354,12,79,1-12-2024-079-NM2,22,1,H,2,720,1,999,999,999,0,999,1,2,719.957760795501,9,9
2405547,30,189,1-30-2024-189-NM1,21,1,P,6,784,1,210,-79,1,0,101,1,3,33.3381262919494,10,9
2404051,59,121,1-59-2024-121-NM2,22,1,C,10,61,1,888,888,888,8,999,98,2,778.982106600467,6,9
2406259,30,213,1-30-2024-213-NM1,21,1,D,1,703,1,118,-46,999,0,741,5,3,70.0679338170937,10,9
2406259,30,213,1-30-2024-213-NM1,21,1,E,5,770,1,130,-6,999,0,722,5,3,70.0679338170937,10,9
2406259,30,213,1-30-2024-213-NM1,21,1,F,5,770,1,141,-52,999,0,761,5,3,70.0679338170937,10,9
2406259,30,213,1-30-2024-213-NM1,21,1,G,5,770,1,144,4,999,0,712,5,3,70.0679338170937,10,9
2404760,32,138,1-32-2024-138-NM1,21,1,H,3,753,1,226,83,888,8,999,2,2,41.8806863445024,7,9
2404449,11,136,1-11-2024-136-NM1,21,1,F,6,784,1,250,115,999,0,729,5,3,37.1071357763572,8,9
2404760,32,138,1-32-2024-138-NM1,21,1,I,3,754,1,888,888,888,8,999,2,2,41.8806863445024,7,9
2404760,32,138,1-32-2024-138-NM1,21,1,J,3,758,1,888,888,888,8,999,1,2,41.8806863445024,7,9
2404760,32,138,1-32-2024-138-NM1,21,1,K,3,758,1,888,888,888,8,999,5,2,41.8806863445024,7,9
2404449,11,136,1-11-2024-136-NM1,21,1,G,10,61,1,888,888,888,8,999,98,2,37.1071357763572,8,9
2404760,32,138,1-32-2024-138-NM1,21,1,E,5,772,1,103,113,5,0,831,5,2,41.8806863445024,7,9
2404760,32,138,1-32-2024-138-NM1,21,1,L,10,61,1,888,888,888,8,999,98,1,41.8806863445024,7,9
2405977,26,132,1-26-2024-132-NM1,21,1,A,1,706,1,999,999,999,0,999,2,3,29.2426811637843,10,9
2404700,69,110,1-69-2024-110-NM1,21,1,D,5,770,1,118,-35,999,0,719,3,1,7.66811372485411,8,9
2404700,69,110,1-69-2024-110-NM1,21,1,E,1,706,1,90,-55,888,9,819,2,1,7.66811372485411,8,9
2404700,69,110,1-69-2024-110-NM1,21,1,F,10,61,1,888,888,888,8,999,98,2,7.66811372485411,8,9
2404764,33,92,1-33-2024-092-NM2,22,1,A,10,61,1,888,888,888,8,999,98,2,355.828360472917,12,9
2404946,60,72,1-60-2024-072-NM1,21,1,F,5,770,1,145,35,999,0,512,5,1,43.22330010499,8,9
2404946,60,72,1-60-2024-072-NM1,21,1,G,10,61,1,888,888,888,8,999,98,2,43.22330010499,8,9
2404089,33,76,1-33-2024-076-NM2,22,1,A,10,61,1,888,888,888,8,999,98,2,228.732430580773,12,9
2404089,33,76,1-33-2024-076-NM2,22,2,A,10,61,1,888,888,888,8,999,98,2,228.732430580773,12,9
2404816,30,163,1-30-2024-163-NM2,22,1,A,10,61,1,888,888,888,8,999,98,2,814.767720332015,10,9
2405352,29,89,1-29-2024-089-NM1,21,1,C,1,703,1,110,-95,1,0,999,5,2,37.5008426016573,2,9
2405352,29,89,1-29-2024-089-NM1,21,1,D,10,61,1,888,888,888,8,999,98,1,37.5008426016573,2,9
2406368,20,150,1-20-2024-150-NM2,22,1,A,99,61,1,888,888,888,8,999,98,1,450.978616278898,11,9
2406259,30,213,1-30-2024-213-NM1,21,1,I,10,61,1,888,888,888,0,999,98,1,70.0679338170937,10,9
2405454,11,165,1-11-2024-165-NM1,21,1,A,10,61,1,888,888,888,8,101,98,1,37.1071357763572,8,9
2405547,30,189,1-30-2024-189-NM1,21,1,S,10,61,1,888,888,888,8,999,98,1,33.3381262919494,10,9
2405485,30,188,1-30-2024-188-NM1,21,2,C,3,756,1,888,888,888,8,999,5,2,122.593345242516,10,9
2402542,16,78,1-16-2024-078-NM1,21,1,F,10,61,1,888,888,888,0,871,98,1,21.9314980825962,5,9
2401592,28,42,1-28-2024-042-NM2,22,1,D,5,770,1,999,999,999,9,512,5,1,37.9334438090452,3,9
2401592,28,42,1-28-2024-042-NM2,22,1,F,10,61,1,888,888,888,8,999,98,2,37.9334438090452,3,9
2404311,19,58,1-19-2024-058-NM1,21,1,B,1,700,1,46,34,1,0,999,96,1,58.1964149408969,9,9
2404311,19,58,1-19-2024-058-NM1,21,1,D,1,702,1,67,42,1,0,999,5,1,58.1964149408969,9,9
2404311,19,58,1-19-2024-058-NM1,21,1,E,1,703,1,67,42,5,0,999,96,1,58.1964149408969,9,9
2404311,19,58,1-19-2024-058-NM1,21,1,C,1,706,1,61,30,999,0,999,2,1,58.1964149408969,9,9
2405354,29,91,1-29-2024-091-NM2,22,1,B,3,750,1,888,888,888,0,999,5,2,400.603383200049,2,9
2404045,81,98,1-81-2024-098-NM1,21,1,D,1,703,1,999,999,999,0,999,1,3,74.6147978501919,8,9
2404045,81,98,1-81-2024-098-NM1,21,1,E,5,770,1,999,999,999,0,999,1,2,74.6147978501919,8,9
2404045,81,98,1-81-2024-098-NM1,21,1,F,6,775,1,999,999,999,0,101,11,1,74.6147978501919,8,9
2404045,81,98,1-81-2024-098-NM1,21,1,G,2,720,1,999,999,999,0,999,5,2,74.6147978501919,8,9
2404045,81,98,1-81-2024-098-NM1,21,1,H,2,730,1,999,999,999,0,999,5,2,74.6147978501919,8,9
2404045,81,98,1-81-2024-098-NM1,21,1,I,2,733,1,999,999,999,0,999,5,2,74.6147978501919,8,9
2405263,81,135,1-81-2024-135-NM1,21,1,D,5,770,1,999,999,999,0,101,5,2,20.6268312285561,8,9
2405263,81,135,1-81-2024-135-NM1,21,1,E,10,61,1,888,888,888,8,999,98,1,20.6268312285561,8,9
2405420,30,185,1-30-2024-185-NM1,21,1,B,10,61,1,888,888,888,8,999,96,1,122.593345274421,10,9
2405047,33,97,1-33-2024-097-NM1,21,1,J,10,61,1,888,888,888,8,999,98,3,55.4261582929793,12,9
2405047,33,97,1-33-2024-097-NM1,21,1,K,10,61,2,888,888,888,8,999,98,3,55.4261582929793,12,9
2405604,29,93,1-29-2024-093-NM1,21,1,A,5,772,1,160,72,0,0,999,3,2,118.587450301321,2,9
2405604,29,93,1-29-2024-093-NM1,21,1,B,5,770,1,190,55,0,0,999,3,2,118.587450301321,2,9
2405604,29,93,1-29-2024-093-NM1,21,1,C,5,770,1,155,52,0,0,999,3,2,118.587450301321,2,9
2405604,29,93,1-29-2024-093-NM1,21,1,E,10,61,1,888,888,888,8,999,98,1,118.587450301321,2,9
2405578,32,150,1-32-2024-150-NM1,21,1,I,5,770,1,65,-50,999,0,819,5,2,61.8412176679644,7,9
2405578,32,150,1-32-2024-150-NM1,21,1,J,10,61,1,888,888,888,8,999,98,2,61.8412176679644,7,9
2405111,15,197,1-15-2024-197-NM2,22,1,A,10,61,1,999,999,999,8,999,98,3,69.3276767334112,1,9
2405732,29,96,1-29-2024-096-NM1,21,2,A,10,59,1,888,888,888,0,999,98,1,151.12126186189,2,9
2405732,29,96,1-29-2024-096-NM1,21,2,B,10,61,1,888,888,888,0,999,98,1,151.12126186189,2,9
2405648,14,114,1-14-2024-114-NM1,21,1,E,5,770,1,999,999,999,0,999,5,1,89.7759087557985,8,9
2405648,14,114,1-14-2024-114-NM1,21,1,F,10,61,1,888,888,888,8,999,98,1,89.7759087557985,8,9
2406239,57,194,1-57-2024-194-NM1,21,1,C,1,703,1,999,999,999,0,999,6,3,19.2604769426058,1,9
2406239,57,194,1-57-2024-194-NM1,21,1,D,1,703,1,999,999,999,0,999,3,3,19.2604769426058,1,9
2406239,57,194,1-57-2024-194-NM1,21,1,E,1,703,1,999,999,999,0,999,3,3,19.2604769426058,1,9
2406239,57,194,1-57-2024-194-NM1,21,1,F,10,61,1,888,888,888,8,999,98,3,19.2604769426058,1,9
2405856,82,164,1-82-2024-164-NM1,21,1,A,10,61,1,888,888,888,8,999,98,1,141.753382777396,1,9
2405677,69,143,1-69-2024-143-NM1,21,1,C,3,753,1,999,999,0,0,999,3,3,7.66811372485411,8,9
2405677,69,143,1-69-2024-143-NM1,21,1,D,10,72,1,888,888,888,0,999,98,1,7.66811372485411,8,9
2406194,82,169,1-82-2024-169-NM2,22,1,A,10,61,1,888,888,888,8,999,98,2,291.351098901355,1,9
2405677,69,143,1-69-2024-143-NM1,21,1,E,10,72,2,888,888,888,8,999,96,1,7.66811372485411,8,9
2405677,69,143,1-69-2024-143-NM1,21,1,F,10,61,1,888,888,888,8,999,98,1,7.66811372485411,8,9
2405677,69,143,1-69-2024-143-NM1,21,1,G,10,61,2,888,888,888,8,999,98,1,7.66811372485411,8,9
2403772,81,91,1-81-2024-091-NM1,21,1,I,10,61,1,888,888,888,8,999,96,2,42.9814225528816,8,9
2405870,81,152,1-81-2024-152-NM1,21,1,F,1,702,1,70,49,5,0,999,5,2,20.2135532866767,8,9
2405870,81,152,1-81-2024-152-NM1,21,1,K,10,61,1,888,888,888,8,999,98,1,20.2135532866767,8,9
2405485,30,188,1-30-2024-188-NM1,21,2,D,3,756,1,888,888,888,0,999,5,2,122.593345242516,10,9
2405485,30,188,1-30-2024-188-NM1,21,2,E,3,756,1,888,888,888,0,999,5,2,122.593345242516,10,9
2405485,30,188,1-30-2024-188-NM1,21,2,F,10,61,1,888,888,888,8,999,98,1,122.593345242516,10,9
2405448,60,86,1-60-2024-086-NM1,21,1,J,10,61,1,888,888,888,8,999,98,1,43.22330010499,8,9
2405527,48,179,1-48-2024-179-NM1,21,1,A,5,770,1,999,999,999,0,999,5,2,85.8427679861707,12,9
2405527,48,179,1-48-2024-179-NM1,21,1,B,5,770,1,999,999,999,0,999,5,2,85.8427679861707,12,9
2405527,48,179,1-48-2024-179-NM1,21,1,C,5,770,1,999,999,999,0,999,5,2,85.8427679861707,12,9
2405547,30,189,1-30-2024-189-NM1,21,1,Q,6,775,2,260,-54,888,0,101,12,3,33.3381262919494,10,9
2405547,30,189,1-30-2024-189-NM1,21,1,R,10,61,2,888,888,888,8,999,98,1,33.3381262919494,10,9
2404463,14,82,1-14-2024-082-NM2,22,1,C,1,701,1,110,137,0,0,999,98,3,398.655902879135,8,9
2404463,14,82,1-14-2024-082-NM2,22,1,D,7,791,1,145,147,0,0,999,9,3,398.655902879135,8,9
2404463,14,82,1-14-2024-082-NM2,22,1,E,10,61,1,888,888,888,0,999,98,1,398.655902879135,8,9
2404463,14,82,1-14-2024-082-NM2,22,1,A,5,770,1,110,75,0,0,999,3,3,398.655902879135,8,9
2405551,33,106,1-33-2024-106-NM1,21,1,A,5,770,1,94,-52,0,0,739,3,3,41.0900179301514,12,9
2404328,16,114,1-16-2024-114-NM1,21,1,A,10,61,1,888,888,888,8,999,98,2,55.2220906459898,5,9
2405042,18,126,1-18-2024-126-NM2,22,1,A,10,61,1,888,888,888,8,999,98,3,352.555780341459,6,9
2404582,24,129,1-24-2024-129-NM1,21,1,B,1,706,1,105,-60,888,8,829,2,1,23.1726143074507,1,9
2404582,24,129,1-24-2024-129-NM1,21,1,D,1,703,1,110,-62,3,0,999,1,1,23.1726143074507,1,9
2404582,24,129,1-24-2024-129-NM1,21,1,E,2,720,1,130,-70,999,9,511,1,1,23.1726143074507,1,9
2404582,24,129,1-24-2024-129-NM1,21,1,F,5,770,1,165,-65,3,0,711,1,1,23.1726143074507,1,9
2404582,24,129,1-24-2024-129-NM1,21,1,G,2,732,1,220,-75,999,8,749,98,2,23.1726143074507,1,9
2402168,48,72,1-48-2024-072-NM2,22,1,B,10,61,1,888,888,888,0,999,98,1,76.3842355060005,12,9
2405849,18,144,1-18-2024-144-NM2,22,1,A,10,61,1,888,888,888,8,999,98,3,131.063519990856,6,9
2405730,26,128,1-26-2024-128-NM1,21,1,A,1,701,1,25,40,888,0,871,2,2,26.5232523906936,10,9
2405730,26,128,1-26-2024-128-NM1,21,1,B,1,703,1,110,35,6,1,811,1,2,26.5232523906936,10,9
2405730,26,128,1-26-2024-128-NM1,21,1,C,6,776,1,190,48,888,0,999,1,3,26.5232523906936,10,9
2405730,26,128,1-26-2024-128-NM1,21,1,D,6,777,1,295,50,888,0,999,3,3,26.5232523906936,10,9
2405730,26,128,1-26-2024-128-NM1,21,1,E,6,782,1,320,48,999,0,999,3,2,26.5232523906936,10,9
2404477,27,140,1-27-2024-140-NM2,22,1,D,10,61,1,888,888,888,8,999,98,1,26.6993316813968,3,9
2405677,69,143,1-69-2024-143-NM1,21,1,A,6,775,1,238,57,6,0,711,12,1,7.66811372485411,8,9
2405677,69,143,1-69-2024-143-NM1,21,1,B,3,740,1,163,102,0,0,841,3,3,7.66811372485411,8,9
2404542,10,84,1-10-2024-084-NM2,22,1,A,10,61,1,888,888,888,8,999,98,1,303.372657865986,4,9
2404327,16,113,1-16-2024-113-NM1,21,1,C,5,770,1,999,-35,1,0,819,9,2,55.2220906582399,5,9
2404327,16,113,1-16-2024-113-NM1,21,1,D,10,61,1,888,888,888,8,999,98,2,55.2220906582399,5,9
2404592,11,140,1-11-2024-140-NM1,21,1,A,1,702,1,999,999,999,0,999,2,2,37.1071357763572,8,9
2404374,29,60,1-29-2024-060-NM1,21,1,E,5,770,1,118,-35,2,0,511,1,2,40.3751173333703,2,9
2404311,19,58,1-19-2024-058-NM1,21,1,G,10,61,1,888,888,888,8,999,98,1,58.1964149408969,9,9
2402625,21,52,1-21-2024-052-NM2,22,1,D,1,703,1,73,94,999,8,601,5,1,1946.80039165077,11,9
2402625,21,52,1-21-2024-052-NM2,22,1,E,5,770,1,75,94,999,8,601,5,1,1946.80039165077,11,9
2402625,21,52,1-21-2024-052-NM2,22,1,F,5,772,1,90,94,999,8,601,5,1,1946.80039165077,11,9
2402625,21,52,1-21-2024-052-NM2,22,1,G,6,775,1,238,114,888,8,101,12,1,1946.80039165077,11,9
2402625,21,52,1-21-2024-052-NM2,22,1,H,6,784,1,238,117,0,8,101,3,1,1946.80039165077,11,9
2402625,21,52,1-21-2024-052-NM2,22,1,I,3,753,1,242,125,888,8,712,2,1,1946.80039165077,11,9
2402625,21,52,1-21-2024-052-NM2,22,1,J,10,61,1,888,888,888,8,999,98,1,1946.80039165077,11,9
2402535,24,69,1-24-2024-069-NM1,21,1,B,1,700,1,999,999,999,0,999,3,2,23.1726143074507,1,9
2402535,24,69,1-24-2024-069-NM1,21,1,C,1,700,1,999,999,999,0,999,2,2,23.1726143074507,1,9
2402535,24,69,1-24-2024-069-NM1,21,1,D,8,802,1,999,999,999,1,999,2,2,23.1726143074507,1,9
2402535,24,69,1-24-2024-069-NM1,21,1,E,10,61,1,888,888,888,8,999,98,1,23.1726143074507,1,9
2403886,24,109,1-24-2024-109-NM1,21,2,A,1,701,1,23,46,0,0,859,96,2,23.1726143074507,1,9
2403886,24,109,1-24-2024-109-NM1,21,2,B,1,700,1,33,39,0,0,851,3,2,23.1726143074507,1,9
2402571,32,94,1-32-2024-094-NM1,21,1,B,1,706,1,50,73,999,8,831,5,2,27.5926066558606,7,9
2402571,32,94,1-32-2024-094-NM1,21,1,D,3,740,1,62,80,999,8,999,5,2,27.5926066558606,7,9
2402571,32,94,1-32-2024-094-NM1,21,1,E,3,753,1,213,80,888,8,999,5,2,27.5926066558606,7,9
2402571,32,94,1-32-2024-094-NM1,21,1,F,10,61,1,999,999,888,8,999,98,1,27.5926066558606,7,9
2404029,82,106,1-82-2024-106-NM2,22,1,A,10,61,1,888,888,888,8,999,98,1,313.918669121444,1,9
2404374,29,60,1-29-2024-060-NM1,21,1,A,5,770,1,97,-24,3,0,811,1,2,40.3751173333703,2,9
2404374,29,60,1-29-2024-060-NM1,21,1,B,6,775,1,183,-19,4,1,101,2,2,40.3751173333703,2,9
2404374,29,60,1-29-2024-060-NM1,21,1,C,6,775,1,171,-37,2,1,769,2,2,40.3751173333703,2,9
2404374,29,60,1-29-2024-060-NM1,21,1,D,6,775,1,241,-25,1,0,769,2,2,40.3751173333703,2,9
2402620,31,52,1-31-2024-052-NM2,22,1,C,1,706,1,75,65,888,0,511,98,3,197.377933176122,6,9
2402620,31,52,1-31-2024-052-NM2,22,1,D,1,702,1,80,17,999,0,999,5,2,197.377933176122,6,9
2402933,77,98,1-77-2024-098-NM1,21,1,C,1,700,1,999,999,999,9,999,3,3,113.21347390618,9,9
2405355,67,48,1-67-2024-048-NM2,22,1,I,10,61,1,888,888,888,8,999,98,2,466.844383438263,7,9
2401487,59,47,1-59-2024-047-NM2,22,1,A,10,61,1,888,888,888,8,999,98,3,122.869992801552,6,9
2406132,10,129,1-10-2024-129-NM1,21,1,B,10,88,1,888,888,888,8,999,98,3,31.3806248143146,4,9
2404276,81,106,1-81-2024-106-NM1,21,1,A,1,702,1,69,70,2,0,851,5,3,34.7221032435964,8,9
2404276,81,106,1-81-2024-106-NM1,21,1,B,5,770,1,105,77,1,0,819,3,3,34.7221032435964,8,9
2404276,81,106,1-81-2024-106-NM1,21,1,C,5,770,1,192,238,1,0,729,3,3,34.7221032435964,8,9
2404276,81,106,1-81-2024-106-NM1,21,1,D,2,720,1,164,270,1,0,519,3,3,34.7221032435964,8,9
2404276,81,106,1-81-2024-106-NM1,21,1,E,6,775,1,222,202,10,1,101,12,2,34.7221032435964,8,9
2404276,81,106,1-81-2024-106-NM1,21,1,F,2,722,1,211,50,1,0,729,3,3,34.7221032435964,8,9
2404276,81,106,1-81-2024-106-NM1,21,1,G,2,732,1,229,244,23,1,999,5,2,34.7221032435964,8,9
2404276,81,106,1-81-2024-106-NM1,21,1,H,2,729,1,380,224,6,1,859,5,2,34.7221032435964,8,9
2402547,59,79,1-59-2024-079-NM1,21,1,M,10,61,1,888,888,888,8,999,98,1,62.3822922049643,6,9
2402679,13,64,1-13-2024-064-NM1,21,1,F,10,61,1,888,888,888,8,999,98,1,52.9890988226477,7,9
2403644,21,77,1-21-2024-077-NM2,22,1,A,10,61,1,888,888,888,8,999,98,2,1397.14293235216,11,9
2403218,16,96,1-16-2024-096-NM1,21,1,B,10,61,1,888,888,888,8,999,98,2,19.3635256654646,5,9
2404012,32,127,1-32-2024-127-NM1,21,1,A,1,702,1,999,999,999,0,999,1,3,81.1432128652192,7,9
2402738,32,98,1-32-2024-098-NM1,21,1,A,1,701,1,30,-75,999,9,999,2,2,72.5717518696977,7,9
2402738,32,98,1-32-2024-098-NM1,21,1,E,1,703,1,77,-65,2,0,999,5,2,72.5717518696977,7,9
2402738,32,98,1-32-2024-098-NM1,21,1,H,10,61,1,999,999,888,8,999,98,1,72.5717518696977,7,9
2402738,32,98,1-32-2024-098-NM1,21,1,C,1,702,1,70,-65,5,0,999,5,2,72.5717518696977,7,9
2404327,16,113,1-16-2024-113-NM1,21,1,A,1,703,1,999,-25,1,0,823,1,2,55.2220906582399,5,9
2404327,16,113,1-16-2024-113-NM1,21,1,B,5,770,1,999,-62,1,0,101,1,2,55.2220906582399,5,9
2403432,62,93,1-62-2024-093-NM2,22,1,A,10,61,1,888,888,888,8,999,98,2,1033.17136515517,7,9
2403616,32,123,1-32-2024-123-NM1,21,1,D,2,733,1,999,999,999,9,999,96,2,73.4062485290255,7,9
2403616,32,123,1-32-2024-123-NM1,21,1,E,1,700,1,999,999,999,9,999,2,2,73.4062485290255,7,9
2403616,32,123,1-32-2024-123-NM1,21,1,F,1,703,1,999,999,999,9,999,1,3,73.4062485290255,7,9
2404160,25,110,1-25-2024-110-NM2,22,1,A,3,740,1,888,888,999,9,999,5,2,217.706177804094,2,9
2404160,25,110,1-25-2024-110-NM2,22,1,B,3,750,1,888,888,999,9,811,5,1,217.706177804094,2,9
2404160,25,110,1-25-2024-110-NM2,22,1,C,3,758,1,888,888,999,9,871,5,1,217.706177804094,2,9
2403616,32,123,1-32-2024-123-NM1,21,1,G,6,776,1,999,999,999,8,999,5,3,73.4062485290255,7,9
2403616,32,123,1-32-2024-123-NM1,21,1,H,6,777,1,999,999,999,9,999,3,3,73.4062485290255,7,9
2403616,32,123,1-32-2024-123-NM1,21,1,I,10,61,1,888,888,888,8,999,98,3,73.4062485290255,7,9
2403106,32,110,1-32-2024-110-NM1,21,1,A,10,61,1,888,888,888,8,999,98,1,25.3988337354055,7,9
2400730,32,22,1-32-2024-022-NM1,21,1,D,6,777,1,999,999,999,8,999,5,2,10.9241646727683,7,9
2400730,32,22,1-32-2024-022-NM1,21,1,E,10,61,1,888,888,888,8,999,98,1,10.9241646727683,7,9
2402975,24,81,1-24-2024-081-NM2,22,1,A,10,61,1,888,888,888,8,999,98,1,262.129476205265,1,9
2402114,22,63,1-22-2024-063-NM2,22,1,A,10,61,1,888,888,888,8,999,98,2,82.628551642103,12,9
2404477,27,140,1-27-2024-140-NM2,22,1,A,3,754,1,888,888,0,0,811,3,1,26.6993316813968,3,9
2404477,27,140,1-27-2024-140-NM2,22,1,B,3,750,1,888,888,0,0,851,3,1,26.6993316813968,3,9
2404477,27,140,1-27-2024-140-NM2,22,1,C,3,750,1,888,888,0,0,851,3,1,26.6993316813968,3,9
2404045,81,98,1-81-2024-098-NM1,21,1,A,1,700,1,999,999,999,9,819,5,1,74.6147978501919,8,9
2404045,81,98,1-81-2024-098-NM1,21,1,B,1,706,1,999,999,999,0,999,2,3,74.6147978501919,8,9
2404045,81,98,1-81-2024-098-NM1,21,1,C,1,703,1,999,999,999,9,999,1,3,74.6147978501919,8,9
2404587,25,122,1-25-2024-122-NM2,22,1,A,3,756,1,999,999,0,0,996,3,1,117.391789482128,2,9
2404117,24,116,1-24-2024-116-NM2,22,1,A,10,61,1,888,888,888,8,999,98,1,150.695729579903,1,9
2403198,33,54,1-33-2024-054-NM1,21,1,F,5,781,1,888,888,0,0,999,9,1,55.7364737376608,12,9
2405218,28,164,1-28-2024-164-NM2,22,1,B,2,724,1,888,888,888,8,999,3,2,142.962485684357,3,9
2405218,28,164,1-28-2024-164-NM2,22,1,C,2,730,1,888,888,888,8,999,3,2,142.962485684357,3,9
2406389,29,113,1-29-2024-113-NM1,21,1,A,1,701,1,25,-10,1,9,859,1,2,107.444469820023,2,9
2406389,29,113,1-29-2024-113-NM1,21,1,B,1,702,1,65,-15,1,0,849,2,2,107.444469820023,2,9
2406389,29,113,1-29-2024-113-NM1,21,1,C,5,770,1,105,-15,4,0,819,1,2,107.444469820023,2,9
2406389,29,113,1-29-2024-113-NM1,21,1,D,5,770,1,110,-35,1,0,501,1,2,107.444469820023,2,9
2406389,29,113,1-29-2024-113-NM1,21,1,E,5,770,1,135,-25,0,0,769,9,3,107.444469820023,2,9
2406389,29,113,1-29-2024-113-NM1,21,1,F,5,770,1,144,55,0,0,769,9,3,107.444469820023,2,9
2406389,29,113,1-29-2024-113-NM1,21,1,G,6,775,1,207,-30,12,0,101,12,2,107.444469820023,2,9
2404890,30,167,1-30-2024-167-NM2,22,1,F,5,770,1,999,999,999,0,829,5,2,814.767720370494,10,9
2404890,30,167,1-30-2024-167-NM2,22,1,G,5,770,1,999,999,999,0,601,5,2,814.767720370494,10,9
2404890,30,167,1-30-2024-167-NM2,22,1,H,5,770,1,999,999,999,0,101,5,2,814.767720370494,10,9
2406065,79,118,1-79-2024-118-NM1,21,1,A,5,770,1,144,-250,2,0,711,5,2,131.970085856043,8,9
2406065,79,118,1-79-2024-118-NM1,21,1,B,5,770,1,111,-233,3,0,831,5,2,131.970085856043,8,9
2404890,30,167,1-30-2024-167-NM2,22,1,I,10,61,1,888,888,888,8,999,98,1,814.767720370494,10,9
2406091,32,158,1-32-2024-158-NM1,21,1,A,1,700,1,999,999,999,0,859,2,3,128.080968764564,7,9
2406091,32,158,1-32-2024-158-NM1,21,1,B,1,703,1,999,999,999,0,813,5,3,128.080968764564,7,9
2406091,32,158,1-32-2024-158-NM1,21,1,C,6,775,1,999,999,999,0,101,2,3,128.080968764564,7,9
2406002,81,159,1-81-2024-159-NM1,21,1,A,4,762,1,999,999,999,0,712,5,1,21.098194093673,8,9
2404906,77,155,1-77-2024-155-NM1,21,1,J,10,61,1,888,888,888,8,999,98,1,113.21347390618,9,9
2404970,20,120,1-20-2024-120-NM1,21,1,D,10,61,1,888,888,888,8,999,98,1,42.5846152120555,11,9
2406207,22,188,1-22-2024-188-NM2,22,1,A,10,61,1,888,888,888,8,999,98,2,24.4305122731702,12,9
2405074,16,123,1-16-2024-123-NM1,21,2,A,2,730,1,888,888,999,0,401,5,2,43.3211199928482,5,9
2405074,16,123,1-16-2024-123-NM1,21,2,B,10,61,1,888,888,888,8,999,98,1,43.3211199928482,5,9
2405993,29,104,1-29-2024-104-NM1,21,1,A,10,61,1,888,888,888,8,999,98,3,46.066249775962,2,9
2406292,22,191,1-22-2024-191-NM2,22,1,B,5,770,1,999,999,999,9,999,3,1,24.4305122731702,12,9
2406292,22,191,1-22-2024-191-NM2,22,1,C,1,700,1,999,999,999,9,839,3,2,24.4305122731702,12,9
2405354,29,91,1-29-2024-091-NM2,22,1,D,10,61,1,888,888,888,8,999,98,2,400.603383200049,2,9
2405354,29,91,1-29-2024-091-NM2,22,1,C,10,61,2,888,888,888,8,999,98,2,400.603383200049,2,9
2405394,10,107,1-10-2024-107-NM1,21,1,G,1,703,1,80,40,999,0,831,3,1,36.1764362071444,4,9
2404890,30,167,1-30-2024-167-NM2,22,1,E,1,703,1,999,999,999,9,999,2,2,814.767720370494,10,9
2401592,28,42,1-28-2024-042-NM2,22,1,E,5,770,1,999,999,999,9,732,5,2,37.9334438090452,3,9
2403500,32,122,1-32-2024-122-NM1,21,1,B,10,61,1,888,888,888,8,999,98,2,14.4199310356771,7,9
2404970,20,120,1-20-2024-120-NM1,21,1,B,1,702,1,108,-10,888,0,512,2,1,42.5846152120555,11,9
2404970,20,120,1-20-2024-120-NM1,21,1,A,1,700,1,78,-22,0,0,812,3,3,42.5846152120555,11,9
2404706,11,142,1-11-2024-142-NM1,21,1,A,1,700,1,999,999,999,0,851,1,3,37.1071357763572,8,9
2404706,11,142,1-11-2024-142-NM1,21,1,B,1,706,1,999,999,999,0,999,3,3,37.1071357763572,8,9
2404706,11,142,1-11-2024-142-NM1,21,1,C,5,770,1,999,999,999,0,999,3,3,37.1071357763572,8,9
2404706,11,142,1-11-2024-142-NM1,21,1,D,3,740,1,999,999,999,0,999,3,3,37.1071357763572,8,9
2404706,11,142,1-11-2024-142-NM1,21,1,E,3,740,1,999,999,999,0,999,3,3,37.1071357763572,8,9
2404706,11,142,1-11-2024-142-NM1,21,1,F,6,775,1,999,999,999,0,101,2,2,37.1071357763572,8,9
2404706,11,142,1-11-2024-142-NM1,21,1,G,3,753,1,999,999,999,0,999,3,3,37.1071357763572,8,9
2404706,11,142,1-11-2024-142-NM1,21,1,H,9,828,1,999,999,999,0,999,3,3,37.1071357763572,8,9
2405353,29,90,1-29-2024-090-NM2,22,1,A,5,770,1,118,54,0,0,999,3,2,400.603383200049,2,9
2404760,32,138,1-32-2024-138-NM1,21,1,A,1,701,1,21,67,3,0,861,2,1,41.8806863445024,7,9
2404760,32,138,1-32-2024-138-NM1,21,1,B,1,708,1,26,67,888,1,871,2,2,41.8806863445024,7,9
2404760,32,138,1-32-2024-138-NM1,21,1,C,1,700,1,36,999,0,0,851,2,2,41.8806863445024,7,9
2401750,57,33,1-57-2024-033-NM1,21,1,H,6,784,1,999,999,999,8,101,96,1,38.5305215581579,1,9
2404012,32,127,1-32-2024-127-NM1,21,1,B,1,706,1,999,999,999,0,999,2,2,81.1432128652192,7,9
2404012,32,127,1-32-2024-127-NM1,21,1,C,5,770,1,999,999,999,0,999,5,2,81.1432128652192,7,9
2404012,32,127,1-32-2024-127-NM1,21,1,D,10,61,1,888,888,888,8,999,98,1,81.1432128652192,7,9
2405355,67,48,1-67-2024-048-NM2,22,1,A,1,700,1,44,-53,2,0,996,2,2,466.844383438263,7,9
2405355,67,48,1-67-2024-048-NM2,22,1,B,5,770,1,119,-37,8,1,601,5,2,466.844383438263,7,9
2405355,67,48,1-67-2024-048-NM2,22,1,C,6,775,1,232,-44,5,0,101,12,2,466.844383438263,7,9
2405352,29,89,1-29-2024-089-NM1,21,1,B,1,706,1,100,-90,999,0,999,2,1,37.5008426016573,2,9
2405448,60,86,1-60-2024-086-NM1,21,1,A,1,701,1,40,68,999,9,851,98,1,43.22330010499,8,9
2405448,60,86,1-60-2024-086-NM1,21,1,B,1,700,1,62,92,999,9,831,98,1,43.22330010499,8,9
2405448,60,86,1-60-2024-086-NM1,21,1,C,1,706,1,112,71,2,1,821,2,1,43.22330010499,8,9
2405448,60,86,1-60-2024-086-NM1,21,1,D,3,740,1,144,96,6,0,811,1,1,43.22330010499,8,9
2405448,60,86,1-60-2024-086-NM1,21,1,E,6,775,1,224,53,9,1,712,2,1,43.22330010499,8,9
2405448,60,86,1-60-2024-086-NM1,21,1,F,6,775,1,249,58,8,1,101,2,1,43.22330010499,8,9
2405448,60,86,1-60-2024-086-NM1,21,1,G,3,742,1,245,70,1,0,742,1,1,43.22330010499,8,9
2405448,60,86,1-60-2024-086-NM1,21,1,H,3,753,1,244,88,999,1,812,98,1,43.22330010499,8,9
2405448,60,86,1-60-2024-086-NM1,21,1,I,3,750,1,326,80,1,0,811,1,2,43.22330010499,8,9
2404053,10,70,1-10-2024-070-NM1,21,1,E,5,770,1,164,7,5,0,601,5,2,31.3806248143146,4,9
2404053,10,70,1-10-2024-070-NM1,21,1,F,6,775,1,209,-13,5,8,101,12,2,31.3806248143146,4,9
2404053,10,70,1-10-2024-070-NM1,21,1,G,10,61,1,888,888,888,8,999,98,1,31.3806248143146,4,9
2405266,59,155,1-59-2024-155-NM2,22,1,A,2,738,1,888,888,0,0,999,3,2,265.224171982023,6,9
2401788,69,33,1-69-2024-033-NM1,21,1,C,1,702,1,61,55,8,0,811,5,2,7.66811372485411,8,9
2401788,69,33,1-69-2024-033-NM1,21,1,E,5,770,1,134,61,8,0,511,5,2,7.66811372485411,8,9
2405527,48,179,1-48-2024-179-NM1,21,1,D,5,770,1,999,999,999,0,999,9,2,85.8427679861707,12,9
2405527,48,179,1-48-2024-179-NM1,21,1,E,5,770,1,999,999,999,0,999,3,2,85.8427679861707,12,9
2405527,48,179,1-48-2024-179-NM1,21,1,F,6,775,1,999,999,999,0,999,9,2,85.8427679861707,12,9
2405527,48,179,1-48-2024-179-NM1,21,1,G,6,784,1,999,999,999,0,999,5,2,85.8427679861707,12,9
2405527,48,179,1-48-2024-179-NM1,21,1,H,10,61,1,888,888,888,8,999,98,1,85.8427679861707,12,9
2403980,66,81,1-66-2024-081-NM2,22,1,A,10,61,1,888,888,888,8,999,98,3,110.074249285118,6,9
2405728,82,162,1-82-2024-162-NM1,21,1,A,10,61,1,888,888,888,8,999,98,2,25.4374322287382,1,9
2406376,20,151,1-20-2024-151-NM2,22,1,A,1,702,1,999,999,999,9,842,2,2,1093.0659222961,11,9
2406376,20,151,1-20-2024-151-NM2,22,1,B,1,703,1,999,999,999,9,832,1,2,1093.0659222961,11,9
2405276,77,169,1-77-2024-169-NM1,21,1,F,10,61,1,888,888,888,8,999,98,3,113.21347390618,9,9
2405276,77,169,1-77-2024-169-NM1,21,1,G,10,61,2,888,888,888,8,999,98,3,113.21347390618,9,9
2405276,77,169,1-77-2024-169-NM1,21,1,H,10,61,3,888,888,888,8,999,98,3,113.21347390618,9,9
2405276,77,169,1-77-2024-169-NM1,21,1,I,10,61,4,888,888,888,8,999,96,3,113.21347390618,9,9
2405770,57,178,1-57-2024-178-NM2,22,1,A,10,61,1,888,888,888,8,101,98,3,167.365124450856,1,9
2405846,15,225,1-15-2024-225-NM2,22,1,A,10,61,1,888,888,888,8,999,98,2,31.8783964598429,1,9
2405729,82,163,1-82-2024-163-NM2,22,1,A,10,61,1,888,888,888,8,999,98,2,2077.73112331519,1,9
2405595,52,55,1-52-2024-055-NM2,22,1,A,1,702,1,999,999,999,0,999,2,3,153.764846051201,12,9
2405595,52,55,1-52-2024-055-NM2,22,1,B,1,702,1,999,999,999,0,999,2,3,153.764846051201,12,9
2405595,52,55,1-52-2024-055-NM2,22,1,C,10,61,1,888,888,888,8,999,98,1,153.764846051201,12,9
2406343,11,191,1-11-2024-191-NM1,21,1,A,2,720,1,999,999,999,0,811,5,3,37.1071357763572,8,9
2406343,11,191,1-11-2024-191-NM1,21,1,B,5,770,1,999,999,999,0,711,9,2,37.1071357763572,8,9
2406352,26,138,1-26-2024-138-NM1,21,1,F,10,61,1,888,888,888,8,999,98,2,89.692806404866,10,9
2403198,33,54,1-33-2024-054-NM1,21,1,G,10,61,1,888,888,888,8,999,98,1,55.7364737376608,12,9
2403198,33,54,1-33-2024-054-NM1,21,1,H,10,61,2,888,888,888,8,999,98,1,55.7364737376608,12,9
2401084,77,37,1-77-2024-037-NM2,22,1,A,10,61,1,888,888,888,8,999,98,1,297.636915073691,9,9
2403641,29,39,1-29-2024-039-NM2,22,1,A,10,61,1,888,888,888,8,999,98,2,381.081668154122,2,9
2401481,77,50,1-77-2024-050-NM2,22,1,A,10,61,1,888,888,888,8,999,98,2,306.910106229355,9,9
2401016,24,22,1-24-2024-022-NM1,21,1,H,3,752,1,999,999,888,8,999,1,2,81.6170730667138,1,9
2400815,23,13,1-23-2024-013-NM1,21,2,B,4,760,1,999,999,0,0,999,9,2,75.3524398717664,5,9
2404711,25,125,1-25-2024-125-NM1,21,1,A,1,700,1,54,-46,1,0,852,9,3,55.4169403670828,2,9
2404711,25,125,1-25-2024-125-NM1,21,1,B,1,700,1,62,-88,0,0,999,3,3,55.4169403670828,2,9
2404711,25,125,1-25-2024-125-NM1,21,1,C,1,702,1,88,-18,0,0,812,2,2,55.4169403670828,2,9
2404711,25,125,1-25-2024-125-NM1,21,1,E,5,770,1,128,-32,5,0,996,5,1,55.4169403670828,2,9
2404711,25,125,1-25-2024-125-NM1,21,1,D,1,703,1,104,43,0,0,999,3,3,55.4169403670828,2,9
2404711,25,125,1-25-2024-125-NM1,21,1,F,2,730,1,888,888,0,0,999,3,3,55.4169403670828,2,9
2404354,12,79,1-12-2024-079-NM2,22,1,B,1,700,1,999,999,999,0,999,5,1,719.957760795501,9,9
2404354,12,79,1-12-2024-079-NM2,22,1,C,1,702,1,999,999,999,0,999,5,1,719.957760795501,9,9
2404354,12,79,1-12-2024-079-NM2,22,1,E,1,703,1,999,999,999,0,999,5,1,719.957760795501,9,9
2404354,12,79,1-12-2024-079-NM2,22,1,D,1,706,1,999,999,999,0,999,5,1,719.957760795501,9,9
2400815,23,13,1-23-2024-013-NM1,21,2,C,10,61,1,888,888,888,8,999,98,1,75.3524398717664,5,9
2403048,10,45,1-10-2024-045-NM2,22,1,A,10,61,1,888,888,888,8,999,98,1,461.067694088124,4,9
2402702,20,77,1-20-2024-077-NM2,22,1,A,3,756,1,888,888,1,8,999,9,2,87.941289186377,11,9
2402702,20,77,1-20-2024-077-NM2,22,1,B,3,753,1,888,888,1,8,999,2,1,87.941289186377,11,9
2402702,20,77,1-20-2024-077-NM2,22,1,C,3,754,1,888,888,1,8,999,2,2,87.941289186377,11,9
2402702,20,77,1-20-2024-077-NM2,22,1,D,10,61,1,888,888,888,8,999,98,1,87.941289186377,11,9
2404267,15,171,1-15-2024-171-NM2,22,1,A,10,61,1,888,888,888,8,712,98,1,27.5756522213656,1,9
2404218,24,120,1-24-2024-120-NM2,22,1,A,10,61,1,888,888,888,8,999,98,1,253.744000679976,1,9
2402755,26,80,1-26-2024-080-NM1,21,1,B,3,758,1,888,888,0,0,999,4,2,25.7030205312635,10,9
2402755,26,80,1-26-2024-080-NM1,21,1,C,3,740,1,888,888,3,0,999,5,2,25.7030205312635,10,9
2402755,26,80,1-26-2024-080-NM1,21,1,D,3,750,1,888,888,0,0,999,3,2,25.7030205312635,10,9
2402755,26,80,1-26-2024-080-NM1,21,1,E,3,740,1,888,888,0,0,999,3,2,25.7030205312635,10,9
2402755,26,80,1-26-2024-080-NM1,21,1,F,3,740,1,888,888,0,0,999,3,2,25.7030205312635,10,9
2402755,26,80,1-26-2024-080-NM1,21,1,G,3,753,1,888,888,888,8,999,98,2,25.7030205312635,10,9
2402755,26,80,1-26-2024-080-NM1,21,1,H,10,74,1,888,888,888,8,851,98,2,25.7030205312635,10,9
2402755,26,80,1-26-2024-080-NM1,21,1,I,10,61,1,888,888,0,8,999,98,1,25.7030205312635,10,9
2404482,82,121,1-82-2024-121-NM2,22,1,A,10,61,1,888,888,888,8,999,98,1,375.053029592921,1,9
2400050,69,1,1-69-2024-001-NM1,21,1,E,2,730,1,888,888,0,8,999,3,2,7.66811372485411,8,9
2400050,69,1,1-69-2024-001-NM1,21,1,F,10,61,1,888,888,888,8,999,98,1,7.66811372485411,8,9
2402593,57,54,1-57-2024-054-NM2,22,1,A,1,701,1,999,999,999,0,872,2,2,570.311860030331,1,9
2402593,57,54,1-57-2024-054-NM2,22,1,B,1,718,1,999,999,999,0,852,5,2,570.311860030331,1,9
2402593,57,54,1-57-2024-054-NM2,22,1,C,1,702,1,999,999,999,0,832,98,2,570.311860030331,1,9
2402593,57,54,1-57-2024-054-NM2,22,1,D,5,770,1,999,999,999,0,812,5,2,570.311860030331,1,9
2402593,57,54,1-57-2024-054-NM2,22,1,E,5,774,1,999,999,999,0,712,2,2,570.311860030331,1,9
2402593,57,54,1-57-2024-054-NM2,22,1,F,6,775,1,999,999,999,0,101,12,2,570.311860030331,1,9
2402593,57,54,1-57-2024-054-NM2,22,1,G,10,61,1,888,888,888,8,999,98,1,570.311860030331,1,9
2404422,33,84,1-33-2024-084-NM1,21,1,A,1,700,1,32,8,0,0,851,98,3,41.0900179301514,12,9
2404422,33,84,1-33-2024-084-NM1,21,1,B,1,700,1,48,-10,0,0,841,3,3,41.0900179301514,12,9
2404422,33,84,1-33-2024-084-NM1,21,1,C,1,700,1,55,4,0,0,842,3,3,41.0900179301514,12,9
2404422,33,84,1-33-2024-084-NM1,21,1,D,1,700,1,45,30,1,0,811,98,3,41.0900179301514,12,9
2404422,33,84,1-33-2024-084-NM1,21,1,E,1,700,1,38,50,2,0,811,96,3,41.0900179301514,12,9
2404422,33,84,1-33-2024-084-NM1,21,1,F,1,700,1,59,58,2,0,811,96,3,41.0900179301514,12,9
2404422,33,84,1-33-2024-084-NM1,21,1,G,1,706,1,73,37,0,0,731,2,3,41.0900179301514,12,9
2404422,33,84,1-33-2024-084-NM1,21,1,H,1,702,1,100,43,2,0,511,5,3,41.0900179301514,12,9
2404422,33,84,1-33-2024-084-NM1,21,1,I,6,775,1,200,38,0,0,811,12,2,41.0900179301514,12,9
2404422,33,84,1-33-2024-084-NM1,21,1,J,6,775,1,255,6,4,0,101,12,2,41.0900179301514,12,9
2404828,25,128,1-25-2024-128-NM1,21,1,A,1,700,1,53,-226,0,0,859,3,2,46.3961698932894,2,9
2404828,25,128,1-25-2024-128-NM1,21,1,B,5,770,1,110,-227,1,0,819,4,1,46.3961698932894,2,9
2404828,25,128,1-25-2024-128-NM1,21,1,C,6,775,1,194,-204,0,0,769,2,2,46.3961698932894,2,9
2404828,25,128,1-25-2024-128-NM1,21,1,D,6,775,1,222,-232,2,0,101,2,1,46.3961698932894,2,9
2404586,25,121,1-25-2024-121-NM2,22,1,A,4,760,1,888,888,999,0,852,5,2,117.391789482128,2,9
2404586,25,121,1-25-2024-121-NM2,22,1,B,4,768,1,888,888,999,0,812,5,2,117.391789482128,2,9
2404586,25,121,1-25-2024-121-NM2,22,1,C,6,778,1,888,888,999,8,201,2,1,117.391789482128,2,9
2403389,15,132,1-15-2024-132-NM2,22,1,A,10,61,1,888,888,888,8,999,98,1,43.1774985201338,1,9
2403175,10,48,1-10-2024-048-NM2,22,1,A,10,61,1,888,888,888,8,999,98,1,917.555786243938,4,9
2403627,26,102,1-26-2024-102-NM2,22,1,B,10,61,1,888,888,888,8,842,98,1,471.653968173224,10,9
2403660,10,59,1-10-2024-059-NM2,22,1,A,10,61,1,888,888,888,8,999,98,1,271.413807736263,4,9
2404924,12,94,1-12-2024-094-NM1,21,1,A,1,700,1,34,142,5,0,851,5,2,263.286057296844,9,9
2404924,12,94,1-12-2024-094-NM1,21,1,B,3,740,1,120,96,6,0,841,5,2,263.286057296844,9,9
2404924,12,94,1-12-2024-094-NM1,21,1,C,5,770,1,140,54,1,0,731,3,3,263.286057296844,9,9
2404924,12,94,1-12-2024-094-NM1,21,1,D,3,742,1,166,74,3,0,731,5,2,263.286057296844,9,9
2404924,12,94,1-12-2024-094-NM1,21,1,E,6,775,1,210,54,0,0,101,2,1,263.286057296844,9,9
2404924,12,94,1-12-2024-094-NM1,21,1,F,3,753,1,200,80,0,0,601,5,2,263.286057296844,9,9
2404946,60,72,1-60-2024-072-NM1,21,1,A,1,700,1,45,16,0,0,852,3,1,43.22330010499,8,9
2404946,60,72,1-60-2024-072-NM1,21,1,B,1,702,1,76,13,5,0,832,1,1,43.22330010499,8,9
2404946,60,72,1-60-2024-072-NM1,21,1,C,1,703,1,98,17,9,9,812,1,1,43.22330010499,8,9
2404946,60,72,1-60-2024-072-NM1,21,1,D,5,770,1,175,37,4,0,712,1,1,43.22330010499,8,9
2404946,60,72,1-60-2024-072-NM1,21,1,E,6,775,1,230,26,17,0,101,7,1,43.22330010499,8,9
2404827,25,127,1-25-2024-127-NM1,21,1,A,1,708,1,40,74,0,0,852,98,3,46.3961698932894,2,9
2404827,25,127,1-25-2024-127-NM1,21,1,B,1,702,1,70,20,0,0,812,3,3,46.3961698932894,2,9
2403877,17,122,1-17-2024-122-NM2,22,1,A,1,719,1,999,999,0,0,999,98,2,97.286021862156,4,9
2403877,17,122,1-17-2024-122-NM2,22,1,B,10,61,1,888,888,888,8,999,98,1,97.286021862156,4,9
2403157,62,84,1-62-2024-084-NM1,21,1,I,3,756,2,888,888,999,0,999,5,3,50.4228553346501,7,9
2403157,62,84,1-62-2024-084-NM1,21,1,J,6,775,1,999,999,999,0,999,2,1,50.4228553346501,7,9
2403157,62,84,1-62-2024-084-NM1,21,1,K,5,774,2,999,999,888,8,999,5,2,50.4228553346501,7,9
2403157,62,84,1-62-2024-084-NM1,21,1,A,1,701,2,48,-43,0,0,859,3,2,50.4228553346501,7,9
2403157,62,84,1-62-2024-084-NM1,21,1,B,1,700,2,65,-30,0,0,849,9,2,50.4228553346501,7,9
2405977,26,132,1-26-2024-132-NM1,21,1,F,10,61,2,888,888,888,8,999,98,2,29.2426811637843,10,9
2405730,26,128,1-26-2024-128-NM1,21,1,F,5,770,1,127,25,999,9,811,5,1,26.5232523906936,10,9
2405730,26,128,1-26-2024-128-NM1,21,1,G,6,777,1,350,45,999,9,999,5,2,26.5232523906936,10,9
2405730,26,128,1-26-2024-128-NM1,21,1,H,1,702,1,58,35,999,0,831,2,1,26.5232523906936,10,9
2405730,26,128,1-26-2024-128-NM1,21,1,I,5,770,1,165,40,999,9,511,5,2,26.5232523906936,10,9
2405730,26,128,1-26-2024-128-NM1,21,1,J,6,775,1,250,45,999,9,999,2,1,26.5232523906936,10,9
2406213,66,121,1-66-2024-121-NM2,22,1,A,10,61,1,888,888,888,8,999,98,1,110.074249285118,6,9
2406323,14,132,1-14-2024-132-NM2,22,1,A,3,740,1,999,999,999,0,999,3,3,464.271661627575,8,9
2406323,14,132,1-14-2024-132-NM2,22,1,B,10,61,1,888,888,888,8,841,9,2,464.271661627575,8,9
2406323,14,132,1-14-2024-132-NM2,22,1,C,10,61,1,888,888,888,8,842,9,3,464.271661627575,8,9
2406323,14,132,1-14-2024-132-NM2,22,1,D,10,61,1,888,888,888,8,201,98,3,464.271661627575,8,9
2405961,32,156,1-32-2024-156-NM1,21,1,A,10,61,1,888,888,888,8,999,98,2,64.9248984713776,7,9
2406352,26,138,1-26-2024-138-NM1,21,1,G,6,784,1,999,999,999,0,999,3,2,89.692806404866,10,9
2405574,16,126,1-16-2024-126-NM1,21,1,K,10,61,1,888,888,888,8,999,98,2,196.102077456907,5,9
2406292,22,191,1-22-2024-191-NM2,22,1,D,1,706,1,999,999,999,0,601,2,1,24.4305122731702,12,9
2406292,22,191,1-22-2024-191-NM2,22,1,E,10,61,1,888,888,888,8,999,98,2,24.4305122731702,12,9
2406347,32,163,1-32-2024-163-NM1,21,1,B,10,61,1,888,888,888,8,999,98,2,47.5537279263516,7,9
2400831,77,28,1-77-2024-028-NM2,22,1,A,10,61,1,888,888,888,8,999,98,2,330.223105550016,9,9
2405575,11,166,1-11-2024-166-NM2,22,1,A,10,61,1,888,888,888,8,999,98,2,1994.3486165726,8,9
2406213,66,121,1-66-2024-121-NM2,22,1,B,3,740,1,999,999,999,0,842,3,3,110.074249285118,6,9
2406389,29,113,1-29-2024-113-NM1,21,1,H,10,61,1,888,888,888,8,999,98,2,107.444469820023,2,9
2406219,15,242,1-15-2024-242-NM2,22,1,B,2,720,1,999,999,999,0,601,3,3,30.3797729398406,1,9
2406343,11,191,1-11-2024-191-NM1,21,1,G,5,772,1,999,999,999,8,101,5,2,37.1071357763572,8,9
2406343,11,191,1-11-2024-191-NM1,21,1,H,5,770,1,999,999,999,8,101,5,3,37.1071357763572,8,9
2401198,13,30,1-13-2024-030-NM2,22,1,G,5,770,1,999,999,999,0,999,3,2,1161.47481366351,7,9
2402620,31,52,1-31-2024-052-NM2,22,1,F,10,61,1,888,888,888,8,999,96,2,197.377933176122,6,9
2406376,20,151,1-20-2024-151-NM2,22,1,C,6,775,1,999,999,999,8,101,2,2,1093.0659222961,11,9
2406376,20,151,1-20-2024-151-NM2,22,1,D,6,775,1,999,999,999,8,762,2,2,1093.0659222961,11,9
2406376,20,151,1-20-2024-151-NM2,22,1,E,6,775,1,999,999,999,8,712,2,2,1093.0659222961,11,9
2406376,20,151,1-20-2024-151-NM2,22,1,F,3,742,1,999,999,999,9,999,3,2,1093.0659222961,11,9
2406376,20,151,1-20-2024-151-NM2,22,1,G,3,753,1,999,999,999,8,999,96,2,1093.0659222961,11,9
2406376,20,151,1-20-2024-151-NM2,22,1,H,10,61,1,888,888,888,8,999,98,2,1093.0659222961,11,9
2406373,10,131,1-10-2024-131-NM2,22,1,A,10,61,1,888,888,888,8,999,98,2,47.9403529530355,4,9
2406347,32,163,1-32-2024-163-NM1,21,1,C,1,700,1,999,999,999,0,851,3,2,47.5537279263516,7,9
2405715,76,166,1-76-2024-166-NM1,21,2,A,10,61,1,888,888,888,9,999,98,1,85.5567201400254,3,9
2405998,20,141,1-20-2024-141-NM1,21,1,J,6,784,1,999,999,999,8,601,3,2,35.0220589332575,11,9
2403157,62,84,1-62-2024-084-NM1,21,1,C,1,700,2,66,-60,0,0,849,9,2,50.4228553346501,7,9
2403157,62,84,1-62-2024-084-NM1,21,1,L,6,777,2,888,888,888,8,999,3,2,50.4228553346501,7,9
2403157,62,84,1-62-2024-084-NM1,21,1,M,6,778,2,888,888,888,8,999,2,2,50.4228553346501,7,9
2403157,62,84,1-62-2024-084-NM1,21,1,N,10,61,1,888,888,888,0,999,98,1,50.4228553346501,7,9
2403157,62,84,1-62-2024-084-NM1,21,1,O,10,61,2,888,888,888,8,999,98,1,50.4228553346501,7,9
2404955,16,122,1-16-2024-122-NM1,21,1,A,5,770,1,133,24,3,0,712,5,1,20.5106500164933,5,9
2404955,16,122,1-16-2024-122-NM1,21,1,B,1,703,1,113,33,3,0,742,5,1,20.5106500164933,5,9
2403963,18,109,1-18-2024-109-NM2,22,1,A,10,61,1,888,888,888,8,761,98,1,178.115957125676,6,9
2404906,77,155,1-77-2024-155-NM1,21,1,A,1,700,1,33,-60,0,0,851,9,3,113.21347390618,9,9
2404906,77,155,1-77-2024-155-NM1,21,1,B,1,706,1,60,-60,0,0,841,2,2,113.21347390618,9,9
2404906,77,155,1-77-2024-155-NM1,21,1,C,5,770,1,103,-36,0,0,831,3,2,113.21347390618,9,9
2404906,77,155,1-77-2024-155-NM1,21,1,D,5,772,1,120,-61,1,0,831,96,2,113.21347390618,9,9
2404906,77,155,1-77-2024-155-NM1,21,1,E,5,770,1,160,-57,0,0,811,3,2,113.21347390618,9,9
2404906,77,155,1-77-2024-155-NM1,21,1,H,6,775,1,204,-69,0,0,101,2,1,113.21347390618,9,9
2404906,77,155,1-77-2024-155-NM1,21,1,I,6,784,1,224,-70,1,0,101,5,1,113.21347390618,9,9
2404906,77,155,1-77-2024-155-NM1,21,1,F,5,770,1,113,54,0,0,861,3,3,113.21347390618,9,9
2404906,77,155,1-77-2024-155-NM1,21,1,G,5,772,1,156,69,0,0,862,3,3,113.21347390618,9,9
2404902,57,145,1-57-2024-145-NM2,22,1,A,10,61,1,888,888,888,8,999,98,2,184.840196410829,1,9
2402692,69,50,1-69-2024-050-NM1,21,1,D,5,770,1,190,30,0,0,999,9,2,7.66811372485411,8,9
2402692,69,50,1-69-2024-050-NM1,21,1,E,5,774,1,219,27,0,0,999,3,2,7.66811372485411,8,9
2402692,69,50,1-69-2024-050-NM1,21,1,F,10,61,1,888,888,888,8,999,98,1,7.66811372485411,8,9
2404463,14,82,1-14-2024-082-NM2,22,1,B,3,740,1,110,90,0,0,999,3,3,398.655902879135,8,9
2404449,11,136,1-11-2024-136-NM1,21,1,A,1,700,1,65,36,0,0,852,3,2,37.1071357763572,8,9
2404449,11,136,1-11-2024-136-NM1,21,1,B,1,703,1,94,95,0,0,762,98,2,37.1071357763572,8,9
2404449,11,136,1-11-2024-136-NM1,21,1,C,5,772,1,138,83,2,0,742,5,2,37.1071357763572,8,9
2404449,11,136,1-11-2024-136-NM1,21,1,D,3,752,1,247,74,0,0,999,3,2,37.1071357763572,8,9
2404449,11,136,1-11-2024-136-NM1,21,1,E,6,775,1,250,108,6,0,101,12,2,37.1071357763572,8,9
2402989,32,104,1-32-2024-104-NM1,21,1,B,5,770,1,95,45,0,0,999,3,3,11.6164138708606,7,9
2400825,10,13,1-10-2024-013-NM1,21,1,B,5,770,1,999,999,999,9,999,9,3,60.5767032793963,4,9
2400825,10,13,1-10-2024-013-NM1,21,1,C,2,722,1,999,999,999,8,999,1,3,60.5767032793963,4,9
2400825,10,13,1-10-2024-013-NM1,21,1,D,2,722,1,999,999,999,8,999,1,3,60.5767032793963,4,9
2405047,33,97,1-33-2024-097-NM1,21,1,A,5,770,2,109,11,3,0,511,5,1,55.4261582929793,12,9
2405047,33,97,1-33-2024-097-NM1,21,1,B,1,718,2,52,0,1,0,851,1,1,55.4261582929793,12,9
2405047,33,97,1-33-2024-097-NM1,21,1,C,6,777,2,274,1,0,0,999,98,1,55.4261582929793,12,9
2405047,33,97,1-33-2024-097-NM1,21,1,D,3,749,2,334,71,0,0,999,98,1,55.4261582929793,12,9
2405047,33,97,1-33-2024-097-NM1,21,1,E,1,706,1,76,-65,0,0,831,2,1,55.4261582929793,12,9
2400050,69,1,1-69-2024-001-NM1,21,1,A,2,720,1,76,-89,888,0,832,3,3,7.66811372485411,8,9
2400118,69,3,1-69-2024-003-NM1,21,1,A,1,703,1,110,-45,15,0,831,5,2,7.66811372485411,8,9
2400118,69,3,1-69-2024-003-NM1,21,1,B,1,703,1,118,3,5,0,741,5,2,7.66811372485411,8,9
2400118,69,3,1-69-2024-003-NM1,21,1,C,5,770,1,200,-25,0,9,999,9,2,7.66811372485411,8,9
2400118,69,3,1-69-2024-003-NM1,21,1,D,6,775,1,253,-62,888,8,101,12,2,7.66811372485411,8,9
2400052,27,1,1-27-2024-001-NM1,21,1,A,1,701,2,73,30,999,1,872,2,1,20.5862279366663,3,9
2400052,27,1,1-27-2024-001-NM1,21,1,B,1,700,1,48,18,999,1,852,2,2,20.5862279366663,3,9
2400052,27,1,1-27-2024-001-NM1,21,1,C,1,700,1,50,73,999,9,832,2,1,20.5862279366663,3,9
2400052,27,1,1-27-2024-001-NM1,21,1,D,1,702,2,999,999,999,9,842,98,2,20.5862279366663,3,9
2400052,27,1,1-27-2024-001-NM1,21,1,E,1,706,1,75,56,4,1,812,2,1,20.5862279366663,3,9
2400052,27,1,1-27-2024-001-NM1,21,1,F,1,703,2,76,1,10,0,832,1,1,20.5862279366663,3,9
2400052,27,1,1-27-2024-001-NM1,21,1,G,1,703,1,102,51,10,0,512,1,1,20.5862279366663,3,9
2400052,27,1,1-27-2024-001-NM1,21,1,H,5,770,2,96,2,5,1,832,1,1,20.5862279366663,3,9
2400052,27,1,1-27-2024-001-NM1,21,1,I,5,770,1,136,61,8,0,812,1,1,20.5862279366663,3,9
2400052,27,1,1-27-2024-001-NM1,21,1,J,6,775,2,210,15,10,0,512,12,1,20.5862279366663,3,9
2400050,69,1,1-69-2024-001-NM1,21,1,D,2,734,1,888,888,0,8,999,3,2,7.66811372485411,8,9
2400050,69,1,1-69-2024-001-NM1,21,1,C,2,732,1,225,-89,888,8,601,96,1,7.66811372485411,8,9
2400052,27,1,1-27-2024-001-NM1,21,1,K,7,791,2,999,999,999,9,859,98,2,20.5862279366663,3,9
2400052,27,1,1-27-2024-001-NM1,21,1,L,7,793,2,999,999,999,9,859,98,2,20.5862279366663,3,9
2400052,27,1,1-27-2024-001-NM1,21,1,M,3,756,2,999,999,999,9,999,98,2,20.5862279366663,3,9
2400052,27,1,1-27-2024-001-NM1,21,1,N,5,774,2,172,25,888,8,819,1,1,20.5862279366663,3,9
2400052,27,1,1-27-2024-001-NM1,21,1,Q,10,61,1,888,888,888,8,999,98,1,20.5862279366663,3,9
2400488,57,9,1-57-2024-009-NM1,21,1,A,1,700,1,999,999,999,0,841,5,2,15.1868109907281,1,9
2400248,22,4,1-22-2024-004-NM2,22,1,A,1,700,1,71,67,0,0,851,3,2,105.99041920132,12,9
2400625,60,9,1-60-2024-009-NM1,21,1,A,1,701,1,32,50,0,0,851,2,1,140.53984277194,8,9
2400625,60,9,1-60-2024-009-NM1,21,1,B,1,702,1,73,43,0,0,831,2,1,140.53984277194,8,9
2400625,60,9,1-60-2024-009-NM1,21,1,C,5,770,1,120,42,0,0,811,3,1,140.53984277194,8,9
2400625,60,9,1-60-2024-009-NM1,21,1,D,6,775,1,222,35,7,0,996,96,1,140.53984277194,8,9
2400619,16,21,1-16-2024-021-NM1,21,1,A,1,700,1,48,0,0,0,851,1,3,61.8147074429554,5,9
2400619,16,21,1-16-2024-021-NM1,21,1,B,5,770,1,80,0,1,0,831,1,1,61.8147074429554,5,9
2400619,16,21,1-16-2024-021-NM1,21,1,C,5,770,1,94,-6,2,0,811,1,1,61.8147074429554,5,9
2400619,16,21,1-16-2024-021-NM1,21,1,D,5,770,1,130,-30,0,0,711,3,3,61.8147074429554,5,9
2400574,13,13,1-13-2024-013-NM1,21,1,A,1,702,1,90,25,2,0,831,2,1,16.3827604184312,7,9
2400574,13,13,1-13-2024-013-NM1,21,1,B,1,706,1,93,50,1,0,862,2,2,16.3827604184312,7,9
2400574,13,13,1-13-2024-013-NM1,21,1,C,5,770,1,100,20,2,0,811,1,1,16.3827604184312,7,9
2400574,13,13,1-13-2024-013-NM1,21,1,D,5,770,1,116,36,10,0,811,5,1,16.3827604184312,7,9
2400574,13,13,1-13-2024-013-NM1,21,1,E,6,775,1,255,0,19,8,101,2,1,16.3827604184312,7,9
2400574,13,13,1-13-2024-013-NM1,21,1,F,6,775,1,260,-60,8,0,769,12,2,16.3827604184312,7,9
2400574,13,13,1-13-2024-013-NM1,21,1,G,2,733,1,260,-90,1,8,769,2,2,16.3827604184312,7,9
2400611,24,13,1-24-2024-013-NM2,22,1,A,1,703,1,999,999,999,0,814,1,1,147.143075961834,1,9
2405047,33,97,1-33-2024-097-NM1,21,1,F,2,722,1,227,-67,2,0,101,98,1,55.4261582929793,12,9
2405047,33,97,1-33-2024-097-NM1,21,1,G,2,733,1,250,-80,0,0,749,3,1,55.4261582929793,12,9
2405047,33,97,1-33-2024-097-NM1,21,1,H,2,729,1,287,-57,0,0,999,98,1,55.4261582929793,12,9
2405047,33,97,1-33-2024-097-NM1,21,1,I,2,729,1,337,-58,0,0,999,3,1,55.4261582929793,12,9
2403177,13,71,1-13-2024-071-NM1,21,1,A,10,61,1,888,888,888,8,999,98,1,64.2373320511644,7,9
2403193,30,111,1-30-2024-111-NM1,21,2,D,5,770,1,65,82,0,0,999,3,2,39.9148366584821,10,9
2403193,30,111,1-30-2024-111-NM1,21,2,E,5,774,1,230,10,888,0,999,1,2,39.9148366584821,10,9
2403193,30,111,1-30-2024-111-NM1,21,2,F,6,775,1,240,30,999,0,101,2,2,39.9148366584821,10,9
2403193,30,111,1-30-2024-111-NM1,21,2,G,3,740,1,110,101,0,0,999,3,2,39.9148366584821,10,9
2403193,30,111,1-30-2024-111-NM1,21,2,H,3,742,1,999,999,0,0,999,3,2,39.9148366584821,10,9
2403193,30,111,1-30-2024-111-NM1,21,2,I,3,753,1,888,888,888,0,999,3,2,39.9148366584821,10,9
2403193,30,111,1-30-2024-111-NM1,21,2,J,7,791,1,130,888,888,0,999,96,2,39.9148366584821,10,9
2403193,30,111,1-30-2024-111-NM1,21,2,K,10,61,1,888,888,888,8,999,98,1,39.9148366584821,10,9
2404658,81,117,1-81-2024-117-NM1,21,2,A,2,738,1,888,888,5,0,839,2,3,26.5893987350207,8,9
2402571,32,94,1-32-2024-094-NM1,21,1,C,6,776,1,888,888,0,0,999,3,2,27.5926066558606,7,9
2403346,24,92,1-24-2024-092-NM1,21,1,B,1,703,1,100,-70,0,0,999,6,2,23.1726143074507,1,9
2403346,24,92,1-24-2024-092-NM1,21,1,C,5,770,1,105,-70,2,0,101,5,2,23.1726143074507,1,9
2403346,24,92,1-24-2024-092-NM1,21,1,D,10,61,1,888,888,888,8,999,98,1,23.1726143074507,1,9
2403440,57,82,1-57-2024-082-NM1,21,1,A,3,740,1,999,999,999,0,999,5,2,13.7201676622522,1,9
2403440,57,82,1-57-2024-082-NM1,21,1,B,3,740,1,999,999,999,0,999,5,2,13.7201676622522,1,9
2403440,57,82,1-57-2024-082-NM1,21,1,C,3,753,1,888,888,0,8,999,98,2,13.7201676622522,1,9
2403440,57,82,1-57-2024-082-NM1,21,1,D,10,61,1,888,888,888,8,999,98,1,13.7201676622522,1,9
2405167,57,157,1-57-2024-157-NM1,21,1,B,1,703,1,87,-156,9,0,811,1,2,19.2604769426058,1,9
2405167,57,157,1-57-2024-157-NM1,21,1,E,6,775,1,197,-157,4,0,101,12,2,19.2604769426058,1,9
2402198,11,55,1-11-2024-055-NM1,21,1,D,3,749,1,888,888,888,8,101,1,2,37.1071357763572,8,9
2403754,21,79,1-21-2024-079-NM1,21,1,C,5,770,1,100,47,0,0,999,3,2,15.3205421761938,11,9
2403754,21,79,1-21-2024-079-NM1,21,1,E,5,787,1,202,80,888,0,999,1,2,15.3205421761938,11,9
2403754,21,79,1-21-2024-079-NM1,21,1,F,3,753,1,236,90,888,0,999,2,2,15.3205421761938,11,9
2405218,28,164,1-28-2024-164-NM2,22,1,A,2,730,1,888,888,888,8,761,5,1,142.962485684357,3,9
2403754,21,79,1-21-2024-079-NM1,21,1,G,10,61,1,888,888,888,8,999,98,1,15.3205421761938,11,9
2403754,21,79,1-21-2024-079-NM1,21,1,D,5,770,1,162,30,0,0,999,3,2,15.3205421761938,11,9
2403886,24,109,1-24-2024-109-NM1,21,2,C,1,702,1,54,34,1,0,831,1,2,23.1726143074507,1,9
2403886,24,109,1-24-2024-109-NM1,21,2,D,1,703,1,61,34,1,0,999,3,2,23.1726143074507,1,9
2403886,24,109,1-24-2024-109-NM1,21,2,E,1,703,1,71,34,1,0,999,3,3,23.1726143074507,1,9
2403886,24,109,1-24-2024-109-NM1,21,2,F,5,770,1,120,34,1,0,999,9,3,23.1726143074507,1,9
2403886,24,109,1-24-2024-109-NM1,21,2,G,10,61,1,888,888,888,8,999,98,1,23.1726143074507,1,9
2405121,22,155,1-22-2024-155-NM2,22,1,A,3,740,1,999,999,999,0,999,5,1,64.1408737687855,12,9
2405096,32,144,1-32-2024-144-NM1,21,1,B,1,700,1,67,-96,20,0,849,1,3,65.0700959465246,7,9
2405096,32,144,1-32-2024-144-NM1,21,1,C,1,706,1,67,-85,52,0,819,1,3,65.0700959465246,7,9
2404582,24,129,1-24-2024-129-NM1,21,1,H,10,61,1,888,888,888,8,999,98,2,23.1726143074507,1,9
2404273,81,103,1-81-2024-103-NM1,21,1,A,10,61,1,888,888,888,8,999,98,3,34.7221032435964,8,9
2404592,11,140,1-11-2024-140-NM1,21,1,B,5,770,1,999,999,999,0,999,1,2,37.1071357763572,8,9
2404592,11,140,1-11-2024-140-NM1,21,1,C,5,770,1,999,999,999,0,999,1,2,37.1071357763572,8,9
2404592,11,140,1-11-2024-140-NM1,21,1,D,5,770,1,999,999,999,0,999,1,2,37.1071357763572,8,9
2404592,11,140,1-11-2024-140-NM1,21,1,E,5,774,1,999,999,999,0,999,98,2,37.1071357763572,8,9
2404592,11,140,1-11-2024-140-NM1,21,1,F,6,775,1,999,999,999,0,999,98,2,37.1071357763572,8,9
2404592,11,140,1-11-2024-140-NM1,21,1,G,10,61,1,888,888,888,8,999,98,1,37.1071357763572,8,9
2402767,27,90,1-27-2024-090-NM2,22,1,A,10,73,1,888,888,888,8,999,98,1,33.2945661482558,3,9
2405854,29,101,1-29-2024-101-NM2,22,1,A,10,61,1,888,888,888,8,999,98,1,1234.79079181352,2,9
2404587,25,122,1-25-2024-122-NM2,22,1,B,10,61,1,888,888,888,8,999,98,2,117.391789482128,2,9
2404569,18,121,1-18-2024-121-NM2,22,1,A,10,61,1,888,888,888,8,999,98,1,142.413843051628,6,9
2402198,11,55,1-11-2024-055-NM1,21,1,E,3,750,1,888,888,999,9,832,1,1,37.1071357763572,8,9
2402198,11,55,1-11-2024-055-NM1,21,1,F,6,782,1,999,999,999,9,101,2,3,37.1071357763572,8,9
2404652,30,158,1-30-2024-158-NM2,22,1,A,10,61,1,888,888,888,8,732,98,1,415.467981801604,10,9
2403772,81,91,1-81-2024-091-NM1,21,1,E,1,700,1,60,15,999,1,849,1,1,42.9814225528816,8,9
2403772,81,91,1-81-2024-091-NM1,21,1,F,5,770,1,999,999,999,9,601,1,1,42.9814225528816,8,9
2403772,81,91,1-81-2024-091-NM1,21,1,G,6,777,1,333,-48,999,9,999,1,1,42.9814225528816,8,9
2403772,81,91,1-81-2024-091-NM1,21,1,H,6,775,1,157,25,999,0,739,2,1,42.9814225528816,8,9
2406239,57,194,1-57-2024-194-NM1,21,1,A,1,703,1,999,999,999,9,999,6,3,19.2604769426058,1,9
2406239,57,194,1-57-2024-194-NM1,21,1,B,1,703,1,999,999,999,9,999,6,3,19.2604769426058,1,9
2402543,25,60,1-25-2024-060-NM1,21,1,K,3,752,1,999,999,999,8,999,3,3,46.3961698932894,2,9
2404887,17,158,1-17-2024-158-NM2,22,1,A,3,750,1,888,888,888,9,851,5,1,62.2469031035836,4,9
2404887,17,158,1-17-2024-158-NM2,22,1,B,3,750,1,888,888,999,9,711,5,2,62.2469031035836,4,9
2404887,17,158,1-17-2024-158-NM2,22,1,C,3,756,1,888,888,888,9,711,5,1,62.2469031035836,4,9
2404887,17,158,1-17-2024-158-NM2,22,1,D,10,61,1,888,888,888,8,999,98,2,62.2469031035836,4,9
2404706,11,142,1-11-2024-142-NM1,21,1,I,10,61,1,888,888,888,0,999,98,1,37.1071357763572,8,9
2403413,81,77,1-81-2024-077-NM1,21,2,C,3,756,1,888,888,999,0,832,1,2,23.4695700092411,8,9
2404755,22,143,1-22-2024-143-NM2,22,1,A,10,61,1,888,888,888,8,742,98,1,85.2845477308788,12,9
2405941,11,180,1-11-2024-180-NM2,22,1,C,5,770,1,999,999,3,0,101,5,3,2346.62012709175,8,9
2405941,11,180,1-11-2024-180-NM2,22,1,A,1,702,1,999,999,2,0,711,2,3,2346.62012709175,8,9
2404650,82,126,1-82-2024-126-NM2,22,1,A,10,61,1,888,888,888,8,999,98,2,272.240647923415,1,9
2402989,32,104,1-32-2024-104-NM1,21,1,C,5,770,1,90,82,0,0,999,3,3,11.6164138708606,7,9
2402989,32,104,1-32-2024-104-NM1,21,1,D,5,770,1,138,15,1,0,999,1,3,11.6164138708606,7,9
2402989,32,104,1-32-2024-104-NM1,21,1,E,10,61,1,888,888,888,8,999,98,1,11.6164138708606,7,9
2404607,26,111,1-26-2024-111-NM1,21,1,A,1,706,1,999,999,999,9,739,5,2,76.6867213232,10,9
2404607,26,111,1-26-2024-111-NM1,21,1,B,1,703,1,999,999,999,0,819,5,2,76.6867213232,10,9
2406259,30,213,1-30-2024-213-NM1,21,1,H,5,770,1,160,0,999,0,101,5,3,70.0679338170937,10,9
2404767,81,119,1-81-2024-119-NM1,21,1,A,1,701,1,999,999,999,0,999,2,2,47.7030665360098,8,9
2404767,81,119,1-81-2024-119-NM1,21,1,C,1,702,1,999,999,999,0,999,2,2,47.7030665360098,8,9
2404767,81,119,1-81-2024-119-NM1,21,1,B,1,700,1,999,999,999,0,999,2,2,47.7030665360098,8,9
2404767,81,119,1-81-2024-119-NM1,21,1,E,1,703,1,999,999,999,0,999,5,2,47.7030665360098,8,9
2404767,81,119,1-81-2024-119-NM1,21,1,F,5,770,1,999,999,999,0,999,5,2,47.7030665360098,8,9
2404767,81,119,1-81-2024-119-NM1,21,1,G,6,775,1,999,999,999,0,999,2,2,47.7030665360098,8,9
2404767,81,119,1-81-2024-119-NM1,21,1,H,10,61,1,888,888,888,0,999,98,1,47.7030665360098,8,9
2405266,59,155,1-59-2024-155-NM2,22,1,B,2,738,1,888,888,888,8,999,3,2,265.224171982023,6,9
2405266,59,155,1-59-2024-155-NM2,22,1,C,2,720,1,999,999,2,0,999,5,2,265.224171982023,6,9
2405266,59,155,1-59-2024-155-NM2,22,1,D,10,61,1,888,888,888,8,999,98,1,265.224171982023,6,9
2405355,67,48,1-67-2024-048-NM2,22,1,D,1,702,1,68,-53,999,8,999,5,2,466.844383438263,7,9
2405242,17,171,1-17-2024-171-NM2,22,1,B,10,61,1,888,888,888,8,999,98,1,85.8489914277837,4,9
2405234,26,120,1-26-2024-120-NM2,22,1,A,10,61,1,888,888,888,8,999,98,2,2513.96756463306,10,9
2405167,57,157,1-57-2024-157-NM1,21,1,A,1,700,1,47,-174,0,0,999,98,3,19.2604769426058,1,9
2405167,57,157,1-57-2024-157-NM1,21,1,C,5,770,1,102,-156,5,0,819,5,1,19.2604769426058,1,9
2405167,57,157,1-57-2024-157-NM1,21,1,D,5,774,1,999,999,999,8,999,98,2,19.2604769426058,1,9
2405167,57,157,1-57-2024-157-NM1,21,1,F,10,61,1,888,888,888,8,999,98,1,19.2604769426058,1,9
2405228,82,149,1-82-2024-149-NM2,22,1,A,10,61,1,999,999,999,8,999,98,2,530.041651146454,1,9
2405560,57,173,1-57-2024-173-NM2,22,1,A,10,61,1,888,888,888,8,999,98,2,166.164473508738,1,9
2405355,67,48,1-67-2024-048-NM2,22,1,E,1,701,1,30,-53,999,0,999,2,3,466.844383438263,7,9
2405355,67,48,1-67-2024-048-NM2,22,1,F,5,770,1,100,-20,999,0,831,5,2,466.844383438263,7,9
2404767,81,119,1-81-2024-119-NM1,21,1,D,1,706,1,999,999,888,0,999,2,2,47.7030665360098,8,9
2405338,27,166,1-27-2024-166-NM1,21,1,D,5,770,1,999,999,999,9,741,5,2,21.5359551258335,3,9
2405338,27,166,1-27-2024-166-NM1,21,1,C,5,770,1,999,999,999,9,999,5,3,21.5359551258335,3,9
2405355,67,48,1-67-2024-048-NM2,22,1,G,5,770,1,100,-40,999,0,832,5,2,466.844383438263,7,9
2405355,67,48,1-67-2024-048-NM2,22,1,H,5,770,1,155,-10,999,0,741,5,2,466.844383438263,7,9
2405348,15,204,1-15-2024-204-NM2,22,1,A,10,61,1,888,888,888,0,999,98,1,95.8031442610112,1,9
2405316,24,148,1-24-2024-148-NM1,21,1,A,3,750,1,888,888,1,0,999,5,3,23.1726143074507,1,9
2405316,24,148,1-24-2024-148-NM1,21,1,B,3,750,1,888,888,0,0,999,3,3,23.1726143074507,1,9
2405316,24,148,1-24-2024-148-NM1,21,1,C,3,740,1,999,999,999,0,999,3,3,23.1726143074507,1,9
2404706,11,142,1-11-2024-142-NM1,21,1,J,6,784,1,999,999,999,9,101,5,2,37.1071357763572,8,9
2402307,30,81,1-30-2024-081-NM1,21,1,D,2,733,1,999,999,999,0,101,2,3,70.0679338170937,10,9
2405495,26,125,1-26-2024-125-NM1,21,1,A,10,61,1,888,888,888,8,811,98,2,26.2657713930828,10,9
2405316,24,148,1-24-2024-148-NM1,21,1,D,10,61,1,888,888,888,0,999,98,1,23.1726143074507,1,9
2406281,52,63,1-52-2024-063-NM2,22,1,A,10,61,1,888,888,888,8,999,98,2,99.7929570162416,12,9
2405570,25,151,1-25-2024-151-NM2,22,1,A,1,700,1,999,999,999,0,851,3,3,362.735522403193,2,9
2405570,25,151,1-25-2024-151-NM2,22,1,B,1,700,1,999,999,999,0,851,3,3,362.735522403193,2,9
2405570,25,151,1-25-2024-151-NM2,22,1,C,1,700,1,999,999,999,0,999,3,3,362.735522403193,2,9
2405570,25,151,1-25-2024-151-NM2,22,1,D,1,703,1,999,999,999,0,711,3,3,362.735522403193,2,9
2405570,25,151,1-25-2024-151-NM2,22,1,E,10,61,1,888,888,888,8,101,98,1,362.735522403193,2,9
2406219,15,242,1-15-2024-242-NM2,22,1,A,10,61,1,888,888,888,8,999,98,2,30.3797729398406,1,9
2405353,29,90,1-29-2024-090-NM2,22,1,B,5,770,1,122,45,0,0,999,3,2,400.603383200049,2,9
2405353,29,90,1-29-2024-090-NM2,22,1,C,10,61,1,888,888,0,0,999,98,1,400.603383200049,2,9
2405381,22,165,1-22-2024-165-NM2,22,1,B,10,61,1,888,888,888,8,101,98,3,86.2407444911639,12,9
2405381,22,165,1-22-2024-165-NM2,22,1,C,1,719,1,999,999,999,9,712,98,2,86.2407444911639,12,9
2405381,22,165,1-22-2024-165-NM2,22,1,D,1,719,1,999,999,999,9,732,98,2,86.2407444911639,12,9
2405381,22,165,1-22-2024-165-NM2,22,1,E,1,719,1,999,999,999,9,812,98,2,86.2407444911639,12,9
2406002,81,159,1-81-2024-159-NM1,21,1,B,10,61,1,888,888,888,8,601,98,1,21.098194093673,8,9
2405352,29,89,1-29-2024-089-NM1,21,1,A,1,700,1,75,-90,0,0,512,5,2,37.5008426016573,2,9
2402679,13,64,1-13-2024-064-NM1,21,1,B,1,702,1,999,999,999,9,839,2,2,52.9890988226477,7,9
2402679,13,64,1-13-2024-064-NM1,21,1,D,1,703,1,999,999,999,9,829,1,2,52.9890988226477,7,9
2402679,13,64,1-13-2024-064-NM1,21,1,C,1,706,1,999,999,999,9,829,5,2,52.9890988226477,7,9
2402679,13,64,1-13-2024-064-NM1,21,1,E,5,770,1,999,999,999,9,601,1,3,52.9890988226477,7,9
2402535,24,69,1-24-2024-069-NM1,21,1,A,1,701,1,999,999,999,0,999,2,1,23.1726143074507,1,9
2401453,22,45,1-22-2024-045-NM2,22,1,A,3,750,1,888,888,888,8,712,9,3,29.8393033504253,12,9
2401453,22,45,1-22-2024-045-NM2,22,1,B,3,750,1,888,888,888,8,401,5,2,29.8393033504253,12,9
2401453,22,45,1-22-2024-045-NM2,22,1,C,3,745,1,888,888,888,8,712,9,2,29.8393033504253,12,9
2403102,16,93,1-16-2024-093-NM2,22,1,A,5,770,1,163,55,5,0,101,1,1,346.176563309069,5,9
2403198,33,54,1-33-2024-054-NM1,21,1,A,1,701,2,34,-55,0,0,999,9,1,55.7364737376608,12,9
2403198,33,54,1-33-2024-054-NM1,21,1,B,1,700,2,48,-20,0,0,999,9,1,55.7364737376608,12,9
2403198,33,54,1-33-2024-054-NM1,21,1,C,5,770,1,137,30,0,0,999,2,1,55.7364737376608,12,9
2403198,33,54,1-33-2024-054-NM1,21,1,D,6,775,1,999,999,999,0,999,9,2,55.7364737376608,12,9
2403198,33,54,1-33-2024-054-NM1,21,1,E,6,777,1,888,888,0,8,999,9,1,55.7364737376608,12,9
2402754,26,79,1-26-2024-079-NM2,22,1,A,4,760,1,888,888,999,0,999,4,2,1030.55932741376,10,9
2403191,12,53,1-12-2024-053-NM2,22,1,A,1,700,1,46,33,1,0,999,5,3,279.612696685556,9,9
2402841,24,79,1-24-2024-079-NM1,21,1,A,1,700,1,62,198,0,0,851,3,1,23.1726143074507,1,9
2402841,24,79,1-24-2024-079-NM1,21,1,B,5,770,1,128,194,999,0,999,5,1,23.1726143074507,1,9
2402841,24,79,1-24-2024-079-NM1,21,1,C,6,775,1,220,255,999,0,101,2,1,23.1726143074507,1,9
2402254,26,62,1-26-2024-062-NM1,21,1,F,10,61,1,888,888,888,9,999,98,1,25.7030205312635,10,9
2402260,26,63,1-26-2024-063-NM2,22,1,A,10,61,1,888,888,888,8,999,98,1,962.578555188656,10,9
2403500,32,122,1-32-2024-122-NM1,21,1,A,1,706,1,72,-38,26,0,852,3,3,14.4199310356771,7,9
2402256,21,45,1-21-2024-045-NM1,21,1,A,10,61,1,888,888,888,8,999,98,1,17.4486412062215,11,9
2401098,10,16,1-10-2024-016-NM1,21,1,D,10,61,1,888,888,888,8,999,98,3,31.3806248143146,4,9
2401098,10,16,1-10-2024-016-NM1,21,1,C,10,61,2,888,888,888,8,999,98,3,31.3806248143146,4,9
2401098,10,16,1-10-2024-016-NM1,21,1,A,1,701,1,32,-78,0,0,852,5,3,31.3806248143146,4,9
2401098,10,16,1-10-2024-016-NM1,21,1,B,6,775,2,198,25,0,0,712,2,3,31.3806248143146,4,9
2401027,16,33,1-16-2024-033-NM2,22,1,C,10,61,1,888,888,888,8,999,98,3,439.019791611487,5,9
2403576,30,126,1-30-2024-126-NM2,22,1,A,10,61,1,888,888,888,8,999,98,2,516.81832296578,10,9
2400611,24,13,1-24-2024-013-NM2,22,1,D,5,770,1,999,999,999,9,101,1,1,147.143075961834,1,9
2401324,66,26,1-66-2024-026-NM2,22,1,J,6,775,1,999,999,999,0,101,2,2,110.074249285118,6,9
2401324,66,26,1-66-2024-026-NM2,22,1,K,6,775,1,999,999,999,0,601,2,1,110.074249285118,6,9
2402832,69,55,1-69-2024-055-NM1,21,1,D,1,702,1,68,-35,999,9,832,5,1,7.66811372485411,8,9
2402832,69,55,1-69-2024-055-NM1,21,1,E,1,700,1,45,-40,0,9,852,3,2,7.66811372485411,8,9
2402832,69,55,1-69-2024-055-NM1,21,1,F,5,770,1,170,-40,5,9,712,1,2,7.66811372485411,8,9
2402832,69,55,1-69-2024-055-NM1,21,1,G,9,828,1,192,-28,888,8,722,1,1,7.66811372485411,8,9
2402832,69,55,1-69-2024-055-NM1,21,1,H,10,61,1,888,888,888,8,999,98,2,7.66811372485411,8,9
2402841,24,79,1-24-2024-079-NM1,21,1,D,1,703,1,999,999,999,9,831,2,1,23.1726143074507,1,9
2405870,81,152,1-81-2024-152-NM1,21,1,J,6,777,1,294,6,4,0,999,96,2,20.2135532866767,8,9
2406343,11,191,1-11-2024-191-NM1,21,1,C,1,701,1,999,999,999,9,859,9,2,37.1071357763572,8,9
2406343,11,191,1-11-2024-191-NM1,21,1,D,1,706,1,999,999,999,9,839,2,1,37.1071357763572,8,9
2406343,11,191,1-11-2024-191-NM1,21,1,E,1,700,1,999,999,999,9,839,9,2,37.1071357763572,8,9
2406343,11,191,1-11-2024-191-NM1,21,1,F,1,703,1,999,999,999,9,829,5,1,37.1071357763572,8,9
2406343,11,191,1-11-2024-191-NM1,21,1,I,10,61,1,888,888,888,8,999,98,2,37.1071357763572,8,9
2405843,11,178,1-11-2024-178-NM2,22,1,A,10,61,1,888,888,888,8,999,98,1,142.256664296033,8,9
2404607,26,111,1-26-2024-111-NM1,21,1,C,5,770,1,999,999,999,0,519,5,2,76.6867213232,10,9
2404607,26,111,1-26-2024-111-NM1,21,1,D,6,775,1,999,999,999,0,101,2,1,76.6867213232,10,9
2404607,26,111,1-26-2024-111-NM1,21,1,E,10,61,1,888,888,888,8,999,98,2,76.6867213232,10,9
2405998,20,141,1-20-2024-141-NM1,21,1,A,1,700,1,999,999,999,0,859,96,2,35.0220589332575,11,9
2405998,20,141,1-20-2024-141-NM1,21,1,B,1,703,1,999,999,999,0,812,96,2,35.0220589332575,11,9
2405998,20,141,1-20-2024-141-NM1,21,1,C,5,770,1,999,999,999,0,512,3,3,35.0220589332575,11,9
2405998,20,141,1-20-2024-141-NM1,21,1,D,6,775,1,999,999,999,8,101,12,2,35.0220589332575,11,9
2405998,20,141,1-20-2024-141-NM1,21,1,E,6,775,1,999,999,999,8,401,5,3,35.0220589332575,11,9
2405998,20,141,1-20-2024-141-NM1,21,1,F,6,776,1,999,999,999,0,999,5,3,35.0220589332575,11,9
2404711,25,125,1-25-2024-125-NM1,21,1,G,10,61,1,888,888,888,8,999,98,1,55.4169403670828,2,9
2405998,20,141,1-20-2024-141-NM1,21,1,H,10,61,1,888,888,888,8,999,98,1,35.0220589332575,11,9
2405998,20,141,1-20-2024-141-NM1,21,1,G,2,720,1,999,999,999,0,999,3,3,35.0220589332575,11,9
2404276,81,106,1-81-2024-106-NM1,21,1,I,10,61,1,888,888,888,8,999,98,2,34.7221032435964,8,9
2400052,27,1,1-27-2024-001-NM1,21,1,O,6,784,2,999,999,999,0,601,5,3,20.5862279366663,3,9
2406352,26,138,1-26-2024-138-NM1,21,1,A,1,702,1,68,125,999,0,879,3,3,89.692806404866,10,9
2406352,26,138,1-26-2024-138-NM1,21,1,B,1,706,1,106,120,999,0,829,3,3,89.692806404866,10,9
2406352,26,138,1-26-2024-138-NM1,21,1,C,1,703,1,160,130,12,1,501,1,2,89.692806404866,10,9
2406352,26,138,1-26-2024-138-NM1,21,1,D,6,775,1,240,130,3,0,719,2,2,89.692806404866,10,9
2406352,26,138,1-26-2024-138-NM1,21,1,E,3,753,1,100,250,999,0,719,1,2,89.692806404866,10,9
2404422,33,84,1-33-2024-084-NM1,21,1,K,1,703,1,110,55,999,0,811,5,1,41.0900179301514,12,9
2404422,33,84,1-33-2024-084-NM1,21,1,L,10,61,1,888,888,888,8,999,98,2,41.0900179301514,12,9
2404760,32,138,1-32-2024-138-NM1,21,1,D,1,706,1,21,67,4,9,841,2,2,41.8806863445024,7,9
2404760,32,138,1-32-2024-138-NM1,21,1,F,6,775,1,226,73,888,0,101,2,2,41.8806863445024,7,9
2404760,32,138,1-32-2024-138-NM1,21,1,G,6,784,1,226,78,0,0,999,3,2,41.8806863445024,7,9
2405394,10,107,1-10-2024-107-NM1,21,1,H,10,61,1,888,888,888,8,999,98,2,36.1764362071444,4,9
2405276,77,169,1-77-2024-169-NM1,21,1,E,3,750,4,888,888,888,8,999,5,2,113.21347390618,9,9
2405049,30,174,1-30-2024-174-NM1,21,1,D,5,770,1,999,999,999,9,732,5,2,35.2170995864478,10,9
2405049,30,174,1-30-2024-174-NM1,21,1,E,5,774,1,999,999,999,8,999,5,2,35.2170995864478,10,9
2405049,30,174,1-30-2024-174-NM1,21,1,F,10,61,1,888,888,888,8,999,98,2,35.2170995864478,10,9
2405096,32,144,1-32-2024-144-NM1,21,1,A,1,701,1,22,-53,0,9,851,2,2,65.0700959465246,7,9
2405096,32,144,1-32-2024-144-NM1,21,1,F,2,720,1,179,-112,3,0,999,1,2,65.0700959465246,7,9
2405096,32,144,1-32-2024-144-NM1,21,1,G,2,722,1,313,-98,1,0,999,9,3,65.0700959465246,7,9
2405096,32,144,1-32-2024-144-NM1,21,1,H,10,61,1,888,888,888,0,999,98,1,65.0700959465246,7,9
2405069,11,151,1-11-2024-151-NM1,21,1,A,7,790,1,999,999,999,0,851,98,2,37.1071357763572,8,9
2405972,21,146,1-21-2024-146-NM1,21,1,A,10,61,1,888,888,888,8,999,98,1,9.08918343004306,11,9
2405069,11,151,1-11-2024-151-NM1,21,1,B,10,61,1,888,888,888,8,999,98,2,37.1071357763572,8,9
2405156,10,100,1-10-2024-100-NM1,21,1,B,5,770,1,999,999,999,0,999,5,2,31.3806248143146,4,9
2405156,10,100,1-10-2024-100-NM1,21,1,C,10,61,1,888,888,888,8,999,98,1,31.3806248143146,4,9
2405886,57,185,1-57-2024-185-NM2,22,1,A,10,61,1,888,888,888,8,999,98,1,382.264183805407,1,9
2405105,27,160,1-27-2024-160-NM2,22,1,C,2,720,1,999,999,999,0,999,3,3,35.0197990149152,3,9
2406229,81,163,1-81-2024-163-NM1,21,2,A,5,770,1,999,999,1,1,999,1,3,20.2135532866767,8,9
2406229,81,163,1-81-2024-163-NM1,21,2,B,5,770,1,999,999,1,1,999,1,3,20.2135532866767,8,9
2406229,81,163,1-81-2024-163-NM1,21,2,C,1,703,1,999,999,8,1,999,1,3,20.2135532866767,8,9
2405105,27,160,1-27-2024-160-NM2,22,1,B,2,732,1,999,999,999,0,711,96,3,35.0197990149152,3,9
2405819,60,98,1-60-2024-098-NM1,21,1,D,10,61,1,888,888,888,8,999,98,2,43.22330010499,8,9
2404658,81,117,1-81-2024-117-NM1,21,2,B,2,736,1,888,888,5,0,999,5,2,26.5893987350207,8,9
2404658,81,117,1-81-2024-117-NM1,21,2,C,2,738,1,888,888,888,0,999,3,2,26.5893987350207,8,9
2404658,81,117,1-81-2024-117-NM1,21,2,D,2,730,1,888,888,888,8,999,5,3,26.5893987350207,8,9
2404658,81,117,1-81-2024-117-NM1,21,2,E,2,730,1,888,888,888,0,999,5,3,26.5893987350207,8,9
2404658,81,117,1-81-2024-117-NM1,21,2,F,4,760,1,888,888,888,0,999,9,3,26.5893987350207,8,9
2404658,81,117,1-81-2024-117-NM1,21,2,G,10,61,1,888,888,888,0,999,98,1,26.5893987350207,8,9
2404927,54,110,1-54-2024-110-NM1,21,1,A,3,750,1,999,999,999,9,999,5,2,158.05614243884,9,9
2404927,54,110,1-54-2024-110-NM1,21,2,A,2,736,1,999,999,999,0,999,3,3,158.05614243884,9,9
2404927,54,110,1-54-2024-110-NM1,21,2,B,2,720,1,999,999,999,0,999,3,3,158.05614243884,9,9
2404927,54,110,1-54-2024-110-NM1,21,2,C,2,730,1,999,999,999,9,999,3,3,158.05614243884,9,9
2404927,54,110,1-54-2024-110-NM1,21,2,D,2,730,1,999,999,999,0,999,3,3,158.05614243884,9,9
2404927,54,110,1-54-2024-110-NM1,21,2,E,2,730,1,999,999,999,9,999,3,3,158.05614243884,9,9
2404927,54,110,1-54-2024-110-NM1,21,2,F,10,61,1,999,999,999,9,999,6,2,158.05614243884,9,9
2406259,30,213,1-30-2024-213-NM1,21,1,A,1,701,1,69,-20,0,0,841,3,3,70.0679338170937,10,9
2406259,30,213,1-30-2024-213-NM1,21,1,B,1,700,1,78,-30,1,0,832,3,3,70.0679338170937,10,9
2406259,30,213,1-30-2024-213-NM1,21,1,C,1,702,1,102,-12,1,0,812,5,3,70.0679338170937,10,9
2405096,32,144,1-32-2024-144-NM1,21,1,D,5,770,1,64,0,32,0,101,1,3,65.0700959465246,7,9
2405096,32,144,1-32-2024-144-NM1,21,1,E,6,775,1,52,90,8,0,769,2,3,65.0700959465246,7,9
2404700,69,110,1-69-2024-110-NM1,21,1,A,1,703,1,115,-40,2,0,849,5,2,7.66811372485411,8,9
2404700,69,110,1-69-2024-110-NM1,21,1,B,6,775,1,242,-60,4,0,201,12,1,7.66811372485411,8,9
2404700,69,110,1-69-2024-110-NM1,21,1,C,1,700,1,60,-114,6,0,869,2,2,7.66811372485411,8,9
2400618,16,20,1-16-2024-020-NM1,21,2,D,5,770,1,999,999,999,9,601,5,2,19.3635256654646,5,9
2400618,16,20,1-16-2024-020-NM1,21,2,E,2,733,1,198,-72,999,8,729,98,3,19.3635256654646,5,9
2400618,16,20,1-16-2024-020-NM1,21,2,F,1,706,1,60,-56,888,8,999,2,3,19.3635256654646,5,9
2400618,16,20,1-16-2024-020-NM1,21,2,G,10,88,1,888,888,888,8,999,98,1,19.3635256654646,5,9
2404582,24,129,1-24-2024-129-NM1,21,1,A,1,700,1,97,-60,31,0,859,2,1,23.1726143074507,1,9
2404582,24,129,1-24-2024-129-NM1,21,1,C,6,775,1,54,-32,23,1,101,96,1,23.1726143074507,1,9
2404586,25,121,1-25-2024-121-NM2,22,1,D,10,61,1,888,888,888,8,999,96,2,117.391789482128,2,9
2403998,25,103,1-25-2024-103-NM1,21,1,A,1,700,1,999,999,0,0,842,5,2,55.4169403670828,2,9
2403998,25,103,1-25-2024-103-NM1,21,1,B,1,703,1,999,999,2,0,999,5,2,55.4169403670828,2,9
2403998,25,103,1-25-2024-103-NM1,21,1,C,5,770,1,999,999,2,0,999,5,2,55.4169403670828,2,9
2403998,25,103,1-25-2024-103-NM1,21,1,D,3,740,1,999,999,5,0,501,5,2,55.4169403670828,2,9
2403998,25,103,1-25-2024-103-NM1,21,1,F,10,61,1,888,888,888,8,999,98,1,55.4169403670828,2,9
2405242,17,171,1-17-2024-171-NM2,22,1,A,1,703,1,138,90,0,0,101,5,1,85.8489914277837,4,9
2403849,62,106,1-62-2024-106-NM1,21,1,B,5,770,1,999,999,999,8,999,3,3,41.0383325582026,7,9
2403849,62,106,1-62-2024-106-NM1,21,1,C,10,61,1,888,888,888,8,999,98,2,41.0383325582026,7,9
2404890,30,167,1-30-2024-167-NM2,22,1,A,1,701,1,999,999,999,0,999,2,1,814.767720370494,10,9
2406229,81,163,1-81-2024-163-NM1,21,1,A,5,770,1,888,888,888,0,101,11,2,20.2135532866767,8,9
2406229,81,163,1-81-2024-163-NM1,21,1,B,5,770,1,999,999,999,0,712,11,2,20.2135532866767,8,9
2406229,81,163,1-81-2024-163-NM1,21,1,C,5,770,1,999,999,999,0,722,11,2,20.2135532866767,8,9
2406229,81,163,1-81-2024-163-NM1,21,1,D,5,770,1,999,999,999,0,742,11,2,20.2135532866767,8,9
2406229,81,163,1-81-2024-163-NM1,21,1,E,5,770,1,999,999,999,0,762,11,2,20.2135532866767,8,9
2406229,81,163,1-81-2024-163-NM1,21,1,F,5,770,1,999,999,999,0,761,5,3,20.2135532866767,8,9
2406229,81,163,1-81-2024-163-NM1,21,1,G,10,61,1,888,888,888,8,999,98,2,20.2135532866767,8,9
2406229,81,163,1-81-2024-163-NM1,21,1,H,5,770,1,999,999,999,0,812,5,2,20.2135532866767,8,9
2405941,11,180,1-11-2024-180-NM2,22,1,B,1,706,1,999,999,999,0,999,2,1,2346.62012709175,8,9
2405941,11,180,1-11-2024-180-NM2,22,1,D,10,61,1,888,888,888,8,999,98,1,2346.62012709175,8,9
2405968,29,102,1-29-2024-102-NM1,21,1,A,10,61,1,888,888,888,8,999,98,2,46.066249775962,2,9
2404311,19,58,1-19-2024-058-NM1,21,1,A,1,701,1,31,34,0,0,999,2,1,58.1964149408969,9,9
2404311,19,58,1-19-2024-058-NM1,21,1,F,3,740,1,999,999,0,0,999,3,2,58.1964149408969,9,9
2406091,32,158,1-32-2024-158-NM1,21,1,D,10,61,1,888,888,888,8,999,98,2,128.080968764564,7,9
2406091,32,158,1-32-2024-158-NM1,21,1,E,5,770,1,999,999,999,9,732,5,3,128.080968764564,7,9
2406091,32,158,1-32-2024-158-NM1,21,1,F,5,770,1,999,999,999,9,731,5,3,128.080968764564,7,9
2406091,32,158,1-32-2024-158-NM1,21,1,G,6,775,1,999,999,999,8,999,2,3,128.080968764564,7,9
2406001,81,158,1-81-2024-158-NM2,22,2,B,10,61,1,888,888,888,8,999,98,3,1666.588526805,8,9
2406110,22,186,1-22-2024-186-NM2,22,1,A,10,61,1,888,888,888,8,999,98,2,94.6557465142525,12,9
2405722,30,193,1-30-2024-193-NM2,22,1,A,10,61,1,888,888,888,8,999,98,2,2186.42290292287,10,9
2406065,79,118,1-79-2024-118-NM1,21,1,C,10,61,1,888,888,888,8,999,98,2,131.970085856043,8,9
2405551,33,106,1-33-2024-106-NM1,21,1,B,6,775,1,265,-58,999,0,101,2,2,41.0900179301514,12,9
2405551,33,106,1-33-2024-106-NM1,21,1,C,1,706,1,67,-56,888,0,819,2,1,41.0900179301514,12,9
2405551,33,106,1-33-2024-106-NM1,21,1,D,2,732,1,210,-68,888,8,999,98,3,41.0900179301514,12,9
2405551,33,106,1-33-2024-106-NM1,21,1,E,10,61,1,888,888,888,8,999,96,3,41.0900179301514,12,9
2406243,67,57,1-67-2024-057-NM2,22,1,A,10,61,1,888,888,888,8,999,98,3,280.830811465838,7,9
2406132,10,129,1-10-2024-129-NM1,21,1,A,10,61,1,888,888,888,8,999,98,2,31.3806248143146,4,9
2402198,11,55,1-11-2024-055-NM1,21,1,G,10,61,1,888,888,888,8,999,98,2,37.1071357763572,8,9
2406391,22,194,1-22-2024-194-NM1,21,1,F,5,770,2,999,999,999,9,811,3,2,23.3960835753343,12,9
2406391,22,194,1-22-2024-194-NM1,21,1,G,6,784,2,999,999,999,9,999,3,2,23.3960835753343,12,9
2406391,22,194,1-22-2024-194-NM1,21,1,H,10,61,1,888,888,888,8,999,98,2,23.3960835753343,12,9
2406391,22,194,1-22-2024-194-NM1,21,1,I,10,61,2,888,888,888,8,999,98,2,23.3960835753343,12,9
2405977,26,132,1-26-2024-132-NM1,21,1,B,1,702,1,999,999,999,0,511,2,1,29.2426811637843,10,9
2405977,26,132,1-26-2024-132-NM1,21,1,C,1,700,1,999,999,999,0,811,1,1,29.2426811637843,10,9
2405977,26,132,1-26-2024-132-NM1,21,1,D,5,770,2,999,999,999,9,511,5,2,29.2426811637843,10,9
2405977,26,132,1-26-2024-132-NM1,21,1,E,10,61,1,888,888,888,8,999,98,2,29.2426811637843,10,9
2404890,30,167,1-30-2024-167-NM2,22,1,B,1,700,1,999,999,999,0,999,3,1,814.767720370494,10,9
2404890,30,167,1-30-2024-167-NM2,22,1,C,1,700,1,999,999,999,0,999,96,1,814.767720370494,10,9
2404890,30,167,1-30-2024-167-NM2,22,1,D,1,702,1,999,999,999,0,999,2,1,814.767720370494,10,9
