CASEID,PSU,CASENO,CASENUMBER,CATEGORY,VEHNO,GVWR,GAWRFRONT,GAWRREAR,RECFRONT1,RECFRPRESS1,RECREAR1,RECRRPRESS1,RECFRONT2,RECFRPRESS2,RECREAR2,RECRRPRESS2,RECFRONT3,RECFRPRESS3,RECREAR3,RECRRPRESS3,CASEWGT,PSUSTRAT,VERSION
2406011,10,126,1-10-2024-126-05,5,2,2495,1236,1288,P225/60R18,220,P225/60R18,220,,,,,,,,,75.3748060493564,4,9
2404465,14,84,1-14-2024-084-08,8,2,2430,1300,1340,P225/65R17,210,P225/65R17,210,,,,,,,,,95.3393322368294,8,9
2402876,48,94,1-48-2024-094-10,10,2,9999,9999,9999,9999999999,999,9999999999,999,,,,,,,,,187.854526060285,12,9
2405771,57,179,1-57-2024-179-06,6,2,2066,1002,1064,P225/60R16,210,P225/60R16,200,,,,,,,,,210.079816306198,1,9
2405771,57,179,1-57-2024-179-06,6,4,2100,1191,1191,P205/65R16,240,P205/65R16,240,,,,,,,,,210.079816306198,1,9
2402541,16,77,1-16-2024-077-02,2,1,1780,1050,971,P205/55R16,240,P205/55R16,230,,,,,,,,,15.1092509057653,5,9
2401880,54,44,1-54-2024-044-10,10,1,1650,870,850,P185/65R14,220,P185/65R14,220,,,,,,,,,594.813207503092,9,9
2402550,62,66,1-62-2024-066-03,3,1,1963,1097,945,P215/55R17,230,P215/55R17,230,,,,,,,,,324.669436286919,7,9
2400827,59,28,1-59-2024-028-04,4,1,2095,1090,1055,P235/55R19,230,P235/55R19,210,,,,,,,,,210.089582417027,6,9
2406237,73,155,1-73-2024-155-03,3,1,2994,1588,1706,P265/70R16,220,P265/70R16,230,,,,,,,,,27.9333153038062,3,9
2401614,59,50,1-59-2024-050-03,3,1,2090,1075,1125,P225/60R17,240,P225/60R17,240,,,,,,,,,45.7235198932283,6,9
2400764,12,15,1-12-2024-015-05,5,1,1940,1050,900,P215/65R16,240,P215/65R16,240,,,,,,,,,241.497853716308,9,9
2405839,12,113,1-12-2024-113-06,6,2,2025,1175,1200,P225/65R17,240,P225/65R17,240,,,,,,,,,257.996460650317,9,9
2405341,32,147,1-32-2024-147-03,3,1,9999,9999,9999,9999999999,999,9999999999,999,,,,,,,,,534.96996140373,7,9
2401760,17,56,1-17-2024-056-03,3,2,9999,9999,9999,9999999999,999,9999999999,999,,,,,,,,,56.2627107467575,4,9
2401428,32,52,1-32-2024-052-02,2,1,2075,1075,1000,P225/55R19,240,P225/55R19,240,,,,,,,,,5.49389453568411,7,9
2403824,14,68,1-14-2024-068-03,3,2,2540,1335,1490,P245/75R16,220,P245/75R16,220,,,,,,,,,364.189516222934,8,9
2403990,11,119,1-11-2024-119-03,3,2,2100,1260,1200,P235/65R17,241,P235/65R17,241,,,,,,,,,72.7397637397295,8,9
2404488,22,133,1-22-2024-133-07,7,1,1810,972,880,P215/55R16,250,P215/55R16,250,,,,,,,,,67.9415091482,12,9
2406113,69,157,1-69-2024-157-03,3,2,2800,1450,1600,P255/65R18,240,P255/65R18,240,,,,,,,,,30.8763495381706,8,9
2400141,57,4,1-57-2024-004-04,4,1,2794,1633,1724,P255/65R18,230,P255/65R18,230,,,,,,,,,60.4357356083445,1,9
2402046,10,26,1-10-2024-026-03,3,1,1814,980,845,P215/50R17,230,P215/50R17,230,,,,,,,,,200.267688383572,4,9
2402219,28,65,1-28-2024-065-09,9,1,9999,9999,9999,9999999999,999,9999999999,999,,,,,,,,,34.7771381559099,3,9
2402605,17,83,1-17-2024-083-06,6,1,2300,1350,1395,P235/65R17,235,P235/65R17,235,,,,,,,,,73.4743141718764,4,9
2405009,30,172,1-30-2024-172-NM2,22,1,9999,9999,9999,9999999999,999,9999999999,999,,,,,,,,,699.896518145871,10,9
2405129,22,158,1-22-2024-158-04,4,3,2090,1150,1150,P225/65R17,250,P225/65R17,250,,,,,,,,,115.936744622161,12,9
2405209,16,124,1-16-2024-124-04,4,1,2540,1361,1216,P245/45R20,240,P245/45R20,240,,,,,,,,,2636.03374293498,5,9
2405500,33,103,1-33-2024-103-02,2,1,2540,1335,1490,P265/65R17,200,P265/65R17,200,,,,,,,,,23.2460633538017,12,9
2405567,25,148,1-25-2024-148-03,3,2,2350,1216,1254,P225/65R17,240,P225/65R17,240,,,,,,,,,129.841261636912,2,9
2405924,69,152,1-69-2024-152-02,2,1,1370,730,670,P165/65R14,270,P165/65R14,270,,,,,,,,,7.30201599951961,8,9
2406151,79,121,1-79-2024-121-03,3,1,1950,1100,960,9999999999,999,9999999999,999,,,,,,,,,104.756877618907,8,9
2400255,29,4,1-29-2024-004-03,3,2,2325,1220,1200,P235/50R19,260,P235/50R19,260,,,,,,,,,190.394970171206,2,9
2400972,10,15,1-10-2024-015-07,7,2,1760,980,910,9999999999,999,9999999999,999,,,,,,,,,3357.93988423277,4,9
2401021,25,23,1-25-2024-023-05,5,2,1758,972,853,P205/50R17,230,P205/50R17,230,,,,,,,,,47.0105431448925,2,9
2401367,62,35,1-62-2024-035-04,4,1,2449,1279,1197,P245/55R19,240,P245/55R19,240,,,,,,,,,814.399144757816,7,9
2401747,59,57,1-59-2024-057-09,9,1,1889,921,978,P205/70R15,180,P205/70R15,180,,,,,,,,,544.058692708323,6,9
2402119,26,56,1-26-2024-056-02,2,2,1950,1070,960,P225/50R17,220,P225/50R17,220,,,,,,,,,21.1529220587709,10,9
2404166,11,127,1-11-2024-127-02,2,1,3198,1565,1724,P275/65R18,240,P275/65R18,240,,,,,,,,,30.7614595081659,8,9
2404441,54,104,1-54-2024-104-04,4,2,2030,1188,1098,P235/45R18,240,P235/45R18,240,,,,,,,,,256.948260971925,9,9
2405546,79,107,1-79-2024-107-07,7,2,2030,1129,1098,P215/55R17,240,P215/55R17,240,,,,,,,,,105.188203068447,8,9
2404706,11,142,1-11-2024-142-NM1,21,1,2450,1259,1452,P255/75R17,240,P255/75R17,240,,,,,,,,,37.1071357763572,8,9
2402751,82,68,1-82-2024-068-06,6,2,2535,1160,1390,P265/65R17,220,P265/65R17,220,,,,,,,,,159.693073582709,1,9
2403037,59,94,1-59-2024-094-03,3,1,9999,9999,9999,9999999999,999,9999999999,999,,,,,,,,,50.8430622641183,6,9
2403584,69,75,1-69-2024-075-08,8,1,1744,915,839,P205/55R16,220,P205/55R16,220,,,,,,,,,99.4639493060289,8,9
2404912,10,94,1-10-2024-094-05,5,2,9999,9999,9999,9999999999,999,9999999999,999,,,,,,,,,28.1401399399903,4,9
2400799,22,22,1-22-2024-022-07,7,2,2477,1225,1361,P245/75R17,250,P245/75R17,250,,,,,,,,,98.6738695779625,12,9
2403501,28,103,1-28-2024-103-09,9,1,1665,880,785,P205/55R16,220,P205/55R16,220,,,,,,,,,42.1140871339499,3,9
2406232,23,49,1-23-2024-049-03,3,1,2125,1145,1000,P245/45R18,230,P245/45R18,230,,,,,,,,,538.277569353781,5,9
2401818,52,27,1-52-2024-027-07,7,1,2490,1315,1184,P235/65R17,240,P235/65R17,240,,,,,,,,,574.95190063988,12,9
2401154,24,25,1-24-2024-025-06,6,2,1815,1005,810,P215/45R17,240,P215/45R17,230,,,,,,,,,116.94575801916,1,9
2404211,32,129,1-32-2024-129-03,3,2,9999,9999,9999,9999999999,999,9999999999,999,,,,,,,,,349.213384549016,7,9
2400321,19,8,1-19-2024-008-05,5,1,2650,1295,1405,P245/60R18,220,P245/60R18,220,,,,,,,,,49.1552833588875,9,9
2403006,26,89,1-26-2024-089-03,3,2,1660,875,785,P205/60R16,220,P205/60R16,220,,,,,,,,,282.561730241079,10,9
2404257,10,75,1-10-2024-075-07,7,1,2136,1118,1039,P235/45R18,240,P235/45R18,240,,,,,,,,,2912.86139349855,4,9
2402488,32,87,1-32-2024-087-02,2,2,9999,9999,9999,9999999999,999,9999999999,999,,,,,,,,,6.60426747006496,7,9
2404065,73,114,1-73-2024-114-02,2,1,2270,1190,1100,P255/40R19,220,P255/40R19,220,,,,,,,,,31.8497733664116,3,9
2400095,30,1,1-30-2024-001-03,3,1,1815,980,845,P205/60R16,228,P205/60R16,228,,,,,,,,,414.154548679097,10,9
2400344,14,4,1-14-2024-004-09,9,1,9999,9999,9999,9999999999,999,9999999999,999,,,,,,,,,1299.85084492369,8,9
2402359,52,35,1-52-2024-035-09,9,1,2448,1211,1241,P225/60R16,221,P225/60R16,221,,,,,,,,,331.24608812461,12,9
2403630,22,109,1-22-2024-109-07,7,1,4309,1996,2612,LT265/70R17,420,LT265/70R17,520,,,,,,,,,106.715881703067,12,9
2405794,10,119,1-10-2024-119-06,6,1,9999,9999,9999,9999999999,999,9999999999,999,,,,,,,,,469.073691082994,4,9
2406050,66,119,1-66-2024-119-04,4,2,2080,1150,1000,P215/60R17,240,P215/60R17,240,,,,,,,,,129.895877636548,6,9
2402489,32,88,1-32-2024-088-03,3,2,2450,1225,1361,LT285/70R17,255,LT285/70R17,225,,,,,,,,,332.353332078875,7,9
2402863,16,84,1-16-2024-084-02,2,3,9999,9999,9999,9999999999,999,9999999999,999,,,,,,,,,15.1092509057653,5,9
2403183,18,90,1-18-2024-090-06,6,2,2608,1338,1452,P245/65R17,210,P245/65R17,240,,,,,,,,,441.366614439606,6,9
2403906,30,139,1-30-2024-139-05,5,2,2422,1293,1154,P245/60R18,240,P245/60R18,240,,,,,,,,,43.417190088088,10,9
2404803,79,94,1-79-2024-094-08,8,2,2585,1588,1706,P245/70R16,180,P245/70R16,240,P265/70R16,180,P265/70R16,200,,,,,106.400423510374,8,9
2400241,26,4,1-26-2024-004-06,6,1,2550,1350,1395,P235/65R17,234,P235/65R17,234,,,,,,,,,855.626158255573,10,9
2400626,76,15,1-76-2024-015-03,3,2,2722,1350,1545,P235/65R18,240,P235/65R18,240,,,,,,,,,71.5495535595937,3,9
2401757,62,43,1-62-2024-043-05,5,1,9999,9999,9999,9999999999,999,9999999999,999,,,,,,,,,36.6153826086227,7,9
2402498,27,81,1-27-2024-081-04,4,2,1776,1050,971,P195/65R15,260,P195/65R15,250,,,,,,,,,41.9395991935004,3,9
2402897,21,59,1-21-2024-059-04,4,1,1815,965,850,P215/55R17,220,P215/55R17,210,,,,,,,,,924.169152788539,11,9
2404075,19,53,1-19-2024-053-05,5,1,3266,1701,1746,P275/55R20,240,P275/55R20,240,,,,,,,,,73.2539652773898,9,9
2404433,30,154,1-30-2024-154-05,5,1,4536,2722,2740,LT275/70R18,415,LT275/70R18,415,,,,,,,,,84.7212626538785,10,9
2403161,81,69,1-81-2024-069-07,7,2,1780,990,910,P205/55R16,250,P205/55R16,250,,,,,,,,,4302.54433146256,8,9
2405165,57,155,1-57-2024-155-06,6,1,1700,990,820,P215/45R17,230,P215/45R17,230,,,,,,,,,391.005792237184,1,9
2406039,48,197,1-48-2024-197-02,2,1,2123,1075,1125,P225/60R17,240,P225/60R17,240,,,,,,,,,74.210049573419,12,9
2403511,82,91,1-82-2024-091-04,4,1,2132,1180,1080,P215/65R17,240,P215/65R17,240,,,,,,,,,308.3315387001,1,9
2403599,60,43,1-60-2024-043-02,2,1,1960,1160,1140,P205/65R16,235,P205/65R16,235,,,,,,,,,98.7373875661215,8,9
2403896,59,118,1-59-2024-118-06,6,1,1881,979,902,P225/45R18,999,P225/45R18,999,,,,,,,,,351.838762652549,6,9
2400579,54,21,1-54-2024-021-10,10,1,3311,1724,1820,P265/70R18,270,P265/70R18,270,,,,,,,,,297.406603751546,9,9
2400875,11,22,1-11-2024-022-03,3,2,2722,1450,1580,P255/55R20,240,P255/55R20,240,,,,,,,,,45.0595330598255,8,9
2401055,21,25,1-21-2024-025-08,8,1,1629,892,737,P195/70R14,210,P195/70R14,210,,,,,,,,,78.3803996099035,11,9
2401278,11,30,1-11-2024-030-06,6,1,2425,9999,953,P205/65R16,235,P205/65R16,235,,,,,,,,,4617.44446865698,8,9
2401418,27,46,1-27-2024-046-07,7,2,4536,2540,2767,LT275/70R18,450,LT275/70R18,450,,,,,,,,,61.6841306108297,3,9
2401818,52,27,1-52-2024-027-07,7,2,2021,1075,962,P215/65R16,230,P215/65R16,230,,,,,,,,,574.95190063988,12,9
2404067,57,104,1-57-2024-104-06,6,1,2141,1072,1089,P225/65R17,230,P225/65R17,230,,,,,,,,,313.179779784653,1,9
2404291,67,32,1-67-2024-032-05,5,1,9999,9999,9999,9999999999,999,9999999999,999,,,,,,,,,70.7745535355824,7,9
2403780,10,63,1-10-2024-063-03,3,2,2257,1100,1250,P245/45R18,220,P245/45R18,240,,,,,,,,,1732.95029492939,4,9
2402365,82,57,1-82-2024-057-03,3,1,2175,1120,1120,P235/60R18,999,P235/60R18,999,,,,,,,,,157.899502135521,1,9
2402455,20,72,1-20-2024-072-05,5,2,1960,1050,930,P235/40R19,230,P235/40R19,220,,,,,,,,,19.9171728154044,11,9
2403281,59,102,1-59-2024-102-04,4,1,9999,9999,9999,9999999999,999,9999999999,999,,,,,,,,,177.015010442225,6,9
2403306,48,107,1-48-2024-107-06,6,1,1734,905,836,P205/55R16,230,P205/55R16,230,,,,,,,,,93.2394399188157,12,9
2403572,33,61,1-33-2024-061-02,2,1,9999,9999,9999,9999999999,999,9999999999,999,,,,,,,,,26.28784040081,12,9
2403853,59,119,1-59-2024-119-06,6,2,1554,794,775,P185/65R15,230,P185/65R15,230,,,,,,,,,351.838762652549,6,9
2403932,20,102,1-20-2024-102-02,2,2,2250,1175,1240,P235/55R18,240,P235/55R18,240,,,,,,,,,19.9171728154044,11,9
2404220,79,86,1-79-2024-086-01,1,2,2200,1260,1200,P235/60R18,241,P235/60R18,241,,,,,,,,,107.802444352875,8,9
2404748,17,152,1-17-2024-152-04,4,1,2087,1180,1007,P225/55R17,220,P225/55R17,220,,,,,,,,,380.588800310182,4,9
2400860,17,27,1-17-2024-027-04,4,2,9999,9999,9999,P225/55R17,210,P225/55R17,210,,,,,,,,,73.2511684159124,4,9
2401231,73,42,1-73-2024-042-01,1,1,9999,9999,9999,P265/65R18,240,P265/65R18,240,,,,,,,,,29.6045947385831,3,9
2401671,25,40,1-25-2024-040-09,9,1,1880,930,1000,P215/60R16,200,P215/60R16,190,,,,,,,,,132.614575781808,2,9
2402037,13,53,1-13-2024-053-02,2,1,9999,9999,9999,9999999999,999,9999999999,999,,,,,,,,,28.4531500720589,7,9
2402380,27,74,1-27-2024-074-06,6,1,3175,1724,1724,P255/70R17,240,P255/70R17,240,,,,,,,,,78.7044382164163,3,9
2402569,32,92,1-32-2024-092-02,2,2,1825,1050,950,P205/60R16,228,P205/60R16,228,,,,,,,,,8.87466508682347,7,9
2403481,60,41,1-60-2024-041-04,4,2,2100,1191,1191,P205/65R16,241,P205/65R16,241,,,,,,,,,578.853294034117,8,9
2403928,60,52,1-60-2024-052-07,7,1,9999,9999,9999,9999999999,999,9999999999,999,,,,,,,,,925.177503236955,8,9
2404289,77,138,1-77-2024-138-03,3,1,2586,1293,1339,P215/65R16,250,P215/65R16,250,,,,,,,,,7405.75351726145,9,9
2404797,12,91,1-12-2024-091-07,7,1,2405,1275,1275,P225/60R18,207,P225/60R18,207,,,,,,,,,321.458377980766,9,9
2405534,13,78,1-13-2024-078-03,3,1,1720,990,950,P195/65R15,230,P195/65R15,230,,,,,,,,,2541.65524006408,7,9
2404415,54,105,1-54-2024-105-06,6,1,1910,1005,940,9999999999,999,9999999999,999,,,,,,,,,225.94769841535,9,9
2404795,54,108,1-54-2024-108-09,9,2,2948,1434,1610,P245/70R16,220,P245/70R16,240,,,,,,,,,215.333286880865,9,9
2405392,59,159,1-59-2024-159-04,4,2,1850,1030,950,P225/45R17,250,P225/45R17,250,,,,,,,,,344.412592154187,6,9
2400366,32,12,1-32-2024-012-08,8,1,1696,885,811,P195/65R15,260,P195/65R15,260,,,,,,,,,82.3211387868321,7,9
2400701,16,24,1-16-2024-024-02,2,1,2645,1545,1545,P235/55R20,250,P235/55R20,250,,,,,,,,,18.740072057542,5,9
2405029,57,152,1-57-2024-152-07,7,2,2030,1090,950,P235/40R19,225,P235/40R19,225,,,,,,,,,905.08582103706,1,9
2403555,10,57,1-10-2024-057-06,6,1,2025,1175,1200,P225/65R17,240,P225/65R17,240,,,,,,,,,529.513381579315,4,9
2400558,62,17,1-62-2024-017-01,1,1,9999,9999,9999,9999999999,999,9999999999,999,,,,,,,,,98.4303935828124,7,9
2405719,28,176,1-28-2024-176-03,3,1,2100,1250,1220,P225/50R18,230,P225/50R18,220,,,,,,,,,28.3089754479373,3,9
2406360,15,248,1-15-2024-248-09,9,2,2029,1102,928,P225/50R17,230,P225/50R17,230,,,,,,,,,230.359055782603,1,9
2405330,76,153,1-76-2024-153-09,9,1,1950,1060,915,P215/60R16,210,P215/60R16,210,,,,,,,,,82.5706054598967,3,9
2406206,22,187,1-22-2024-187-10,10,1,2085,975,1110,P245/45R20,250,P245/45R20,250,,,,,,,,,263.638993066393,12,9
2403259,21,68,1-21-2024-068-03,3,1,1990,1115,910,P225/45R18,270,P225/45R18,270,,,,,,,,,317.13900450633,11,9
2403616,32,123,1-32-2024-123-NM1,21,1,2050,1007,1091,P235/50R18,220,P235/50R18,220,,,,,,,,,73.4062485290255,7,9
2403970,69,88,1-69-2024-088-04,4,2,1245,628,620,P205/45R17,200,P205/45R17,200,,,,,,,,,124.705353098752,8,9
2400196,30,5,1-30-2024-005-03,3,1,1721,1059,1021,P185/65R15,240,P185/65R15,230,,,,,,,,,118.941169354752,10,9
2400653,12,13,1-12-2024-013-09,9,2,2220,1155,1080,P235/55R18,220,P235/55R18,220,,,,,,,,,244.052569677692,9,9
2400971,10,14,1-10-2024-014-09,9,1,1810,972,880,P215/50R17,240,P215/50R17,240,,,,,,,,,2016.1478848675,4,9
2401345,23,22,1-23-2024-022-05,5,1,2130,1100,1075,P235/60R18,999,P235/60R18,999,,,,,,,,,85.7233957400311,5,9
2401428,32,52,1-32-2024-052-02,2,2,1844,1050,971,P225/45R18,230,P225/45R18,210,,,,,,,,,5.49389453568411,7,9
2401737,31,34,1-31-2024-034-09,9,1,2014,1057,1012,P235/70R16,220,P235/70R16,220,,,,,,,,,161.39423315543,6,9
2404710,24,132,1-24-2024-132-04,4,1,2708,1311,1420,P235/60R18,240,P235/60R18,240,,,,,,,,,189.887861088299,1,9
2406217,18,153,1-18-2024-153-03,3,2,2085,1150,1100,P215/65R17,230,P215/65R17,230,,,,,,,,,90.4428231986945,6,9
2403332,20,91,1-20-2024-091-01,1,1,1950,1040,960,P205/55R16,230,P205/55R16,230,,,,,,,,,42.6820611771259,11,9
2403922,29,47,1-29-2024-047-09,9,1,2070,1055,1035,P225/65R17,210,P225/65R17,210,,,,,,,,,1082.81421584028,2,9
2404057,77,134,1-77-2024-134-03,3,1,1410,730,690,P165/65R14,270,P165/65R14,270,,,,,,,,,554.17937603608,9,9
2404347,31,90,1-31-2024-090-05,5,1,2219,1030,1189,P245/40R18,210,P245/40R18,230,,,,,,,,,223.697137607501,6,9
2404409,48,144,1-48-2024-144-07,7,1,4309,2177,2812,LT265/70R17,420,LT265/70R17,520,,,,,,,,,320.637738411807,12,9
2400692,25,18,1-25-2024-018-09,9,1,1950,1100,960,P215/55R17,225,P215/55R17,225,,,,,,,,,936.174035091189,2,9
2401640,18,61,1-18-2024-061-04,4,1,1970,1010,1000,P225/60R17,230,P225/60R17,220,,,,,,,,,64.044330522557,6,9
2403133,79,65,1-79-2024-065-04,4,1,1975,1140,1050,9999999999,999,9999999999,999,,,,,,,,,103.687310341295,8,9
2403318,54,85,1-54-2024-085-09,9,1,2000,985,1015,P225/45R17,190,P245/40R17,220,,,,,,,,,156.448581085026,9,9
2403465,66,72,1-66-2024-072-09,9,2,2405,1275,1275,P245/45R20,220,P245/45R20,220,,,,,,,,,120.817592914173,6,9
2403863,48,124,1-48-2024-124-03,3,1,2235,1115,1230,P225/45R18,250,P225/45R18,270,,,,,,,,,192.139655150175,12,9
2404910,10,92,1-10-2024-092-08,8,2,2250,1175,1240,P235/60R17,240,P235/60R17,240,,,,,,,,,158.575814400015,4,9
2405047,33,97,1-33-2024-097-NM1,21,1,1720,920,810,P205/55R16,220,P205/55R16,220,,,,,,,,,55.4261582929793,12,9
2405090,82,144,1-82-2024-144-06,6,1,1946,1076,870,9999999999,999,9999999999,999,,,,,,,,,383.96353462407,1,9
2405235,26,121,1-26-2024-121-03,3,2,1815,980,845,P205/60R16,230,P205/60R16,230,,,,,,,,,1675.19095898832,10,9
2405635,23,47,1-23-2024-047-03,3,1,1742,948,839,P195/65R15,210,P195/65R15,210,,,,,,,,,233.109925396627,5,9
2405782,57,182,1-57-2024-182-03,3,1,2715,1325,1415,P235/65R18,230,P235/65R18,230,,,,,,,,,67.5142507477967,1,9
2405821,27,178,1-27-2024-178-03,3,1,1864,1009,875,P215/45R18,220,P215/45R18,220,,,,,,,,,11.8514312322575,3,9
2405960,31,130,1-31-2024-130-04,4,1,2427,9999,9999,9999999999,999,9999999999,999,,,,,,,,,277.889964841913,6,9
2403998,25,103,1-25-2024-103-NM1,21,1,3130,1633,1814,P265/70R17,220,P265/70R17,220,,,,,,,,,55.4169403670828,2,9
2404033,31,83,1-31-2024-083-07,7,1,3411,1678,1928,P275/55R20,240,P275/55R20,240,,,,,,,,,230.868935151332,6,9
2400307,73,11,1-73-2024-011-04,4,1,1970,1030,1000,P225/55R18,230,P225/55R18,230,,,,,,,,,54.3106720874916,3,9
2400939,13,22,1-13-2024-022-09,9,2,1815,975,848,P205/60R16,250,P205/60R16,250,,,,,,,,,1432.19031127233,7,9
2402192,20,61,1-20-2024-061-06,6,1,2575,1320,1345,P245/50R20,240,P245/50R20,240,,,,,,,,,166.545037793419,11,9
2402758,22,80,1-22-2024-080-09,9,1,4536,2609,2722,LT275/70R18,415,LT275/70R18,550,,,,,,,,,30.4373816922877,12,9
2402956,12,50,1-12-2024-050-NM2,22,1,9999,9999,9999,9999999999,999,9999999999,999,,,,,,,,,639.059715073345,9,9
2403110,27,100,1-27-2024-100-06,6,1,2930,1450,1600,P255/65R18,240,P255/65R18,240,,,,,,,,,42.4506543066445,3,9
2405287,54,115,1-54-2024-115-09,9,1,3198,1633,1746,P275/55R20,240,P275/55R20,240,,,,,,,,,401.306692440556,9,9
2405407,54,117,1-54-2024-117-07,7,2,2136,1118,1039,P225/50R17,240,P225/50R17,240,,,,,,,,,232.539756650423,9,9
2405471,31,118,1-31-2024-118-04,4,1,2041,1089,975,P235/45R18,240,P235/45R18,240,,,,,,,,,222.052598299916,6,9
2406186,28,187,1-28-2024-187-04,4,1,4536,2722,2740,LT275/70R18,415,LT275/70R18,415,,,,,,,,,81.1581075737838,3,9
2403487,16,100,1-16-2024-100-03,3,2,2620,1200,1530,P245/50R19,240,P245/50R19,240,,,,,,,,,248.379297803423,5,9
2404361,21,93,1-21-2024-093-05,5,1,1900,970,980,P205/55R16,250,P205/55R16,250,,,,,,,,,21.0158628465893,11,9
2404655,81,114,1-81-2024-114-01,1,1,2990,1450,1795,P265/60R18,220,P265/60R18,220,,,,,,,,,85.8112363936649,8,9
2404853,15,185,1-15-2024-185-05,5,1,2037,1043,994,P225/55R17,240,P225/55R17,240,,,,,,,,,13.6400789963135,1,9
2400178,59,6,1-59-2024-006-08,8,1,9999,9999,9999,9999999999,999,9999999999,999,,,,,,,,,157.411754942879,6,9
2400232,69,5,1-69-2024-005-06,6,1,3311,1640,1970,P275/60R20,240,P275/60R20,240,,,,,,,,,276.608104427655,8,9
2400661,26,14,1-26-2024-014-02,2,2,1963,1097,945,P215/55R17,230,P215/55R17,230,,,,,,,,,21.1529220587709,10,9
2401157,16,34,1-16-2024-034-06,6,2,2105,1150,1150,P225/65R17,230,P225/65R17,230,,,,,,,,,444.975684448216,5,9
2402071,69,38,1-69-2024-038-03,3,1,4242,2100,2400,LT225/75R16,448,LT225/75R16,552,,,,,,,,,28.5486297674218,8,9
2402509,26,69,1-26-2024-069-03,3,2,1880,1064,1030,P195/50R19,240,P195/50R19,230,,,,,,,,,516.533434577292,10,9
2403096,11,84,1-11-2024-084-04,4,1,3198,1599,1724,LT275/65R18,270,LT275/65R18,270,,,,,,,,,292.515838449788,8,9
2404159,73,115,1-73-2024-115-06,6,1,2800,1450,1600,P255/65R18,240,P255/65R18,240,,,,,,,,,278.168320342502,3,9
2404880,31,103,1-31-2024-103-04,4,1,9999,9999,9999,9999999999,999,9999999999,999,,,,,,,,,222.052598299916,6,9
2405076,25,133,1-25-2024-133-06,6,1,2141,1120,1077,P225/50R18,220,P225/50R18,220,,,,,,,,,209.130644619841,2,9
2405801,66,114,1-66-2024-114-03,3,1,9999,9999,9999,P215/70R16,210,P215/70R16,210,,,,,,,,,79.4686416678806,6,9
2405978,81,156,1-81-2024-156-05,5,1,2350,1300,1145,P235/60R18,240,P235/60R18,210,,,,,,,,,42.5942318286,8,9
2400269,30,7,1-30-2024-007-06,6,1,1785,1030,950,P195/65R15,250,P195/65R15,250,,,,,,,,,370.101700695762,10,9
2401738,33,28,1-33-2024-028-04,4,1,2065,1095,1025,P235/60R18,230,P235/60R18,210,,,,,,,,,61.5448384435777,12,9
2401996,33,33,1-33-2024-033-03,3,1,2130,1100,1040,P235/65R17,999,P235/65R17,999,,,,,,,,,185.717209095167,12,9
2402160,62,55,1-62-2024-055-04,4,2,3175,1565,1837,P275/55R20,240,P275/55R20,240,,,,,,,,,1788.30992745826,7,9
2402286,54,59,1-54-2024-059-07,7,1,4536,2540,2876,LT245/75R17,520,LT245/75R17,550,,,,,,,,,248.157241541513,9,9
2402340,25,56,1-25-2024-056-03,3,1,1930,1057,1016,P195/65R15,250,P195/65R15,240,,,,,,,,,193.760867503639,2,9
2402481,14,39,1-14-2024-039-02,2,2,2025,1175,1200,P225/65R17,240,P225/65R17,240,,,,,,,,,73.7387227230028,8,9
2402809,18,85,1-18-2024-085-06,6,1,2124,1143,981,P235/50R18,220,P235/50R18,220,,,,,,,,,458.423668559883,6,9
2403023,29,26,1-29-2024-026-05,5,2,2050,1150,1200,P225/50R18,230,P225/50R18,220,,,,,,,,,77.3736677143429,2,9
2403621,27,116,1-27-2024-116-06,6,3,1770,955,820,P215/50R17,220,P215/50R17,220,,,,,,,,,35.6254961100411,3,9
2405273,73,134,1-73-2024-134-07,7,1,2620,1310,1430,P235/60R18,250,P235/60R18,280,,,,,,,,,46.0859335695799,3,9
2400968,62,26,1-62-2024-026-03,3,1,1792,1010,821,P205/55R16,230,P205/55R16,230,,,,,,,,,347.553871011176,7,9
2401170,27,38,1-27-2024-038-03,3,2,1780,990,950,P205/55R16,230,P205/55R16,230,,,,,,,,,20.2445355763671,3,9
2401800,60,18,1-60-2024-018-NM1,21,1,2480,1410,1300,P235/65R18,240,P235/65R18,240,,,,,,,,,135.73456108388,8,9
2402251,26,59,1-26-2024-059-02,2,1,1825,9999,9999,9999999999,999,9999999999,999,,,,,,,,,21.1529220587709,10,9
2403408,15,136,1-15-2024-136-03,3,1,2300,1180,1170,9999999999,999,9999999999,999,,,,,,,,,18.2895686654955,1,9
2403585,69,76,1-69-2024-076-02,2,1,9999,9999,9999,9999999999,999,9999999999,999,,,,,,,,,7.30201599951961,8,9
2404666,59,137,1-59-2024-137-03,3,2,2300,1210,1300,P225/60R18,240,P225/60R18,240,,,,,,,,,98.6606762609695,6,9
2404451,25,116,1-25-2024-116-03,3,1,2495,1225,1361,P255/70R18,250,P255/70R18,250,,,,,,,,,58.9825692970399,2,9
2403478,11,102,1-11-2024-102-04,4,1,1795,960,840,P205/60R16,230,P205/60R16,230,,,,,,,,,595.929961083085,8,9
2402814,48,91,1-48-2024-091-10,10,1,2549,1338,1220,P245/50R20,240,P245/50R20,240,,,,,,,,,187.854526060285,12,9
2404806,66,96,1-66-2024-096-03,3,1,2272,1350,1450,P235/65R18,240,P235/65R18,240,,,,,,,,,96.0036958815834,6,9
2404806,66,96,1-66-2024-096-03,3,2,1989,1037,952,P215/55R17,210,P215/55R17,210,,,,,,,,,96.0036958815834,6,9
2403292,62,90,1-62-2024-090-02,2,1,2386,1279,1143,P235/55R18,220,P235/55R18,220,,,,,,,,,40.5230025519482,7,9
2406157,57,192,1-57-2024-192-02,2,2,2160,1260,1200,P235/55R19,241,P235/55R19,241,,,,,,,,,16.2550493374768,1,9
2400206,18,7,1-18-2024-007-06,6,1,3266,1792,1792,P255/70R17,240,P255/70R17,240,,,,,,,,,248.39335062653,6,9
2404497,14,83,1-14-2024-083-03,3,2,1815,980,845,P205/60R16,230,P205/60R16,230,,,,,,,,,141.407510827265,8,9
2400275,62,11,1-62-2024-011-01,1,1,1964,1050,1080,P225/50R18,230,P225/50R18,230,,,,,,,,,49.4790764290765,7,9
2403910,82,101,1-82-2024-101-02,2,2,2100,1188,1098,P235/45R18,250,P235/45R18,250,,,,,,,,,23.9814262485552,1,9
2401918,19,28,1-19-2024-028-09,9,1,2180,1349,1395,P235/65R17,230,P235/65R17,230,,,,,,,,,701.520150030231,9,9
2405808,24,161,1-24-2024-161-09,9,1,9999,9999,9999,9999999999,999,9999999999,999,,,,,,,,,436.850323051849,1,9
2405831,11,176,1-11-2024-176-05,5,2,1815,975,848,9999999999,999,9999999999,999,,,,,,,,,31.8812723055547,8,9
2405831,11,176,1-11-2024-176-05,5,5,2745,1339,1487,P225/65R17,241,P225/65R17,241,,,,,,,,,31.8812723055547,8,9
2403770,29,42,1-29-2024-042-07,7,2,1963,1097,945,P235/40R19,230,P235/40R19,230,,,,,,,,,14223.1686392727,2,9
2404328,16,114,1-16-2024-114-NM1,21,1,9999,9999,9999,9999999999,999,9999999999,999,,,,,,,,,55.2220906459898,5,9
2406096,27,188,1-27-2024-188-06,6,2,3266,1792,1792,P265/65R18,240,P265/65R18,240,,,,,,,,,96.5885483091747,3,9
2406224,28,191,1-28-2024-191-04,4,2,3221,1770,1860,P275/55R20,270,P275/55R20,270,,,,,,,,,81.1581075737838,3,9
2404302,73,116,1-73-2024-116-05,5,1,2100,1175,1200,P225/60R18,240,P225/60R18,240,,,,,,,,,34.7225186472303,3,9
2404439,66,90,1-66-2024-090-03,3,1,9999,9999,9999,P215/75R15,241,P215/75R15,241,,,,,,,,,90.2108501600037,6,9
2404640,69,105,1-69-2024-105-02,2,1,2100,1200,1150,P225/60R17,240,P225/60R17,240,,,,,,,,,7.30201599951961,8,9
2405368,48,174,1-48-2024-174-10,10,1,2085,1150,1150,P225/65R17,230,P225/65R17,230,,,,,,,,,2958.08260369595,12,9
2405522,57,171,1-57-2024-171-06,6,2,2343,1170,1243,P245/45R18,248,P245/45R18,248,,,,,,,,,208.572736941216,1,9
2400441,48,19,1-48-2024-019-06,6,2,9999,9999,9999,9999999999,999,9999999999,999,,,,,,,,,331.155309276651,12,9
2400596,17,19,1-17-2024-019-09,9,1,2518,1338,1452,P245/65R17,210,P245/65R17,240,,,,,,,,,396.702966109167,4,9
2400634,32,16,1-32-2024-016-04,4,1,9999,9999,9999,9999999999,999,9999999999,999,,,,,,,,,1682.09877420889,7,9
2401557,67,9,1-67-2024-009-03,3,2,2150,1100,1075,P235/55R19,230,P235/55R19,230,,,,,,,,,308.739029181547,7,9
2401883,54,47,1-54-2024-047-06,6,2,1960,1050,930,P235/45R18,225,P235/45R18,220,,,,,,,,,154.880686626287,9,9
2402311,73,71,1-73-2024-071-03,3,1,2650,1295,1425,P245/60R18,220,P245/60R18,220,,,,,,,,,23.5881329232141,3,9
2405887,10,121,1-10-2024-121-03,3,1,2185,1165,1130,P225/60R17,230,P225/60R17,220,,,,,,,,,429.663410905726,4,9
2406162,17,201,1-17-2024-201-09,9,2,2586,1293,1339,P215/65R16,250,P215/65R16,250,,,,,,,,,483.356586005974,4,9
2402629,28,80,1-28-2024-080-07,7,1,2018,1097,969,P235/40R19,230,P235/40R19,230,,,,,,,,,44.330330715033,3,9
2403339,17,104,1-17-2024-104-07,7,1,4082,1873,2502,P235/65R16,340,P235/65R16,490,,,,,,,,,401.185010036677,4,9
2403959,57,101,1-57-2024-101-07,7,2,2715,1325,1415,P235/55R20,240,P235/55R20,240,,,,,,,,,913.008330476422,1,9
2405719,28,176,1-28-2024-176-03,3,2,2540,1495,1511,P265/75R16,240,P265/75R16,240,,,,,,,,,28.3089754479373,3,9
2405875,62,176,1-62-2024-176-06,6,1,1917,1010,940,P215/60R16,220,P215/60R16,220,,,,,,,,,4596.61714986565,7,9
2400345,14,5,1-14-2024-005-07,7,1,2040,1160,1140,P205/65R16,235,P205/65R16,235,,,,,,,,,1828.86190504672,8,9
2400856,12,18,1-12-2024-018-03,3,1,3175,1531,1724,P275/55R20,240,P275/55R20,240,,,,,,,,,365.80465840508,9,9
2400943,21,24,1-21-2024-024-03,3,3,9999,9999,699,9999999999,999,9999999999,999,,,,,,,,,77.5647105892145,11,9
2401153,24,24,1-24-2024-024-04,4,2,2150,1191,1100,P235/45R18,240,P235/45R18,240,,,,,,,,,134.47964575983,1,9
2401617,59,53,1-59-2024-053-04,4,1,1780,990,950,P205/55R16,230,P205/55R16,230,,,,,,,,,267.139823960724,6,9
2402226,32,81,1-32-2024-081-06,6,3,1800,1010,910,P205/60R16,250,P205/60R16,250,,,,,,,,,1363.47012881423,7,9
2402848,60,32,1-60-2024-032-04,4,1,1950,1070,960,P225/50R17,220,P225/50R17,220,,,,,,,,,1790.24671665072,8,9
2403429,54,87,1-54-2024-087-10,10,2,2334,1295,1293,P225/55R17,220,P225/55R17,220,,,,,,,,,594.813207503092,9,9
2403862,54,94,1-54-2024-094-08,8,2,1854,962,892,P215/60R16,240,P215/60R16,240,,,,,,,,,219.476834805587,9,9
2403987,79,82,1-79-2024-082-03,3,3,2460,1210,1280,P255/40R21,240,P285/35R21,260,,,,,,,,,177.82939435799,8,9
2404631,22,137,1-22-2024-137-01,1,1,9999,9999,9999,9999999999,999,9999999999,999,,,,,,,,,23.1353338048251,12,9
2404747,17,151,1-17-2024-151-09,9,2,1685,980,970,P195/65R15,230,P195/65R15,230,,,,,,,,,1089.80783611757,4,9
2400143,12,3,1-12-2024-003-03,3,2,2160,1260,1200,P235/65R17,240,P235/65R17,240,,,,,,,,,164.057323491007,9,9
2400468,30,14,1-30-2024-014-03,3,1,1770,955,820,P215/50R17,220,P215/50R17,220,,,,,,,,,244.56972649451,10,9
2401223,54,32,1-54-2024-032-02,2,3,9999,9999,9999,9999999999,999,9999999999,999,,,,,,,,,135.524498741715,9,9
2401397,25,33,1-25-2024-033-06,6,1,2090,1055,1125,P225/60R17,240,P225/60R17,240,,,,,,,,,63.4952900131591,2,9
2401854,66,43,1-66-2024-043-10,10,1,1386,730,671,9999999999,999,9999999999,999,,,,,,,,,242.389498710963,6,9
2403815,60,49,1-60-2024-049-07,7,2,2036,1040,1027,P225/60R18,230,P225/60R18,230,,,,,,,,,1781.62860781657,8,9
2403933,73,110,1-73-2024-110-06,6,1,2580,1360,1360,P225/60R17,240,P225/60R17,240,,,,,,,,,44.3226427386797,3,9
2404097,66,83,1-66-2024-083-06,6,1,2830,1462,1394,9999999999,999,9999999999,999,,,,,,,,,182.104571303011,6,9
2404236,27,133,1-27-2024-133-10,10,1,1665,880,785,9999999999,999,9999999999,999,,,,,,,,,43.6450436036191,3,9
2404536,59,131,1-59-2024-131-04,4,1,2230,1220,1220,P225/55R19,230,P225/55R19,230,,,,,,,,,99.64038886362,6,9
2400113,28,3,1-28-2024-003-06,6,1,2450,1293,1248,P215/70R15,248,P215/70R15,248,,,,,,,,,78.3970439776294,3,9
2402064,79,42,1-79-2024-042-09,9,1,2473,1293,1293,P225/60R18,240,P225/60R18,240,,,,,,,,,117.957752270952,8,9
2403083,17,95,1-17-2024-095-08,8,2,2043,1073,970,P215/60R16,210,P215/60R16,210,,,,,,,,,75.6421709357649,4,9
2400496,76,11,1-76-2024-011-03,3,1,1710,904,814,9999999999,999,9999999999,999,,,,,,,,,71.5495535595937,3,9
2401495,62,39,1-62-2024-039-02,2,2,2430,1300,1350,P235/60R18,240,P235/60R18,240,,,,,,,,,27.4104501869369,7,9
2401599,52,23,1-52-2024-023-03,3,1,1857,966,891,P245/45R18,240,P245/45R18,240,,,,,,,,,18.6968585475994,12,9
2401811,24,42,1-24-2024-042-03,3,1,2025,1030,1015,P215/70R16,220,P215/70R16,220,,,,,,,,,99.2524783527311,1,9
2401891,13,51,1-13-2024-051-02,2,3,2540,1385,1490,P265/70R16,210,P265/70R16,210,,,,,,,,,10.2488631638442,7,9
2404035,66,82,1-66-2024-082-06,6,1,3311,1633,1860,P265/65R18,240,P265/65R18,240,,,,,,,,,124.972344097308,6,9
2404684,48,151,1-48-2024-151-09,9,1,2503,1236,1315,P225/60R18,220,P225/60R18,220,,,,,,,,,1175.94355118661,12,9
2404941,17,160,1-17-2024-160-03,3,1,2350,1270,1225,P235/60R18,240,P235/60R18,240,,,,,,,,,103.559829749358,4,9
2405023,62,150,1-62-2024-150-03,3,1,2325,1075,1250,P245/40R19,260,P245/40R19,310,,,,,,,,,475.642768161619,7,9
2405999,17,196,1-17-2024-196-04,4,2,2499,1315,1497,P265/70R16,240,P265/70R16,240,,,,,,,,,183.119661822585,4,9
2406275,28,193,1-28-2024-193-10,10,1,1716,905,835,9999999999,999,9999999999,999,,,,,,,,,1309.23586469864,3,9
2402154,54,51,1-54-2024-051-04,4,1,1900,1060,1060,P225/60R17,240,P225/60R17,240,,,,,,,,,152.997399597271,9,9
2402734,24,74,1-24-2024-074-03,3,1,1750,1030,950,P205/55R16,235,P205/55R16,215,,,,,,,,,44.3446118602584,1,9
2400120,60,3,1-60-2024-003-03,3,2,2025,1030,1015,P215/70R16,220,P215/70R16,220,,,,,,,,,151.148648275766,8,9
2400321,19,8,1-19-2024-008-05,5,2,2880,1400,1535,9999999999,999,9999999999,999,,,,,,,,,49.1552833588875,9,9
2400702,16,25,1-16-2024-025-05,5,2,2422,1288,1148,P245/60R18,240,P245/60R18,240,,,,,,,,,118.760350648911,5,9
2401312,26,34,1-26-2024-034-05,5,1,9999,9999,9999,9999999999,999,9999999999,999,,,,,,,,,29.4855896961851,10,9
2401691,28,46,1-28-2024-046-06,6,1,2105,1150,1150,P225/65R17,230,P225/65R17,230,,,,,,,,,46.0829401699488,3,9
2401883,54,47,1-54-2024-047-06,6,1,1905,1210,1035,P205/65R15,200,P205/65R15,200,,,,,,,,,154.880686626287,9,9
2403674,67,20,1-67-2024-020-03,3,1,2722,1350,1545,P235/65R18,240,P235/65R18,240,,,,,,,,,161.657285832194,7,9
2403746,82,96,1-82-2024-096-03,3,1,9999,9999,9999,9999999999,999,9999999999,999,,,,,,,,,164.720885523959,1,9
2404606,66,93,1-66-2024-093-07,7,1,3175,1565,1724,LT275/65R18,240,LT275/65R18,240,,,,,,,,,456.257481707874,6,9
2404966,48,162,1-48-2024-162-09,9,2,1724,930,943,E78-14,179,E78-14,193,,,,,,,,,79.3898333031441,12,9
2402238,82,53,1-82-2024-053-03,3,1,3315,1530,1770,P255/50R21,999,P255/50R21,999,,,,,,,,,191.252816223053,1,9
2402831,69,54,1-69-2024-054-08,8,2,2855,1360,1560,P265/70R17,220,P265/70R17,220,,,,,,,,,140.380846872428,8,9
2403383,73,96,1-73-2024-096-10,10,2,1650,870,850,P175/70R14,220,P175/70R14,220,,,,,,,,,335.036357145609,3,9
2403488,16,101,1-16-2024-101-05,5,1,2080,1150,940,P225/50R18,999,P225/50R18,999,,,,,,,,,29.4570842219458,5,9
2400700,16,23,1-16-2024-023-02,2,1,2405,1248,1339,P225/65R17,250,P225/65R17,250,,,,,,,,,18.740072057542,5,9
2401142,82,29,1-82-2024-029-04,4,1,1890,1040,960,P215/55R17,240,P215/55R17,230,,,,,,,,,204.821008822528,1,9
2401928,17,63,1-17-2024-063-08,8,1,2096,1098,1006,P235/50R18,240,P235/50R18,240,,,,,,,,,66.7779698608357,4,9
2402345,16,70,1-16-2024-070-03,3,1,2468,1279,1198,P245/60R18,240,P245/60R18,240,,,,,,,,,192.790223628768,5,9
2402356,14,38,1-14-2024-038-02,2,1,3130,1770,1770,P275/60R20,270,P275/60R20,270,,,,,,,,,77.0447891691359,8,9
2403163,81,71,1-81-2024-071-03,3,2,2168,1145,1046,P235/45R18,235,P235/45R18,235,,,,,,,,,379.516553503678,8,9
2401217,59,38,1-59-2024-038-08,8,2,9999,9999,9999,P215/55R16,210,P215/55R16,210,,,,,,,,,57.7250441257383,6,9
2403192,12,54,1-12-2024-054-06,6,2,2715,1325,1454,P235/65R18,230,P235/65R18,230,,,,,,,,,369.542844708261,9,9
2405499,33,102,1-33-2024-102-01,1,1,9999,9999,9999,9999999999,999,9999999999,999,,,,,,,,,72.5787308334631,12,9
2402010,22,61,1-22-2024-061-10,10,1,9999,9999,9999,9999999999,999,9999999999,999,,,,,,,,,427.411727770955,12,9
2401171,27,39,1-27-2024-039-02,2,1,1785,1050,971,P205/55R16,240,P205/55R16,230,,,,,,,,,16.0023432140122,3,9
2403238,76,90,1-76-2024-090-09,9,1,4491,2041,2948,LT265/75R16,420,LT265/75R16,520,,,,,,,,,82.5706054598967,3,9
2402943,48,96,1-48-2024-096-07,7,1,4536,2722,2949,LT285/60R20,450,LT285/60R20,550,,,,,,,,,160.318869205903,12,9
2403799,69,82,1-69-2024-082-NM1,21,1,9999,9999,9999,P235/50R18,230,P235/50R18,230,,,,,,,,,12.0111452927932,8,9
2400716,60,10,1-60-2024-010-03,3,1,2314,1275,1275,9999999999,999,9999999999,999,,,,,,,,,127.604666833159,8,9
2403776,62,103,1-62-2024-103-03,3,2,2019,1066,964,P235/45R18,235,P235/45R18,235,,,,,,,,,737.04148814888,7,9
2400241,26,4,1-26-2024-004-06,6,2,2032,982,1055,P235/55R17,220,P235/55R17,220,,,,,,,,,855.626158255573,10,9
2401735,82,40,1-82-2024-040-05,5,2,9999,9999,9999,9999999999,999,9999999999,999,,,,,,,,,28.440342171533,1,9
2403109,27,99,1-27-2024-099-04,4,1,2370,1270,1270,P235/60R18,230,P235/60R18,230,,,,,,,,,49.1628248129367,3,9
2401904,73,60,1-73-2024-060-03,3,1,9999,9999,9999,9999999999,999,9999999999,999,,,,,,,,,68.2979904850395,3,9
2403321,12,55,1-12-2024-055-07,7,1,2136,1118,1039,P225/50R17,240,P225/50R17,240,,,,,,,,,415.380130156016,9,9
2405664,54,124,1-54-2024-124-04,4,2,2540,1335,1490,P265/70R16,210,P265/70R16,210,,,,,,,,,152.997399597271,9,9
2405904,54,128,1-54-2024-128-01,1,1,9999,9999,9999,9999999999,999,9999999999,999,,,,,,,,,135.319434123776,9,9
2403410,69,72,1-69-2024-072-07,7,1,3266,1792,1792,P275/55R20,220,P275/55R20,220,,,,,,,,,400.747856145953,8,9
2403454,12,58,1-12-2024-058-04,4,2,1685,895,796,P205/50R16,235,P205/50R16,235,,,,,,,,,523.991116135277,9,9
2404488,22,133,1-22-2024-133-07,7,2,2159,1125,1040,P235/55R17,240,P235/55R17,240,,,,,,,,,67.9415091482,12,9
2404489,22,134,1-22-2024-134-09,9,2,1742,948,839,P195/65R15,210,P195/65R15,210,,,,,,,,,44.9069105417859,12,9
2404591,11,139,1-11-2024-139-09,9,1,3080,1460,1775,P265/50R19,300,P265/50R19,340,,,,,,,,,2454.77260473569,8,9
2400509,27,17,1-27-2024-017-07,7,1,2070,1055,1035,P225/65R17,230,P225/65R17,230,,,,,,,,,215.40102180113,3,9
2400886,16,27,1-16-2024-027-05,5,2,1734,905,835,9999999999,999,9999999999,999,,,,,,,,,21.4662920187919,5,9
2401124,73,36,1-73-2024-036-04,4,2,2540,1335,1490,P265/70R16,210,P265/70R16,210,,,,,,,,,77.4663849930113,3,9
2401491,81,30,1-81-2024-030-03,3,1,1660,997,664,P205/55R17,240,P205/55R17,240,,,,,,,,,1102.17295370825,8,9
2402062,20,59,1-20-2024-059-07,7,1,4536,2359,2812,LT265/70R18,420,LT265/70R18,480,,,,,,,,,1371.4721415387,11,9
2402339,25,55,1-25-2024-055-06,6,1,2080,1150,1000,P215/65R17,240,P215/65R17,240,,,,,,,,,717.747065771386,2,9
2402721,60,31,1-60-2024-031-03,3,2,2057,1116,941,P225/60R16,207,P225/60R16,207,,,,,,,,,119.065719555682,8,9
2404146,62,117,1-62-2024-117-03,3,1,2747,1339,1452,P235/65R17,250,P235/65R17,250,,,,,,,,,605.26755730409,7,9
2404416,73,118,1-73-2024-118-01,1,1,2495,1293,1293,P245/55R18,240,P245/55R18,240,,,,,,,,,29.6045947385831,3,9
2404788,73,125,1-73-2024-125-03,3,1,2041,1065,1025,P225/65R17,230,P225/65R17,230,,,,,,,,,25.8330013255976,3,9
2405604,29,93,1-29-2024-093-NM1,21,1,2430,1190,1305,P275/35R21,260,P315/30R21,310,,,,,,,,,118.587450301321,2,9
2405627,59,165,1-59-2024-165-04,4,1,3050,1480,1650,P275/45R21,300,P315/40R21,290,,,,,,,,,595.613904573489,6,9
2405697,20,133,1-20-2024-133-03,3,3,1854,959,895,P225/55R17,230,P225/55R17,230,,,,,,,,,59.8206025403888,11,9
2405902,77,192,1-77-2024-192-03,3,2,1844,1050,971,P205/55R16,240,P205/55R16,230,,,,,,,,,288.445335679694,9,9
2405926,79,116,1-79-2024-116-03,3,1,2711,1350,1450,P235/65R18,999,P235/65R18,999,,,,,,,,,366.612456785011,8,9
2405968,29,102,1-29-2024-102-NM1,21,1,2390,1400,1300,9999999999,999,9999999999,999,,,,,,,,,46.066249775962,2,9
2402440,57,52,1-57-2024-052-03,3,2,9999,9999,9999,9999999999,999,9999999999,999,,,,,,,,,205.855825695291,1,9
2400086,48,4,1-48-2024-004-04,4,2,2430,1300,1350,P255/45R20,240,P255/45R20,240,,,,,,,,,144.051903745075,12,9
2400738,28,18,1-28-2024-018-09,9,1,4355,2435,2727,LT265/70R17,410,LT265/70R17,485,,,,,,,,,34.7771381559099,3,9
2400808,13,17,1-13-2024-017-03,3,2,1970,1030,1000,P225/55R18,230,P225/55R18,230,,,,,,,,,165.322256679905,7,9
2401292,12,24,1-12-2024-024-04,4,1,3221,1770,1860,P275/55R20,220,P275/55R20,220,,,,,,,,,1344.85073916677,9,9
2401925,17,60,1-17-2024-060-06,6,1,1844,1050,971,P225/40R18,230,P225/40R18,210,,,,,,,,,64.8641554918048,4,9
2402418,48,77,1-48-2024-077-05,5,2,2427,1270,1225,P235/70R15,220,P235/70R15,220,,,,,,,,,80.9035530796695,12,9
2403482,60,42,1-60-2024-042-07,7,1,1554,794,775,P185/65R18,228,P185/65R18,228,,,,,,,,,1532.63624546784,8,9
2403752,27,119,1-27-2024-119-03,3,2,9999,9999,9999,9999999999,999,9999999999,999,,,,,,,,,32.3914110115022,3,9
2403841,73,107,1-73-2024-107-03,3,1,2744,1309,1588,P255/70R16,240,P255/70R16,240,,,,,,,,,42.1544764951439,3,9
2404172,10,74,1-10-2024-074-01,1,2,9999,9999,9999,9999999999,999,9999999999,999,,,,,,,,,28.7027141180818,4,9
2404423,33,85,1-33-2024-085-03,3,1,2260,1300,1240,P225/70R16,210,P225/70R16,210,,,,,,,,,39.2891207375412,12,9
2405250,33,99,1-33-2024-099-01,1,1,9999,9999,9999,9999999999,999,9999999999,999,,,,,,,,,46.8911908349198,12,9
2405620,66,108,1-66-2024-108-07,7,1,2032,1048,1093,P225/60R17,210,P225/60R17,200,,,,,,,,,133.367571576148,6,9
2405709,25,154,1-25-2024-154-03,3,1,2100,1175,1200,P225/65R17,240,P225/65R17,240,,,,,,,,,188.675216303941,2,9
2403025,69,58,1-69-2024-058-03,3,2,3221,1452,1905,P285/45R22,240,P285/45R22,240,,,,,,,,,80.4059102739451,8,9
2403123,26,90,1-26-2024-090-06,6,1,1733,939,839,P215/45R17,220,P215/45R17,220,,,,,,,,,454.400298946999,10,9
2400342,25,6,1-25-2024-006-03,3,3,2710,1635,1635,P235/65R18,250,P235/65R18,250,,,,,,,,,123.15049611068,2,9
2400409,66,6,1-66-2024-006-10,10,1,1610,872,766,P195/60R15,230,P195/60R15,210,,,,,,,,,242.389498710963,6,9
2401228,73,39,1-73-2024-039-03,3,2,2650,1295,1425,P245/50R20,240,P245/50R20,240,,,,,,,,,23.5881329232141,3,9
2401658,20,48,1-20-2024-048-04,4,3,3085,1633,1792,P245/70R17,240,P245/70R17,240,,,,,,,,,70.1358271332578,11,9
2401901,79,40,1-79-2024-040-03,3,2,3221,1724,1724,P275/60R20,220,P275/60R20,240,,,,,,,,,104.756877618907,8,9
2401969,16,57,1-16-2024-057-07,7,4,1695,900,810,P215/55R16,220,P215/55R16,220,,,,,,,,,2285.67073751597,5,9
2404574,17,146,1-17-2024-146-06,6,1,2030,1188,1098,P235/45R18,240,P235/45R18,240,,,,,,,,,124.923558977053,4,9
2404927,54,110,1-54-2024-110-NM1,21,2,4536,1996,2898,LT245/75R17,420,LT245/75R17,550,,,,,,,,,158.05614243884,9,9
2405184,48,169,1-48-2024-169-10,10,1,2700,1310,1440,P255/55R18,220,P255/55R18,220,,,,,,,,,234.818157575356,12,9
2400032,19,1,1-19-2024-001-04,4,2,1844,1050,971,P205/55R16,240,P205/55R16,240,,,,,,,,,686.171980556767,9,9
2404775,59,138,1-59-2024-138-03,3,2,9999,9999,9999,9999999999,999,9999999999,999,,,,,,,,,42.3023913828698,6,9
2401635,48,54,1-48-2024-054-03,3,1,1640,880,840,P185/65R15,230,P185/65R15,230,,,,,,,,,54.9604072040948,12,9
2404944,24,138,1-24-2024-138-04,4,1,2090,1150,1150,P235/55R19,240,P235/55R19,240,,,,,,,,,141.591197107242,1,9
2404091,17,131,1-17-2024-131-06,6,1,3311,1633,1860,P265/65R18,220,P265/65R18,220,,,,,,,,,80.5149195556731,4,9
2404091,17,131,1-17-2024-131-06,6,2,9999,9999,9999,9999999999,999,9999999999,999,,,,,,,,,80.5149195556731,4,9
2404254,29,59,1-29-2024-059-03,3,1,2124,1157,967,P215/60R16,205,P215/60R16,205,,,,,,,,,92.4873438818609,2,9
2403023,29,26,1-29-2024-026-05,5,1,9999,9999,9999,9999999999,999,9999999999,999,,,,,,,,,77.3736677143429,2,9
2404646,31,97,1-31-2024-097-10,10,1,1642,899,743,P195/70R14,210,P195/70R14,210,,,,,,,,,419.593794787767,6,9
2403358,14,55,1-14-2024-055-03,3,2,2926,1429,1588,P265/60R18,240,P265/60R18,240,,,,,,,,,351.984208481669,8,9
2405671,79,110,1-79-2024-110-05,5,1,1795,955,850,9999999999,999,9999999999,999,,,,,,,,,121.577378642075,8,9
2404589,25,124,1-25-2024-124-06,6,1,1870,980,940,P205/60R16,250,P205/60R16,250,,,,,,,,,155.655946839203,2,9
2406036,48,194,1-48-2024-194-02,2,4,9999,9999,9999,9999999999,999,9999999999,999,,,,,,,,,74.210049573419,12,9
2402257,79,47,1-79-2024-047-10,10,1,1896,1089,1089,P195/70R14,210,P195/70R14,210,,,,,,,,,1174.7376928668,8,9
2403109,27,99,1-27-2024-099-04,4,2,3901,1860,2431,LT245/75R16,340,LT245/75R16,550,,,,,,,,,49.1628248129367,3,9
2403344,11,97,1-11-2024-097-10,10,2,1950,1041,1041,P215/50R17,230,P215/50R17,230,,,,,,,,,10028.6768904786,8,9
2403463,17,106,1-17-2024-106-07,7,1,2935,1510,1765,P285/40R22,270,P285/40R22,290,,,,,,,,,289.876786179507,4,9
2400646,27,21,1-27-2024-021-03,3,1,1844,1050,971,P225/40R18,230,P225/40R18,210,,,,,,,,,11.8514312322575,3,9
2400784,26,15,1-26-2024-015-05,5,1,1776,1021,975,P195/65R15,250,P195/65R15,240,,,,,,,,,37.7123897005153,10,9
2401219,59,40,1-59-2024-040-07,7,1,2071,1120,951,P225/60R16,240,P225/60R16,240,,,,,,,,,388.410502496422,6,9
2401361,48,48,1-48-2024-048-04,4,2,2130,1150,1200,P225/65R17,240,P225/65R17,230,,,,,,,,,165.134842134162,12,9
2401503,48,51,1-48-2024-051-04,4,1,2100,1175,1200,P225/65R17,240,P225/65R17,240,,,,,,,,,196.887261223323,12,9
2403358,14,55,1-14-2024-055-03,3,3,2098,1188,1098,P235/45R18,240,P235/45R18,240,,,,,,,,,351.984208481669,8,9
2405451,11,162,1-11-2024-162-05,5,1,2130,1100,1040,P235/65R17,220,P235/65R17,220,,,,,,,,,31.8812723055547,8,9
2405996,30,201,1-30-2024-201-03,3,2,2030,1129,1098,P215/55R17,240,P215/55R17,240,,,,,,,,,184.500396590299,10,9
2406134,14,125,1-14-2024-125-04,4,2,1750,1030,950,P205/55R16,235,P205/55R16,215,,,,,,,,,347.585660015654,8,9
2406271,25,175,1-25-2024-175-01,1,1,9999,9999,9999,9999999999,999,9999999999,999,,,,,,,,,140.838481178153,2,9
2403503,28,105,1-28-2024-105-09,9,1,2808,1343,1542,P245/65R17,240,P245/65R17,240,,,,,,,,,42.1140871339499,3,9
2403775,59,117,1-59-2024-117-04,4,1,3334,1814,1882,P275/60R20,250,P275/60R20,250,,,,,,,,,568.619671044969,6,9
2403889,11,117,1-11-2024-117-03,3,1,2375,1237,1160,P235/55R20,230,P235/55R20,230,,,,,,,,,515.523532946965,8,9
2405331,76,154,1-76-2024-154-10,10,1,2020,1045,1000,P215/70R16,220,P215/70R16,235,,,,,,,,,84.6789860292199,3,9
2400185,17,5,1-17-2024-005-07,7,1,1539,814,738,P185/60R16,250,P185/60R16,230,,,,,,,,,1237.21865149189,4,9
2401146,20,28,1-20-2024-028-NM1,21,1,1910,1005,940,P215/60R16,220,P215/60R16,220,,,,,,,,,43.971490849978,11,9
2401163,25,28,1-25-2024-028-03,3,2,3198,1599,1724,P275/60R20,240,P275/60R20,240,,,,,,,,,55.0753664902521,2,9
2401819,28,53,1-28-2024-053-07,7,1,2395,1271,1210,P235/65R18,228,P235/65R18,228,,,,,,,,,67.0087946387236,3,9
2402358,31,46,1-31-2024-046-10,10,1,9999,9999,9999,9999999999,999,9999999999,999,,,,,,,,,419.593794787767,6,9
2402662,77,88,1-77-2024-088-08,8,1,1991,1063,928,P225/50R17,215,P225/50R17,215,,,,,,,,,298.453823036908,9,9
2404446,24,125,1-24-2024-125-04,4,1,3215,1465,1925,P275/40R22,250,P315/35R22,300,,,,,,,,,344.018308320791,1,9
2404478,27,141,1-27-2024-141-03,3,2,2185,1165,1130,P225/60R17,230,P225/60R17,220,,,,,,,,,26.5096922457315,3,9
2404758,22,144,1-22-2024-144-06,6,1,1810,972,880,P215/55R16,250,P215/55R16,250,,,,,,,,,83.3531700651186,12,9
2401216,57,25,1-57-2024-025-03,3,2,2030,1188,1098,P235/45R18,240,P235/45R18,240,,,,,,,,,150.626658607379,1,9
2406145,12,124,1-12-2024-124-09,9,1,2430,1250,1250,P215/70R15,999,P215/70R15,999,,,,,,,,,884.878645052102,9,9
2400526,28,13,1-28-2024-013-04,4,1,2631,1407,1407,LT285/70R17,255,LT285/70R17,255,,,,,,,,,47.851485985308,3,9
2405481,28,172,1-28-2024-172-03,3,1,1970,1010,1000,P225/60R17,230,P225/60R17,220,,,,,,,,,45.3225041425836,3,9
2402235,76,62,1-76-2024-062-05,5,1,3085,1770,1770,P275/60R20,270,P275/60R20,270,,,,,,,,,127.614650714474,3,9
2404087,33,74,1-33-2024-074-04,4,2,2300,1193,1150,P235/60R18,240,P235/60R18,220,,,,,,,,,553.660018383497,12,9
2406002,81,159,1-81-2024-159-NM1,21,1,3243,1542,1950,P275/60R20,240,P275/60R20,240,,,,,,,,,21.098194093673,8,9
2401502,48,50,1-48-2024-050-02,2,1,2073,1120,1007,P225/55R19,230,P225/55R19,230,,,,,,,,,74.210049573419,12,9
2403566,67,19,1-67-2024-019-04,4,1,1795,955,850,9999999999,999,9999999999,999,,,,,,,,,491.890041972432,7,9
2401402,11,32,1-11-2024-032-02,2,2,2230,1220,1220,P225/65R17,250,P225/65R17,250,,,,,,,,,30.7614595081659,8,9
2400051,69,2,1-69-2024-002-04,4,1,2540,1335,1490,LT265/70R16,210,LT265/70R16,210,,,,,,,,,775.494115152989,8,9
2402043,23,30,1-23-2024-030-03,3,2,2030,1090,950,9999999999,999,9999999999,999,,,,,,,,,841.304689706878,5,9
2401233,62,32,1-62-2024-032-01,1,1,1963,1097,945,9999999999,999,9999999999,999,,,,,,,,,188.971843846857,7,9
2402741,28,82,1-28-2024-082-10,10,1,2541,1248,1452,P245/50R20,228,P245/50R20,228,,,,,,,,,241.705082713595,3,9
2402915,59,92,1-59-2024-092-07,7,1,3130,1746,1792,P255/70R17,240,P255/70R17,240,,,,,,,,,617.998102890454,6,9
2400104,17,4,1-17-2024-004-07,7,2,2948,1565,1497,P275/65R18,240,P275/65R18,240,,,,,,,,,1461.10538290808,4,9
2400308,48,15,1-48-2024-015-07,7,1,2200,1175,1200,P235/50R19,240,P235/50R19,240,,,,,,,,,225.436509667209,12,9
2400674,15,25,1-15-2024-025-04,4,1,1919,1060,950,P225/40R18,270,P225/40R18,270,,,,,,,,,12.0772640225884,1,9
2400864,69,16,1-69-2024-016-02,2,1,1635,865,780,P205/50R17,230,P205/50R17,230,,,,,,,,,8.43191074883387,8,9
2402706,30,96,1-30-2024-096-02,2,2,2100,1191,1191,P205/65R16,240,P205/65R16,240,,,,,,,,,41.0620689400047,10,9
2402938,10,43,1-10-2024-043-05,5,1,2122,1072,1089,P225/65R17,228,P225/65R17,228,,,,,,,,,46.5643531239171,4,9
2403986,79,81,1-79-2024-081-03,3,1,3221,1633,1724,P275/60R20,240,P275/60R20,240,,,,,,,,,177.82939435799,8,9
2404662,77,152,1-77-2024-152-09,9,1,2812,1780,1701,P265/75R16,240,P265/75R16,240,,,,,,,,,913.250279625989,9,9
2405036,67,42,1-67-2024-042-04,4,2,9999,9999,9999,9999999999,999,9999999999,999,,,,,,,,,220.321806061426,7,9
2405221,28,162,1-28-2024-162-03,3,1,2110,1180,1080,P225/55R18,240,P225/55R18,220,,,,,,,,,39.7186514004042,3,9
2403113,60,35,1-60-2024-035-04,4,1,1825,1050,950,P205/60R16,230,P205/60R16,230,,,,,,,,,719.772369658448,8,9
2403285,81,73,1-81-2024-073-01,1,1,4536,2722,2949,LT275/70R18,999,LT275/70R18,550,,,,,,,,,82.1455309731661,8,9
2403471,24,99,1-24-2024-099-04,4,2,2000,1075,1040,P245/40R18,230,P245/40R18,220,,,,,,,,,406.450013280433,1,9
2403830,15,152,1-15-2024-152-07,7,1,2949,1452,1679,P265/60R18,250,P265/60R18,250,,,,,,,,,2421.01034052253,1,9
2400901,52,11,1-52-2024-011-03,3,3,3402,1640,2040,P275/60R20,240,P275/60R20,240,,,,,,,,,19.4411121960784,12,9
2401109,18,42,1-18-2024-042-03,3,1,1849,1016,836,P215/45R18,250,P215/45R18,250,,,,,,,,,34.6070615401308,6,9
2401289,14,19,1-14-2024-019-04,4,1,3221,1770,1860,P275/55R20,250,P275/55R20,250,,,,,,,,,924.75131399512,8,9
2401875,59,59,1-59-2024-059-01,1,1,9999,9999,9999,P235/50R18,210,P235/50R18,210,,,,,,,,,53.4084683471652,6,9
2402222,14,36,1-14-2024-036-01,1,2,9999,9999,9999,LT275/65R20,420,LT275/65R20,450,,,,,,,,,108.708252778353,8,9
2400965,77,32,1-77-2024-032-03,3,1,9999,9999,9999,P205/55R16,240,P205/55R16,240,,,,,,,,,110.200563996459,9,9
2405542,19,78,1-19-2024-078-04,4,1,2015,1210,1035,P215/60R16,200,P215/60R16,200,,,,,,,,,295.155947411272,9,9
2405897,73,149,1-73-2024-149-05,5,2,2087,1180,1007,P225/55R17,220,P225/55R17,220,,,,,,,,,47.7981654710363,3,9
2405565,60,90,1-60-2024-090-08,8,1,1717,896,821,P205/55R16,210,P205/55R16,210,,,,,,,,,193.300886538683,8,9
2404901,59,145,1-59-2024-145-03,3,1,2219,1163,1128,P225/55R18,240,P225/55R18,230,,,,,,,,,36.1342171260839,6,9
2403172,77,107,1-77-2024-107-09,9,1,2247,1379,1153,P225/70R16,210,P225/70R16,210,,,,,,,,,2300.04288758448,9,9
2403504,28,106,1-28-2024-106-03,3,1,3266,1770,1860,LT275/70R18,380,LT275/70R18,310,,,,,,,,,28.3089754479373,3,9
2404500,15,175,1-15-2024-175-03,3,2,2205,1260,1200,P235/55R19,240,P235/55R19,240,,,,,,,,,25.3294057561508,1,9
2402462,11,67,1-11-2024-067-05,5,4,2070,1055,1035,P225/65R17,230,P225/65R17,230,,,,,,,,,31.8812723055547,8,9
2406352,26,138,1-26-2024-138-NM1,21,1,2721,1370,1495,P245/50R20,230,P245/50R20,230,,,,,,,,,89.692806404866,10,9
2401506,18,54,1-18-2024-054-06,6,1,2070,1055,1035,P225/65R17,230,P225/65R17,230,,,,,,,,,193.747887224114,6,9
2401088,23,18,1-23-2024-018-06,6,2,2032,1048,1093,P225/60R17,210,P225/60R17,200,,,,,,,,,763.863599221831,5,9
2400988,18,38,1-18-2024-038-04,4,2,3085,1770,1770,P275/60R20,270,P275/60R20,270,,,,,,,,,84.630238881144,6,9
2402316,79,50,1-79-2024-050-03,3,2,1785,1050,971,9999999999,999,9999999999,999,,,,,,,,,104.756877618907,8,9
2401529,17,49,1-17-2024-049-04,4,1,1825,1050,950,P205/60R16,230,P205/60R16,230,,,,,,,,,97.3687234141501,4,9
2401111,19,19,1-19-2024-019-01,1,1,1610,872,766,9999999999,999,9999999999,999,,,,,,,,,49.8247383260155,9,9
2402548,59,80,1-59-2024-080-07,7,1,1990,1065,995,P205/70R16,240,P205/70R16,240,,,,,,,,,3264.31231301046,6,9
2405041,62,147,1-62-2024-147-04,4,2,1910,1005,940,P215/60R16,220,P215/60R16,220,,,,,,,,,1765.71659697756,7,9
2405643,77,180,1-77-2024-180-08,8,1,1950,1070,909,P205/60R16,220,P205/60R16,220,,,,,,,,,272.76803017717,9,9
2405676,69,142,1-69-2024-142-04,4,2,1963,1097,945,P235/40R19,230,P235/40R19,230,,,,,,,,,171.143939535751,8,9
2403284,59,105,1-59-2024-105-04,4,1,2142,1000,1200,P225/45R18,220,P225/45R18,250,,,,,,,,,177.015010442225,6,9
2403555,10,57,1-10-2024-057-06,6,2,2495,1273,1273,P225/60R18,230,P225/60R18,230,,,,,,,,,529.513381579315,4,9
2404197,28,130,1-28-2024-130-03,3,1,2722,1451,1588,P255/65R17,999,P255/65R17,999,,,,,,,,,28.3089754479373,3,9
2401578,18,59,1-18-2024-059-09,9,1,1905,1210,1035,P205/65R15,200,P205/65R15,200,,,,,,,,,363.748138569445,6,9
2401628,30,55,1-30-2024-055-05,5,1,3311,1588,1951,P275/55R20,240,P275/55R20,240,,,,,,,,,51.5414011291568,10,9
2402132,31,40,1-31-2024-040-09,9,1,2495,1273,1273,P225/60R17,230,P225/60R17,230,,,,,,,,,161.39423315543,6,9
2402185,30,77,1-30-2024-077-06,6,1,1950,1010,990,P225/45R17,250,P225/45R17,250,,,,,,,,,771.048231344047,10,9
2402272,11,59,1-11-2024-059-06,6,1,2810,1290,1520,P265/65R17,220,P265/65R17,220,,,,,,,,,331.125785841071,8,9
2402748,76,73,1-76-2024-073-10,10,2,1970,1010,1000,P225/55R17,230,P225/55R17,220,,,,,,,,,149.331494638173,3,9
2403977,30,140,1-30-2024-140-03,3,2,2727,1495,1558,P265/70R17,240,P265/70R17,240,,,,,,,,,323.004840029474,10,9
2404107,60,57,1-60-2024-057-07,7,2,2087,1180,1007,P225/50R18,220,P225/50R18,220,,,,,,,,,5732.58189021946,8,9
2404440,30,153,1-30-2024-153-04,4,1,1720,990,950,P225/45R17,230,P225/45R17,230,,,,,,,,,4000.2376327131,10,9
2405246,31,109,1-31-2024-109-10,10,1,2078,1144,934,P205/70R15,210,P205/70R15,210,,,,,,,,,419.593794787767,6,9
2400047,32,1,1-32-2024-001-03,3,2,9999,9999,9999,9999999999,999,9999999999,999,,,,,,,,,320.638176083653,7,9
2400384,22,10,1-22-2024-010-09,9,1,1979,1045,960,P225/55R16,240,P225/55R16,240,,,,,,,,,82.5530701270361,12,9
2401005,20,27,1-20-2024-027-06,6,2,1770,1020,920,P205/60R16,230,P205/60R16,230,,,,,,,,,95.8020270388408,11,9
2401899,79,38,1-79-2024-038-04,4,2,2635,1141,1547,P255/55R20,230,P255/55R20,230,,,,,,,,,115.664170328803,8,9
2401953,14,31,1-14-2024-031-02,2,1,1410,730,690,P165/65R14,270,P165/65R14,270,,,,,,,,,81.6126543321507,8,9
2401066,26,24,1-26-2024-024-03,3,2,1805,1030,987,P195/65R15,240,P195/65R15,230,,,,,,,,,142.578004216692,10,9
2403628,26,103,1-26-2024-103-NM2,22,1,9999,9999,9999,9999999999,999,9999999999,999,,,,,,,,,471.653968173224,10,9
2406247,18,155,1-18-2024-155-08,8,1,4173,2177,2760,LT245/75R16,420,LT245/75R16,550,,,,,,,,,66.5662168606509,6,9
2405952,27,182,1-27-2024-182-03,3,2,2650,1295,1425,P245/60R18,220,P245/60R18,220,,,,,,,,,34.4736258672475,3,9
2401753,13,47,1-13-2024-047-02,2,3,1810,1050,920,P235/40R18,230,P235/40R18,230,,,,,,,,,16.3912096638119,7,9
2403330,20,89,1-20-2024-089-01,1,1,9999,9999,9999,P235/55R18,240,P235/55R18,240,,,,,,,,,42.6820611771259,11,9
2406330,17,206,1-17-2024-206-03,3,1,2404,1250,1280,P235/55R19,240,P235/55R19,240,,,,,,,,,145.71700842556,4,9
2400379,20,8,1-20-2024-008-07,7,2,1626,855,780,9999999999,999,9999999999,999,,,,,,,,,432.198032471815,11,9
2401670,25,39,1-25-2024-039-04,4,1,2141,1089,1057,P265/35R20,240,P265/35R20,240,,,,,,,,,55.0816370883036,2,9
2403731,31,76,1-31-2024-076-03,3,1,2580,1300,1350,P235/55R19,240,P235/55R19,240,,,,,,,,,151.964719784207,6,9
2401567,24,36,1-24-2024-036-03,3,2,1975,1140,1050,P205/65R16,240,P205/65R16,240,,,,,,,,,174.327977699745,1,9
2402895,22,85,1-22-2024-085-09,9,1,2140,1145,1145,P235/55R18,220,P235/55R18,220,,,,,,,,,55.0527044392151,12,9
2401816,28,52,1-28-2024-052-09,9,2,2745,1410,1475,P245/65R17,220,P245/65R17,220,,,,,,,,,35.1195291082184,3,9
2403831,15,153,1-15-2024-153-02,2,1,3220,1520,1900,P275/50R21,290,P275/50R21,340,,,,,,,,,13.160978448786,1,9
2406038,48,196,1-48-2024-196-04,4,1,2090,1150,1150,P225/65R17,240,P225/65R17,240,,,,,,,,,256.245639765987,12,9
2402503,77,85,1-77-2024-085-03,3,2,2025,1175,1200,P225/65R17,240,P225/65R17,240,,,,,,,,,78.5516932728452,9,9
2403190,67,13,1-67-2024-013-06,6,1,2405,1275,1275,P245/45R20,220,P245/45R20,220,,,,,,,,,1631.38147749848,7,9
2404269,30,149,1-30-2024-149-05,5,2,9999,9999,9999,9999999999,999,9999999999,999,,,,,,,,,25.0922001614674,10,9
2401269,69,23,1-69-2024-023-07,7,1,2631,1452,1588,P265/70R16,240,P265/70R16,240,,,,,,,,,889.873418242702,8,9
2404123,27,126,1-27-2024-126-04,4,1,3175,1724,1724,P275/60R20,240,P275/60R20,240,,,,,,,,,18.7495302149441,3,9
2404418,77,140,1-77-2024-140-04,4,1,2087,1180,1007,P225/50R18,220,P225/50R18,220,,,,,,,,,476.853157776602,9,9
2402871,28,86,1-28-2024-086-06,6,1,2276,1072,1215,P225/65R17,230,P225/65R17,230,,,,,,,,,47.2101277154018,3,9
2404898,59,142,1-59-2024-142-03,3,2,1780,990,950,P205/55R16,230,P205/55R16,230,,,,,,,,,36.1342171260839,6,9
2404908,77,157,1-77-2024-157-04,4,3,2200,1250,1220,P225/65R17,240,P225/65R17,230,,,,,,,,,1586.45009650988,9,9
2405154,79,99,1-79-2024-099-09,9,1,1700,915,795,9999999999,999,9999999999,999,,,,,,,,,332.8863993413,8,9
2405807,24,160,1-24-2024-160-05,5,1,2100,1191,1191,9999999999,999,9999999999,999,,,,,,,,,24.2721053029394,1,9
2406127,77,197,1-77-2024-197-03,3,2,3870,1875,2250,P275/55R21,331,P275/55R21,331,,,,,,,,,193.93919154216,9,9
2406379,11,194,1-11-2024-194-10,10,1,1996,1052,998,P235/70R16,220,P235/70R16,220,,,,,,,,,1440.81092576453,8,9
2403428,54,86,1-54-2024-086-09,9,1,1941,1017,993,P215/60R16,220,P215/60R16,220,,,,,,,,,117.274582131211,9,9
2403427,67,17,1-67-2024-017-06,6,1,2130,1100,1075,P235/60R18,999,P235/60R18,999,,,,,,,,,530.56013412696,7,9
2404009,28,124,1-28-2024-124-08,8,1,2035,1050,1095,P215/65R16,210,P215/65R16,200,,,,,,,,,48.0385140677194,3,9
2400151,81,6,1-81-2024-006-03,3,2,3493,1724,1950,P275/60R20,240,P275/60R20,240,,,,,,,,,368.540152823667,8,9
2400453,33,6,1-33-2024-006-01,1,1,9999,9999,9999,9999999999,999,9999999999,999,,,,,,,,,35.1791324819626,12,9
2400597,17,20,1-17-2024-020-03,3,2,2744,1420,1529,P265/60R18,210,P265/60R18,210,,,,,,,,,56.2627107467575,4,9
2401413,76,33,1-76-2024-033-09,9,2,2745,1410,1475,P245/65R17,220,P245/65R17,220,,,,,,,,,82.5706054598967,3,9
2401705,27,54,1-27-2024-054-07,7,1,1960,1050,930,P235/40R19,230,P235/40R19,220,,,,,,,,,213.887263487774,3,9
2402636,26,76,1-26-2024-076-03,3,1,2098,1188,1098,P235/45R18,240,P235/45R18,240,,,,,,,,,255.743331484343,10,9
2403949,48,126,1-48-2024-126-08,8,1,3085,1452,1679,P265/50R20,250,P265/50R20,250,,,,,,,,,96.1411607504999,12,9
2404082,12,73,1-12-2024-073-09,9,2,2767,1429,1672,P245/70R17,210,P245/70R17,240,,,,,,,,,325.152652942967,9,9
2400965,77,32,1-77-2024-032-03,3,2,1785,1050,971,P205/55R16,240,P205/55R16,230,,,,,,,,,110.200563996459,9,9
2405874,62,175,1-62-2024-175-04,4,2,2132,1120,1154,P235/40R19,240,P265/35R19,250,,,,,,,,,4606.52124866923,7,9
2403836,29,44,1-29-2024-044-08,8,1,2675,1360,1390,P225/70R16,240,P225/70R16,240,,,,,,,,,58.9888076858431,2,9
2400255,29,4,1-29-2024-004-03,3,1,1950,990,1000,9999999999,999,9999999999,999,,,,,,,,,190.394970171206,2,9
2400109,24,1,1-24-2024-001-06,6,2,1590,850,755,P185/55R16,230,P185/55R16,220,,,,,,,,,272.903840119745,1,9
2402863,16,84,1-16-2024-084-02,2,2,9999,9999,9999,9999999999,999,9999999999,999,,,,,,,,,15.1092509057653,5,9
2400132,27,5,1-27-2024-005-04,4,2,2071,1056,1018,P225/55R19,250,P225/55R19,250,,,,,,,,,116.835121519361,3,9
2403690,19,45,1-19-2024-045-05,5,2,2100,1170,1150,P215/60R16,210,P215/60R16,210,,,,,,,,,56.3872673113555,9,9
2400155,77,5,1-77-2024-005-04,4,2,2290,1110,1230,P245/45R18,240,P245/45R18,240,,,,,,,,,1319.74978076648,9,9
2400155,77,5,1-77-2024-005-04,4,3,2023,1068,959,P215/60R16,220,P215/60R16,220,,,,,,,,,1319.74978076648,9,9
2402362,11,63,1-11-2024-063-03,3,1,9999,9999,9999,P225/55R18,240,P225/55R18,240,,,,,,,,,121.430533867844,8,9
2403544,59,110,1-59-2024-110-03,3,2,1840,980,870,P215/50R17,220,P215/50R17,220,,,,,,,,,55.2187891713604,6,9
2403876,17,121,1-17-2024-121-06,6,2,2858,1452,1520,P255/50R20,240,P255/50R20,240,,,,,,,,,121.263256730921,4,9
2405548,30,190,1-30-2024-190-03,3,2,2140,1200,1150,P225/55R18,240,P225/55R18,240,,,,,,,,,738.600104013517,10,9
2405110,15,196,1-15-2024-196-02,2,1,1795,960,840,P205/60R16,230,P205/60R16,230,,,,,,,,,13.160978448786,1,9
2401280,25,29,1-25-2024-029-05,5,1,2050,1150,1200,P225/50R18,230,P225/50R18,220,,,,,,,,,78.4416239674917,2,9
2404918,73,127,1-73-2024-127-08,8,1,3266,1701,1746,P265/70R17,240,P265/70R17,240,,,,,,,,,40.1180243892693,3,9
2404224,27,131,1-27-2024-131-07,7,1,2473,1248,1339,P225/65R17,250,P225/65R17,250,,,,,,,,,22.5691073413332,3,9
2405002,22,152,1-22-2024-152-03,3,1,3447,1610,1905,P285/45R22,270,P285/45R22,270,,,,,,,,,28.3765658017979,12,9
2405068,11,150,1-11-2024-150-01,1,1,9999,9999,9999,9999999999,999,9999999999,999,,,,,,,,,37.1443494829188,8,9
2406170,24,170,1-24-2024-170-05,5,2,1769,964,853,P205/45R17,270,P205/45R17,270,,,,,,,,,24.2721053029394,1,9
2400223,25,4,1-25-2024-004-06,6,1,2050,1150,1200,P225/55R17,230,P225/55R17,220,,,,,,,,,1245.50805623473,2,9
2400207,67,3,1-67-2024-003-05,5,1,2495,1273,1273,P225/65R17,250,P225/65R17,250,,,,,,,,,85.727763543455,7,9
2401464,66,30,1-66-2024-030-10,10,1,2271,1248,1316,P225/70R16,220,P225/70R16,220,,,,,,,,,242.389498710963,6,9
2401467,66,33,1-66-2024-033-09,9,1,3311,1792,1905,P265/70R17,220,P265/70R17,260,,,,,,,,,97.5596917228585,6,9
2401790,81,35,1-81-2024-035-NM1,21,1,3130,1769,1860,P275/65R18,250,P275/65R18,250,,,,,,,,,46.909790827141,8,9
2401774,33,30,1-33-2024-030-04,4,3,1785,1050,971,P205/55R16,240,P205/55R16,230,,,,,,,,,204.969070657332,12,9
2403605,16,102,1-16-2024-102-03,3,1,1890,990,950,P205/55R17,250,P205/55R17,250,,,,,,,,,346.592119950096,5,9
2403872,12,69,1-12-2024-069-04,4,2,3085,1678,1724,P255/70R17,240,P255/70R17,240,,,,,,,,,269.223385585816,9,9
2403897,28,118,1-28-2024-118-03,3,1,2694,1191,1554,P255/55R20,230,P255/55R20,230,,,,,,,,,28.3089754479373,3,9
2404789,73,126,1-73-2024-126-07,7,2,2722,1452,1588,P265/60R18,240,P265/60R18,240,,,,,,,,,605.662849299634,3,9
2405064,10,98,1-10-2024-098-03,3,2,1785,1050,971,9999999999,999,9999999999,999,,,,,,,,,137.678201633279,4,9
2405097,52,50,1-52-2024-050-09,9,1,3334,1701,1746,P275/65R18,240,P275/65R18,240,,,,,,,,,214.37338525269,12,9
2405364,10,105,1-10-2024-105-06,6,1,2032,1048,1093,P225/60R17,210,P225/60R17,200,,,,,,,,,607.531493687446,4,9
2406263,66,123,1-66-2024-123-01,1,1,2300,1150,1175,P235/65R16,210,P235/65R16,210,,,,,,,,,121.69637656743,6,9
2402684,79,58,1-79-2024-058-07,7,1,1840,950,890,P205/65R16,240,P205/65R16,240,,,,,,,,,402.81545554001,8,9
2402691,73,82,1-73-2024-082-04,4,1,2540,1335,1490,P245/75R16,220,P245/75R16,220,,,,,,,,,213.655657914421,3,9
2401390,17,42,1-17-2024-042-06,6,2,1410,730,690,P165/65R14,240,P165/65R14,240,,,,,,,,,94.3786367934732,4,9
2401864,77,63,1-77-2024-063-07,7,1,1710,920,830,P215/55R16,220,P215/55R16,220,,,,,,,,,2827.15580820604,9,9
2402459,11,64,1-11-2024-064-08,8,1,2071,1209,1136,P215/55R17,220,P215/55R17,220,,,,,,,,,102.496716685917,8,9
2402582,23,39,1-23-2024-039-05,5,3,9999,9999,9999,9999999999,999,9999999999,999,,,,,,,,,90.2911220733979,5,9
2403069,69,59,1-69-2024-059-01,1,1,2007,1009,900,P215/60R16,220,P215/60R16,220,,,,,,,,,7.66811372485411,8,9
2403655,59,115,1-59-2024-115-03,3,2,3221,1724,1724,P275/60R20,240,P275/60R20,240,,,,,,,,,49.5714970503393,6,9
2403790,18,103,1-18-2024-103-03,3,1,1825,1050,950,P205/60R16,228,P205/60R16,228,,,,,,,,,136.169258980303,6,9
2404370,22,129,1-22-2024-129-04,4,1,9999,9999,9999,9999999999,999,9999999999,999,,,,,,,,,33.3238497656853,12,9
2404844,32,139,1-32-2024-139-05,5,1,9999,9999,9999,9999999999,999,9999999999,999,,,,,,,,,139.445576643167,7,9
2406146,12,125,1-12-2024-125-03,3,2,1790,960,860,P235/40R18,230,P235/40R18,220,,,,,,,,,164.057323491007,9,9
2400043,16,1,1-16-2024-001-04,4,1,2200,1250,1220,P225/60R18,240,P225/60R18,230,,,,,,,,,1184.77644929998,5,9
2400365,52,3,1-52-2024-003-07,7,2,2141,1072,1089,P225/65R17,230,P225/65R17,230,,,,,,,,,1615.30739878604,12,9
2400689,14,11,1-14-2024-011-08,8,1,9999,9999,9999,9999999999,999,9999999999,999,,,,,,,,,123.221173387433,8,9
2401002,69,18,1-69-2024-018-02,2,1,2160,1260,1200,P235/65R17,241,P235/65R17,241,,,,,,,,,17.6221452308209,8,9
2401327,66,29,1-66-2024-029-02,2,1,2685,1402,1393,P255/75R17,240,P255/75R17,240,,,,,,,,,107.302186022856,6,9
2401642,18,63,1-18-2024-063-09,9,1,9999,9999,9999,P265/70R17,240,P265/70R17,240,,,,,,,,,95.1775471436952,6,9
2403447,57,83,1-57-2024-083-06,6,2,1913,1001,912,P225/45R18,210,P225/45R18,210,,,,,,,,,285.765720203925,1,9
2404024,29,51,1-29-2024-051-06,6,2,2032,1048,1093,P225/60R17,210,P225/60R17,200,,,,,,,,,807.629926847652,2,9
2404637,62,134,1-62-2024-134-04,4,2,9999,9999,9999,9999999999,999,9999999999,999,,,,,,,,,1053.07668829567,7,9
2406102,15,234,1-15-2024-234-08,8,1,2280,1080,1200,P245/45R17,210,P245/45R17,240,,,,,,,,,66.4095741134161,1,9
2401916,69,36,1-69-2024-036-02,2,2,3085,1679,1770,P265/70R17,275,P265/70R17,275,,,,,,,,,7.30201599951961,8,9
2402246,22,64,1-22-2024-064-06,6,1,3040,1770,1770,P275/60R20,240,P275/60R20,240,,,,,,,,,25.2675524846257,12,9
2405064,10,98,1-10-2024-098-03,3,1,3311,1610,1905,P275/55R20,220,P275/55R20,220,,,,,,,,,137.678201633279,4,9
2403043,77,104,1-77-2024-104-05,5,1,2250,1220,1220,P235/55R18,220,P235/55R18,220,,,,,,,,,90.6570748528622,9,9
2404709,24,131,1-24-2024-131-06,6,1,2545,1380,1490,P265/65R17,200,P265/65R17,200,,,,,,,,,165.129672435837,1,9
2403481,60,41,1-60-2024-041-04,4,1,2082,971,1111,P245/50R19,240,P245/50R19,240,,,,,,,,,578.853294034117,8,9
2403481,60,41,1-60-2024-041-04,4,3,1963,1097,945,P215/60R16,220,P215/60R16,220,,,,,,,,,578.853294034117,8,9
2402547,59,79,1-59-2024-079-NM1,21,1,9999,9999,9999,9999999999,999,9999999999,999,,,,,,,,,62.3822922049643,6,9
2403152,73,90,1-73-2024-090-07,7,2,2400,1320,1420,P235/60R18,210,P235/60R18,210,,,,,,,,,244.288299335395,3,9
2401764,59,55,1-59-2024-055-03,3,1,9999,9999,9999,9999999999,999,9999999999,999,,,,,,,,,58.6800668118589,6,9
2401937,60,19,1-60-2024-019-03,3,2,2250,1220,1200,P235/60R18,240,P235/60R18,240,,,,,,,,,418.980773569658,8,9
2402285,54,58,1-54-2024-058-07,7,1,9999,9999,9999,9999999999,999,9999999999,999,,,,,,,,,248.157241541513,9,9
2402675,54,68,1-54-2024-068-08,8,1,1996,930,1154,P195/75R14,200,P195/75R14,241,,,,,,,,,161.994257211147,9,9
2403903,27,122,1-27-2024-122-04,4,2,2090,1150,1150,P235/55R19,240,P235/55R19,240,,,,,,,,,280.886166758973,3,9
2404167,11,128,1-11-2024-128-04,4,2,2105,1130,990,9999999999,999,9999999999,999,,,,,,,,,3218.51663086023,8,9
2404431,57,125,1-57-2024-125-04,4,2,2550,1350,1395,P235/55R19,234,P235/55R19,234,,,,,,,,,463.870269479946,1,9
2404638,69,103,1-69-2024-103-02,2,2,2635,1141,1547,P255/55R20,230,P255/55R20,230,,,,,,,,,7.30201599951961,8,9
2404809,19,65,1-19-2024-065-09,9,2,2390,1300,1300,P235/55R18,210,P235/55R18,210,,,,,,,,,717.496132319356,9,9
2406034,52,57,1-52-2024-057-04,4,1,1847,961,885,P225/55R17,230,P225/55R17,230,,,,,,,,,317.026371764519,12,9
2406225,19,95,1-19-2024-095-04,4,1,2730,1310,1465,P235/55R19,250,P235/55R19,250,,,,,,,,,263.790946458572,9,9
2400208,11,4,1-11-2024-004-07,7,1,9999,9999,9999,9999999999,999,9999999999,999,,,,,,,,,657.057558003413,8,9
2400471,73,12,1-73-2024-012-03,3,2,2355,1210,1365,P255/45R20,240,P255/45R20,240,,,,,,,,,24.7530556281062,3,9
2400651,22,17,1-22-2024-017-04,4,1,2125,1115,1065,P235/55R19,231,P235/55R19,210,,,,,,,,,53.2870024901003,12,9
2401156,60,13,1-60-2024-013-03,3,2,2610,1320,1340,P255/50R20,250,P255/50R20,250,,,,,,,,,228.262148598629,8,9
2401354,10,21,1-10-2024-021-02,2,1,2409,1275,1139,P245/50R20,240,P245/50R20,240,,,,,,,,,22.3566511295402,4,9
2402090,16,59,1-16-2024-059-NM1,21,1,2131,1140,1000,P245/45R18,230,P245/45R18,230,,,,,,,,,19.3635256654646,5,9
2405203,25,137,1-25-2024-137-06,6,1,9999,9999,9999,9999999999,999,9999999999,999,,,,,,,,,320.093843420773,2,9
2405379,21,128,1-21-2024-128-03,3,1,2440,1216,1261,9999999999,999,9999999999,999,,,,,,,,,331.242131750008,11,9
2404815,57,143,1-57-2024-143-03,3,1,1815,980,845,P205/60R16,230,P205/60R16,230,,,,,,,,,103.572376577751,1,9
2400238,57,5,1-57-2024-005-06,6,1,2715,1325,1415,P235/65R18,230,P235/65R18,230,,,,,,,,,125.615334188791,1,9
2401320,30,45,1-30-2024-045-01,1,1,1938,1067,886,9999999999,999,9999999999,999,,,,,,,,,103.130123271809,10,9
2402648,21,54,1-21-2024-054-05,5,2,3311,1633,1905,P285/45R22,240,P285/45R22,240,,,,,,,,,70.1357227732136,11,9
2403112,27,102,1-27-2024-102-03,3,1,2100,1200,1160,P225/55R18,240,P225/55R18,240,,,,,,,,,11.8514312322575,3,9
2404108,60,58,1-60-2024-058-02,2,1,2280,1115,1215,P245/40R18,240,P265/35R18,280,,,,,,,,,34.2089348957855,8,9
2403773,81,92,1-81-2024-092-02,2,1,1825,1050,923,P205/60R16,230,P205/60R16,230,,,,,,,,,26.3649807190026,8,9
2401781,30,59,1-30-2024-059-05,5,2,2149,1185,1185,P235/45R18,260,P235/45R18,260,,,,,,,,,20.1359424598253,10,9
2403298,77,114,1-77-2024-114-06,6,1,9999,9999,9999,9999999999,999,9999999999,999,,,,,,,,,331.988899423428,9,9
2400885,16,26,1-16-2024-026-02,2,1,2129,1110,1257,P235/40R19,290,P235/40R19,290,,,,,,,,,15.1092509057653,5,9
2402634,27,86,1-27-2024-086-09,9,1,1626,855,780,P195/65R15,210,P195/65R15,210,,,,,,,,,66.9899073843268,3,9
2404649,29,68,1-29-2024-068-03,3,1,1960,1050,930,P215/55R17,225,P215/55R17,225,,,,,,,,,576.552709834615,2,9
2403424,10,54,1-10-2024-054-03,3,2,2800,1450,1600,P255/65R18,240,P255/65R18,240,,,,,,,,,99.299901179009,4,9
2404088,33,75,1-33-2024-075-05,5,1,9999,9999,9999,9999999999,999,9999999999,999,,,,,,,,,25.3427821602115,12,9
2404506,33,87,1-33-2024-087-08,8,1,2041,1084,1021,P235/70R16,220,P235/70R16,220,,,,,,,,,54.7275070105528,12,9
2401260,17,41,1-17-2024-041-07,7,2,9999,9999,9999,9999999999,999,9999999999,999,,,,,,,,,243.718011272748,4,9
2403939,62,110,1-62-2024-110-02,2,1,2540,1335,1490,P245/75R16,220,P245/75R16,220,,,,,,,,,27.4104501869369,7,9
2400152,81,7,1-81-2024-007-02,2,2,1970,1010,1000,P225/60R17,230,P225/60R17,220,,,,,,,,,23.5191438097523,8,9
2406272,16,131,1-16-2024-131-03,3,2,2290,1111,1179,P235/55R17,240,P235/55R17,240,,,,,,,,,132.869057626833,5,9
2404778,59,141,1-59-2024-141-03,3,2,1720,990,950,P205/55R16,230,P205/55R16,230,,,,,,,,,42.3023913828698,6,9
2405582,28,174,1-28-2024-174-04,4,1,1985,1025,1000,P225/60R17,230,P225/60R17,220,,,,,,,,,121.906201936167,3,9
2406042,30,204,1-30-2024-204-09,9,1,2745,1339,1407,P235/60R16,250,P235/60R16,250,,,,,,,,,11034.5007758715,10,9
2406212,66,120,1-66-2024-120-09,9,1,2110,1150,1100,P235/60R16,210,P235/60R16,210,,,,,,,,,97.5596917228585,6,9
2402280,59,73,1-59-2024-073-08,8,1,2087,1134,1225,P205/75R15,240,P205/75R15,240,,,,,,,,,77.4683248872621,6,9
2402462,11,67,1-11-2024-067-05,5,3,2106,1075,1034,P225/55R19,240,P225/55R19,240,,,,,,,,,31.8812723055547,8,9
2404458,16,115,1-16-2024-115-02,2,2,2949,1452,1679,P265/60R18,250,P265/60R18,250,,,,,,,,,35.8384991974306,5,9
2404649,29,68,1-29-2024-068-03,3,2,2540,1335,1490,P265/70R16,210,P265/70R16,210,,,,,,,,,576.552709834615,2,9
2400079,59,5,1-59-2024-005-NM2,22,1,2141,1116,1030,P235/40R19,255,P235/40R19,255,,,,,,,,,326.257763636632,6,9
2400283,59,12,1-59-2024-012-04,4,1,2800,1450,1600,P255/55R20,240,P255/55R20,240,,,,,,,,,133.446453331706,6,9
2400543,57,11,1-57-2024-011-05,5,2,2114,1009,1170,P225/45R18,220,P225/45R18,250,,,,,,,,,10.3384940041349,1,9
2400855,12,17,1-12-2024-017-03,3,2,2100,1260,1200,P235/55R19,240,P235/55R19,240,,,,,,,,,365.80465840508,9,9
2400957,73,31,1-73-2024-031-06,6,1,2000,1065,995,P215/55R18,240,P215/55R18,240,,,,,,,,,38.5374888665136,3,9
2401048,76,28,1-76-2024-028-04,4,1,2100,1175,1200,P225/65R17,240,P225/65R17,240,,,,,,,,,86.4714255045695,3,9
2401239,18,44,1-18-2024-044-07,7,1,2100,1175,1200,P225/65R17,240,P225/65R17,240,,,,,,,,,1257.59168950676,6,9
2401334,77,45,1-77-2024-045-05,5,2,2250,1175,1240,P225/65R17,240,P225/65R17,240,,,,,,,,,90.6570748528622,9,9
2401519,19,25,1-19-2024-025-03,3,2,2810,1360,1535,P265/60R18,240,P265/60R18,240,,,,,,,,,190.877805911702,9,9
2401727,69,31,1-69-2024-031-09,9,1,3266,1633,1814,P235/75R16,240,P235/75R16,260,,,,,,,,,487.337287690364,8,9
2401913,30,66,1-30-2024-066-05,5,2,2145,1300,1395,P235/65R17,240,P235/65R17,240,,,,,,,,,49.6844070809453,10,9
2402762,15,108,1-15-2024-108-08,8,2,2794,1397,1497,P245/60R18,240,P245/60R18,240,,,,,,,,,24.1312824272688,1,9
2403354,60,37,1-60-2024-037-07,7,2,2745,1339,1407,P225/65R17,248,P225/65R17,248,,,,,,,,,1653.18910868645,8,9
2403529,29,36,1-29-2024-036-03,3,1,2065,980,1180,P245/45R17,230,P245/45R17,280,,,,,,,,,161.577995153769,2,9
2403715,25,97,1-25-2024-097-NM2,22,1,2599,1261,1338,P225/60R17,220,P225/60R17,240,,,,,,,,,209.921679437629,2,9
2404246,15,166,1-15-2024-166-05,5,1,2050,1150,1200,P225/55R17,230,P225/55R17,230,,,,,,,,,13.6400789963135,1,9
2401155,24,26,1-24-2024-026-03,3,1,1815,1005,810,P215/45R17,240,P215/45R17,230,,,,,,,,,37.5833593561642,1,9
2400152,81,7,1-81-2024-007-02,2,3,2413,1275,1275,P225/60R18,210,P225/60R18,210,,,,,,,,,23.5191438097523,8,9
2400541,23,9,1-23-2024-009-03,3,1,2250,1150,1130,P235/60R18,999,P235/60R18,999,,,,,,,,,341.793285163894,5,9
2400866,48,31,1-48-2024-031-09,9,2,9999,9999,9999,9999999999,999,9999999999,999,,,,,,,,,69.6007046591066,12,9
2401145,69,20,1-69-2024-020-03,3,2,2025,1175,1200,P235/50R19,240,P235/50R19,240,,,,,,,,,75.2386140829049,8,9
2401256,18,48,1-18-2024-048-03,3,1,3175,1542,1905,P265/70R18,240,P265/70R18,240,,,,,,,,,45.4141790035401,6,9
2401322,20,35,1-20-2024-035-06,6,1,2075,1140,960,P235/35R19,320,P235/35R19,310,,,,,,,,,183.257346750518,11,9
2403340,17,105,1-17-2024-105-03,3,2,2230,1220,1220,P225/60R18,230,P225/60R18,230,,,,,,,,,63.7311016265517,4,9
2404059,67,28,1-67-2024-028-04,4,2,2019,1066,964,P235/50R17,220,P235/50R17,220,,,,,,,,,420.22869156482,7,9
2404634,19,61,1-19-2024-061-03,3,1,1944,1065,995,P205/70R16,241,P205/70R16,241,,,,,,,,,53.0215875094493,9,9
2400727,48,28,1-48-2024-028-04,4,1,2760,1390,1390,P235/65R17,240,P235/65R17,240,,,,,,,,,145.557430364465,12,9
2402588,12,44,1-12-2024-044-03,3,1,2390,1247,1145,P245/55R19,240,P245/55R19,240,,,,,,,,,164.057323491007,9,9
2403999,25,104,1-25-2024-104-09,9,1,1842,960,882,P215/60R16,240,P215/60R16,240,,,,,,,,,1107.00046057656,2,9
2404341,27,135,1-27-2024-135-04,4,1,2160,1260,1200,P235/65R17,240,P235/65R17,240,,,,,,,,,24.9101480813728,3,9
2404358,24,122,1-24-2024-122-03,3,1,2510,1185,1350,P235/60R18,250,P235/60R18,270,,,,,,,,,207.581096722383,1,9
2404725,27,147,1-27-2024-147-07,7,1,2320,1350,1450,P235/70R16,210,P235/70R16,210,,,,,,,,,64.368915386855,3,9
2405766,77,183,1-77-2024-183-06,6,1,2949,1452,1638,P265/55R22,248,P265/55R22,248,,,,,,,,,930.398754148013,9,9
2406121,81,160,1-81-2024-160-02,2,2,2445,1245,1410,P265/70R16,200,P265/70R16,220,,,,,,,,,46.0552869114928,8,9
2400743,76,20,1-76-2024-020-03,3,2,2765,1325,1525,P235/60R18,240,P235/60R18,240,,,,,,,,,71.5495535595937,3,9
2401005,20,27,1-20-2024-027-06,6,1,1805,1030,987,9999999999,999,9999999999,999,,,,,,,,,95.8020270388408,11,9
2400756,13,14,1-13-2024-014-02,2,1,3085,1474,1678,P265/60R17,280,P265/60R17,280,,,,,,,,,9.13287494953795,7,9
2402671,48,88,1-48-2024-088-02,2,1,9999,9999,9999,9999999999,999,9999999999,999,,,,,,,,,74.210049573419,12,9
2406066,79,119,1-79-2024-119-07,7,2,1941,1017,993,9999999999,999,9999999999,999,,,,,,,,,929.199368579376,8,9
2402279,59,72,1-59-2024-072-02,2,2,2663,1340,1450,P245/50R20,240,P245/50R20,240,,,,,,,,,48.7900687173874,6,9
2403384,82,84,1-82-2024-084-03,3,2,2345,1110,1300,P225/45R18,240,P225/45R18,290,,,,,,,,,111.316539758788,1,9
2404973,21,116,1-21-2024-116-01,1,3,1860,1020,920,P235/45R18,228,P235/45R18,228,,,,,,,,,21.1221156250567,11,9
2403407,15,135,1-15-2024-135-07,7,1,1990,1065,995,P205/70R16,240,P205/70R16,240,,,,,,,,,395.984424005931,1,9
2402410,54,60,1-54-2024-060-07,7,1,2949,1452,1679,P265/60R18,250,P265/60R18,250,,,,,,,,,279.908966338472,9,9
2402581,23,38,1-23-2024-038-05,5,2,2260,1190,1080,P235/60R18,999,P235/60R18,999,,,,,,,,,90.2911220733979,5,9
2402778,25,68,1-25-2024-068-04,4,2,1890,988,902,P215/55R17,220,P215/55R17,210,,,,,,,,,304.302915274155,2,9
2403265,26,95,1-26-2024-095-05,5,2,2055,1150,1150,P235/55R18,220,P235/55R18,220,,,,,,,,,39.670972526611,10,9
2403624,82,92,1-82-2024-092-06,6,1,4355,1860,2760,9999999999,999,9999999999,999,,,,,,,,,333.226313697198,1,9
2403691,19,46,1-19-2024-046-01,1,1,1716,905,835,P205/55R16,230,P205/55R16,230,,,,,,,,,60.355934082264,9,9
2404349,32,130,1-32-2024-130-07,7,1,1960,1050,930,P215/55R17,225,P215/55R17,225,,,,,,,,,16039.8860823842,7,9
2404712,25,126,1-25-2024-126-01,1,1,2215,1050,1200,P225/50R17,220,P225/50R17,260,,,,,,,,,108.02276112787,2,9
2405085,14,98,1-14-2024-098-08,8,1,2404,1249,1314,P265/75R15,210,P265/75R15,210,,,,,,,,,330.477317677332,8,9
2406137,13,84,1-13-2024-084-04,4,2,2776,1397,1497,P255/50R20,240,P255/50R20,240,,,,,,,,,9236.10198234623,7,9
2400178,59,6,1-59-2024-006-08,8,2,2087,1180,1007,P225/55R17,220,P225/55R17,220,,,,,,,,,157.411754942879,6,9
2400560,18,18,1-18-2024-018-03,3,1,2495,1273,1273,P225/60R18,230,P225/60R18,230,,,,,,,,,34.6070615401308,6,9
2401441,26,38,1-26-2024-038-07,7,1,2470,1420,1420,P235/50R18,230,P235/50R18,230,,,,,,,,,1735.79347772046,10,9
2401785,18,65,1-18-2024-065-03,3,2,9999,9999,9999,9999999999,999,9999999999,999,,,,,,,,,102.622080295098,6,9
2402050,33,34,1-33-2024-034-03,3,1,2100,1160,970,P225/50R17,230,P225/50R17,220,,,,,,,,,18.6448141384411,12,9
2402176,33,37,1-33-2024-037-03,3,1,2230,1220,1220,P225/65R17,250,P225/65R17,250,,,,,,,,,48.442386450573,12,9
2403613,14,60,1-14-2024-060-03,3,1,1733,938,795,P205/55R16,220,P205/55R16,220,,,,,,,,,280.150225012487,8,9
2404950,25,131,1-25-2024-131-03,3,2,2744,1420,1529,P255/65R17,210,P255/65R17,210,,,,,,,,,421.178032869349,2,9
2402743,28,84,1-28-2024-084-07,7,1,2300,1175,1240,P235/55R18,240,P235/55R18,240,,,,,,,,,44.330330715033,3,9
2402766,27,89,1-27-2024-089-03,3,1,2730,1420,1480,P245/60R18,240,P245/60R18,240,,,,,,,,,11.8514312322575,3,9
2404927,54,110,1-54-2024-110-NM1,21,1,2405,1248,1339,P225/55R19,250,P225/55R19,250,,,,,,,,,158.05614243884,9,9
2404904,57,147,1-57-2024-147-04,4,2,1840,947,893,P205/65R16,241,P205/65R16,241,,,,,,,,,466.023138963278,1,9
2403221,25,81,1-25-2024-081-02,2,1,2000,1075,1040,P245/40R18,230,P245/40R18,220,,,,,,,,,37.9757314185607,2,9
2400991,33,14,1-33-2024-014-09,9,1,9999,9999,9999,9999999999,999,9999999999,999,,,,,,,,,254.441893481535,12,9
2401206,31,25,1-31-2024-025-NM2,22,1,3175,1792,1792,P265/70R17,240,P265/70R17,240,,,,,,,,,197.377933176122,6,9
2406324,18,156,1-18-2024-156-04,4,2,2150,1191,1134,P205/65R16,241,P205/65R16,241,,,,,,,,,370.120034184823,6,9
2403035,81,67,1-81-2024-067-07,7,2,2719,1406,1406,P235/60R17,240,P235/60R17,240,,,,,,,,,4486.82633832714,8,9
2404326,25,115,1-25-2024-115-02,2,1,2490,1250,1360,P235/55R19,230,P235/55R19,250,,,,,,,,,61.6735457995434,2,9
2401223,54,32,1-54-2024-032-02,2,1,2721,1406,1451,P255/70R16,200,P255/70R16,221,,,,,,,,,135.524498741715,9,9
2401661,11,40,1-11-2024-040-02,2,2,9999,9999,9999,9999999999,999,9999999999,999,,,,,,,,,30.7614595081659,8,9
2400436,54,18,1-54-2024-018-09,9,2,2040,1100,990,P225/45R18,240,P225/45R18,240,,,,,,,,,117.274582131211,9,9
2405387,62,160,1-62-2024-160-06,6,2,2800,1450,1600,P255/65R18,240,P255/65R18,240,,,,,,,,,2972.70164077285,7,9
2405763,73,145,1-73-2024-145-03,3,1,2949,1452,1678,P265/60R18,241,P265/60R18,241,,,,,,,,,30.3986890211754,3,9
2406201,15,240,1-15-2024-240-03,3,1,2100,1175,1200,P235/50R19,240,P235/50R19,240,,,,,,,,,12.8685765153933,1,9
2402406,62,63,1-62-2024-063-04,4,1,2223,1165,1130,P225/60R17,230,P225/60R17,220,,,,,,,,,2493.02751254833,7,9
2402530,81,51,1-81-2024-051-06,6,2,1865,969,896,P225/55R17,230,P225/55R17,230,,,,,,,,,3112.81222309498,8,9
2402794,77,92,1-77-2024-092-04,4,1,1985,1025,1000,P225/60R17,230,P225/60R17,220,,,,,,,,,1246.13839964328,9,9
2403242,27,104,1-27-2024-104-03,3,2,9999,9999,9999,9999999999,999,9999999999,999,,,,,,,,,20.240433004051,3,9
2400159,73,7,1-73-2024-007-09,9,1,2715,1405,1405,P235/60R17,240,P235/60R17,240,,,,,,,,,119.848974462893,3,9
2402130,15,85,1-15-2024-085-04,4,1,9999,9999,9999,9999999999,999,9999999999,999,,,,,,,,,60.6794590159291,1,9
2402191,20,60,1-20-2024-060-08,8,1,2291,1217,1160,P235/65R18,230,P235/65R18,230,,,,,,,,,45.6832846004092,11,9
2402424,73,72,1-73-2024-072-03,3,2,3221,1724,1724,P265/65R18,240,P265/65R18,240,,,,,,,,,23.5881329232141,3,9
2402497,27,80,1-27-2024-080-04,4,2,2100,1160,970,P225/50R17,230,P225/50R17,220,,,,,,,,,35.25547423971,3,9
2402552,62,68,1-62-2024-068-06,6,1,2250,1175,1240,P235/55R18,240,P235/55R18,240,,,,,,,,,1202.67078844342,7,9
2403236,31,66,1-31-2024-066-03,3,2,2145,1100,1109,P265/35R20,250,P265/35R20,250,,,,,,,,,151.964719784207,6,9
2405038,54,112,1-54-2024-112-03,3,2,2314,1275,1275,P215/65R17,240,P215/65R17,240,,,,,,,,,165.751981145753,9,9
2405109,15,195,1-15-2024-195-03,3,1,1990,1065,995,P205/70R16,240,P205/70R16,240,,,,,,,,,29.3665299677007,1,9
2405410,57,164,1-57-2024-164-06,6,2,2270,1130,1190,P235/55R17,260,P235/55R17,260,,,,,,,,,623.564129395611,1,9
2400041,11,1,1-11-2024-001-07,7,1,2132,1148,1148,P235/75R15,240,P235/75R15,240,,,,,,,,,39.2977008375247,8,9
2400430,59,16,1-59-2024-016-01,1,1,2120,1163,968,P215/60R16,207,P215/60R16,207,,,,,,,,,53.4084683471652,6,9
2403158,31,64,1-31-2024-064-03,3,2,2694,1191,1554,P255/65R18,230,P255/65R18,230,,,,,,,,,151.964719784207,6,9
2401970,82,45,1-82-2024-045-03,3,2,2080,1150,1000,P225/55R18,240,P225/55R18,240,,,,,,,,,140.052412148362,1,9
2406006,59,179,1-59-2024-179-06,6,2,2405,1275,1275,P245/45R20,220,P245/45R20,220,,,,,,,,,422.426467796273,6,9
2404303,73,117,1-73-2024-117-03,3,1,1970,1030,1000,P225/55R18,230,P225/55R18,230,,,,,,,,,111.013202420727,3,9
2401386,20,38,1-20-2024-038-06,6,2,1930,1020,960,P205/55R16,240,P205/55R16,240,,,,,,,,,33.0071902111751,11,9
2403948,48,125,1-48-2024-125-01,1,1,2948,1434,1610,P245/70R16,220,P245/70R16,240,P265/70R16,220,P265/70R16,220,P265/65R17,220,P265/65R17,220,73.4941053746274,12,9
2400118,69,3,1-69-2024-003-NM1,21,1,9999,9999,9999,9999999999,999,9999999999,999,,,,,,,,,7.66811372485411,8,9
2405470,31,117,1-31-2024-117-05,5,1,2159,1125,1040,P235/55R17,240,P235/55R17,240,,,,,,,,,223.697137607501,6,9
2405771,57,179,1-57-2024-179-06,6,1,2050,1150,1200,P225/55R17,230,P225/55R17,220,,,,,,,,,210.079816306198,1,9
2405842,32,155,1-32-2024-155-06,6,1,1941,1017,993,P215/60R16,220,P215/60R16,220,,,,,,,,,1841.31274852964,7,9
2406124,59,183,1-59-2024-183-07,7,1,1900,1052,908,P205/60R16,250,P205/60R16,250,,,,,,,,,581.300386874371,6,9
2402818,73,83,1-73-2024-083-03,3,2,2835,1407,1701,LT285/70R17,255,LT285/70R17,255,,,,,,,,,51.4655815964126,3,9
2402948,67,11,1-67-2024-011-02,2,2,1770,955,830,P215/50R17,220,P215/50R17,220,,,,,,,,,102.47009508372,7,9
2400243,15,6,1-15-2024-006-03,3,1,2150,1100,1075,P235/60R18,230,P235/60R18,210,,,,,,,,,18.4079052843847,1,9
2400400,48,17,1-48-2024-017-09,9,1,9999,9999,9999,9999999999,999,9999999999,999,,,,,,,,,101.415372752228,12,9
2400974,30,32,1-30-2024-032-03,3,1,2725,1230,1500,P235/65R17,230,P235/65R17,230,,,,,,,,,313.838331797314,10,9
2401073,15,39,1-15-2024-039-04,4,2,2029,1078,957,P225/45R19,240,P225/45R19,240,,,,,,,,,62.5319177717728,1,9
2401598,76,41,1-76-2024-041-10,10,1,2903,1656,1727,P225/75R16,282,P225/75R16,282,,,,,,,,,529.243662706543,3,9
2402679,13,64,1-13-2024-064-NM1,21,1,4536,2177,2876,LT285/70R17,450,LT285/70R17,520,,,,,,,,,52.9890988226477,7,9
2402865,16,86,1-16-2024-086-05,5,1,2050,1130,940,P235/45R17,230,P235/45R17,220,,,,,,,,,49.9895265329744,5,9
2403479,11,103,1-11-2024-103-04,4,2,2030,1129,1098,P215/55R17,240,P215/55R17,240,,,,,,,,,595.929961083085,8,9
2403589,19,44,1-19-2024-044-08,8,1,9999,9999,9999,9999999999,999,9999999999,999,,,,,,,,,104.734055269602,9,9
2404956,14,93,1-14-2024-093-02,2,2,3221,1770,1860,P275/55R20,250,P275/55R20,250,,,,,,,,,73.7387227230028,8,9
2405194,24,144,1-24-2024-144-03,3,2,1815,1005,810,P215/45R17,240,P215/45R17,230,,,,,,,,,43.1431884730943,1,9
2405369,22,164,1-22-2024-164-08,8,3,9999,9999,9999,9999999999,999,9999999999,999,,,,,,,,,29.5597025273187,12,9
2405692,12,112,1-12-2024-112-03,3,1,2030,1188,1098,P235/45R18,240,P235/45R18,240,,,,,,,,,164.057323491007,9,9
2405920,12,117,1-12-2024-117-03,3,3,2726,1293,1588,P245/70R17,250,P245/70R17,250,,,,,,,,,166.734048242703,9,9
2406093,57,190,1-57-2024-190-05,5,1,2089,984,1170,P225/45R18,220,P225/45R18,240,,,,,,,,,11.5282225058122,1,9
2406222,66,122,1-66-2024-122-10,10,2,2715,1325,1454,P235/65R18,230,P235/65R18,230,,,,,,,,,242.389498710963,6,9
2402823,30,97,1-30-2024-097-03,3,2,2090,1150,1150,P225/65R17,250,P225/65R17,250,,,,,,,,,163.896934321295,10,9
2401236,48,43,1-48-2024-043-08,8,1,2132,1125,1061,P235/70R16,220,P235/70R16,220,,,,,,,,,104.372049299083,12,9
2401420,27,48,1-27-2024-048-10,10,1,1462,766,696,P175/70R14,207,P175/70R14,179,,,,,,,,,370.559341949188,3,9
2402167,48,71,1-48-2024-071-07,7,1,2550,1350,1450,P235/60R18,230,P235/60R18,230,,,,,,,,,463.276379422285,12,9
2402293,18,74,1-18-2024-074-09,9,2,2745,1339,1407,P225/65R16,250,P225/65R16,250,,,,,,,,,1826.71775201781,6,9
2402475,16,73,1-16-2024-073-05,5,1,1579,948,839,P205/55R16,220,P205/55R16,220,,,,,,,,,20.0376937444827,5,9
2403198,33,54,1-33-2024-054-NM1,21,1,9999,9999,9999,P215/70R15,230,P215/70R15,230,,,,,,,,,55.7364737376608,12,9
2405128,21,121,1-21-2024-121-03,3,1,9999,9999,9999,9999999999,999,9999999999,999,,,,,,,,,148.195347517749,11,9
2405314,20,126,1-20-2024-126-07,7,1,9999,9999,9999,9999999999,999,9999999999,999,,,,,,,,,2141.3224136325,11,9
2405566,60,91,1-60-2024-091-03,3,1,1795,960,840,P205/60R16,230,P205/60R16,230,,,,,,,,,292.287630968549,8,9
2406286,26,136,1-26-2024-136-07,7,2,2350,1220,1220,P245/45R20,240,P245/45R20,240,,,,,,,,,9481.22512620072,10,9
2403218,16,96,1-16-2024-096-NM1,21,1,9999,9999,9999,9999999999,999,9999999999,999,,,,,,,,,19.3635256654646,5,9
2403375,27,106,1-27-2024-106-04,4,2,1890,988,902,P225/50R18,220,P225/50R18,190,,,,,,,,,125.149936409085,3,9
2403913,21,83,1-21-2024-083-02,2,2,9999,9999,9999,9999999999,999,9999999999,999,,,,,,,,,20.5151772888789,11,9
2404579,24,126,1-24-2024-126-03,3,2,2382,1363,1500,P255/35R21,290,P275/35R21,290,,,,,,,,,261.920098591793,1,9
2400035,79,1,1-79-2024-001-06,6,1,2545,1320,1490,P265/70R16,210,P265/70R16,210,,,,,,,,,126.263816360641,8,9
2400237,27,9,1-27-2024-009-03,3,2,1970,1030,1000,P225/55R18,230,P225/55R18,230,,,,,,,,,11.8514312322575,3,9
2400678,11,18,1-11-2024-018-NM1,21,1,2765,1325,1525,P245/65R17,220,P245/65R17,220,,,,,,,,,37.1071357763572,8,9
2401783,12,31,1-12-2024-031-04,4,1,2722,1350,1545,P235/65R18,240,P235/65R18,240,,,,,,,,,607.770605908014,9,9
2403568,18,98,1-18-2024-098-05,5,1,2803,1397,1520,P255/50R20,240,P255/50R20,240,,,,,,,,,50.9427492020977,6,9
2403617,52,38,1-52-2024-038-04,4,1,2722,1350,1450,P235/65R18,240,P235/65R18,240,,,,,,,,,1714.96019628022,12,9
2404879,21,113,1-21-2024-113-04,4,1,9999,9999,9999,9999999999,999,9999999999,999,,,,,,,,,1142.96542034297,11,9
2406060,17,199,1-17-2024-199-06,6,1,9999,9999,9999,LT245/75R16,340,LT245/75R16,550,,,,,,,,,94.6332628692639,4,9
2403764,28,115,1-28-2024-115-10,10,1,9999,9999,9999,9999999999,999,9999999999,999,,,,,,,,,187.992842110574,3,9
2404153,24,118,1-24-2024-118-03,3,2,2100,1250,1220,P225/55R17,230,P225/55R17,220,,,,,,,,,96.7551924674177,1,9
2404205,48,135,1-48-2024-135-07,7,1,2030,9999,1110,P205/55R16,220,P205/55R16,240,,,,,,,,,525.837186883021,12,9
2404323,60,63,1-60-2024-063-04,4,1,2448,1211,1241,P225/60R16,221,P225/60R16,221,,,,,,,,,2354.70149143383,8,9
2404456,60,67,1-60-2024-067-05,5,2,2100,1191,1191,P215/55R17,240,P215/55R17,240,,,,,,,,,50.4726752605262,8,9
2400424,81,12,1-81-2024-012-07,7,2,2040,1140,1160,P205/65R16,235,P205/65R16,235,,,,,,,,,9063.48157464611,8,9
2400633,52,8,1-52-2024-008-09,9,1,9999,9999,9999,9999999999,999,9999999999,999,,,,,,,,,113.161757099385,12,9
2401375,30,49,1-30-2024-049-04,4,1,1930,1050,910,P215/55R17,225,P215/55R17,225,,,,,,,,,1166.54245421628,10,9
2402127,60,22,1-60-2024-022-04,4,1,3221,1724,1724,LT275/60R20,220,LT275/60R20,240,,,,,,,,,1425.1124132527,8,9
2403060,13,70,1-13-2024-070-09,9,2,2105,1068,1037,P235/50R18,240,P235/50R18,240,,,,,,,,,8362.98940411762,7,9
2403243,54,82,1-54-2024-082-03,3,2,3270,1850,1750,P265/70R18,240,P265/70R18,240,,,,,,,,,98.4870522809125,9,9
2403647,11,108,1-11-2024-108-03,3,3,2360,1250,1240,P235/65R18,248,P235/65R18,248,,,,,,,,,114.198903719813,8,9
2400616,16,18,1-16-2024-018-05,5,1,2120,1040,1220,P225/45R18,290,P225/45R18,320,,,,,,,,,32.2194722089817,5,9
2401243,18,47,1-18-2024-047-08,8,1,2930,1450,1600,P255/55R20,240,P255/55R20,240,,,,,,,,,60.2730059457291,6,9
2406012,10,127,1-10-2024-127-06,6,2,2080,1100,1030,P205/65R16,235,P205/65R16,235,,,,,,,,,529.668799856304,4,9
2402431,19,32,1-19-2024-032-02,2,1,2205,1260,1200,P235/55R19,240,P235/55R19,240,,,,,,,,,45.0884525586451,9,9
2403072,69,62,1-69-2024-062-03,3,2,1594,872,735,P175/65R15,220,P175/65R15,220,,,,,,,,,24.0868849457621,8,9
2403613,14,60,1-14-2024-060-03,3,2,2731,1438,1393,LT265/70R17,270,LT265/70R17,270,,,,,,,,,280.150225012487,8,9
2402723,16,80,1-16-2024-080-06,6,1,2450,1225,1361,P245/75R17,250,P245/75R17,250,,,,,,,,,1779.89514082299,5,9
2402474,16,72,1-16-2024-072-03,3,1,2722,1451,1588,P255/65R17,240,P255/65R17,240,,,,,,,,,168.955904269261,5,9
2402474,16,72,1-16-2024-072-03,3,2,1800,1060,1060,P225/55R18,240,P225/55R18,221,,,,,,,,,168.955904269261,5,9
2400702,16,25,1-16-2024-025-05,5,1,1827,955,872,P215/60R16,240,P215/60R16,240,,,,,,,,,118.760350648911,5,9
2405528,48,180,1-48-2024-180-01,1,2,9999,9999,9999,9999999999,999,9999999999,999,,,,,,,,,73.4941053746274,12,9
2402325,12,39,1-12-2024-039-03,3,1,3085,1452,1679,P265/60R18,230,P265/60R18,230,,,,,,,,,164.057323491007,9,9
2405279,57,161,1-57-2024-161-09,9,2,4037,1724,2504,LT245/75R16,420,LT245/75R16,550,,,,,,,,,803.517520327763,1,9
2401890,13,50,1-13-2024-050-03,3,1,2030,1188,1098,P235/45R18,240,P235/45R18,240,,,,,,,,,515.764062906219,7,9
2405448,60,86,1-60-2024-086-NM1,21,1,1917,1010,940,P215/60R16,220,P215/60R16,220,,,,,,,,,43.22330010499,8,9
2404452,25,117,1-25-2024-117-04,4,1,1930,1060,1060,P225/60R17,240,P225/60R17,240,,,,,,,,,213.041617839475,2,9
2402245,15,89,1-15-2024-089-03,3,1,1950,1070,960,9999999999,999,9999999999,999,,,,,,,,,15.1410745762649,1,9
2400516,26,8,1-26-2024-008-05,5,2,9999,9999,9999,9999999999,999,9999999999,999,,,,,,,,,21.9285367853072,10,9
2400493,24,9,1-24-2024-009-03,3,1,2030,1129,1098,P215/55R17,240,P215/55R17,240,,,,,,,,,57.0773068448119,1,9
2401034,32,32,1-32-2024-032-06,6,1,1963,1097,945,P215/55R17,230,P215/55R17,230,,,,,,,,,767.283771020163,7,9
2403596,24,101,1-24-2024-101-03,3,2,2722,1350,1450,P235/55R20,250,P235/55R20,250,,,,,,,,,97.2831783383525,1,9
2403833,22,118,1-22-2024-118-04,4,1,2041,1089,1007,P225/65R17,230,P225/65R17,230,,,,,,,,,63.7412272058456,12,9
2404128,26,107,1-26-2024-107-05,5,1,2012,1080,1044,P215/60R17,220,P215/60R17,220,,,,,,,,,88.892785728677,10,9
2404667,23,44,1-23-2024-044-03,3,2,2090,1150,1150,P225/65R17,250,P225/65R17,250,,,,,,,,,7405.75351726145,5,9
2404857,26,115,1-26-2024-115-02,2,1,2620,1340,1450,P245/60R18,240,P245/60R18,240,,,,,,,,,21.1529220587709,10,9
2406008,59,181,1-59-2024-181-08,8,1,2032,1107,925,9999999999,999,9999999999,999,,,,,,,,,108.441401744852,6,9
2400477,11,11,1-11-2024-011-04,4,1,2858,1452,1452,P245/50R20,250,P245/50R20,250,,,,,,,,,649.602537945758,8,9
2400677,11,17,1-11-2024-017-NM1,21,1,2110,1100,1060,P215/55R17,221,P215/55R17,221,,,,,,,,,37.1071357763572,8,9
2401268,17,39,1-17-2024-039-07,7,1,2296,1280,1140,P235/55R19,230,P235/55R19,230,,,,,,,,,243.718011392817,4,9
2402069,30,71,1-30-2024-071-03,3,2,2280,1250,1220,P225/60R18,240,P225/60R18,230,,,,,,,,,437.500322170257,10,9
2402395,77,83,1-77-2024-083-03,3,2,2045,985,1120,P225/40R18,220,P255/35R18,270,,,,,,,,,78.5516932728452,9,9
2403466,66,73,1-66-2024-073-10,10,1,1748,901,847,P205/50R17,240,P205/50R17,240,,,,,,,,,2134.23953615003,6,9
2403851,62,108,1-62-2024-108-03,3,2,9999,9999,9999,9999999999,999,9999999999,999,,,,,,,,,533.882324409124,7,9
2404187,14,77,1-14-2024-077-06,6,2,1815,965,850,P215/55R17,220,P215/55R17,210,,,,,,,,,127.512356200493,8,9
2404585,60,71,1-60-2024-071-06,6,2,1780,990,910,P195/65R15,250,P195/65R15,250,,,,,,,,,1499.92322022074,8,9
2405048,30,173,1-30-2024-173-10,10,1,2560,1360,1385,P235/60R18,220,P235/60R18,220,,,,,,,,,24230.4540548434,10,9
2405898,18,147,1-18-2024-147-01,1,1,2250,1175,1240,P225/65R17,240,P225/65R17,240,,,,,,,,,63.8166126674341,6,9
2400323,12,8,1-12-2024-008-04,4,1,1940,1150,1000,P235/45R19,240,P235/45R19,240,,,,,,,,,272.072310301009,9,9
2401855,66,44,1-66-2024-044-07,7,2,2422,1288,1148,P245/60R18,240,P245/60R18,240,,,,,,,,,133.367571576148,6,9
2402608,17,86,1-17-2024-086-07,7,1,1810,1020,840,P215/60R16,220,P215/60R16,220,,,,,,,,,199.170885189555,4,9
2402906,21,60,1-21-2024-060-04,4,1,3493,1724,1950,P275/50R22,250,P275/50R22,250,,,,,,,,,924.169152875547,11,9
2404530,81,112,1-81-2024-112-06,6,2,1758,972,853,P205/55R16,230,P205/55R16,230,,,,,,,,,698.232216368687,8,9
2404957,14,94,1-14-2024-094-04,4,1,2499,1184,1424,P255/40R21,230,P265/40R21,260,,,,,,,,,1497.44554492478,8,9
2405264,59,153,1-59-2024-153-04,4,1,2300,1200,1150,P235/60R18,240,P235/60R18,240,,,,,,,,,407.870337563103,6,9
2405450,60,88,1-60-2024-088-03,3,2,1660,875,785,P205/60R16,220,P205/60R16,220,,,,,,,,,208.696614573817,8,9
2406155,69,160,1-69-2024-160-02,2,1,3175,1656,1792,P275/55R20,220,P275/55R20,220,,,,,,,,,7.30201599951961,8,9
2406332,66,124,1-66-2024-124-07,7,1,2100,1175,1200,P235/50R19,240,P235/50R19,240,,,,,,,,,133.367571576148,6,9
2402072,69,39,1-69-2024-039-10,10,2,1950,1060,915,P215/60R16,210,P215/60R16,210,,,,,,,,,1991.69926730662,8,9
2402222,14,36,1-14-2024-036-01,1,1,2090,983,1107,P225/45R17,210,P225/45R17,240,,,,,,,,,108.708252778353,8,9
2402707,20,78,1-20-2024-078-04,4,1,1910,1005,940,P215/55R17,230,P215/55R17,230,,,,,,,,,121.516357559067,11,9
2402845,25,72,1-25-2024-072-01,1,1,1919,1125,1012,P215/55R16,240,P215/55R16,240,,,,,,,,,61.5499933012625,2,9
2402983,16,90,1-16-2024-090-02,2,1,2355,1210,1365,P255/45R20,240,P255/45R20,240,,,,,,,,,20.4287734239941,5,9
2403296,77,112,1-77-2024-112-09,9,1,1950,990,1000,P205/50R17,220,P205/50R17,210,,,,,,,,,633.717187189689,9,9
2404636,21,106,1-21-2024-106-09,9,1,2085,1150,1150,P225/65R17,220,P225/65R17,220,,,,,,,,,960.079408494373,11,9
2405077,25,134,1-25-2024-134-02,2,1,1644,864,780,P195/65R15,230,P195/65R15,230,,,,,,,,,56.260038334613,2,9
2405210,52,51,1-52-2024-051-07,7,1,2123,1107,1021,P225/50R17,240,P225/50R17,240,,,,,,,,,1637.98271959596,12,9
2405672,13,79,1-13-2024-079-07,7,1,3266,1792,1792,P265/65R18,240,P265/65R18,240,,,,,,,,,16039.8860823842,7,9
2405935,24,164,1-24-2024-164-04,4,1,2631,1407,1407,LT285/70R17,255,LT285/70R17,255,,,,,,,,,250.949654847823,1,9
2406237,73,155,1-73-2024-155-03,3,2,1850,1060,890,P225/45R17,230,P225/45R17,220,,,,,,,,,27.9333153038062,3,9
2401709,54,40,1-54-2024-040-09,9,2,2715,1325,1454,P235/65R18,228,P235/65R18,228,,,,,,,,,117.274582131211,9,9
2402325,12,39,1-12-2024-039-03,3,2,2631,1407,1701,P245/75R17,250,P245/75R17,250,,,,,,,,,164.057323491007,9,9
2402757,22,79,1-22-2024-079-01,1,1,9999,9999,9999,9999999999,999,9999999999,999,,,,,,,,,23.1353338048251,12,9
2403059,13,69,1-13-2024-069-08,8,1,3243,1542,1950,P275/60R20,240,P275/60R20,240,,,,,,,,,662.037483220339,7,9
2403645,31,71,1-31-2024-071-01,1,1,1979,1050,960,9999999999,999,9999999999,999,,,,,,,,,190.536266122907,6,9
2404679,67,37,1-67-2024-037-04,4,2,2032,1048,1093,P225/60R17,210,P225/60R17,200,,,,,,,,,67.040607413014,7,9
2405879,59,176,1-59-2024-176-02,2,1,1963,1097,945,P215/60R16,220,P215/60R16,220,,,,,,,,,48.7900687173874,6,9
2406013,77,193,1-77-2024-193-09,9,1,9999,9999,9999,9999999999,999,9999999999,999,,,,,,,,,1784.0686377395,9,9
2404997,31,108,1-31-2024-108-04,4,1,2030,1129,1098,P215/55R17,240,P215/55R17,240,,,,,,,,,222.052598299916,6,9
2405292,48,173,1-48-2024-173-04,4,1,2125,1150,1025,P235/50R19,290,P235/50R19,290,,,,,,,,,87.6415003080308,12,9
2405424,12,104,1-12-2024-104-04,4,1,1780,990,950,P205/55R16,230,P205/55R16,230,,,,,,,,,309.820562777328,9,9
2405595,52,55,1-52-2024-055-NM2,22,1,9999,9999,9999,9999999999,999,9999999999,999,,,,,,,,,153.764846051201,12,9
2405717,52,56,1-52-2024-056-03,3,2,2041,1065,1025,P225/65R17,230,P225/65R17,230,,,,,,,,,84.9706344483022,12,9
2400317,59,14,1-59-2024-014-04,4,3,2540,1335,1490,P245/75R16,220,P245/75R16,220,,,,,,,,,133.446453331706,6,9
2401978,26,51,1-26-2024-051-02,2,1,2400,1295,1425,P265/45R20,999,P265/45R20,999,,,,,,,,,21.1529220587709,10,9
2402254,26,62,1-26-2024-062-NM1,21,1,2036,1040,1027,P225/60R18,230,P225/60R18,230,,,,,,,,,25.7030205312635,10,9
2402355,14,37,1-14-2024-037-02,2,2,1795,960,840,9999999999,999,9999999999,999,,,,,,,,,77.0447891691359,8,9
2402634,27,86,1-27-2024-086-09,9,2,9999,9999,9999,9999999999,999,9999999999,999,,,,,,,,,66.9899073843268,3,9
2402912,13,68,1-13-2024-068-02,2,1,2750,1300,1550,P275/45R21,260,P315/40R21,300,,,,,,,,,18.738992513569,7,9
2404301,18,115,1-18-2024-115-03,3,1,2100,1089,1066,P225/65R17,230,P225/65R17,230,,,,,,,,,34.6070615401308,6,9
2404593,16,116,1-16-2024-116-02,2,1,3221,1452,1770,P265/50R20,250,P265/50R20,250,,,,,,,,,19.2002472242785,5,9
2404867,22,145,1-22-2024-145-03,3,2,1810,972,880,P215/50R17,240,P215/50R17,240,,,,,,,,,26.0912892801948,12,9
2406171,24,171,1-24-2024-171-03,3,2,1850,1000,865,P235/40R18,240,P235/40R18,230,,,,,,,,,128.24108545593,1,9
2400095,30,1,1-30-2024-001-03,3,2,1950,1100,960,9999999999,999,9999999999,999,,,,,,,,,414.154548679097,10,9
2402161,62,56,1-62-2024-056-NM1,21,1,1650,855,810,P185/60R15,230,P185/60R15,230,,,,,,,,,60.6701620601723,7,9
2402543,25,60,1-25-2024-060-NM1,21,1,1720,990,950,P225/45R17,230,P225/45R17,230,,,,,,,,,46.3961698932894,2,9
2402836,79,62,1-79-2024-062-01,1,1,3130,1679,1770,P275/60R20,270,P275/60R20,270,,,,,,,,,107.802444352875,8,9
2403112,27,102,1-27-2024-102-03,3,2,2715,1405,1405,P235/60R17,240,P235/60R17,240,,,,,,,,,11.8514312322575,3,9
2403191,12,53,1-12-2024-053-NM2,22,1,2159,1133,1179,P225/70R15,207,P225/70R15,207,,,,,,,,,279.612696685556,9,9
2403477,11,101,1-11-2024-101-07,7,4,2580,1290,1290,P215/65R16,240,P215/65R16,240,,,,,,,,,2789.72309945544,8,9
2404023,29,50,1-29-2024-050-03,3,1,2685,1402,1393,P255/70R18,240,P255/70R18,240,,,,,,,,,259.551490167447,2,9
2404674,10,87,1-10-2024-087-03,3,1,2100,1160,970,P235/40R19,240,P235/40R19,220,,,,,,,,,798.825776731513,4,9
2400522,17,17,1-17-2024-017-04,4,2,2125,1115,1065,P235/60R18,230,P235/60R18,210,,,,,,,,,95.7997808721022,4,9
2400739,28,19,1-28-2024-019-09,9,1,2667,1240,1508,P245/65R17,207,P245/65R17,241,,,,,,,,,34.7771381559099,3,9
2401293,32,47,1-32-2024-047-06,6,2,2386,1279,1143,P235/55R18,220,P235/55R18,220,,,,,,,,,603.056721371505,7,9
2401859,82,44,1-82-2024-044-03,3,2,2722,9999,9999,9999999999,999,9999999999,999,,,,,,,,,125.800642505231,1,9
2402752,26,77,1-26-2024-077-06,6,1,2276,1072,1215,P225/65R17,230,P225/65R17,230,,,,,,,,,1212.84304924603,10,9
2403124,26,91,1-26-2024-091-03,3,2,9999,9999,9999,9999999999,999,9999999999,999,,,,,,,,,146.032571117139,10,9
2403302,30,120,1-30-2024-120-03,3,2,1610,872,766,P195/60R15,230,P195/60R15,210,,,,,,,,,125.586126540136,10,9
2403564,48,118,1-48-2024-118-10,10,1,1695,895,800,P205/55R16,220,P205/55R16,220,,,,,,,,,2731.40480891654,12,9
2403650,81,88,1-81-2024-088-08,8,2,1792,1010,821,P205/55R16,230,P205/55R16,230,,,,,,,,,197.946347175783,8,9
2403762,25,99,1-25-2024-099-03,3,1,2744,1309,1588,P255/70R16,240,P255/70R16,240,,,,,,,,,75.1415122343651,2,9
2404108,60,58,1-60-2024-058-02,2,2,2230,1220,1220,P225/60R18,230,P225/60R18,230,,,,,,,,,34.2089348957855,8,9
2404982,26,117,1-26-2024-117-02,2,2,2635,1141,1547,P255/55R20,230,P255/55R20,230,,,,,,,,,21.1529220587709,10,9
2405093,28,159,1-28-2024-159-04,4,2,1990,1065,995,P205/70R16,240,P205/70R16,240,,,,,,,,,178.562662132192,3,9
2404260,82,111,1-82-2024-111-09,9,1,9999,9999,9999,P225/55R18,241,P225/55R18,241,,,,,,,,,1289.98524959195,1,9
2402932,77,97,1-77-2024-097-05,5,1,2123,1210,1070,9999999999,999,9999999999,999,,,,,,,,,90.6570748528622,9,9
2404283,62,125,1-62-2024-125-02,2,1,1930,1060,1060,P225/55R18,240,P225/55R18,240,,,,,,,,,28.5234131836987,7,9
2400639,18,22,1-18-2024-022-03,3,2,4355,1951,2760,LT245/75R16,340,LT245/75R16,550,,,,,,,,,34.6070615401308,6,9
2405903,54,127,1-54-2024-127-08,8,1,2903,1780,1701,P265/70R17,240,P265/70R17,240,,,,,,,,,183.997323343744,9,9
2404907,77,156,1-77-2024-156-04,4,2,2130,1150,1200,P225/65R17,240,P225/65R17,230,,,,,,,,,1586.45009650988,9,9
2402345,16,70,1-16-2024-070-03,3,2,2098,1198,1188,P235/40R19,240,P235/40R19,240,,,,,,,,,192.790223628768,5,9
2400330,30,11,1-30-2024-011-04,4,1,2050,1140,1050,P215/55R17,240,P215/55R17,240,,,,,,,,,687.170044972848,10,9
2401080,59,35,1-59-2024-035-03,3,2,2430,1250,1250,P215/70R15,240,P215/70R15,240,,,,,,,,,47.4858553951671,6,9
2401658,20,48,1-20-2024-048-04,4,2,2535,1160,1390,P265/65R17,220,P265/65R17,220,,,,,,,,,70.1358271332578,11,9
2405167,57,157,1-57-2024-157-NM1,21,1,2070,1050,1040,P225/65R17,210,P225/65R17,210,,,,,,,,,19.2604769426058,1,9
2405532,67,50,1-67-2024-050-05,5,1,1770,1020,920,P205/60R16,230,P205/60R16,230,,,,,,,,,83.5824445569787,7,9
2405707,25,152,1-25-2024-152-04,4,1,3130,1770,1770,P275/60R20,270,P275/60R20,270,,,,,,,,,681.483933708275,2,9
2405893,48,190,1-48-2024-190-06,6,1,3175,1565,1724,P275/65R18,240,P275/65R18,240,,,,,,,,,124.286772688647,12,9
2403206,66,68,1-66-2024-068-03,3,2,4037,2100,2400,LT225/75R16,448,LT225/75R16,552,,,,,,,,,99.2753873280272,6,9
2400459,23,8,1-23-2024-008-06,6,2,2730,1320,1515,P235/60R18,999,P235/60R18,999,,,,,,,,,248.232832399594,5,9
2400885,16,26,1-16-2024-026-02,2,2,2494,1247,1247,P235/55R17,241,P235/55R17,241,,,,,,,,,15.1092509057653,5,9
2402057,17,66,1-17-2024-066-04,4,1,9999,9999,9999,9999999999,999,9999999999,999,,,,,,,,,135.899632587636,4,9
2402415,13,61,1-13-2024-061-02,2,3,9999,9999,9999,9999999999,999,9999999999,999,,,,,,,,,24.0212654326691,7,9
2402454,20,71,1-20-2024-071-04,4,2,2050,1095,1040,P235/35R19,310,P235/35R19,300,,,,,,,,,265.271039595249,11,9
2402591,30,88,1-30-2024-088-04,4,3,2600,1200,1450,P245/60R18,240,P245/60R18,240,,,,,,,,,895.255206028748,10,9
2403022,29,25,1-29-2024-025-04,4,1,2041,1089,1016,P225/55R19,250,P225/55R19,250,,,,,,,,,1940.17767887491,2,9
2403313,57,79,1-57-2024-079-03,3,1,9999,9999,9999,P235/60R18,999,P235/60R18,999,,,,,,,,,104.056045508414,1,9
2403551,77,120,1-77-2024-120-09,9,2,1905,1210,1035,P205/65R15,200,P205/65R15,200,,,,,,,,,6445.03197529129,9,9
2404237,14,76,1-14-2024-076-10,10,2,2336,1179,1293,P255/65R16,179,P255/65R16,179,,,,,,,,,3241.72826898034,8,9
2404417,73,119,1-73-2024-119-03,3,1,2205,1150,1250,P225/55R18,240,P225/55R18,240,,,,,,,,,75.9496497438155,3,9
2404781,10,89,1-10-2024-089-04,4,1,2205,1150,1250,P225/55R18,240,P225/55R18,240,,,,,,,,,842.377586011299,4,9
2405726,27,176,1-27-2024-176-07,7,1,2200,1175,1200,P235/50R19,240,P235/50R19,240,,,,,,,,,352.3606808973,3,9
2406262,20,148,1-20-2024-148-03,3,2,2880,1470,1725,P285/45R20,250,P285/45R20,270,,,,,,,,,117.724388691886,11,9
2402759,22,81,1-22-2024-081-03,3,1,1985,1025,1000,P225/55R18,230,P225/55R18,220,,,,,,,,,26.0912892801948,12,9
2402957,66,62,1-66-2024-062-09,9,2,2019,998,1203,P215/75R15,227,P215/75R15,227,,,,,,,,,162.736700961055,6,9
2400113,28,3,1-28-2024-003-06,6,2,2638,1495,1511,P265/70R16,240,P265/70R16,240,,,,,,,,,78.3970439776294,3,9
2400399,16,12,1-16-2024-012-05,5,1,2035,1041,994,P225/55R17,240,P225/55R17,240,,,,,,,,,15.6592746300539,5,9
2400506,32,15,1-32-2024-015-02,2,3,2215,1065,1165,P225/55R18,230,P225/55R18,230,,,,,,,,,16.1834771830848,7,9
2400787,54,22,1-54-2024-022-06,6,1,1908,904,1005,P245/40R20,240,P245/40R20,240,,,,,,,,,431.29120176655,9,9
2401213,13,32,1-13-2024-032-02,2,1,2300,1210,1300,P225/60R18,240,P225/60R18,240,,,,,,,,,9.13287494953795,7,9
2401504,48,52,1-48-2024-052-03,3,1,2631,1407,1701,P255/70R18,250,P255/70R18,250,,,,,,,,,54.9604072040948,12,9
2403092,25,75,1-25-2024-075-07,7,2,2395,1271,1210,P235/65R18,230,P235/65R18,230,,,,,,,,,582.419978548881,2,9
2403771,81,90,1-81-2024-090-02,2,1,2030,1188,1098,P235/45R18,240,P235/45R18,240,,,,,,,,,26.3649807190026,8,9
2404391,59,129,1-59-2024-129-02,2,1,2450,1295,1425,P265/45R20,255,P265/45R20,255,,,,,,,,,48.7900687173874,6,9
2405597,21,134,1-21-2024-134-02,2,1,2092,1000,1200,P225/50R17,220,P225/50R17,250,,,,,,,,,25.3232269794903,11,9
2405998,20,141,1-20-2024-141-NM1,21,1,9999,9999,9999,9999999999,999,9999999999,999,,,,,,,,,35.0220589332575,11,9
2406273,16,132,1-16-2024-132-03,3,1,3039,1678,1724,P255/70R17,240,P255/70R17,240,,,,,,,,,132.869057586672,5,9
2401593,66,34,1-66-2024-034-03,3,2,3175,1724,1724,P275/60R20,240,P275/60R20,240,,,,,,,,,79.4686416678806,6,9
2402445,12,42,1-12-2024-042-03,3,1,3198,1599,1724,P275/60R20,240,P275/60R20,240,,,,,,,,,333.770307344468,9,9
2402729,31,55,1-31-2024-055-07,7,1,1769,926,843,P205/55R16,240,P205/55R16,240,,,,,,,,,230.868935151332,6,9
2400019,13,1,1-13-2024-001-05,5,2,2100,1191,1191,9999999999,999,9999999999,999,,,,,,,,,20.2147445391711,7,9
2400121,60,4,1-60-2024-004-03,3,2,1815,965,850,P215/55R17,220,P215/55R17,210,,,,,,,,,151.148648275766,8,9
2400320,19,7,1-19-2024-007-03,3,3,9999,9999,9999,9999999999,999,9999999999,999,,,,,,,,,102.392802520555,9,9
2400405,27,14,1-27-2024-014-04,4,1,2230,1220,1220,P225/60R18,230,P225/60R18,230,,,,,,,,,41.3707233122351,3,9
2401326,66,28,1-66-2024-028-10,10,1,2246,1275,1275,P215/65R17,210,P215/65R17,210,,,,,,,,,727.168496132888,6,9
2404661,77,151,1-77-2024-151-08,8,2,3266,1633,1814,9999999999,999,9999999999,999,,,,,,,,,127.766802759098,9,9
2404366,82,116,1-82-2024-116-03,3,2,3050,1550,1500,P275/45R21,300,P275/45R21,290,,,,,,,,,40.9149093963766,1,9
2405697,20,133,1-20-2024-133-03,3,2,1850,1030,950,9999999999,999,9999999999,999,,,,,,,,,59.8206025403888,11,9
2400977,54,24,1-54-2024-024-05,5,1,3130,1770,1770,P275/60R20,270,P275/60R20,270,,,,,,,,,144.976226836895,9,9
2400954,59,32,1-59-2024-032-07,7,1,2908,1450,1600,P245/70R17,240,P245/70R17,240,,,,,,,,,1121.12083244465,6,9
2402448,17,79,1-17-2024-079-03,3,1,1944,1065,995,P205/70R16,240,P205/70R16,240,,,,,,,,,56.2627107467575,4,9
2402116,21,41,1-21-2024-041-02,2,1,2120,1260,1200,P235/60R18,240,P235/60R18,240,,,,,,,,,11.5473621177818,11,9
2401950,28,57,1-28-2024-057-04,4,1,2591,1363,1636,P255/45R19,290,P255/45R19,290,,,,,,,,,47.851485985308,3,9
2403490,14,58,1-14-2024-058-01,1,2,2291,1273,1273,P225/55R18,228,P225/55R18,228,,,,,,,,,73.3352740137857,8,9
2402826,30,100,1-30-2024-100-08,8,2,9999,9999,9999,9999999999,999,9999999999,999,,,,,,,,,149.491706481095,10,9
2400221,76,4,1-76-2024-004-03,3,1,2000,1075,1040,P245/40R18,230,P245/40R18,220,,,,,,,,,80.9363528734549,3,9
2400476,11,10,1-11-2024-010-03,3,1,2090,1150,1150,P225/65R17,250,P225/65R17,250,,,,,,,,,177.14570109594,8,9
2404721,32,136,1-32-2024-136-02,2,2,1770,1020,920,P205/60R16,230,P205/60R16,230,,,,,,,,,13.4701686395906,7,9
2401140,17,37,1-17-2024-037-07,7,2,2000,1095,925,P225/50R17,220,P225/50R17,220,,,,,,,,,1191.73874796029,4,9
2402657,81,54,1-81-2024-054-02,2,2,2744,1338,1407,P225/65R17,250,P225/65R17,250,,,,,,,,,25.1247007399858,8,9
2402975,24,81,1-24-2024-081-NM2,22,1,9999,9999,9999,9999999999,999,9999999999,999,,,,,,,,,262.129476205265,1,9
2404137,22,124,1-22-2024-124-06,6,1,2122,1072,1089,P225/65R17,230,P225/65R17,230,,,,,,,,,70.32612198018,12,9
2400556,77,20,1-77-2024-020-03,3,1,2223,1165,1130,P225/55R18,240,P225/55R18,230,,,,,,,,,114.553202113012,9,9
2405667,30,192,1-30-2024-192-03,3,2,2800,1450,1600,P255/65R18,240,P255/65R18,240,,,,,,,,,869.580930382375,10,9
2401588,22,49,1-22-2024-049-04,4,1,2510,1265,1315,P225/60R18,230,P225/60R18,230,,,,,,,,,32.0683092145635,12,9
2401339,59,43,1-59-2024-043-NM2,22,1,1950,1100,960,P205/65R16,225,P205/65R16,225,,,,,,,,,260.431399312795,6,9
2400320,19,7,1-19-2024-007-03,3,1,3221,1452,1860,P275/55R20,220,P275/55R20,220,,,,,,,,,102.392802520555,9,9
2400320,19,7,1-19-2024-007-03,3,2,2420,1350,1395,P235/65R17,234,P235/65R17,234,,,,,,,,,102.392802520555,9,9
2402713,11,74,1-11-2024-074-07,7,2,9999,9999,9999,9999999999,999,9999999999,999,,,,,,,,,1887.19969222058,8,9
2404977,27,157,1-27-2024-157-02,2,1,2141,1072,1089,P225/65R17,230,P225/65R17,230,,,,,,,,,16.0023432140122,3,9
2402776,24,75,1-24-2024-075-03,3,2,3000,1350,1750,P275/55R17,220,P275/55R17,270,,,,,,,,,44.3446118602584,1,9
2401694,28,47,1-28-2024-047-07,7,1,2745,1339,1407,P225/65R17,250,P225/65R17,250,,,,,,,,,171.379503094117,3,9
2405332,52,52,1-52-2024-052-04,4,2,2720,1635,1635,P235/65R18,250,P235/65R18,250,,,,,,,,,299.783752144918,12,9
2405083,14,96,1-14-2024-096-05,5,1,1710,920,830,P235/40R18,225,P235/40R18,220,,,,,,,,,76.4230415651045,8,9
2402670,48,87,1-48-2024-087-03,3,1,1850,1016,839,P215/45R18,250,P215/45R18,250,,,,,,,,,54.9604072040948,12,9
2402421,48,80,1-48-2024-080-09,9,1,9999,9999,9999,9999999999,999,9999999999,999,,,,,,,,,786.01808447299,12,9
2400904,28,23,1-28-2024-023-06,6,1,2100,1191,1191,P215/55R17,240,P215/55R17,240,,,,,,,,,603.235641208148,3,9
2403211,11,93,1-11-2024-093-06,6,1,2949,1452,1679,P265/60R18,248,P265/60R18,248,,,,,,,,,543.991512340262,8,9
2405375,82,155,1-82-2024-155-04,4,1,1780,990,950,9999999999,999,9999999999,999,,,,,,,,,402.139070581725,1,9
2400606,11,13,1-11-2024-013-07,7,2,2473,1275,1275,9999999999,999,9999999999,999,,,,,,,,,2307.2300651724,8,9
2402770,29,21,1-29-2024-021-06,6,2,1750,915,835,P235/40R18,225,P235/40R18,220,,,,,,,,,522.262401605033,2,9
2402229,27,71,1-27-2024-071-04,4,2,9999,9999,9999,9999999999,999,9999999999,999,,,,,,,,,47.5169504868394,3,9
2400752,19,14,1-19-2024-014-03,3,1,2200,1250,1220,P225/65R17,240,P225/65R17,230,,,,,,,,,137.40249401059,9,9
2400432,59,18,1-59-2024-018-09,9,2,1910,1209,1209,9999999999,999,9999999999,999,,,,,,,,,656.937720347964,6,9
2401884,57,35,1-57-2024-035-03,3,2,2790,1266,1583,P275/45R21,230,P275/45R21,230,,,,,,,,,168.570265700135,1,9
2403694,17,115,1-17-2024-115-06,6,1,2495,1259,1452,P255/70R18,240,P255/70R18,240,,,,,,,,,499.364284240013,4,9
2403786,62,104,1-62-2024-104-03,3,2,9999,9999,9999,9999999999,999,9999999999,999,,,,,,,,,737.04148814888,7,9
2404854,15,186,1-15-2024-186-06,6,1,2030,1188,1098,P235/45R18,240,P235/45R18,240,,,,,,,,,104.289939723413,1,9
2404969,66,98,1-66-2024-098-01,1,1,2012,1080,998,P215/60R17,220,P215/60R17,220,,,,,,,,,106.258770256521,6,9
2405169,73,132,1-73-2024-132-10,10,1,2745,1339,1407,P225/65R16,250,P225/65R16,250,,,,,,,,,167.518178572804,3,9
2405266,59,155,1-59-2024-155-NM2,22,1,9999,9999,9999,9999999999,999,9999999999,999,,,,,,,,,265.224171982023,6,9
2406036,48,194,1-48-2024-194-02,2,2,3402,1678,1950,P275/50R22,250,P275/50R22,250,,,,,,,,,74.210049573419,12,9
2406354,15,246,1-15-2024-246-03,3,2,2142,1000,1200,9999999999,999,9999999999,999,,,,,,,,,21.2615080830528,1,9
2401963,27,61,1-27-2024-061-06,6,2,1980,1100,960,P215/55R17,235,P215/55R17,235,,,,,,,,,21.2396268743235,3,9
2403044,77,105,1-77-2024-105-04,4,1,2030,1090,950,P235/40R19,225,P235/40R19,225,,,,,,,,,1313.43764510397,9,9
2400271,10,5,1-10-2024-005-01,1,1,2235,1194,1041,P235/55R17,210,P235/55R17,210,,,,,,,,,29.6296036839938,4,9
2400418,10,6,1-10-2024-006-04,4,1,2100,1191,1191,P215/55R17,240,P215/55R17,240,,,,,,,,,615.9949585601,4,9
2400807,25,19,1-25-2024-019-03,3,3,2385,1160,1230,P235/50R19,290,P235/50R19,290,,,,,,,,,107.654306093074,2,9
2401198,13,30,1-13-2024-030-NM2,22,1,9999,9999,9999,9999999999,999,9999999999,999,,,,,,,,,1161.47481366351,7,9
2402273,77,76,1-77-2024-076-09,9,1,1594,872,735,P175/65R15,220,P175/65R15,220,,,,,,,,,2444.25584064143,9,9
2402647,30,92,1-30-2024-092-07,7,2,2050,1070,1030,P215/55R17,240,P215/55R17,240,,,,,,,,,2139.78782409128,10,9
2405617,21,137,1-21-2024-137-05,5,1,1700,915,795,P195/65R15,210,P195/65R15,210,,,,,,,,,31.6080006612922,11,9
2406347,32,163,1-32-2024-163-NM1,21,1,9999,9999,9999,9999999999,999,9999999999,999,,,,,,,,,47.5537279263516,7,9
2403026,31,61,1-31-2024-061-07,7,1,9999,9999,9999,9999999999,999,9999999999,999,,,,,,,,,230.868935151332,6,9
2403396,22,99,1-22-2024-099-07,7,1,1758,972,853,P205/55R16,230,P205/55R16,230,,,,,,,,,107.39673734291,12,9
2404566,33,89,1-33-2024-089-02,2,2,2150,1100,1075,P235/60R18,230,P235/60R18,210,,,,,,,,,23.2460633538017,12,9
2404790,67,39,1-67-2024-039-06,6,2,3221,1497,1724,P275/60R20,240,P275/60R20,240,,,,,,,,,1404.3802802998,7,9
2405248,31,111,1-31-2024-111-04,4,1,9999,9999,9999,9999999999,999,9999999999,999,,,,,,,,,222.052598299916,6,9
2400887,16,28,1-16-2024-028-04,4,1,2280,1190,1140,P235/55R19,230,P235/55R19,230,,,,,,,,,724.275671728201,5,9
2401123,73,35,1-73-2024-035-04,4,1,2355,1210,1365,P255/45R20,240,P255/45R20,240,,,,,,,,,77.4663849930113,3,9
2401204,31,23,1-31-2024-023-10,10,1,2530,1250,1350,9999999999,999,9999999999,999,,,,,,,,,730.093202930715,6,9
2402338,24,59,1-24-2024-059-06,6,1,1780,990,910,P225/45R17,230,P225/45R17,230,,,,,,,,,290.211739335201,1,9
2402639,82,64,1-82-2024-064-03,3,1,2325,1220,1200,P235/55R18,260,P235/55R18,260,,,,,,,,,140.978923511683,1,9
2403823,27,121,1-27-2024-121-04,4,2,9999,9999,9999,9999999999,999,9999999999,999,,,,,,,,,74.4923275366099,3,9
2405288,54,116,1-54-2024-116-01,1,2,4536,2495,2898,LT275/70R18,414,LT275/70R18,448,,,,,,,,,135.319434123776,9,9
2405285,79,100,1-79-2024-100-03,3,2,2100,1260,1200,P235/55R19,241,P235/55R19,241,,,,,,,,,228.177020013603,8,9
2401379,73,46,1-73-2024-046-04,4,1,2355,1210,1365,P255/45R20,240,P255/45R20,240,,,,,,,,,38.9268584589882,3,9
2404602,32,135,1-32-2024-135-05,5,1,3221,1452,1905,P285/45R22,241,P285/45R22,241,,,,,,,,,53.47596171008,7,9
2405478,28,169,1-28-2024-169-06,6,1,2745,1339,1407,P225/65R17,250,P225/65R17,250,,,,,,,,,229.009376117751,3,9
2401150,11,26,1-11-2024-026-09,9,1,2292,1216,1136,P235/65R18,228,P235/65R18,228,,,,,,,,,1381.58145851241,8,9
2402381,27,75,1-27-2024-075-NM2,22,1,9999,9999,9999,9999999999,999,9999999999,999,,,,,,,,,58.8273813617497,3,9
2406354,15,246,1-15-2024-246-03,3,1,2159,1120,1065,P225/60R18,230,P225/60R18,230,,,,,,,,,21.2615080830528,1,9
2401834,82,43,1-82-2024-043-03,3,2,2280,1080,1200,9999999999,999,9999999999,999,,,,,,,,,125.800642505231,1,9
2403214,24,90,1-24-2024-090-06,6,2,2800,1450,1600,P255/55R20,240,P255/55R20,240,,,,,,,,,239.78892893254,1,9
2403457,19,42,1-19-2024-042-05,5,1,9999,9999,9999,9999999999,999,9999999999,999,,,,,,,,,67.1248665886169,9,9
2403457,19,42,1-19-2024-042-05,5,2,3175,1724,1724,P305/55R20,276,P305/55R20,276,P265/65R18,240,P265/65R18,240,,,,,67.1248665886169,9,9
2401983,15,77,1-15-2024-077-06,6,1,9999,9999,9999,9999999999,999,9999999999,999,,,,,,,,,40.1954516492076,1,9
2403745,82,95,1-82-2024-095-03,3,1,2265,1095,1220,P225/40R19,260,P255/35R19,250,,,,,,,,,164.72088551629,1,9
2402073,66,47,1-66-2024-047-02,2,2,2903,1780,1701,P245/75R16,240,P245/75R16,240,,,,,,,,,107.302186022856,6,9
2406258,30,212,1-30-2024-212-04,4,2,2540,1335,1490,P265/70R16,210,P265/70R16,210,,,,,,,,,2634.86309057548,10,9
2402763,15,109,1-15-2024-109-03,3,2,9999,9999,9999,9999999999,999,9999999999,999,,,,,,,,,26.9183786270974,1,9
2401930,11,48,1-11-2024-048-04,4,2,1644,864,789,P205/55R16,230,P205/55R16,230,,,,,,,,,212.689735932465,8,9
2401744,59,54,1-59-2024-054-09,9,2,2320,1320,1420,P235/60R18,210,P235/60R18,210,,,,,,,,,544.058692708323,6,9
2406215,14,128,1-14-2024-128-03,3,1,3221,1724,1724,P275/60R20,220,P275/60R20,240,,,,,,,,,85.5382393215963,8,9
2402136,31,39,1-31-2024-039-06,6,1,2949,1452,1770,P265/60R18,250,P265/60R18,250,,,,,,,,,238.979638420053,6,9
2405325,25,142,1-25-2024-142-02,2,2,1819,1030,987,P195/65R15,240,P195/65R15,230,,,,,,,,,61.6735457995434,2,9
2401538,20,44,1-20-2024-044-06,6,2,2012,1080,1044,P205/70R16,240,P205/70R16,240,,,,,,,,,84.425117207488,11,9
2404592,11,140,1-11-2024-140-NM1,21,1,9999,9999,9999,9999999999,999,9999999999,999,,,,,,,,,37.1071357763572,8,9
2404343,27,137,1-27-2024-137-09,9,1,2040,1100,990,P215/55R17,235,P215/55R17,235,,,,,,,,,41.7722417539356,3,9
2403977,30,140,1-30-2024-140-03,3,1,1960,1050,930,P215/55R17,225,P215/55R17,225,,,,,,,,,323.004840029474,10,9
2400064,79,3,1-79-2024-003-04,4,2,1626,855,780,9999999999,999,9999999999,999,,,,,,,,,124.792601068346,8,9
2403290,62,88,1-62-2024-088-03,3,1,1590,826,780,P185/65R15,210,P185/65R15,210,,,,,,,,,1025.11823051712,7,9
2403622,27,117,1-27-2024-117-02,2,2,1750,1030,950,P205/55R16,235,P205/55R16,215,,,,,,,,,17.0004312034686,3,9
2402294,18,75,1-18-2024-075-01,1,1,3924,2359,2722,LT265/70R17,415,LT265/70R17,520,,,,,,,,,63.8166126674341,6,9
2400943,21,24,1-21-2024-024-03,3,2,9999,9999,9999,9999999999,999,9999999999,999,,,,,,,,,77.5647105892145,11,9
2405610,82,161,1-82-2024-161-03,3,1,2949,1293,1679,P265/50R20,250,P265/50R20,250,,,,,,,,,630.555726158075,1,9
2405673,13,80,1-13-2024-080-02,2,1,2007,1120,1102,P225/40R18,240,P255/40R18,260,,,,,,,,,31.205373911949,7,9
2405917,19,86,1-19-2024-086-01,1,1,2903,1497,1701,P245/70R17,240,P245/70R17,240,,,,,,,,,103.75873151528,9,9
2405986,15,232,1-15-2024-232-03,3,1,3215,1465,1925,285/45 R21,999,285/45 R21,999,,,,,,,,,13.757754207129,1,9
2404215,19,56,1-19-2024-056-05,5,1,4078,2223,2223,LT265/60R20,450,LT265/60R20,480,,,,,,,,,49.1552833588875,9,9
2404487,22,132,1-22-2024-132-10,10,1,1576,830,830,P175/65R15,240,P175/65R15,230,,,,,,,,,375.401816158302,12,9
2404807,33,93,1-33-2024-093-03,3,1,2280,1250,1220,P225/60R18,240,P225/60R18,230,,,,,,,,,33.6168445424995,12,9
2400442,18,13,1-18-2024-013-04,4,1,9999,9999,9999,9999999999,999,9999999999,999,,,,,,,,,151.429476813471,6,9
2401267,69,21,1-69-2024-021-01,1,2,2855,1360,1560,P245/60R20,220,P245/60R20,220,,,,,,,,,7.73450557740044,8,9
2401412,16,44,1-16-2024-044-01,1,1,1497,850,810,P185/55R15,230,P185/55R15,210,,,,,,,,,26.4826489473316,5,9
2401554,76,40,1-76-2024-040-04,4,1,2650,1295,1425,P245/60R18,220,P245/60R18,220,,,,,,,,,86.4714255045695,3,9
2401698,66,41,1-66-2024-041-09,9,1,9999,9999,9999,9999999999,999,9999999999,999,,,,,,,,,97.5596917228585,6,9
2402771,29,22,1-29-2024-022-06,6,2,2105,1150,1150,P225/65R17,230,P225/65R17,230,,,,,,,,,522.262401568166,2,9
2403649,81,87,1-81-2024-087-04,4,2,2540,1385,1490,P265/70R16,210,P265/70R16,210,,,,,,,,,1054.52369162555,8,9
2403825,52,40,1-52-2024-040-04,4,1,9999,9999,9999,P225/65R17,240,P225/65R17,240,,,,,,,,,190.197325229234,12,9
2403954,73,111,1-73-2024-111-01,1,1,9999,9999,9999,P205/55R16,999,P205/55R16,999,,,,,,,,,29.6045947385831,3,9
2405000,15,193,1-15-2024-193-03,3,1,9999,9999,9999,9999999999,999,9999999999,999,,,,,,,,,20.2297477833914,1,9
2405137,12,99,1-12-2024-099-06,6,1,9999,9999,9999,LT275/70R18,450,LT275/70R18,450,,,,,,,,,452.729978581983,9,9
2405276,77,169,1-77-2024-169-NM1,21,1,1550,830,790,P175/65R14,210,P175/65R14,210,,,,,,,,,113.21347390618,9,9
2406041,30,203,1-30-2024-203-02,2,1,1825,1050,950,P235/45R18,228,P235/45R18,228,,,,,,,,,19.164355457719,10,9
2406169,24,169,1-24-2024-169-01,1,2,9999,9999,9999,9999999999,999,9999999999,999,,,,,,,,,23.1726143074507,1,9
2403046,62,83,1-62-2024-083-02,2,1,3175,1724,1724,LT275/65R18,280,LT275/65R18,280,,,,,,,,,143.712548638116,7,9
2403183,18,90,1-18-2024-090-06,6,1,2650,1295,1405,P245/60R18,220,P245/60R18,220,,,,,,,,,441.366614439606,6,9
2400394,21,8,1-21-2024-008-06,6,1,2259,1155,1140,9999999999,999,9999999999,999,,,,,,,,,372.971644325078,11,9
2401038,28,24,1-28-2024-024-06,6,1,2745,1339,1407,P225/65R17,250,P225/65R17,250,,,,,,,,,62.971932038369,3,9
2401325,66,27,1-66-2024-027-04,4,1,2314,1275,1275,P245/45R20,220,P245/45R20,220,,,,,,,,,114.973892842,6,9
2401550,11,39,1-11-2024-039-06,6,1,2350,1220,1220,P245/45R20,240,P245/45R20,240,,,,,,,,,270.558640267597,8,9
2401870,62,46,1-62-2024-046-04,4,2,1640,880,840,P185/65R15,230,P185/65R15,230,,,,,,,,,1812.01125111156,7,9
2402564,54,67,1-54-2024-067-06,6,2,2803,1397,1520,P245/60R18,240,P245/60R18,240,,,,,,,,,154.880686626287,9,9
2403753,21,78,1-21-2024-078-01,1,1,9999,9999,9999,9999999999,999,9999999999,999,,,,,,,,,60.528048009658,11,9
2404270,20,109,1-20-2024-109-03,3,1,2369,1363,1500,P225/40R29,290,P225/40R29,290,,,,,,,,,176.372469252349,11,9
2404940,17,159,1-17-2024-159-03,3,1,2070,1080,1040,P225/40R18,280,P225/40R18,280,,,,,,,,,103.559829749358,4,9
2405217,28,163,1-28-2024-163-01,1,1,2076,1080,1044,P215/65R17,240,P215/65R17,240,,,,,,,,,36.6185653494975,3,9
2405840,12,114,1-12-2024-114-04,4,1,2858,1452,1520,P255/50R20,240,P255/50R20,240,,,,,,,,,243.899610339648,9,9
2406391,22,194,1-22-2024-194-NM1,21,1,1733,939,839,P195/65R15,240,P195/65R15,240,,,,,,,,,23.3960835753343,12,9
2402873,28,88,1-28-2024-088-04,4,1,3266,1701,1724,P275/65R18,240,P275/65R18,240,,,,,,,,,58.4170071446207,3,9
2403399,22,102,1-22-2024-102-02,2,2,9999,9999,9999,9999999999,999,9999999999,999,,,,,,,,,25.2675524846257,12,9
2403468,24,96,1-24-2024-096-05,5,2,1721,924,797,P195/65R15,260,P195/65R15,260,,,,,,,,,24.2721053029394,1,9
2400479,24,8,1-24-2024-008-06,6,1,1770,928,842,P225/45R17,240,P225/45R17,240,,,,,,,,,177.603839279044,1,9
2400616,16,18,1-16-2024-018-05,5,2,9999,9999,9999,9999999999,999,9999999999,999,,,,,,,,,32.2194722089817,5,9
2401392,17,44,1-17-2024-044-08,8,1,2014,1057,1012,P235/70R16,220,P235/70R16,220,,,,,,,,,100.828872719668,4,9
2401530,17,50,1-17-2024-050-04,4,2,3221,1724,1724,P255/70R17,240,P255/70R17,240,,,,,,,,,97.3687234521927,4,9
2402137,57,41,1-57-2024-041-03,3,2,2125,1115,1065,P235/55R19,230,P235/55R19,210,,,,,,,,,137.597597548363,1,9
2402939,10,44,1-10-2024-044-06,6,2,2087,1134,1225,P205/75R15,240,P205/75R15,240,,,,,,,,,1454.40235182994,4,9
2403804,19,47,1-19-2024-047-03,3,2,9999,9999,9999,P255/50R19,220,P255/50R19,260,,,,,,,,,49.2099979334122,9,9
2404375,29,61,1-29-2024-061-06,6,1,3025,1470,1735,P255/55R19,230,P255/55R19,250,,,,,,,,,2394.13090167698,2,9
2404507,69,102,1-69-2024-102-03,3,2,2631,1282,1377,9999999999,230,9999999999,230,,,,,,,,,59.7451014057249,8,9
2405761,59,171,1-59-2024-171-03,3,1,2080,1150,1000,P215/60R17,240,P215/60R17,240,,,,,,,,,53.2551797406929,6,9
2400249,22,5,1-22-2024-005-04,4,1,2250,1150,1150,P235/60R18,240,P235/60R18,220,,,,,,,,,191.581178145966,12,9
2401187,26,29,1-26-2024-029-03,3,1,9999,9999,9999,9999999999,999,9999999999,999,,,,,,,,,149.182492355291,10,9
2401822,32,67,1-32-2024-067-02,2,2,2770,1400,1570,P245/45R19,250,P275/40R19,250,,,,,,,,,7.93753269067258,7,9
2402079,11,52,1-11-2024-052-03,3,1,2495,1166,1370,P225/55R19,270,P225/55R19,270,,,,,,,,,212.616287924737,8,9
2402658,81,55,1-81-2024-055-03,3,2,2065,1095,1095,P235/55R19,230,P235/55R19,210,,,,,,,,,1264.37610927601,8,9
2403267,26,97,1-26-2024-097-06,6,1,2550,1390,1395,P235/60R18,230,P235/60R18,230,,,,,,,,,1247.35466560634,10,9
2405036,67,42,1-67-2024-042-04,4,1,2090,1150,1150,P225/65R17,240,P225/65R17,240,,,,,,,,,220.321806061426,7,9
2405094,28,160,1-28-2024-160-06,6,1,2032,1048,1093,P225/60R17,210,P225/60R17,200,,,,,,,,,144.306709564321,3,9
2405577,11,168,1-11-2024-168-02,2,1,2090,1150,1150,P235/55R19,999,P235/55R19,999,,,,,,,,,30.7614595081659,8,9
2405967,25,165,1-25-2024-165-04,4,1,2994,1531,1542,P265/70R17,240,P265/70R17,240,,,,,,,,,345.115336307189,2,9
2403600,60,44,1-60-2024-044-03,3,2,2355,1210,1365,P255/45R20,240,P255/45R20,240,,,,,,,,,358.218119754571,8,9
2404145,31,85,1-31-2024-085-05,5,2,2490,1350,1395,P235/65R17,235,P235/65R17,235,,,,,,,,,223.697137607501,6,9
2404184,77,137,1-77-2024-137-04,4,2,2932,1383,1613,P255/60R18,250,P255/60R18,250,,,,,,,,,1331.89082639484,9,9
2404702,57,137,1-57-2024-137-09,9,3,2677,1339,1452,P245/65R17,228,P245/65R17,228,,,,,,,,,815.123414368979,1,9
2401071,14,17,1-14-2024-017-03,3,2,1950,1080,955,9999999999,999,9999999999,999,,,,,,,,,166.696122891279,8,9
2401070,26,25,1-26-2024-025-07,7,1,2000,1075,1040,P235/45R17,230,P235/45R17,220,,,,,,,,,1644.96878847166,10,9
2402018,59,65,1-59-2024-065-04,4,1,2040,1160,1140,P205/65R16,235,P205/65R16,235,,,,,,,,,305.300892260132,6,9
2402162,10,28,1-10-2024-028-02,2,1,2223,1134,1225,P205/75R15,240,P205/75R15,240,,,,,,,,,43.1569552808062,4,9
2402150,59,69,1-59-2024-069-09,9,1,3992,2200,2760,LT245/75R16,448,LT245/75R16,551,,,,,,,,,179.442682313889,6,9
2402303,13,59,1-13-2024-059-02,2,1,2100,1260,1200,P235/65R17,240,P235/65R17,240,,,,,,,,,58.2530897040008,7,9
2403490,14,58,1-14-2024-058-01,1,1,2631,1407,1407,LT285/70R17,255,LT285/70R17,255,,,,,,,,,73.3352740137857,8,9
2403490,14,58,1-14-2024-058-01,1,3,2025,1030,1015,9999999999,999,9999999999,999,,,,,,,,,73.3352740137857,8,9
2404397,10,82,1-10-2024-082-01,1,1,9999,9999,9999,P215/60R16,210,P215/60R16,210,,,,,,,,,25.633900579513,4,9
2404551,48,146,1-48-2024-146-10,10,1,1780,960,830,P215/45R17,220,P215/45R17,220,,,,,,,,,187.854526060285,12,9
2405467,25,147,1-25-2024-147-07,7,1,1733,939,839,P195/65R15,240,P195/65R15,240,,,,,,,,,260.798216622001,2,9
2405602,15,214,1-15-2024-214-03,3,1,2230,1220,1220,9999999999,999,9999999999,999,,,,,,,,,21.6342736044969,1,9
2405738,15,220,1-15-2024-220-03,3,1,9999,9999,9999,9999999999,999,9999999999,999,,,,,,,,,11.752943697986,1,9
2405742,21,140,1-21-2024-140-02,2,1,1844,1050,971,P225/40R18,230,P225/40R18,210,,,,,,,,,9.63819602034845,11,9
2403368,28,100,1-28-2024-100-04,4,1,3221,1770,1860,LT275/60R18,260,LT275/60R18,260,,,,,,,,,96.1935972000564,3,9
2403358,14,55,1-14-2024-055-03,3,4,2025,1175,1200,P225/65R17,240,P225/65R17,240,,,,,,,,,351.984208481669,8,9
2400045,25,1,1-25-2024-001-07,7,1,2032,1048,1093,P225/60R17,210,P225/60R17,200,,,,,,,,,4478.5820805509,2,9
2400712,73,21,1-73-2024-021-04,4,1,2355,1210,1365,P255/45R20,240,P255/45R20,240,,,,,,,,,75.7755830449397,3,9
2400988,18,38,1-18-2024-038-04,4,1,2105,1107,1057,P225/65R17,205,P225/65R17,205,,,,,,,,,84.630238881144,6,9
2401298,22,37,1-22-2024-037-06,6,2,2130,1150,1200,P225/65R17,240,P225/65R17,230,,,,,,,,,88.2065738868729,12,9
2401960,76,55,1-76-2024-055-07,7,1,2071,1056,1018,P225/65R17,230,P225/65R17,230,,,,,,,,,72.7960942583928,3,9
2400110,16,2,1-16-2024-002-02,2,3,2080,1070,1060,P225/65R17,220,P225/65R17,210,,,,,,,,,15.1092509057653,5,9
2402271,66,53,1-66-2024-053-07,7,2,2468,1279,1198,P245/55R19,240,P245/55R19,240,,,,,,,,,133.367571576148,6,9
2402102,27,67,1-27-2024-067-10,10,1,1742,948,839,P195/65R15,210,P195/65R15,210,,,,,,,,,891.037552958284,3,9
2404897,62,146,1-62-2024-146-06,6,3,9999,9999,9999,9999999999,999,9999999999,999,,,,,,,,,863.125631210421,7,9
2402750,82,67,1-82-2024-067-04,4,2,2800,1590,1590,P235/65R17,240,P235/65R17,240,,,,,,,,,193.441668494855,1,9
2401754,13,48,1-13-2024-048-02,2,1,1691,920,810,P205/55R16,220,P205/55R16,220,,,,,,,,,58.2530897040008,7,9
2403984,27,123,1-27-2024-123-02,2,1,2631,1407,1701,P255/70R18,260,P255/70R18,260,,,,,,,,,17.0270955559146,3,9
2401376,73,43,1-73-2024-043-06,6,1,3085,1770,1770,P265/70R17,276,P265/70R17,276,,,,,,,,,37.0946854309253,3,9
2400234,27,6,1-27-2024-006-07,7,1,2745,1339,1407,P225/65R17,250,P225/65R17,250,,,,,,,,,196.612062436637,3,9
2405398,73,137,1-73-2024-137-03,3,1,1795,955,850,P235/40R18,240,P235/40R18,230,,,,,,,,,43.3859202335663,3,9
2405060,17,165,1-17-2024-165-03,3,1,2250,1175,1240,P225/65R17,240,P225/65R17,240,,,,,,,,,93.5145067425974,4,9
2405106,27,161,1-27-2024-161-NM2,22,1,9999,9999,9999,9999999999,999,9999999999,999,,,,,,,,,35.0197990231484,3,9
2400503,60,8,1-60-2024-008-03,3,1,1600,850,840,P175/70R14,230,P175/70R14,230,,,,,,,,,298.61564899349,8,9
2403443,30,122,1-30-2024-122-03,3,1,3901,1724,2322,P225/75R16,380,P225/75R16,550,,,,,,,,,215.06082110319,10,9
2406148,48,199,1-48-2024-199-05,5,1,2009,1066,966,P235/50R17,230,P235/50R17,230,,,,,,,,,80.9035530796695,12,9
2405982,22,180,1-22-2024-180-03,3,1,2247,1379,1153,P225/70R16,210,P225/70R16,210,,,,,,,,,33.5921534966532,12,9
2403208,11,90,1-11-2024-090-03,3,2,2165,1055,1180,P225/45R18,220,P225/45R18,260,,,,,,,,,146.854334010622,8,9
2400858,33,12,1-33-2024-012-08,8,1,2445,1245,1410,P265/60R18,200,P265/60R18,200,,,,,,,,,29.5346785988684,12,9
2406268,24,174,1-24-2024-174-05,5,1,1552,814,738,P185/55R16,230,P185/55R16,220,,,,,,,,,24.2721053029394,1,9
2404227,69,96,1-69-2024-096-01,1,1,1778,903,887,P225/45R18,240,P245/45R18,240,,,,,,,,,8.63923868287943,8,9
2404894,62,143,1-62-2024-143-03,3,1,2092,1185,1185,P215/55R17,220,P215/55R17,220,,,,,,,,,233.006833495632,7,9
2403543,59,109,1-59-2024-109-03,3,2,2200,1200,1150,P245/45R19,240,P245/45R19,240,,,,,,,,,55.2187891713604,6,9
2405956,14,119,1-14-2024-119-03,3,3,1941,1017,993,P215/60R16,220,P215/60R16,220,,,,,,,,,210.830854559569,8,9
2404665,59,136,1-59-2024-136-03,3,1,1846,961,886,P225/55R17,230,P225/55R17,230,,,,,,,,,98.6606762609695,6,9
2404333,28,134,1-28-2024-134-04,4,2,2100,1175,1200,P225/65R17,240,P225/65R17,240,,,,,,,,,47.851485985308,3,9
2400775,21,18,1-21-2024-018-03,3,2,1660,875,785,P205/55R17,220,P205/55R17,220,,,,,,,,,144.121526471186,11,9
2402959,33,49,1-33-2024-049-02,2,1,2499,1270,1270,P235/45R18,270,P235/45R18,270,,,,,,,,,23.2460633538017,12,9
2400967,77,34,1-77-2024-034-08,8,1,3991,2086,2759,LT235/85R16,379,LT235/85R16,552,,,,,,,,,148.704229143531,9,9
2401299,22,38,1-22-2024-038-03,3,1,2540,1335,1490,P265/65R17,200,P265/65R17,200,,,,,,,,,26.576495712423,12,9
2401940,25,45,1-25-2024-045-04,4,1,2770,1350,1600,P275/45R21,260,P315/40R21,320,,,,,,,,,652.68947390091,2,9
2401917,19,27,1-19-2024-027-09,9,1,2360,1250,1240,P235/55R18,240,P235/55R18,240,,,,,,,,,701.520150030231,9,9
2400566,48,22,1-48-2024-022-07,7,1,9999,9999,9999,9999999999,999,9999999999,999,,,,,,,,,630.467870665179,12,9
2403128,79,66,1-79-2024-066-07,7,1,9999,9999,9999,9999999999,999,9999999999,999,,,,,,,,,243.261560148819,8,9
2405043,18,127,1-18-2024-127-03,3,1,1945,1029,921,P225/45R19,240,P225/45R19,240,,,,,,,,,103.062257832232,6,9
2404379,31,93,1-31-2024-093-04,4,1,9999,9999,9999,9999999999,999,9999999999,999,,,,,,,,,222.052598299916,6,9
2402217,28,63,1-28-2024-063-03,3,1,2679,1186,1540,P255/65R18,230,P255/65R18,230,,,,,,,,,28.3089754479373,3,9
2403413,81,77,1-81-2024-077-NM1,21,2,2025,1030,1015,P225/65R17,210,P225/65R17,210,,,,,,,,,23.4695700092411,8,9
2403450,33,59,1-33-2024-059-09,9,1,2246,1275,1275,P215/65R17,210,P215/65R17,210,,,,,,,,,156.661747322073,12,9
2403723,14,63,1-14-2024-063-03,3,2,2790,1266,1583,P255/55R20,230,P255/55R20,230,,,,,,,,,407.413518981047,8,9
2404313,17,138,1-17-2024-138-09,9,2,2468,1306,1170,P245/50R20,240,P245/50R20,240,,,,,,,,,230.682943628102,4,9
2404601,77,147,1-77-2024-147-10,10,1,2449,1214,1344,P265/75R16,240,P265/75R16,240,,,,,,,,,257.957670739438,9,9
2404628,29,67,1-29-2024-067-06,6,2,4242,2100,2400,LT225/75R16,448,LT225/75R16,552,,,,,,,,,1794.02253656549,2,9
2404898,59,142,1-59-2024-142-03,3,1,4083,2359,2726,LT265/70R17,410,LT265/70R17,485,,,,,,,,,36.1342171260839,6,9
2405517,77,174,1-77-2024-174-08,8,1,2100,1191,1191,P205/65R16,240,P205/65R16,240,,,,,,,,,157.683139620426,9,9
2405787,69,146,1-69-2024-146-02,2,1,1785,1050,971,P205/55R16,240,P205/55R16,240,,,,,,,,,7.30201599951961,8,9
2406074,16,129,1-16-2024-129-02,2,2,2722,1350,1450,P235/55R20,250,P235/55R20,250,,,,,,,,,71.2953653784722,5,9
2403151,69,63,1-69-2024-063-03,3,1,1829,1050,950,P235/45R18,228,P235/45R18,228,,,,,,,,,24.0868849457621,8,9
2400756,13,14,1-13-2024-014-02,2,2,1805,1040,1000,P215/55R17,230,P215/55R17,230,,,,,,,,,9.13287494953795,7,9
2401380,79,29,1-79-2024-029-09,9,1,1905,1210,1035,9999999999,999,9999999999,999,,,,,,,,,1215.24688521058,8,9
2401866,77,65,1-77-2024-065-08,8,1,4263,2358,2766,LT265/70R17,515,LT265/70R17,515,,,,,,,,,206.918069773792,9,9
2402470,25,58,1-25-2024-058-07,7,2,2749,1309,1488,P275/45R20,260,P275/45R20,260,,,,,,,,,1918.87435484635,2,9
2402599,27,84,1-27-2024-084-03,3,1,2100,1120,1027,P225/60R18,230,P225/60R18,230,,,,,,,,,11.8514312322575,3,9
2402947,18,87,1-18-2024-087-06,6,1,2459,1273,1273,P225/65R17,248,P225/65R17,248,,,,,,,,,774.577393805406,6,9
2404106,60,56,1-60-2024-056-04,4,1,1847,961,886,P225/55R17,230,P225/55R17,230,,,,,,,,,2165.10859656783,8,9
2404240,22,127,1-22-2024-127-05,5,2,2404,1293,1314,P265/70R17,210,P265/70R17,210,,,,,,,,,25.2675524846257,12,9
2402580,66,59,1-66-2024-059-06,6,1,2495,1273,1273,P245/65R17,250,P245/65R17,250,,,,,,,,,204.29526374419,6,9
2401916,69,36,1-69-2024-036-02,2,1,2250,1175,1240,P235/55R18,240,P235/55R18,240,,,,,,,,,7.30201599951961,8,9
2401584,21,30,1-21-2024-030-02,2,1,9999,9999,9999,9999999999,999,9999999999,999,,,,,,,,,9.63819602034845,11,9
2405706,24,159,1-24-2024-159-03,3,2,2548,1335,1492,P265/65R17,999,P265/65R17,999,,,,,,,,,101.740335176909,1,9
2404163,25,113,1-25-2024-113-NM2,22,1,2855,1360,1560,P265/70R17,220,P265/70R17,220,,,,,,,,,217.706177804094,2,9
2403522,22,105,1-22-2024-105-04,4,2,2380,1300,1350,P235/60R18,241,P235/60R18,241,,,,,,,,,32.0683092145635,12,9
2400937,73,29,1-73-2024-029-07,7,1,2040,1160,1140,P205/65R16,235,P205/65R16,235,,,,,,,,,76.9392533066881,3,9
2403668,48,119,1-48-2024-119-04,4,1,3100,1550,1550,P235/55R17,262,P235/55R17,248,,,,,,,,,107.826502919194,12,9
2404873,15,188,1-15-2024-188-03,3,2,2000,1060,1060,P225/55R18,240,P225/55R18,240,,,,,,,,,28.1538025775216,1,9
2405311,17,174,1-17-2024-174-03,3,1,2690,1635,1635,P235/65R18,250,P235/65R18,250,,,,,,,,,84.2827710128695,4,9
2404693,79,92,1-79-2024-092-09,9,1,2599,1260,1338,P225/60R17,220,P225/60R17,240,,,,,,,,,252.505905705187,8,9
2404846,57,144,1-57-2024-144-06,6,2,2686,1290,1340,P265/45R20,250,P295/40R20,270,,,,,,,,,322.279601873712,1,9
2405890,23,48,1-23-2024-048-03,3,1,2055,1145,1135,P225/65R17,220,P225/65R17,220,,,,,,,,,1120.10542309425,5,9
2406020,14,121,1-14-2024-121-03,3,2,2030,1188,1098,P235/45R18,240,P235/45R18,240,,,,,,,,,136.771072739086,8,9
2403079,33,52,1-33-2024-052-04,4,1,1750,1006,950,P195/65R15,235,P195/65R15,215,,,,,,,,,638.610565885635,12,9
2403201,17,98,1-17-2024-098-08,8,1,9999,9999,9999,9999999999,999,9999999999,999,,,,,,,,,98.1097831692489,4,9
2403515,15,140,1-15-2024-140-03,3,2,2076,1080,1044,P215/60R17,220,P215/60R17,220,,,,,,,,,31.6293357429148,1,9
2400222,25,3,1-25-2024-003-05,5,2,2084,984,1159,P225/50R17,220,P225/50R17,220,,,,,,,,,47.0105431448925,2,9
2400837,18,32,1-18-2024-032-10,10,1,2059,1093,971,P235/40R19,255,P235/40R19,255,,,,,,,,,3834.18658920448,6,9
2401152,11,28,1-11-2024-028-03,3,1,1971,1210,1070,P215/60R16,210,P215/60R16,210,,,,,,,,,136.762566507973,8,9
2402978,60,33,1-60-2024-033-02,2,5,2722,1350,1450,P235/65R18,240,P235/65R18,240,,,,,,,,,98.7373875661215,8,9
2403877,17,122,1-17-2024-122-NM2,22,1,3039,1383,1769,P255/70R16,207,P255/70R16,241,,,,,,,,,97.286021862156,4,9
2404176,57,111,1-57-2024-111-02,2,2,1770,955,830,P215/50R17,220,P215/50R17,220,,,,,,,,,9.69650235592079,1,9
2404451,25,116,1-25-2024-116-03,3,2,2122,1072,1089,P225/60R18,228,P225/60R18,228,,,,,,,,,58.9825692970399,2,9
2405055,19,70,1-19-2024-070-04,4,1,1720,990,950,P225/45R17,230,P225/45R17,230,,,,,,,,,789.695397346962,9,9
2400116,32,2,1-32-2024-002-02,2,1,2041,1089,975,P235/45R18,240,P235/45R18,240,,,,,,,,,5.912189285169,7,9
2400316,17,11,1-17-2024-011-07,7,2,2495,1273,1273,P225/65R17,250,P225/65R17,250,,,,,,,,,794.522848000315,4,9
2400880,25,21,1-25-2024-021-07,7,1,2076,1080,1044,P225/60R17,240,P225/60R17,240,,,,,,,,,653.722280729562,2,9
2401259,17,40,1-17-2024-040-06,6,2,2159,1125,1040,P235/55R17,240,P235/55R17,240,,,,,,,,,69.0724294993801,4,9
2402540,16,76,1-16-2024-076-07,7,2,1944,1076,870,9999999999,999,9999999999,999,,,,,,,,,2767.5337479497,5,9
2403455,12,59,1-12-2024-059-06,6,2,2908,1450,1600,P255/60R19,240,P255/60R19,240,,,,,,,,,481.477047572144,9,9
2403581,17,109,1-17-2024-109-06,6,1,3100,1500,1775,P275/40R22,250,P275/40R22,300,,,,,,,,,64.8641554918048,4,9
2404686,48,153,1-48-2024-153-06,6,2,2336,1225,1225,P235/75R15,220,P235/75R15,220,,,,,,,,,585.270846184065,12,9
2404860,29,75,1-29-2024-075-09,9,2,1685,895,796,P195/60R15,220,P195/60R15,220,,,,,,,,,4396.43180528136,2,9
2405050,69,120,1-69-2024-120-08,8,2,2812,1406,1542,P245/65R17,210,P245/65R17,240,,,,,,,,,43.4057771952858,8,9
2405405,18,132,1-18-2024-132-01,1,2,9999,9999,9999,9999999999,999,9999999999,999,,,,,,,,,63.8166126674341,6,9
2405601,15,213,1-15-2024-213-04,4,2,2030,1129,1098,P215/55R17,240,P215/55R17,240,,,,,,,,,82.2311643186765,1,9
2405899,18,148,1-18-2024-148-03,3,1,2380,1300,1350,P235/60R18,240,P235/60R18,240,,,,,,,,,132.618133574143,6,9
2404018,26,106,1-26-2024-106-03,3,1,2631,1407,1701,LT255/75R17,255,LT255/75R17,255,,,,,,,,,1803.86639113949,10,9
2404216,66,84,1-66-2024-084-04,4,1,2300,1210,1300,P225/60R18,240,P225/60R18,240,,,,,,,,,122.434885239274,6,9
2404287,54,102,1-54-2024-102-08,8,1,9999,9999,9999,9999999999,999,9999999999,999,,,,,,,,,233.114812869944,9,9
2404457,60,68,1-60-2024-068-05,5,1,1815,965,850,P215/55R17,220,P215/55R17,210,,,,,,,,,50.4726752605262,8,9
2406072,25,169,1-25-2024-169-07,7,1,9999,9999,9999,9999999999,999,9999999999,999,,,,,,,,,1211.5761298272,2,9
2403291,62,89,1-62-2024-089-02,2,1,1720,990,950,P205/55R16,230,P205/55R16,230,,,,,,,,,27.4104501869369,7,9
2403656,62,99,1-62-2024-099-05,5,2,9999,9999,9999,9999999999,999,9999999999,999,,,,,,,,,45.7650018362521,7,9
2400687,57,15,1-57-2024-015-02,2,1,2679,1186,1540,P255/65R18,230,P255/65R18,230,,,,,,,,,36.8561902184078,1,9
2401099,10,17,1-10-2024-017-07,7,2,2122,1072,1089,P225/60R18,230,P225/60R18,230,,,,,,,,,3323.62657555429,4,9
2401229,73,40,1-73-2024-040-04,4,1,2540,1335,1490,P245/75R16,220,P245/75R16,220,,,,,,,,,101.005219693877,3,9
2401470,20,41,1-20-2024-041-09,9,1,1736,1020,746,9999999999,999,9999999999,999,,,,,,,,,98.2193631427361,11,9
2401654,17,54,1-17-2024-054-07,7,1,2080,1280,1150,P225/60R17,240,P225/60R17,240,,,,,,,,,364.699531711488,4,9
2401856,66,45,1-66-2024-045-07,7,1,2063,1114,949,P225/60R16,240,P225/60R16,240,,,,,,,,,133.367571576148,6,9
2404031,69,89,1-69-2024-089-03,3,2,3265,1810,1880,P275/55R20,210,P275/55R20,230,,,,,,,,,32.320569153545,8,9
2404212,33,77,1-33-2024-077-09,9,1,2177,1139,1179,P235/75R15,205,P235/75R15,240,,,,,,,,,429.838695718984,12,9
2404453,25,118,1-25-2024-118-07,7,2,2122,1072,1089,P225/65R17,230,P225/65R17,230,,,,,,,,,859.169234778133,2,9
2404651,29,69,1-29-2024-069-06,6,2,2949,1452,1679,P265/50R20,250,P265/50R20,250,,,,,,,,,1794.02253682017,2,9
2404757,21,110,1-21-2024-110-03,3,2,1830,980,860,P215/50R17,240,P215/50R17,220,,,,,,,,,210.450883320732,11,9
2404940,17,159,1-17-2024-159-03,3,2,2355,1210,1365,P255/45R20,240,P255/45R20,240,,,,,,,,,103.559829749358,4,9
2403558,54,89,1-54-2024-089-06,6,1,1944,1065,995,P205/70R16,240,P205/70R16,240,,,,,,,,,154.880686626287,9,9
2403756,29,41,1-29-2024-041-01,1,1,1610,872,766,9999999999,999,9999999999,999,,,,,,,,,118.587450301321,2,9
2403849,62,106,1-62-2024-106-NM1,21,1,1944,1076,870,P205/55R16,260,P205/55R16,260,,,,,,,,,41.0383325582026,7,9
2400589,19,11,1-19-2024-011-09,9,1,2585,1161,1451,P235/70R16,207,P235/70R16,241,,,,,,,,,436.023489736323,9,9
2400986,18,36,1-18-2024-036-07,7,1,2100,1065,1055,P225/65R17,230,P225/65R17,230,,,,,,,,,367.133830568572,6,9
2401365,13,37,1-13-2024-037-03,3,2,2150,1191,1100,P235/40R19,240,P235/40R19,240,,,,,,,,,320.575377140628,7,9
2401761,17,57,1-17-2024-057-05,5,1,2124,1157,967,P215/60R16,205,P215/60R16,205,,,,,,,,,95.9334331296951,4,9
2402052,81,43,1-81-2024-043-04,4,3,2105,1130,990,P245/45R18,230,P245/45R18,230,,,,,,,,,1903.54654592811,8,9
2402447,69,46,1-69-2024-046-03,3,2,1710,904,814,P185/65R15,230,P185/65R15,230,,,,,,,,,167.095212552646,8,9
2402825,30,99,1-30-2024-099-03,3,1,3447,1678,1950,P275/50R22,250,P275/50R22,250,,,,,,,,,163.896934306729,10,9
2402970,17,92,1-17-2024-092-04,4,1,2130,1100,1075,P235/65R17,220,P235/65R17,210,,,,,,,,,99.0401622155757,4,9
2403742,30,133,1-30-2024-133-01,1,2,2495,1259,1452,P255/70R18,240,P255/70R18,240,,,,,,,,,76.3965079085296,10,9
2405332,52,52,1-52-2024-052-04,4,1,9999,9999,9999,9999999999,999,9999999999,999,,,,,,,,,299.783752144918,12,9
2400228,32,7,1-32-2024-007-02,2,2,2100,1200,1150,P225/60R17,240,P225/60R17,240,,,,,,,,,18.5720544399223,7,9
2400994,12,20,1-12-2024-020-04,4,1,2160,1260,1200,P235/65R17,240,P235/65R17,240,,,,,,,,,243.899610339648,9,9
2401769,48,59,1-48-2024-059-03,3,1,2495,1273,1273,P225/60R18,230,P225/60R18,230,,,,,,,,,54.9604072040948,12,9
2402058,17,67,1-17-2024-067-03,3,1,1776,1050,971,P195/65R15,260,P195/65R15,250,,,,,,,,,56.2627107467575,4,9
2402429,57,51,1-57-2024-051-10,10,1,2903,1765,1720,P255/70R18,210,P255/70R18,230,,,,,,,,,12788.5527695026,1,9
2405819,60,98,1-60-2024-098-NM1,21,1,3221,1451,1950,P275/55R20,240,P275/55R20,240,,,,,,,,,43.22330010499,8,9
2405881,77,188,1-77-2024-188-02,2,1,1994,1076,870,P225/45R17,235,P225/45R17,235,,,,,,,,,83.1566199866033,9,9
2406163,17,202,1-17-2024-202-03,3,2,1985,1025,1000,P225/55R18,230,P225/55R18,220,,,,,,,,,56.2627107467575,4,9
2406240,77,201,1-77-2024-201-06,6,1,3130,1679,1860,P285/45R22,285,P285/45R22,250,,,,,,,,,1537.21615541284,9,9
2403725,14,65,1-14-2024-065-03,3,1,2030,1129,1098,P215/55R17,240,P215/55R17,240,,,,,,,,,407.413518981047,8,9
2404618,77,148,1-77-2024-148-10,10,1,1792,1010,821,P205/55R16,230,P205/55R16,230,,,,,,,,,257.957670739438,9,9
2404971,21,114,1-21-2024-114-07,7,1,2473,1293,1293,P245/55R18,240,P245/55R18,240,,,,,,,,,1525.64473923219,11,9
2405518,77,175,1-77-2024-175-09,9,2,2064,1209,1209,P205/65R15,220,P205/65R15,220,,,,,,,,,1127.08597414131,9,9
2402504,82,60,1-82-2024-060-03,3,2,2385,1140,1370,P245/50R19,221,P245/50R19,221,,,,,,,,,137.604950474991,1,9
2406161,30,209,1-30-2024-209-02,2,1,9999,9999,9999,9999999999,999,9999999999,999,,,,,,,,,19.7146598979445,10,9
2402212,16,62,1-16-2024-062-04,4,1,9999,9999,9999,9999999999,999,9999999999,999,,,,,,,,,695.536686507108,5,9
2403204,17,101,1-17-2024-101-06,6,1,1810,972,880,P215/50R17,240,P215/50R17,240,,,,,,,,,349.164684359284,4,9
2403560,73,100,1-73-2024-100-06,6,2,3266,1792,1792,P265/65R18,240,P265/65R18,240,,,,,,,,,139.239546617625,3,9
2404759,82,130,1-82-2024-130-09,9,2,2070,1055,1035,P225/65R17,210,P225/65R17,210,,,,,,,,,1390.56215692009,1,9
2405066,24,141,1-24-2024-141-06,6,2,2096,1098,1006,P235/55R17,240,P235/55R17,240,,,,,,,,,315.309333375426,1,9
2405132,17,166,1-17-2024-166-07,7,1,4536,2359,2812,LT265/60R20,420,LT265/60R20,520,,,,,,,,,1222.27023854147,4,9
2405363,77,171,1-77-2024-171-04,4,1,2120,1095,1200,P225/45R18,250,P225/45R18,270,,,,,,,,,1429.94537400698,9,9
2405419,79,104,1-79-2024-104-07,7,1,1917,1010,940,P235/45R18,230,P235/45R18,230,,,,,,,,,284.783219254785,8,9
2405727,27,177,1-27-2024-177-03,3,1,1710,920,830,P235/40R18,225,P235/40R18,220,,,,,,,,,15.4192274038201,3,9
2405792,19,85,1-19-2024-085-04,4,1,9999,9999,9999,9999999999,999,9999999999,999,,,,,,,,,208.983956902809,9,9
2405864,18,146,1-18-2024-146-08,8,1,9999,9999,9999,9999999999,999,9999999999,999,,,,,,,,,56.5663772378367,6,9
2406143,54,130,1-54-2024-130-08,8,1,1760,980,970,P205/55R16,230,P205/55R16,230,,,,,,,,,161.994257211147,9,9
2405154,79,99,1-79-2024-099-09,9,2,2133,1154,979,9999999999,999,9999999999,999,,,,,,,,,332.8863993413,8,9
2405685,66,110,1-66-2024-110-06,6,1,2404,1250,1280,P235/55R19,240,P235/55R19,240,,,,,,,,,166.747203200861,6,9
2401195,15,43,1-15-2024-043-03,3,1,2095,1090,1055,P235/55R19,207,P235/55R19,207,,,,,,,,,13.5934492145627,1,9
2401233,62,32,1-62-2024-032-01,1,4,2025,930,1154,P225/50R17,220,P225/50R17,220,,,,,,,,,188.971843846857,7,9
2401548,25,36,1-25-2024-036-06,6,2,2545,1320,1490,P265/70R16,210,P265/70R16,210,,,,,,,,,135.065796727433,2,9
2401828,76,52,1-76-2024-052-09,9,1,1950,990,1000,P205/50R17,220,P205/50R17,210,,,,,,,,,82.5706054598967,3,9
2403068,12,52,1-12-2024-052-04,4,2,2405,1275,1275,P245/45R20,220,P245/45R20,220,,,,,,,,,384.288289360588,9,9
2403947,67,26,1-67-2024-026-05,5,1,2250,1175,1240,P225/65R17,240,P225/65R17,240,,,,,,,,,86.1825468840406,7,9
2404481,82,120,1-82-2024-120-03,3,1,1900,1020,930,P225/55R18,999,P225/55R18,999,,,,,,,,,166.73577046287,1,9
2404543,10,85,1-10-2024-085-03,3,4,2025,1175,1200,P225/65R17,240,P225/65R17,240,,,,,,,,,106.552789200513,4,9
2405062,79,96,1-79-2024-096-09,9,1,2246,1275,1275,P235/55R18,220,P235/55R18,220,,,,,,,,,337.697615678652,8,9
2405431,69,135,1-69-2024-135-05,5,2,1758,972,853,P205/55R16,230,P205/55R16,230,,,,,,,,,16.5467329701507,8,9
2406011,10,126,1-10-2024-126-05,5,1,1980,9999,9999,9999999999,241,9999999999,241,,,,,,,,,75.3748060493564,4,9
2406315,14,131,1-14-2024-131-03,3,1,2130,1100,1040,P235/60R18,230,P235/60R18,210,,,,,,,,,164.682121960949,8,9
2400223,25,4,1-25-2024-004-06,6,2,2304,1089,1279,P245/50R18,220,P245/50R18,240,,,,,,,,,1245.50805623473,2,9
2400458,23,7,1-23-2024-007-03,3,1,9999,9999,9999,9999999999,999,9999999999,999,,,,,,,,,67.0121986366785,5,9
2401465,66,31,1-66-2024-031-10,10,1,2386,1279,1143,P235/55R18,220,P235/55R18,220,,,,,,,,,242.389498710963,6,9
2401602,31,32,1-31-2024-032-04,4,1,9999,9999,9999,9999999999,999,9999999999,999,,,,,,,,,222.052598299916,6,9
2401768,73,57,1-73-2024-057-03,3,1,2540,1335,1490,P245/75R16,220,P245/75R16,220,,,,,,,,,23.5881329232141,3,9
2402684,79,58,1-79-2024-058-07,7,2,1610,872,766,P195/60R15,230,P195/60R15,210,,,,,,,,,402.81545554001,8,9
2406107,25,171,1-25-2024-171-06,6,1,2720,1307,1458,P245/50R20,230,P245/50R20,230,,,,,,,,,308.106622418482,2,9
2401374,30,48,1-30-2024-048-03,3,2,2145,1155,1040,P235/55R18,290,P235/55R18,290,,,,,,,,,249.652206728706,10,9
2400773,21,16,1-21-2024-016-07,7,1,2255,1070,1290,9999999999,999,9999999999,999,,,,,,,,,1727.55001206392,11,9
2400086,48,4,1-48-2024-004-04,4,3,9999,9999,9999,9999999999,999,9999999999,999,,,,,,,,,144.051903745075,12,9
2402207,60,24,1-60-2024-024-06,6,1,1660,900,790,P195/65R15,210,P195/65R15,210,,,,,,,,,255.395501854437,8,9
2402207,60,24,1-60-2024-024-06,6,2,2599,1495,1511,P265/70R16,240,P265/70R16,240,,,,,,,,,255.395501854437,8,9
2406137,13,84,1-13-2024-084-04,4,1,1815,980,845,P215/45R18,230,P215/45R18,230,,,,,,,,,9236.10198234623,7,9
2400581,30,18,1-30-2024-018-NM1,21,1,9999,9999,9999,9999999999,999,9999999999,999,,,,,,,,,28.3509494483113,10,9
2405450,60,88,1-60-2024-088-03,3,1,9999,9999,9999,9999999999,999,9999999999,999,,,,,,,,,208.696614573817,8,9
2401689,28,44,1-28-2024-044-05,5,1,2080,1150,1000,P215/65R16,240,P215/65R16,240,,,,,,,,,41.6717563477699,3,9
2400836,18,31,1-18-2024-031-02,2,1,9999,9999,9999,9999999999,999,9999999999,999,,,,,,,,,46.7280335632617,6,9
2402330,17,76,1-17-2024-076-03,3,1,2185,1165,1130,P225/55R18,230,P225/55R18,220,,,,,,,,,94.8735237981361,4,9
2401334,77,45,1-77-2024-045-05,5,1,2071,1056,1018,P225/65R17,230,P225/65R17,230,,,,,,,,,90.6570748528622,9,9
2403896,59,118,1-59-2024-118-06,6,2,2050,1070,1030,P215/55R17,240,P215/55R17,240,,,,,,,,,351.838762652549,6,9
2403206,66,68,1-66-2024-068-03,3,1,3266,1701,1814,P275/55R20,240,P275/55R20,240,,,,,,,,,99.2753873280272,6,9
2400956,73,30,1-73-2024-030-04,4,2,3901,1860,2431,LT245/75R16,380,LT245/75R16,550,,,,,,,,,46.5556133289521,3,9
2405911,12,118,1-12-2024-118-04,4,1,2450,1225,1361,P245/75R17,250,P245/75R17,250,,,,,,,,,916.878937506543,9,9
2404202,52,45,1-52-2024-045-NM1,21,1,2767,1429,1701,P255/70R16,240,P255/70R16,240,,,,,,,,,23.3488363699868,12,9
2406097,29,105,1-29-2024-105-04,4,2,1388,780,750,P185/55R15,240,P185/55R15,240,,,,,,,,,554.415553685361,2,9
2403111,27,101,1-27-2024-101-07,7,1,1810,972,880,P215/55R16,250,P215/55R16,250,,,,,,,,,191.986127824905,3,9
2405152,62,155,1-62-2024-155-04,4,2,2025,1175,1200,P235/50R19,240,P235/50R19,240,,,,,,,,,1753.50005308033,7,9
2405318,60,83,1-60-2024-083-06,6,2,2756,1270,1515,P265/70R17,220,P265/70R17,220,,,,,,,,,720.125210239522,8,9
2403303,10,50,1-10-2024-050-02,2,1,2210,1300,1395,P235/65R17,240,P235/65R17,240,,,,,,,,,22.470857464632,4,9
2403944,10,67,1-10-2024-067-06,6,2,2165,1050,1150,P185/60R15,300,P185/60R15,325,,,,,,,,,431.055518128543,4,9
2404485,79,89,1-79-2024-089-07,7,1,1810,955,865,P205/60R16,240,P205/60R16,240,,,,,,,,,127.333087924962,8,9
2402825,30,99,1-30-2024-099-03,3,2,2230,1220,1220,P225/60R18,230,P225/60R18,230,,,,,,,,,163.896934306729,10,9
2403844,30,136,1-30-2024-136-03,3,1,1733,939,839,P215/45R17,220,P215/45R17,220,,,,,,,,,298.263643019881,10,9
2402925,62,79,1-62-2024-079-02,2,1,2246,1275,1275,P245/45R20,220,P245/45R20,220,,,,,,,,,40.5230025519482,7,9
2405859,22,178,1-22-2024-178-04,4,1,2450,1295,1425,P265/45R20,255,P265/45R20,255,,,,,,,,,66.7252441297753,12,9
2403964,12,70,1-12-2024-070-02,2,1,2090,1150,1150,P225/65R17,999,P225/65R17,999,,,,,,,,,221.517683883591,9,9
2406028,18,150,1-18-2024-150-09,9,2,9999,9999,9999,9999999999,999,9999999999,999,,,,,,,,,776.571629127203,6,9
2400200,19,5,1-19-2024-005-08,8,2,2700,1285,1450,P235/65R16,240,P235/65R16,240,,,,,,,,,143.73874178702,9,9
2401282,32,43,1-32-2024-043-02,2,1,9999,9999,9999,9999999999,999,9999999999,999,,,,,,,,,4.13903443658647,7,9
2401282,32,43,1-32-2024-043-02,2,2,2405,1275,1275,P245/45R20,220,P245/45R20,220,,,,,,,,,4.13903443658647,7,9
2400115,25,2,1-25-2024-002-01,1,1,9999,9999,9999,9999999999,999,9999999999,999,,,,,,,,,84.4595032082749,2,9
2401224,81,25,1-81-2024-025-05,5,2,1945,1029,921,P225/45R19,240,P225/45R19,240,,,,,,,,,62.3562447625643,8,9
2401646,12,29,1-12-2024-029-03,3,2,2330,1300,1350,P235/60R18,240,P235/60R18,240,,,,,,,,,325.380358257164,9,9
2401834,82,43,1-82-2024-043-03,3,1,2150,1100,1075,P235/60R18,230,P235/60R18,210,,,,,,,,,125.800642505231,1,9
2402534,24,68,1-24-2024-068-03,3,1,2175,1120,1120,P235/60R18,240,P235/60R18,220,,,,,,,,,122.594712962901,1,9
2403423,10,53,1-10-2024-053-04,4,2,2280,1190,1140,P235/55R19,999,P235/55R19,999,,,,,,,,,427.929607064137,4,9
2403594,79,77,1-79-2024-077-06,6,1,9999,9999,9999,9999999999,999,9999999999,999,,,,,,,,,261.967918056657,8,9
2404192,18,112,1-18-2024-112-02,2,2,2331,1350,1395,P235/65R17,234,P235/65R17,234,,,,,,,,,46.7280335632617,6,9
2404352,30,151,1-30-2024-151-07,7,2,2092,1185,1185,P215/55R17,255,P215/55R17,255,,,,,,,,,4176.39915810018,10,9
2404497,14,83,1-14-2024-083-03,3,1,1970,1030,1000,P225/55R18,230,P225/55R18,230,,,,,,,,,141.407510827265,8,9
2406132,10,129,1-10-2024-129-NM1,21,1,9999,9999,9999,9999999999,999,9999999999,999,,,,,,,,,31.3806248143146,4,9
2400152,81,7,1-81-2024-007-02,2,4,1950,1100,960,P215/55R17,225,P215/55R17,225,,,,,,,,,23.5191438097523,8,9
2401454,82,34,1-82-2024-034-06,6,1,2250,1130,1170,9999999999,999,9999999999,999,,,,,,,,,800.841188446379,1,9
2401611,77,54,1-77-2024-054-09,9,2,1720,920,810,P205/55R16,220,P205/55R16,220,,,,,,,,,751.894343952246,9,9
2402012,77,68,1-77-2024-068-09,9,1,1978,956,1028,P225/45R18,240,P245/45R18,240,,,,,,,,,658.884544648382,9,9
2402368,20,67,1-20-2024-067-03,3,1,2090,1150,1150,P225/65R17,240,P225/65R17,240,,,,,,,,,46.8545499360671,11,9
2402935,23,40,1-23-2024-040-02,2,1,9999,9999,9999,9999999999,999,9999999999,999,,,,,,,,,90.7214867361438,5,9
2405593,27,173,1-27-2024-173-03,3,1,3300,1850,1750,P265/60R20,240,P265/60R20,240,,,,,,,,,11.8514312322575,3,9
2405758,62,173,1-62-2024-173-03,3,2,2030,1188,1098,P235/45R18,240,P235/45R18,240,,,,,,,,,631.835133100999,7,9
2403838,77,128,1-77-2024-128-03,3,1,2314,1275,1275,P215/65R17,240,P215/65R17,240,,,,,,,,,673.926895573774,9,9
2403941,77,131,1-77-2024-131-01,1,1,2425,1255,1410,P245/75R16,210,P245/75R16,210,,,,,,,,,96.927477716339,9,9
2400204,54,9,1-54-2024-009-05,5,2,3266,1792,1792,P275/55R20,999,P275/55R20,999,,,,,,,,,144.976226836895,9,9
2400327,30,8,1-30-2024-008-03,3,2,2235,1075,1185,P235/40R18,250,P255/35R18,320,,,,,,,,,147.061529962125,10,9
2406178,76,186,1-76-2024-186-02,2,1,1660,875,785,P205/60R16,220,P205/60R16,220,,,,,,,,,69.290638741677,3,9
2400373,28,9,1-28-2024-009-04,4,1,3130,1770,1770,P275/60R20,270,P275/60R20,270,,,,,,,,,71.2959194174348,3,9
2403971,17,125,1-17-2024-125-04,4,1,2141,1161,1030,P235/40R18,260,P235/40R18,260,,,,,,,,,125.652735779338,4,9
2402952,30,102,1-30-2024-102-NM1,21,1,2745,1339,1407,P225/65R16,250,P225/65R16,250,,,,,,,,,73.645145385009,10,9
2406341,24,177,1-24-2024-177-03,3,2,2550,1400,1480,P235/60R19,230,P235/60R19,230,,,,,,,,,84.1556182704533,1,9
2402348,28,69,1-28-2024-069-04,4,1,2030,1070,960,P235/40R19,225,P235/40R19,225,,,,,,,,,47.851485985308,3,9
2404031,69,89,1-69-2024-089-03,3,3,2631,1282,1377,P235/65R17,230,P235/65R17,230,,,,,,,,,32.320569153545,8,9
2403536,20,95,1-20-2024-095-03,3,1,2030,1070,960,P235/40R19,225,P235/40R19,225,,,,,,,,,140.279626384234,11,9
2400287,81,9,1-81-2024-009-06,6,1,1733,939,839,P205/55R16,220,P205/55R16,220,,,,,,,,,1021.97406520686,8,9
2402156,54,53,1-54-2024-053-07,7,1,2490,1350,1395,P235/55R19,235,P235/55R19,235,,,,,,,,,163.639088013261,9,9
2401369,19,23,1-19-2024-023-07,7,1,2076,1080,1044,P205/70R16,240,P205/70R16,240,,,,,,,,,441.36432951908,9,9
2406218,15,241,1-15-2024-241-04,4,2,9999,9999,9999,9999999999,999,9999999999,999,,,,,,,,,48.9130372067112,1,9
2405056,20,121,1-20-2024-121-05,5,2,1960,1020,990,P225/45R17,250,P225/45R17,250,,,,,,,,,153.014999601429,11,9
2402139,17,70,1-17-2024-070-04,4,2,2932,1383,1613,P255/60R18,250,P255/60R18,250,,,,,,,,,135.89963259832,4,9
2400788,54,23,1-54-2024-023-05,5,1,2096,1098,1006,P235/55R17,240,P235/55R17,240,,,,,,,,,144.976226836895,9,9
2403513,15,138,1-15-2024-138-09,9,1,2085,1150,1150,P225/65R17,230,P225/65R17,230,,,,,,,,,342.689892288111,1,9
2400931,22,26,1-22-2024-026-09,9,2,3311,1610,1905,P275/55R20,220,P275/55R20,220,,,,,,,,,38.1287781911826,12,9
2405508,59,163,1-59-2024-163-02,2,2,2369,1363,1636,P255/45R19,290,P255/45R19,290,,,,,,,,,48.7900687173874,6,9
2401306,26,31,1-26-2024-031-NM1,21,1,2129,1110,1257,P235/40R19,290,P235/40R19,290,,,,,,,,,25.7030205312635,10,9
2405433,69,137,1-69-2024-137-05,5,1,9999,9999,9999,9999999999,999,9999999999,999,,,,,,,,,16.5467329701507,8,9
2403375,27,106,1-27-2024-106-04,4,1,1890,990,950,P205/60R16,250,P205/60R16,250,,,,,,,,,125.149936409085,3,9
2403249,82,81,1-82-2024-081-06,6,2,2085,1200,1150,P225/60R17,240,P225/60R17,240,,,,,,,,,260.781112604779,1,9
2405413,57,167,1-57-2024-167-03,3,2,2090,1150,1150,P225/65R17,250,P225/65R17,250,,,,,,,,,200.397476159373,1,9
2401995,26,54,1-26-2024-054-03,3,2,2720,1545,1545,P235/55R20,250,P235/55R20,250,,,,,,,,,123.376705143315,10,9
2403853,59,119,1-59-2024-119-06,6,1,2700,1285,1450,P235/65R16,240,P235/65R16,240,,,,,,,,,351.838762652549,6,9
2400023,82,2,1-82-2024-002-03,3,1,3311,1724,1820,LT275/70R18,240,LT275/70R18,240,,,,,,,,,28.1106156827631,1,9
2400272,23,5,1-23-2024-005-09,9,1,1742,948,839,9999999999,999,9999999999,999,,,,,,,,,2575.71266666093,5,9
2404600,27,144,1-27-2024-144-03,3,2,1960,1050,930,P235/40R19,230,P235/40R19,220,,,,,,,,,39.3017294904609,3,9
2403996,60,55,1-60-2024-055-03,3,1,3221,1724,1724,P275/50R22,250,P275/50R22,250,,,,,,,,,252.351417933937,8,9
2405619,66,107,1-66-2024-107-10,10,1,2177,1133,1179,P225/70R15,207,P225/70R15,207,,,,,,,,,242.389498710963,6,9
2404494,15,174,1-15-2024-174-03,3,2,2800,1450,1600,P255/65R18,240,P255/65R18,240,,,,,,,,,25.3294057626406,1,9
2402665,77,91,1-77-2024-091-02,2,1,2223,1165,1130,P225/60R17,230,P225/60R17,220,,,,,,,,,83.1566199866033,9,9
2402038,13,54,1-13-2024-054-02,2,2,2812,1293,1724,P245/70R17,250,P245/70R17,250,,,,,,,,,28.453150066667,7,9
2404929,30,168,1-30-2024-168-03,3,2,2245,1400,1230,P245/55R19,220,P245/55R19,220,,,,,,,,,278.361823254596,10,9
2402522,66,56,1-66-2024-056-09,9,1,2586,1293,1339,P215/65R16,250,P215/65R16,250,,,,,,,,,387.906116034488,6,9
2404145,31,85,1-31-2024-085-05,5,3,2880,1406,1380,P275/60R17,420,P275/60R17,420,,,,,,,,,223.697137607501,6,9
2403531,15,141,1-15-2024-141-03,3,2,2694,1191,1554,P265/65R18,240,P265/65R18,240,,,,,,,,,31.6293357442086,1,9
2404026,82,104,1-82-2024-104-03,3,1,3175,1633,1724,P275/70R18,240,P275/70R18,240,,,,,,,,,139.557521301747,1,9
2400531,22,12,1-22-2024-012-09,9,2,2210,1055,1155,P205/65R15,207,P205/65R15,241,,,,,,,,,36.2059290664589,12,9
2401616,59,52,1-59-2024-052-01,1,1,2903,1780,1701,P265/75R16,240,P265/75R16,240,,,,,,,,,53.4084683471652,6,9
2404013,28,126,1-28-2024-126-09,9,1,2019,1109,910,P205/70R15,210,P205/70R15,210,,,,,,,,,84.0814352883391,3,9
2404548,62,133,1-62-2024-133-03,3,2,2540,1335,1490,P265/65R17,221,P265/65R17,221,,,,,,,,,283.674238531916,7,9
2404739,26,113,1-26-2024-113-09,9,1,1902,983,923,P205/55R16,250,P205/55R16,250,,,,,,,,,12242.3665920591,10,9
2400382,22,8,1-22-2024-008-09,9,1,1927,937,990,P185/70R14,221,P185/70R14,207,,,,,,,,,106.253945996444,12,9
2400424,81,12,1-81-2024-012-07,7,1,1789,966,832,P215/45R17,220,P215/45R17,200,,,,,,,,,9063.48157464611,8,9
2400572,13,11,1-13-2024-011-03,3,1,1975,1055,941,P225/45R19,240,P225/45R19,240,,,,,,,,,435.984145595408,7,9
2400856,12,18,1-12-2024-018-03,3,2,2025,1175,1200,P225/60R18,240,P225/60R18,240,,,,,,,,,365.80465840508,9,9
2401009,17,33,1-17-2024-033-04,4,1,1963,1097,945,P235/40R19,230,P235/40R19,230,,,,,,,,,131.910982492372,4,9
2401051,27,32,1-27-2024-032-06,6,1,2130,1100,1075,P235/60R18,230,P235/60R18,210,,,,,,,,,50.9387159232509,3,9
2402892,26,84,1-26-2024-084-07,7,2,2100,1191,1191,P215/55R17,240,P215/55R17,240,,,,,,,,,3973.65605256827,10,9
2403614,14,61,1-14-2024-061-07,7,3,1960,1050,930,P215/55R17,225,P215/55R17,225,,,,,,,,,3357.0434635821,8,9
2404334,28,135,1-28-2024-135-04,4,1,2949,1452,1679,P265/50R20,250,P265/50R20,250,,,,,,,,,47.851485985308,3,9
2404531,77,143,1-77-2024-143-06,6,2,2075,1075,1000,P225/65R17,230,P225/65R17,230,,,,,,,,,96.8505685869366,9,9
2400198,20,4,1-20-2024-004-03,3,1,2030,1090,950,P235/40R19,225,P235/40R19,225,,,,,,,,,91.019415088757,11,9
2400474,73,15,1-73-2024-015-06,6,2,2170,984,1170,9999999999,999,9999999999,999,,,,,,,,,125.07432970974,3,9
2400645,27,20,1-27-2024-020-04,4,1,2110,1180,1080,P225/55R18,240,P225/55R18,220,,,,,,,,,40.905197628877,3,9
2400817,57,16,1-57-2024-016-05,5,2,1950,990,1000,P205/50R17,230,P205/50R17,230,,,,,,,,,55.3733551294336,1,9
2401401,24,34,1-24-2024-034-03,3,1,9999,9999,9999,9999999999,999,9999999999,999,,,,,,,,,45.4386068459632,1,9
2401531,17,51,1-17-2024-051-06,6,2,1940,1050,900,P225/55R18,240,P225/55R18,240,,,,,,,,,84.8378168091199,4,9
2404875,28,152,1-28-2024-152-10,10,1,9999,9999,9999,9999999999,999,9999999999,999,,,,,,,,,80.5683609045318,3,9
2406341,24,177,1-24-2024-177-03,3,1,2100,1191,1191,P205/65R16,240,P205/65R16,240,,,,,,,,,84.1556182704533,1,9
2401592,28,42,1-28-2024-042-NM2,22,1,9999,9999,9999,9999999999,999,9999999999,999,,,,,,,,,37.9334438090452,3,9
2403089,24,85,1-24-2024-085-04,4,1,2480,1220,1280,P235/50R19,240,P235/50R19,270,,,,,,,,,39.5500741406148,1,9
2403817,25,100,1-25-2024-100-06,6,2,1905,1020,910,P205/65R16,230,P205/65R16,220,,,,,,,,,3541.55496377637,2,9
2404105,11,126,1-11-2024-126-03,3,1,2730,1320,1515,P235/65R17,230,P235/65R17,230,,,,,,,,,72.8303679560857,8,9
2404697,69,107,1-69-2024-107-05,5,1,2030,1188,1098,P235/45R18,240,P235/45R18,240,,,,,,,,,7.30201599951961,8,9
2400759,30,24,1-30-2024-024-02,2,2,2350,1220,1220,P235/60R18,240,P235/60R18,240,,,,,,,,,18.7124163743047,10,9
2401169,27,37,1-27-2024-037-04,4,2,2025,1175,1200,P225/65R17,240,P225/65R17,240,,,,,,,,,118.467609431067,3,9
2401490,81,29,1-81-2024-029-04,4,2,2320,1350,1450,P235/70R16,207,P235/70R16,207,,,,,,,,,3479.41374986717,8,9
2401938,60,20,1-60-2024-020-02,2,2,2092,1185,1185,P215/55R17,220,P215/55R17,220,,,,,,,,,98.7373875661215,8,9
2402120,26,57,1-26-2024-057-09,9,2,1830,991,871,9999999999,210,9999999999,210,,,,,,,,,1548.92839261726,10,9
2402239,82,54,1-82-2024-054-03,3,1,9999,9999,9999,9999999999,999,9999999999,999,,,,,,,,,191.252816226305,1,9
2403908,26,105,1-26-2024-105-03,3,1,1710,920,830,P235/40R18,225,P235/40R18,220,,,,,,,,,1492.65647211409,10,9
2404037,62,112,1-62-2024-112-04,4,1,1850,1060,890,P205/55R16,230,P205/55R16,230,,,,,,,,,1828.44209322658,7,9
2404041,76,111,1-76-2024-111-10,10,1,2070,1055,1035,P225/65R17,999,P225/65R17,999,,,,,,,,,325.313804205718,3,9
2405824,27,181,1-27-2024-181-07,7,1,2223,1165,1130,P225/60R17,230,P225/60R17,220,,,,,,,,,74.8436989750221,3,9
2402881,76,79,1-76-2024-079-09,9,1,2090,1150,1150,P235/55R19,999,P235/55R19,999,,,,,,,,,299.042628750875,3,9
2403021,22,91,1-22-2024-091-09,9,2,2405,1275,1275,245/45ZR20,220,245/45ZR20,220,,,,,,,,,45.7773654331265,12,9
2403186,57,74,1-57-2024-074-05,5,1,1795,955,850,P235/40R18,240,P235/40R18,230,,,,,,,,,28.7844147536554,1,9
2403322,12,56,1-12-2024-056-09,9,2,2010,1104,906,P225/60R16,210,P225/60R16,210,,,,,,,,,223.589468890907,9,9
2400018,59,1,1-59-2024-001-05,5,2,1900,1052,908,P205/60R16,250,P205/60R16,250,,,,,,,,,62.0563788379138,6,9
2400786,26,17,1-26-2024-017-03,3,2,2050,1140,1050,P205/65R16,240,P205/65R16,240,,,,,,,,,381.076602666498,10,9
2401575,32,59,1-32-2024-059-06,6,1,1910,1005,940,P215/60R16,220,P215/60R16,220,,,,,,,,,1005.56097425004,7,9
2401886,57,37,1-57-2024-037-03,3,2,2495,1160,1404,9999999999,999,9999999999,999,,,,,,,,,168.570265700135,1,9
2402322,12,40,1-12-2024-040-10,10,1,1742,948,839,P195/65R15,210,P195/65R15,210,,,,,,,,,4396.75684153562,9,9
2402446,18,78,1-18-2024-078-04,4,1,2949,1452,1770,P265/50R20,250,P265/50R20,250,,,,,,,,,218.545222279394,6,9
2403404,11,98,1-11-2024-098-04,4,1,9999,9999,9999,9999999999,999,9999999999,999,,,,,,,,,272.59259676945,8,9
2403537,62,95,1-62-2024-095-05,5,1,2359,1214,1344,P265/70R16,241,P265/70R16,241,,,,,,,,,41.4953495991345,7,9
2403701,20,98,1-20-2024-098-03,3,1,2132,1191,1152,9999999999,999,9999999999,999,,,,,,,,,186.446044786686,11,9
2404258,82,109,1-82-2024-109-03,3,2,2790,1266,1583,9999999999,999,9999999999,999,,,,,,,,,114.338725365373,1,9
2404413,77,142,1-77-2024-142-06,6,1,2087,1080,1061,P235/70R16,220,P235/70R16,220,,,,,,,,,430.995949103479,9,9
2404714,14,87,1-14-2024-087-09,9,1,1900,1210,1210,P205/65R15,200,P205/65R15,200,,,,,,,,,3235.99988181783,8,9
2403385,82,85,1-82-2024-085-03,3,1,9999,9999,9999,P265/65R18,999,P265/65R18,999,,,,,,,,,111.316539755497,1,9
2402844,25,71,1-25-2024-071-04,4,1,2350,1270,1225,P245/45R20,240,P245/45R20,240,,,,,,,,,395.048729962853,2,9
2404155,62,118,1-62-2024-118-07,7,1,2032,1048,1093,P225/60R17,210,P225/60R17,200,,,,,,,,,2158.245467577,7,9
2403302,30,120,1-30-2024-120-03,3,1,1930,1052,908,P225/45R18,248,P225/45R18,248,,,,,,,,,125.586126540136,10,9
2400431,59,17,1-59-2024-017-04,4,2,1970,1030,1000,P225/55R18,230,P225/55R18,230,,,,,,,,,413.969194806684,6,9
2405460,14,105,1-14-2024-105-03,3,2,3085,1770,1770,P275/60R20,270,P275/60R20,270,,,,,,,,,307.187128515067,8,9
2401593,66,34,1-66-2024-034-03,3,1,3221,1770,1860,P275/55R20,250,P275/55R20,250,,,,,,,,,79.4686416678806,6,9
2405529,48,181,1-48-2024-181-08,8,1,3947,1815,2604,LT245/75R16,310,LT245/75R16,551,,,,,,,,,96.1411607504999,12,9
2401450,15,53,1-15-2024-053-03,3,1,2155,1170,995,P225/50R18,220,P225/50R18,220,,,,,,,,,26.3875727991169,1,9
2405174,30,175,1-30-2024-175-03,3,1,1770,955,830,P215/50R17,220,P215/50R17,220,,,,,,,,,228.715099730784,10,9
2402469,59,78,1-59-2024-078-06,6,2,2720,1340,1585,P245/55R19,240,P245/55R19,240,,,,,,,,,109.268934732202,6,9
2405486,21,129,1-21-2024-129-02,2,1,9999,9999,9999,9999999999,999,9999999999,999,,,,,,,,,9.63819602034845,11,9
2401573,27,52,1-27-2024-052-05,5,1,1950,1070,960,P225/50R17,220,P225/50R17,220,,,,,,,,,17.445702179906,3,9
2406050,66,119,1-66-2024-119-04,4,1,2082,1040,1055,P225/65R17,230,P225/65R17,230,,,,,,,,,129.895877636548,6,9
2405835,32,154,1-32-2024-154-02,2,1,2025,1175,1200,P235/50R19,240,P235/50R19,240,,,,,,,,,9.87749505515872,7,9
2405509,59,164,1-59-2024-164-03,3,1,1785,1050,971,P205/55R16,240,P205/55R16,230,,,,,,,,,106.516698817724,6,9
2402048,12,36,1-12-2024-036-07,7,1,1750,900,860,P195/55R16,230,P195/55R16,230,,,,,,,,,2650.77373773183,9,9
2400617,16,19,1-16-2024-019-06,6,2,2047,1039,1008,P235/50R18,230,P235/50R18,230,,,,,,,,,1006.3508458628,5,9
2405194,24,144,1-24-2024-144-03,3,1,9999,9999,9999,9999999999,999,9999999999,999,,,,,,,,,43.1431884730943,1,9
2401281,24,30,1-24-2024-030-06,6,1,1874,980,940,P205/60R16,250,P205/60R16,250,,,,,,,,,260.894836150354,1,9
2403422,77,118,1-77-2024-118-02,2,1,2090,1070,1070,P225/50R18,250,P225/50R18,250,,,,,,,,,83.1566199866033,9,9
2401159,16,36,1-16-2024-036-09,9,3,2165,1030,1124,P225/55R17,230,P225/55R17,230,,,,,,,,,1267.79203502257,5,9
2406177,11,187,1-11-2024-187-03,3,2,2090,1150,1150,P225/65R17,250,P225/65R17,250,,,,,,,,,199.422450532305,8,9
2404279,59,126,1-59-2024-126-08,8,2,2115,1161,954,P225/50R18,220,P225/50R18,210,,,,,,,,,71.2408177527095,6,9
2403638,15,145,1-15-2024-145-04,4,2,3020,1470,1670,9999999999,999,9999999999,999,,,,,,,,,86.4201636225282,1,9
2403721,28,113,1-28-2024-113-10,10,1,2994,1633,1770,P265/65R17,227,P265/65R17,227,,,,,,,,,187.992842110574,3,9
2405799,66,112,1-66-2024-112-06,6,1,1810,972,880,P215/55R16,250,P215/55R16,250,,,,,,,,,124.972344097308,6,9
2403034,81,66,1-81-2024-066-04,4,1,2730,1310,1465,P235/60R18,240,P235/60R18,240,,,,,,,,,1249.39843016576,8,9
2403784,57,92,1-57-2024-092-02,2,2,9999,9999,9999,9999999999,999,9999999999,999,,,,,,,,,13.8251120734564,1,9
2404325,25,114,1-25-2024-114-03,3,2,2135,1150,1150,P235/55R19,999,P235/55R19,999,,,,,,,,,312.545889305756,2,9
2406340,24,176,1-24-2024-176-03,3,1,2430,1340,1200,P235/50R20,300,P235/50R20,310,,,,,,,,,84.1556182704533,1,9
2406091,32,158,1-32-2024-158-NM1,21,1,2663,1315,1424,9999999999,999,9999999999,999,,,,,,,,,128.080968764564,7,9
2403529,29,36,1-29-2024-036-03,3,3,2690,1635,1635,P235/65R18,250,P235/65R18,250,,,,,,,,,161.577995153769,2,9
2402201,11,58,1-11-2024-058-01,1,1,9999,9999,9999,9999999999,999,9999999999,999,,,,,,,,,30.3117173386467,8,9
2400973,30,31,1-30-2024-031-02,2,2,2200,1175,1200,P235/50R19,240,P235/50R19,240,,,,,,,,,16.6145707079083,10,9
2402550,62,66,1-62-2024-066-03,3,2,2675,1360,1460,P235/55R20,230,P235/55R20,230,,,,,,,,,324.669436286919,7,9
2402055,54,50,1-54-2024-050-07,7,1,3175,1565,1724,P275/65R18,240,P275/65R18,240,,,,,,,,,163.639088013261,9,9
2401222,23,20,1-23-2024-020-02,2,1,1760,940,835,9999999999,999,9999999999,999,,,,,,,,,62.9617318466021,5,9
2400930,22,25,1-22-2024-025-06,6,2,1970,1010,1000,P225/55R17,230,P225/55R17,220,,,,,,,,,25.2675524846257,12,9
2406005,59,178,1-59-2024-178-01,1,1,2550,1350,1300,P225/60R17,240,P225/60R17,240,,,,,,,,,53.4084683471652,6,9
2405650,10,114,1-10-2024-114-04,4,2,2277,1198,1089,P255/40R20,240,P255/40R20,240,,,,,,,,,490.084961991089,4,9
2404986,82,139,1-82-2024-139-03,3,1,1963,1097,945,P215/55R17,230,P215/55R17,230,,,,,,,,,95.2724395487845,1,9
2404994,31,105,1-31-2024-105-10,10,1,3901,1928,2722,LT245/75R16,340,LT245/75R16,550,,,,,,,,,419.593794787767,6,9
2405457,25,145,1-25-2024-145-06,6,1,3266,1792,1792,P275/55R20,240,P275/55R20,240,,,,,,,,,66.3215919150693,2,9
2402615,26,74,1-26-2024-074-01,1,1,9999,9999,9999,9999999999,999,9999999999,999,,,,,,,,,32.4753608539726,10,9
2405821,27,178,1-27-2024-178-03,3,2,2090,1150,1150,P225/65R17,250,P225/65R17,250,,,,,,,,,11.8514312322575,3,9
2404149,81,100,1-81-2024-100-02,2,2,2090,1150,1150,P225/65R17,250,P225/65R17,250,,,,,,,,,26.6902214863668,8,9
2406107,25,171,1-25-2024-171-06,6,2,3175,1724,1724,LT265/65R18,999,LT265/65R18,999,,,,,,,,,308.106622418482,2,9
2400119,69,4,1-69-2024-004-05,5,1,1960,1020,990,P205/55R16,248,P205/55R16,248,,,,,,,,,22.4152869997207,8,9
2404633,19,60,1-19-2024-060-03,3,2,2495,1273,1273,P225/60R17,250,P225/60R17,250,,,,,,,,,53.0215875094493,9,9
2401301,22,40,1-22-2024-040-09,9,1,1721,1059,1021,P185/65R15,240,P185/65R15,230,,,,,,,,,248.55054585854,12,9
2402824,30,98,1-30-2024-098-07,7,1,1734,910,835,P205/55R16,230,P205/55R16,230,,,,,,,,,1830.45824632304,10,9
2403216,16,94,1-16-2024-094-01,1,2,9999,9999,9999,P245/45R18,999,P285/45R18,999,,,,,,,,,47.1549460249765,5,9
2405380,14,104,1-14-2024-104-04,4,2,2855,1360,1560,P265/70R17,220,P265/70R17,220,,,,,,,,,909.854394508117,8,9
2402177,12,37,1-12-2024-037-03,3,2,2141,1107,1089,P235/70R16,240,P235/70R16,240,,,,,,,,,233.637776041798,9,9
2403359,14,56,1-14-2024-056-05,5,2,2313,1138,1315,P235/75R15,179,P235/75R15,179,,,,,,,,,76.4230415651045,8,9
2402811,57,62,1-57-2024-062-02,2,2,2495,1225,1361,P255/70R18,250,P255/70R18,250,,,,,,,,,9.69650235592079,1,9
2400730,32,22,1-32-2024-022-NM1,21,1,1815,980,845,9999999999,999,9999999999,999,,,,,,,,,10.9241646727683,7,9
2401338,59,42,1-59-2024-042-02,2,1,3221,1724,1724,P265/65R18,240,P265/65R18,240,,,,,,,,,48.7900687173874,6,9
2401944,16,56,1-16-2024-056-04,4,1,2800,1450,1600,P255/65R18,240,P255/65R18,240,,,,,,,,,725.161737275765,5,9
2402104,52,30,1-52-2024-030-06,6,1,2427,1275,1275,P235/55R19,210,P235/55R19,210,,,,,,,,,56.6465719357727,12,9
2402312,10,30,1-10-2024-030-04,4,2,2057,1210,1070,P215/60R16,210,P215/60R16,210,,,,,,,,,1083.59847476752,4,9
2402705,30,95,1-30-2024-095-10,10,2,2100,1191,1191,9999999999,240,9999999999,240,,,,,,,,,24230.4540548434,10,9
2402937,19,39,1-19-2024-039-03,3,1,2310,1350,1450,P235/65R17,230,P235/65R17,230,,,,,,,,,46.0527417675982,9,9
2403160,11,89,1-11-2024-089-04,4,1,2949,1452,1679,P265/60R18,250,P265/60R18,250,,,,,,,,,292.515838449788,8,9
2404937,69,116,1-69-2024-116-01,1,1,2087,1180,1007,P225/50R18,220,P225/50R18,220,,,,,,,,,7.66811372485411,8,9
2405399,59,160,1-59-2024-160-10,10,1,4173,2118,2760,LT245/75R16,380,LT245/75R16,550,,,,,,,,,9822.72192068919,6,9
2406116,76,183,1-76-2024-183-04,4,1,3266,1724,1724,P265/65R18,240,P265/65R18,240,,,,,,,,,165.951066705846,3,9
2400301,54,12,1-54-2024-012-07,7,1,2023,1068,959,P235/50R17,230,P235/50R17,230,,,,,,,,,163.639088013261,9,9
2402034,48,68,1-48-2024-068-06,6,2,2136,1143,993,P235/50R18,210,P235/50R18,210,,,,,,,,,86.4307074675267,12,9
2402346,28,67,1-28-2024-067-04,4,2,2721,1370,1495,P245/50R20,230,P245/50R20,230,,,,,,,,,47.851485985308,3,9
2402484,28,73,1-28-2024-073-08,8,1,2949,1452,1679,P265/50R20,250,P265/50R20,250,,,,,,,,,48.0385140677194,3,9
2402642,15,104,1-15-2024-104-04,4,1,2125,1115,1065,P235/55R19,230,P235/55R19,210,,,,,,,,,60.8903261931205,1,9
2403086,57,73,1-57-2024-073-03,3,1,2150,1100,1075,P235/60R18,230,P235/60R18,210,,,,,,,,,63.1504391896802,1,9
2406196,27,190,1-27-2024-190-04,4,2,2690,1635,1635,P235/65R18,250,P235/65R18,250,,,,,,,,,148.721534412378,3,9
2406331,13,88,1-13-2024-088-02,2,1,9999,9999,9999,9999999999,999,9999999999,999,,,,,,,,,14.0005931901574,7,9
2403669,48,120,1-48-2024-120-03,3,2,1960,1000,1010,9999999999,999,9999999999,999,,,,,,,,,54.9604072040948,12,9
2405011,11,149,1-11-2024-149-07,7,1,1733,939,839,P215/45R17,220,P215/45R17,220,,,,,,,,,10606.7390180541,8,9
2405317,60,82,1-60-2024-082-03,3,1,2328,1219,1117,P235/55R20,230,P235/55R20,230,,,,,,,,,194.402864300273,8,9
2405748,10,117,1-10-2024-117-03,3,2,1695,900,810,P215/55R16,220,P215/55R16,220,,,,,,,,,113.722882193099,4,9
2406025,73,151,1-73-2024-151-07,7,1,2092,1185,1185,P215/55R17,999,P215/55R17,999,,,,,,,,,892.951346542376,3,9
2400260,15,9,1-15-2024-009-04,4,1,2100,1250,1220,P225/55R17,230,P225/55R17,220,,,,,,,,,69.967844187878,1,9
2400352,69,8,1-69-2024-008-06,6,2,2480,1410,1300,P235/55R20,240,P235/55R20,240,,,,,,,,,283.459404118065,8,9
2401214,13,33,1-13-2024-033-02,2,2,2724,1339,1452,9999999999,999,9999999999,999,,,,,,,,,9.13287494953795,7,9
2402305,30,79,1-30-2024-079-02,2,2,2360,1160,1250,P235/50R19,260,P235/50R19,260,,,,,,,,,16.2875943881497,10,9
2402968,20,83,1-20-2024-083-09,9,1,2700,1285,1450,P235/65R16,240,P235/65R16,240,,,,,,,,,339.011405965121,11,9
2403231,32,112,1-32-2024-112-04,4,3,1700,876,943,P215/40R18,240,P215/40R18,240,,,,,,,,,1708.50129629089,7,9
2405101,10,99,1-10-2024-099-08,8,1,9999,9999,9999,9999999999,999,9999999999,999,,,,,,,,,92.0132231095475,4,9
2405473,32,148,1-32-2024-148-02,2,1,2722,1350,1450,P235/65R18,240,P235/65R18,240,,,,,,,,,15.2800393080999,7,9
2403506,26,100,1-26-2024-100-04,4,2,2500,1205,1370,P245/40R20,290,P275/35R20,310,,,,,,,,,4774.58117313973,10,9
2403586,69,77,1-69-2024-077-08,8,1,2812,1633,1672,P255/70R16,210,P255/70R16,240,,,,,,,,,99.4639493060289,8,9
2404554,48,149,1-48-2024-149-09,9,2,1970,1020,1000,P205/55R16,230,P205/55R16,230,,,,,,,,,69.6007046591066,12,9
2404824,24,134,1-24-2024-134-06,6,1,2390,1300,1300,P235/55R18,210,P235/55R18,210,,,,,,,,,52.2007608551518,1,9
2404891,81,122,1-81-2024-122-05,5,1,1734,905,835,P205/55R16,230,P205/55R16,230,,,,,,,,,233.039908985717,8,9
2400565,48,21,1-48-2024-021-03,3,1,2000,1060,1060,P225/55R18,240,P225/55R18,240,,,,,,,,,54.9604072040948,12,9
2401138,17,35,1-17-2024-035-07,7,1,2122,1072,1089,P225/65R17,230,P225/65R17,230,,,,,,,,,1191.73874796029,4,9
2401434,16,41,1-16-2024-041-03,3,1,1978,1061,975,P225/60R18,230,P225/60R18,230,,,,,,,,,209.342329809814,5,9
2401501,54,37,1-54-2024-037-04,4,2,1917,1010,940,P215/60R16,220,P215/60R16,220,,,,,,,,,152.997399597271,9,9
2401823,32,68,1-32-2024-068-05,5,2,1917,1010,940,9999999999,999,9999999999,999,,,,,,,,,47.373478183051,7,9
2401849,29,18,1-29-2024-018-03,3,1,2030,1090,950,P235/40R19,225,P235/40R19,225,,,,,,,,,104.719093140208,2,9
2402486,28,75,1-28-2024-075-09,9,1,1598,850,820,P185/60R14,230,P185/60R14,230,,,,,,,,,34.7771381559099,3,9
2402668,57,58,1-57-2024-058-01,1,1,9999,9999,9999,P215/60R16,250,P215/60R16,250,,,,,,,,,57.1661146630177,1,9
2405116,69,124,1-69-2024-124-07,7,1,1944,1065,995,P205/70R16,240,P205/70R16,240,,,,,,,,,454.78095512756,8,9
2405343,11,160,1-11-2024-160-09,9,2,3900,1614,2759,LT235/85R16,379,LT235/85R16,552,,,,,,,,,1362.81724767285,8,9
2405929,20,139,1-20-2024-139-02,2,1,2550,1355,1400,P235/50R20,260,P235/50R20,260,,,,,,,,,19.9171728154044,11,9
2406015,77,195,1-77-2024-195-08,8,1,1960,980,1021,P205/70R15,180,P205/70R15,180,,,,,,,,,249.597236192587,9,9
2406191,52,61,1-52-2024-061-06,6,2,9999,9999,9999,9999999999,999,9999999999,999,,,,,,,,,252.857744755917,12,9
2406294,22,193,1-22-2024-193-03,3,1,2223,1165,1130,P225/60R17,230,P225/60R17,220,,,,,,,,,26.0912892801948,12,9
2402109,15,81,1-15-2024-081-03,3,1,2230,1220,1220,P225/65R17,250,P225/65R17,250,,,,,,,,,15.9642153816097,1,9
2402390,66,55,1-66-2024-055-07,7,1,2545,1380,1490,P265/70R16,210,P265/70R16,210,,,,,,,,,133.367571576148,6,9
2400133,82,5,1-82-2024-005-03,3,2,9999,9999,9999,9999999999,999,9999999999,999,,,,,,,,,52.624413969372,1,9
2400850,18,34,1-18-2024-034-04,4,2,1810,972,880,P215/55R16,240,P215/55R16,240,,,,,,,,,102.380498112207,6,9
2401447,22,43,1-22-2024-043-04,4,2,1890,988,902,P225/50R18,220,P225/50R18,190,,,,,,,,,53.9355248684657,12,9
2402471,25,59,1-25-2024-059-03,3,2,1785,1050,971,P205/55R16,240,P205/55R16,230,,,,,,,,,131.732067428066,2,9
2402853,59,89,1-59-2024-089-08,8,2,2450,1203,1361,P225/75R16,240,P225/75R16,240,,,,,,,,,133.30209263851,6,9
2403162,81,70,1-81-2024-070-03,3,1,1963,1097,945,P235/40R19,230,P235/40R19,230,,,,,,,,,379.516553503678,8,9
2404690,12,90,1-12-2024-090-04,4,2,2314,1275,1275,P245/45R20,220,P245/45R20,220,,,,,,,,,281.489589220678,9,9
2404590,11,138,1-11-2024-138-05,5,2,1792,1010,821,9999999999,999,9999999999,999,,,,,,,,,31.8812723055547,8,9
2402578,18,80,1-18-2024-080-03,3,1,2110,1180,1080,P225/55R18,240,P225/55R18,220,,,,,,,,,98.0295171801001,6,9
2403265,26,95,1-26-2024-095-05,5,1,4536,2540,2876,LT275/70R18,420,LT275/70R18,450,,,,,,,,,39.670972526611,10,9
2403929,15,157,1-15-2024-157-06,6,1,2130,1100,1075,9999999999,999,9999999999,999,,,,,,,,,74.7951998804278,1,9
2404476,27,139,1-27-2024-139-07,7,1,1810,958,860,P215/50R18,250,P215/50R18,230,,,,,,,,,161.549477680357,3,9
2402601,69,47,1-69-2024-047-05,5,1,2061,1069,992,P225/55R19,240,P225/55R19,240,,,,,,,,,20.2105701272305,8,9
2401937,60,19,1-60-2024-019-03,3,1,2096,1098,1006,P235/50R18,240,P235/50R18,240,,,,,,,,,418.980773569658,8,9
2402887,15,113,1-15-2024-113-03,3,1,2025,1175,1200,P225/65R17,240,P225/65R17,240,,,,,,,,,15.0688068346335,1,9
2402223,32,78,1-32-2024-078-02,2,2,1626,855,780,P195/65R15,210,P195/65R15,210,,,,,,,,,7.31416728043487,7,9
2401891,13,51,1-13-2024-051-02,2,2,9999,9999,9999,9999999999,999,9999999999,999,,,,,,,,,10.2488631638442,7,9
2402415,13,61,1-13-2024-061-02,2,2,2747,1339,1452,P245/60R18,250,P245/60R18,250,,,,,,,,,24.0212654326691,7,9
2401081,59,36,1-59-2024-036-07,7,2,9999,9999,9999,9999999999,999,9999999999,999,,,,,,,,,916.555792512821,6,9
2405681,19,80,1-19-2024-080-06,6,1,9999,9999,9999,9999999999,999,9999999999,999,,,,,,,,,251.022651978485,9,9
2402392,21,49,1-21-2024-049-03,3,1,1722,896,826,P195/60R15,230,P195/60R15,230,,,,,,,,,176.256889010131,11,9
2403766,33,64,1-33-2024-064-08,8,1,9999,9999,9999,9999999999,999,9999999999,999,,,,,,,,,46.8116241353717,12,9
2405263,81,135,1-81-2024-135-NM1,21,1,3040,1770,1770,P275/60R20,240,P275/60R20,240,,,,,,,,,20.6268312285561,8,9
2403720,28,112,1-28-2024-112-10,10,2,2948,1632,1610,P255/70R16,241,P255/70R16,241,,,,,,,,,187.992842110574,3,9
2403893,25,101,1-25-2024-101-03,3,1,1750,1030,950,P205/55R16,235,P205/55R16,215,,,,,,,,,266.279947606205,2,9
2404060,48,129,1-48-2024-129-05,5,1,1858,965,893,P225/55R17,230,P225/55R17,230,,,,,,,,,80.9035530796695,12,9
2404250,21,90,1-21-2024-090-04,4,1,1975,1140,1050,P205/65R16,240,P205/65R16,240,,,,,,,,,291.806377579817,11,9
2404420,18,117,1-18-2024-117-01,1,2,2495,1273,1273,P225/60R18,230,P225/60R18,230,,,,,,,,,63.8166126674341,6,9
2404990,15,192,1-15-2024-192-04,4,2,9999,9999,9999,P225/60R17,241,P225/60R17,241,,,,,,,,,76.8926077473527,1,9
2405647,14,113,1-14-2024-113-05,5,2,3311,1640,1970,P265/70R18,240,P265/70R18,240,,,,,,,,,76.4230415651045,8,9
2406115,20,145,1-20-2024-145-03,3,2,2059,1211,1034,P215/55R17,210,P215/55R17,210,,,,,,,,,139.88736858082,11,9
2406209,21,154,1-21-2024-154-01,1,1,9999,9999,9999,9999999999,999,9999999999,999,,,,,,,,,32.0082246155111,11,9
2406231,62,184,1-62-2024-184-05,5,2,3130,1770,1770,P275/60R20,270,P275/60R20,270,,,,,,,,,86.4816168998291,7,9
2403333,69,68,1-69-2024-068-02,2,2,2540,1335,1490,P265/65R17,220,P265/65R17,220,,,,,,,,,7.30201599951961,8,9
2400708,31,13,1-31-2024-013-07,7,1,2047,1048,999,P225/55R17,240,P225/55R17,240,,,,,,,,,230.868935151332,6,9
2401331,29,17,1-29-2024-017-03,3,2,1875,1040,960,P215/55R17,228,P215/55R17,228,,,,,,,,,284.864988100977,2,9
2401905,73,61,1-73-2024-061-05,5,2,2745,1339,1407,P225/65R17,250,P225/65R17,250,,,,,,,,,34.7225186472303,3,9
2402014,77,70,1-77-2024-070-03,3,1,9999,9999,9999,9999999999,999,9999999999,999,,,,,,,,,68.3121620749861,9,9
2402197,79,46,1-79-2024-046-01,1,2,2903,1780,1701,P265/75R16,240,P265/75R16,240,,,,,,,,,107.802444352875,8,9
2402573,48,81,1-48-2024-081-04,4,1,2207,1110,1257,P235/45R19,290,P235/45R19,290,,,,,,,,,97.455715732025,12,9
2403156,21,66,1-21-2024-066-05,5,1,1733,939,839,P215/45R17,220,P215/45R17,220,,,,,,,,,33.7829758264888,11,9
2403516,27,110,1-27-2024-110-08,8,1,1720,940,800,P205/55R16,220,P205/55R16,220,,,,,,,,,66.4515953857816,3,9
2403693,17,114,1-17-2024-114-07,7,1,2025,1175,1200,P235/50R19,240,P235/50R19,240,,,,,,,,,1761.97755269954,4,9
2404052,10,69,1-10-2024-069-05,5,2,2047,1048,999,P225/55R17,240,P225/55R17,240,,,,,,,,,59.1173447825401,4,9
2406036,48,194,1-48-2024-194-02,2,3,2720,1340,1585,P245/55R19,210,P245/55R19,210,,,,,,,,,74.210049573419,12,9
2405704,24,157,1-24-2024-157-02,2,2,2710,1635,1635,P235/65R18,250,P235/65R18,250,,,,,,,,,24.2721053029394,1,9
2404954,16,121,1-16-2024-121-06,6,1,2427,1275,1275,P235/55R19,210,P235/55R19,210,,,,,,,,,1938.27793484158,5,9
2402950,79,64,1-79-2024-064-03,3,1,3198,1565,1724,P265/70R17,240,P265/70R17,240,,,,,,,,,104.756877618907,8,9
2402455,20,72,1-20-2024-072-05,5,1,2722,1350,1450,P235/65R18,240,P235/65R18,240,,,,,,,,,19.9171728154044,11,9
2401954,14,32,1-14-2024-032-02,2,2,1844,1050,971,P225/40R18,230,P225/40R18,210,,,,,,,,,81.6126543321507,8,9
2406096,27,188,1-27-2024-188-06,6,1,1742,948,839,P205/55R16,220,P205/55R16,220,,,,,,,,,96.5885483091747,3,9
2400686,57,14,1-57-2024-014-03,3,1,1710,953,857,P205/55R17,230,P205/55R17,230,,,,,,,,,801.488027441767,1,9
2402309,73,69,1-73-2024-069-03,3,1,2765,1325,1525,P235/60R18,240,P235/60R18,240,,,,,,,,,23.5881329232141,3,9
2405741,21,139,1-21-2024-139-08,8,1,2036,1130,906,9999999999,999,9999999999,999,,,,,,,,,55.9343767601107,11,9
2402160,62,55,1-62-2024-055-04,4,1,4536,2722,2740,LT275/70R18,415,LT275/70R18,415,,,,,,,,,1788.30992745826,7,9
2401413,76,33,1-76-2024-033-09,9,1,2128,1154,974,P225/60R16,210,P225/60R16,210,,,,,,,,,82.5706054598967,3,9
2403683,57,89,1-57-2024-089-03,3,1,1963,1097,945,P215/60R16,220,P215/60R16,220,,,,,,,,,142.803718227195,1,9
2403726,32,124,1-32-2024-124-07,7,1,2473,1248,1316,P225/65R17,250,P225/65R17,250,,,,,,,,,16039.8860823842,7,9
2402206,60,23,1-60-2024-023-04,4,1,1825,1050,950,P205/60R16,230,P205/60R16,230,,,,,,,,,316.092762988245,8,9
2401121,12,21,1-12-2024-021-03,3,1,9999,9999,9999,9999999999,999,9999999999,999,,,,,,,,,213.260129545021,9,9
2403975,20,103,1-20-2024-103-03,3,1,2030,1070,960,P235/40R19,225,P235/40R19,225,,,,,,,,,164.921231804765,11,9
2404221,57,113,1-57-2024-113-03,3,1,2029,1102,928,P225/50R17,230,P225/50R17,230,,,,,,,,,139.736179967937,1,9
2402993,27,94,1-27-2024-094-07,7,2,2513,1306,1225,P245/55R19,240,P245/55R19,240,,,,,,,,,35.5728790039804,3,9
2402329,17,75,1-17-2024-075-01,1,1,9999,9999,9999,9999999999,999,9999999999,999,,,,,,,,,79.7282237668519,4,9
2403517,27,111,1-27-2024-111-04,4,1,2641,1250,1427,P255/60R18,230,P255/60R18,230,,,,,,,,,90.877425014538,3,9
2404624,15,177,1-15-2024-177-09,9,1,1720,940,800,P205/55R16,220,P205/55R16,220,,,,,,,,,272.050476787728,1,9
2405866,66,115,1-66-2024-115-06,6,1,2638,1495,1511,P265/70R16,240,P265/70R16,240,,,,,,,,,124.972344097308,6,9
2400449,82,14,1-82-2024-014-03,3,1,1970,1010,1000,P225/60R17,230,P225/60R17,220,,,,,,,,,172.284856255446,1,9
2400821,13,19,1-13-2024-019-05,5,1,9999,9999,9999,9999999999,999,9999999999,999,,,,,,,,,60.3736833423052,7,9
2401702,26,44,1-26-2024-044-03,3,1,9999,9999,9999,9999999999,999,9999999999,999,,,,,,,,,128.240497755438,10,9
2401851,15,73,1-15-2024-073-04,4,2,9999,9999,9999,9999999999,999,9999999999,999,,,,,,,,,67.5335534717889,1,9
2401941,25,46,1-25-2024-046-04,4,2,1930,1040,1000,P235/45R18,228,P235/45R18,228,,,,,,,,,652.689474059063,2,9
2402209,25,52,1-25-2024-052-03,3,2,2100,1188,1098,P235/45R18,250,P235/45R18,250,,,,,,,,,72.4488725969622,2,9
2403036,81,68,1-81-2024-068-05,5,1,2096,1098,1006,P235/55R17,240,P235/55R17,240,,,,,,,,,46.9373959605953,8,9
2403144,15,121,1-15-2024-121-03,3,1,2490,1250,1360,9999999999,999,9999999999,999,,,,,,,,,8.49612670451469,1,9
2403315,18,93,1-18-2024-093-05,5,2,2495,1273,1273,P245/65R17,250,P245/65R17,250,,,,,,,,,50.9427492020977,6,9
2405269,62,157,1-62-2024-157-04,4,1,2730,1320,1515,P235/65R17,230,P235/65R17,230,,,,,,,,,1438.83646958712,7,9
2405354,29,91,1-29-2024-091-NM2,22,1,9999,9999,9999,9999999999,999,9999999999,999,,,,,,,,,400.603383200049,2,9
2406322,62,187,1-62-2024-187-04,4,1,4242,2100,2400,LT225/75R16,450,LT225/75R16,550,,,,,,,,,222.924358252984,7,9
2401207,16,38,1-16-2024-038-05,5,2,2165,1065,1125,9999999999,999,9999999999,999,,,,,,,,,15.6592746300539,5,9
2402692,69,50,1-69-2024-050-NM1,21,1,9999,9999,9999,9999999999,999,9999999999,999,,,,,,,,,7.66811372485411,8,9
2402984,25,73,1-25-2024-073-03,3,2,2040,1160,1140,P205/65R16,235,P205/65R16,235,,,,,,,,,202.836436941567,2,9
2403057,18,88,1-18-2024-088-03,3,1,2000,1060,1060,P225/60R17,240,P225/60R17,240,,,,,,,,,141.937523628979,6,9
2403327,18,94,1-18-2024-094-09,9,1,1944,1076,901,P225/45R17,235,P225/45R17,235,,,,,,,,,454.062294625787,6,9
2403873,19,49,1-19-2024-049-07,7,2,2165,1050,1150,P185/60R15,300,P185/60R15,325,,,,,,,,,1055.00384439502,9,9
2404245,17,136,1-17-2024-136-04,4,1,1780,1050,971,P205/55R16,240,P205/55R16,230,,,,,,,,,172.988606540628,4,9
2404437,17,144,1-17-2024-144-04,4,1,1825,1050,950,P205/60R16,230,P205/60R16,230,,,,,,,,,259.044709221254,4,9
2405353,29,90,1-29-2024-090-NM2,22,1,2012,1080,1044,P225/60R17,240,P225/60R17,240,,,,,,,,,400.603383200049,2,9
2405640,77,177,1-77-2024-177-06,6,2,2130,1150,1200,P225/65R17,240,P225/65R17,230,,,,,,,,,1021.39406710871,9,9
2405725,27,175,1-27-2024-175-04,4,2,2580,1290,1350,P265/45R20,250,P295/40R20,270,,,,,,,,,90.2307194288076,3,9
2400897,32,25,1-32-2024-025-02,2,2,9999,9999,9999,9999999999,999,9999999999,999,9999999999,999,9999999999,999,,,,,6.82324656710563,7,9
2400419,10,7,1-10-2024-007-06,6,2,2585,1339,1452,P245/65R17,228,P245/65R17,228,,,,,,,,,529.49150245627,4,9
2401534,12,27,1-12-2024-027-10,10,1,2812,1633,1672,P235/75R16,240,P235/75R16,240,,,,,,,,,10950.8685767775,9,9
2402275,77,78,1-77-2024-078-08,8,1,1987,953,1157,P225/70R15,205,P225/70R15,205,,,,,,,,,341.959658651189,9,9
2402384,60,26,1-60-2024-026-03,3,1,3311,1633,1860,P275/55R20,220,P275/55R20,220,,,,,,,,,267.027731709782,8,9
2402617,10,36,1-10-2024-036-03,3,2,2000,1060,1060,P225/55R18,240,P225/55R18,240,,,,,,,,,150.425980569647,4,9
2402754,26,79,1-26-2024-079-NM2,22,1,9999,9999,9999,9999999999,999,9999999999,999,,,,,,,,,1030.55932741376,10,9
2402981,16,88,1-16-2024-088-06,6,1,2291,1273,1273,P225/60R17,250,P225/60R17,250,,,,,,,,,423.092773126644,5,9
2403446,30,125,1-30-2024-125-03,3,2,3221,1770,1860,P275/55R20,250,P275/55R20,250,,,,,,,,,215.060821084077,10,9
2403800,17,117,1-17-2024-117-09,9,1,2790,1339,1452,P235/65R17,228,P235/65R17,228,,,,,,,,,1033.68198504906,4,9
2404256,57,114,1-57-2024-114-06,6,1,9999,9999,9999,9999999999,999,9999999999,999,,,,,,,,,434.808217529321,1,9
2404181,60,61,1-60-2024-061-01,1,1,1819,1030,987,P195/65R15,240,P195/65R15,230,,,,,,,,,35.3078303623944,8,9
2402017,59,64,1-59-2024-064-06,6,1,1758,972,853,P205/50R17,230,P205/50R17,230,,,,,,,,,264.039231659228,6,9
2403348,24,94,1-24-2024-094-02,2,2,9999,9999,9999,9999999999,999,9999999999,999,,,,,,,,,24.2721053029394,1,9
2403746,82,96,1-82-2024-096-03,3,2,2575,1320,1345,P225/55R19,999,P225/55R19,999,,,,,,,,,164.720885523959,1,9
2400663,30,21,1-30-2024-021-06,6,2,3130,1656,1814,P245/70R17,240,P245/70R17,240,,,,,,,,,1312.87881431416,10,9
2404244,17,135,1-17-2024-135-04,4,1,2722,1350,1545,P235/55R20,250,P235/55R20,250,,,,,,,,,172.988606459298,4,9
2405369,22,164,1-22-2024-164-08,8,2,2110,1100,1060,P235/45R18,230,P235/45R18,230,,,,,,,,,29.5597025273187,12,9
2401290,32,46,1-32-2024-046-05,5,1,2180,1170,1020,P245/45R18,230,P245/45R18,230,,,,,,,,,19.3075499927048,7,9
2403305,10,52,1-10-2024-052-NM1,21,1,2450,1248,1339,P225/75R16,227,P225/75R16,227,,,,,,,,,48.5486424740169,4,9
2404387,81,107,1-81-2024-107-09,9,1,2190,1350,1450,P235/65R17,230,P235/65R17,230,,,,,,,,,10381.8533666727,8,9
2400998,19,17,1-19-2024-017-04,4,1,2025,1175,1200,P235/35R17,240,P235/35R17,240,,,,,,,,,376.7598096276,9,9
2400855,12,17,1-12-2024-017-03,3,1,2130,1100,1040,P235/65R17,220,P235/65R17,210,,,,,,,,,365.80465840508,9,9
2403703,20,99,1-20-2024-099-06,6,1,2075,1090,1035,P225/50R18,220,P225/50R18,220,,,,,,,,,580.152344302802,11,9
2400706,31,11,1-31-2024-011-06,6,1,1944,1065,995,P205/70R16,240,P205/70R16,240,,,,,,,,,238.979638420053,6,9
2402870,28,85,1-28-2024-085-09,9,1,2715,1405,1405,P235/55R18,240,P235/55R18,240,,,,,,,,,92.0175684329191,3,9
2400557,62,16,1-62-2024-016-04,4,2,2230,1220,1220,P225/65R17,250,P225/65R17,250,,,,,,,,,2472.48073760357,7,9
2401639,18,60,1-18-2024-060-06,6,2,2080,1070,1060,P225/60R17,220,P225/60R17,210,,,,,,,,,54.423046779444,6,9
2404934,19,67,1-19-2024-067-03,3,2,9999,9999,9999,9999999999,999,9999999999,999,,,,,,,,,122.471944698346,9,9
2402721,60,31,1-60-2024-031-03,3,1,9999,9999,9999,9999999999,999,9999999999,999,,,,,,,,,119.065719555682,8,9
2405661,73,144,1-73-2024-144-04,4,1,2090,1150,1150,P235/55R19,240,P235/55R19,240,,,,,,,,,38.9268584589882,3,9
2405970,21,144,1-21-2024-144-09,9,1,9999,9999,9999,9999999999,999,9999999999,999,,,,,,,,,1556.4985223625,11,9
2403454,12,58,1-12-2024-058-04,4,1,1975,1055,941,P215/60R17,230,P215/60R17,230,,,,,,,,,523.991116135277,9,9
2404822,11,145,1-11-2024-145-03,3,2,2747,1339,1452,P235/65R17,248,P235/65R17,248,,,,,,,,,1695.08681338025,8,9
2400052,27,1,1-27-2024-001-NM1,21,1,1733,939,839,P215/45R17,220,P215/45R17,220,,,,,,,,,20.5862279366663,3,9
2400446,62,13,1-62-2024-013-01,1,1,9999,9999,9999,9999999999,999,9999999999,999,,,,,,,,,59.5483306771287,7,9
2400762,18,27,1-18-2024-027-08,8,1,2503,1236,1315,P215/65R17,220,P215/65R17,235,,,,,,,,,56.5663772378367,6,9
2401992,22,58,1-22-2024-058-07,7,1,1650,990,950,P195/65R15,230,P195/65R15,230,,,,,,,,,77.3544414610742,12,9
2402287,81,45,1-81-2024-045-06,6,1,2715,1325,1415,P235/65R18,228,P235/65R18,228,,,,,,,,,3485.90739032766,8,9
2403139,29,27,1-29-2024-027-03,3,1,1800,955,855,P235/40R18,225,P235/40R18,220,,,,,,,,,251.073895307197,2,9
2404892,81,123,1-81-2024-123-05,5,2,9999,9999,9999,P245/50R19,220,P245/50R19,240,,,,,,,,,233.039908985717,8,9
2405206,14,99,1-14-2024-099-05,5,1,1940,1050,900,P215/65R16,240,P215/65R16,240,,,,,,,,,76.4230415651045,8,9
2405268,62,156,1-62-2024-156-06,6,1,2268,1225,1361,P245/75R17,250,P245/75R17,250,,,,,,,,,1435.74294690315,7,9
2405565,60,90,1-60-2024-090-08,8,2,1750,900,860,P195/55R16,230,P195/55R16,230,,,,,,,,,193.300886538683,8,9
2403418,59,107,1-59-2024-107-02,2,1,2030,1090,950,P235/40R19,225,P235/40R19,225,,,,,,,,,48.7900687173874,6,9
2403730,31,75,1-31-2024-075-06,6,1,2745,1339,1407,P225/65R17,250,P225/65R17,250,,,,,,,,,308.176861795721,6,9
2404080,54,97,1-54-2024-097-02,2,1,2090,1150,1150,P225/65R17,240,P225/65R17,240,,,,,,,,,132.981711816027,9,9
2404617,76,135,1-76-2024-135-06,6,1,2100,1200,1160,P215/70R16,999,P215/70R16,999,,,,,,,,,69.290638741677,3,9
2401600,20,45,1-20-2024-045-04,4,2,1963,1097,945,9999999999,999,9999999999,999,,,,,,,,,97.0055406081488,11,9
2401763,17,59,1-17-2024-059-07,7,2,2140,1200,1150,P225/55R18,240,P225/55R18,240,,,,,,,,,606.147022253054,4,9
2401897,48,65,1-48-2024-065-03,3,1,1733,939,839,P215/45R17,220,P215/45R17,220,,,,,,,,,60.2828887438597,12,9
2402030,62,51,1-62-2024-051-02,2,1,2100,1160,970,P235/40R19,240,P235/40R19,220,,,,,,,,,30.7296078319322,7,9
2402302,13,58,1-13-2024-058-06,6,2,2638,1495,1511,P265/70R16,240,P265/70R16,240,,,,,,,,,3257.73544489409,7,9
2404000,25,105,1-25-2024-105-04,4,1,9999,9999,9999,9999999999,999,9999999999,999,,,,,,,,,459.794085497368,2,9
2404139,15,163,1-15-2024-163-09,9,2,1573,838,801,P185/55R15,215,P185/55R15,215,,,,,,,,,121.052898121903,1,9
2404552,48,147,1-48-2024-147-07,7,2,1850,970,930,P195/65R15,220,P195/65R15,220,,,,,,,,,103.361334065564,12,9
2404685,48,152,1-48-2024-152-09,9,1,2085,1150,1150,P235/55R18,220,P235/55R18,220,,,,,,,,,1175.94355118661,12,9
2406177,11,187,1-11-2024-187-03,3,1,2834,1417,1712,P265/75R15,207,P265/75R15,207,,,,,,,,,199.422450532305,8,9
2400564,48,20,1-48-2024-020-05,5,2,9999,9999,9999,9999999999,999,9999999999,999,,,,,,,,,80.9035530796695,12,9
2400868,20,23,1-20-2024-023-01,1,1,2448,1211,1241,P225/60R16,221,P225/60R16,221,,,,,,,,,35.0220589332575,11,9
2401826,76,50,1-76-2024-050-05,5,1,2040,1160,1140,9999999999,999,9999999999,999,,,,,,,,,69.290638741677,3,9
2402091,16,60,1-16-2024-060-03,3,1,2100,1191,1191,P215/55R17,240,P215/55R17,240,,,,,,,,,493.068595429479,5,9
2402100,27,65,1-27-2024-065-04,4,1,1950,1070,960,P225/50R17,220,P225/50R17,220,,,,,,,,,41.9395991935004,3,9
2403024,81,64,1-81-2024-064-03,3,1,1990,1050,990,P225/45R18,250,P225/45R18,250,,,,,,,,,500.867923811082,8,9
2403040,59,97,1-59-2024-097-08,8,2,1896,1056,1020,P235/60R15,241,P235/60R15,241,,,,,,,,,65.9500406195801,6,9
2403579,30,129,1-30-2024-129-03,3,1,1758,972,853,P205/55R16,230,P205/55R16,230,,,,,,,,,205.548230199915,10,9
2404158,62,121,1-62-2024-121-04,4,2,2855,1360,1560,P265/70R17,220,P265/70R17,220,,,,,,,,,638.341937103006,7,9
2404459,76,127,1-76-2024-127-08,8,2,1905,1210,1035,9999999999,999,9999999999,999,,,,,,,,,75.1501837907099,3,9
2405408,54,118,1-54-2024-118-03,3,1,2790,1266,1583,P275/45R21,230,P275/45R21,230,,,,,,,,,98.4870522809125,9,9
2406293,22,192,1-22-2024-192-07,7,2,4083,2382,2813,LT275/70R18,415,LT275/70R18,550,,,,,,,,,90.6161164716993,12,9
2400165,18,6,1-18-2024-006-03,3,1,3270,1850,1750,P265/70R18,240,P265/70R18,240,,,,,,,,,49.1587237763253,6,9
2400618,16,20,1-16-2024-020-NM1,21,2,1815,980,845,P205/60R16,230,P205/60R16,230,,,,,,,,,19.3635256654646,5,9
2400771,17,25,1-17-2024-025-06,6,1,2080,1150,1000,P215/65R17,240,P215/65R17,240,,,,,,,,,94.7528755365864,4,9
2400188,81,151,1-81-2024-151-08,8,2,2715,1405,1405,P235/60R17,240,P235/60R17,240,,,,,,,,,701.365448693135,8,9
2401240,18,45,1-18-2024-045-05,5,1,2395,1271,1210,P235/55R20,240,P235/55R20,240,,,,,,,,,50.9427492020977,6,9
2405114,21,119,1-21-2024-119-03,3,2,1820,980,850,P215/50R17,230,P215/50R17,230,,,,,,,,,148.195347487054,11,9
2403600,60,44,1-60-2024-044-03,3,1,2050,1150,1200,P225/50R18,230,P225/50R18,220,,,,,,,,,358.218119754571,8,9
2403932,20,102,1-20-2024-102-02,2,1,2100,1140,1100,9999999999,999,9999999999,999,,,,,,,,,19.9171728154044,11,9
2404473,25,120,1-25-2024-120-04,4,2,2638,1495,1511,P265/70R16,240,P265/70R16,240,,,,,,,,,213.041617839475,2,9
2405469,31,116,1-31-2024-116-09,9,1,9999,9999,9999,9999999999,999,9999999999,999,,,,,,,,,161.39423315543,6,9
2404928,54,111,1-54-2024-111-05,5,2,2949,1452,1770,P265/50R20,230,P265/50R20,250,,,,,,,,,197.085952214778,9,9
2400915,66,16,1-66-2024-016-07,7,2,2237,1180,1057,P235/50R18,230,P235/50R18,230,,,,,,,,,240.716767785159,6,9
2404828,25,128,1-25-2024-128-NM1,21,1,2100,1191,1191,P215/55R17,240,P215/55R17,240,,,,,,,,,46.3961698932894,2,9
2403222,25,82,1-25-2024-082-03,3,1,2080,1070,1060,P225/60R17,220,P225/60R17,210,,,,,,,,,218.616726516573,2,9
2401725,15,66,1-15-2024-066-06,6,2,1570,865,755,P175/65R15,230,P175/65R15,230,,,,,,,,,86.0208872627184,1,9
2404327,16,113,1-16-2024-113-NM1,21,1,1755,1010,950,P195/65R15,220,P195/65R15,220,,,,,,,,,55.2220906582399,5,9
2403640,29,38,1-29-2024-038-07,7,3,3334,1701,1837,P275/55R20,240,P275/55R20,240,,,,,,,,,2469.39309836559,2,9
2404032,31,82,1-31-2024-082-04,4,2,1929,995,940,P205/60R16,240,P205/60R16,240,,,,,,,,,222.052598299916,6,9
2402704,30,94,1-30-2024-094-05,5,1,1720,925,810,P205/55R16,220,P205/55R16,220,,,,,,,,,50.0878076533116,10,9
2402395,77,83,1-77-2024-083-03,3,1,3300,1550,1850,P275/50R20,280,P275/50R20,310,,,,,,,,,78.5516932728452,9,9
2406239,57,194,1-57-2024-194-NM1,21,1,9999,9999,9999,9999999999,999,9999999999,999,,,,,,,,,19.2604769426058,1,9
2402498,27,81,1-27-2024-081-04,4,1,2075,1160,935,P225/50R17,220,P225/50R17,220,,,,,,,,,41.9395991935004,3,9
2406388,66,126,1-66-2024-126-10,10,2,2655,1360,1390,P235/60R17,241,P235/60R17,241,,,,,,,,,242.389498710963,6,9
2401021,25,23,1-25-2024-023-05,5,1,9999,9999,9999,9999999999,999,9999999999,999,,,,,,,,,47.0105431448925,2,9
2400042,14,1,1-14-2024-001-07,7,1,9999,9999,9999,9999999999,999,9999999999,999,,,,,,,,,1866.51616575165,8,9
2402203,24,53,1-24-2024-053-03,3,1,2730,1360,1420,P255/50R20,250,P255/50R20,250,,,,,,,,,25.0633899458079,1,9
2402650,59,82,1-59-2024-082-03,3,2,1844,1064,971,P225/40R18,230,P225/40R18,210,,,,,,,,,65.6670720122915,6,9
2405585,12,106,1-12-2024-106-08,8,1,2812,1633,1672,P235/75R15,240,P235/75R15,240,,,,,,,,,295.547885122293,9,9
2406019,13,83,1-13-2024-083-03,3,1,1610,850,840,9999999999,999,9999999999,999,,,,,,,,,5418.42420219838,7,9
2403197,33,53,1-33-2024-053-02,2,2,2405,1275,1275,P245/45R20,220,P245/45R20,220,,,,,,,,,23.2460633538017,12,9
2403247,22,98,1-22-2024-098-09,9,1,9999,9999,9999,9999999999,999,9999999999,999,,,,,,,,,137.698592865848,12,9
2403803,17,120,1-17-2024-120-08,8,1,1948,1017,993,P215/60R16,220,P215/60R16,220,,,,,,,,,81.8291386934797,4,9
2404886,22,148,1-22-2024-148-NM2,22,1,3175,1701,1724,P275/65R18,240,P275/65R18,240,,,,,,,,,35.1496027167127,12,9
2405438,82,157,1-82-2024-157-03,3,1,2223,1165,1130,P225/60R17,250,P225/60R17,240,,,,,,,,,149.786835379749,1,9
2400070,13,2,1-13-2024-002-01,1,1,2142,1030,1124,P225/55R17,230,P225/55R17,230,,,,,,,,,148.493580370567,7,9
2400390,26,6,1-26-2024-006-02,2,1,2700,1300,1430,P235/70R16,220,P235/70R16,220,,,,,,,,,21.1529220587709,10,9
2400416,33,4,1-33-2024-004-07,7,1,1776,1021,975,P195/65R15,240,P195/65R15,240,,,,,,,,,340.191805857762,12,9
2401011,48,36,1-48-2024-036-03,3,1,2301,1110,1257,P235/45R18,290,P235/45R18,290,,,,,,,,,54.9604072040948,12,9
2401040,28,26,1-28-2024-026-09,9,2,1951,998,1134,P205/75R15,193,P205/75R15,221,,,,,,,,,122.739004237079,3,9
2401309,82,32,1-82-2024-032-10,10,1,2123,1107,1021,P235/45R18,235,P235/45R18,235,,,,,,,,,7602.82091849432,1,9
2403451,33,60,1-33-2024-060-02,2,2,2095,1090,1055,P235/55R19,230,P235/55R19,210,,,,,,,,,23.2460633538017,12,9
2403471,24,99,1-24-2024-099-04,4,1,1950,1070,960,P225/50R17,220,P225/50R17,220,,,,,,,,,406.450013280433,1,9
2405185,54,113,1-54-2024-113-02,2,2,1610,872,766,P195/55R16,230,P195/55R16,210,,,,,,,,,132.981711816027,9,9
2405284,67,47,1-67-2024-047-03,3,1,9999,9999,9999,9999999999,999,9999999999,999,,,,,,,,,154.802313266031,7,9
2401953,14,31,1-14-2024-031-02,2,2,2030,1188,1098,P235/45R18,240,P235/45R18,240,,,,,,,,,81.6126543321507,8,9
2401964,27,62,1-27-2024-062-04,4,2,2276,1072,1215,P225/65R17,230,P225/65R17,230,,,,,,,,,24.5979731675322,3,9
2402553,14,42,1-14-2024-042-04,4,1,2631,1451,1588,P255/55R20,240,P255/55R20,240,,,,,,,,,528.191248764713,8,9
2402866,32,99,1-32-2024-099-03,3,1,3085,1678,1724,P275/60R20,240,P275/60R20,240,,,,,,,,,349.520426121039,7,9
2405841,12,115,1-12-2024-115-09,9,1,3266,1792,1792,P285/45R22,240,P285/45R22,240,,,,,,,,,356.90055195776,9,9
2406149,48,200,1-48-2024-200-06,6,1,2032,1048,1093,P225/60R17,210,P225/60R17,200,,,,,,,,,239.787560270205,12,9
2404342,27,136,1-27-2024-136-06,6,2,1990,1065,995,P215/55R18,240,P215/55R18,240,,,,,,,,,21.5091807373324,3,9
2404676,62,136,1-62-2024-136-04,4,1,2490,1250,1360,P235/55R19,230,P235/55R19,250,,,,,,,,,3101.50103568671,7,9
2404920,48,159,1-48-2024-159-06,6,1,2747,1339,1452,P235/65R17,250,P235/65R17,250,,,,,,,,,86.4307074675267,12,9
2405222,77,166,1-77-2024-166-03,3,1,1950,990,1000,P195/65R15,240,P195/65R15,230,,,,,,,,,568.911465081433,9,9
2400314,17,9,1-17-2024-009-03,3,2,2223,1165,1130,P225/60R17,230,P225/60R17,220,,,,,,,,,60.7880401010966,4,9
2401271,24,28,1-24-2024-028-01,1,1,9999,9999,9999,9999999999,999,9999999999,999,,,,,,,,,23.1726143074507,1,9
2401423,28,38,1-28-2024-038-10,10,1,2328,1219,1117,P235/55R20,230,P235/55R20,230,,,,,,,,,80.5683609045318,3,9
2401546,14,24,1-14-2024-024-02,2,1,2722,1350,1545,P235/65R18,240,P235/65R18,240,,,,,,,,,73.7387227230028,8,9
2402353,32,84,1-32-2024-084-02,2,1,2090,1150,1150,P235/55R19,230,P235/55R19,230,,,,,,,,,8.40925917720626,7,9
2402592,57,53,1-57-2024-053-08,8,1,1850,940,960,P195/65R15,220,P195/65R15,220,,,,,,,,,178.816742254017,1,9
2403546,23,41,1-23-2024-041-10,10,2,9999,9999,9999,9999999999,999,9999999999,999,,,,,,,,,24230.4540548434,5,9
2403689,54,91,1-54-2024-091-10,10,1,9999,9999,9999,9999999999,999,9999999999,999,,,,,,,,,594.813207503092,9,9
2403950,48,127,1-48-2024-127-09,9,2,9999,9999,9999,9999999999,999,9999999999,999,,,,,,,,,454.362406013,12,9
2404729,31,100,1-31-2024-100-10,10,1,2098,1136,962,P225/45R18,240,P225/45R18,240,,,,,,,,,730.093202930715,6,9
2404859,29,74,1-29-2024-074-06,6,1,2112,1210,1070,P215/60R16,220,P215/60R16,220,,,,,,,,,1928.26533178592,2,9
2405002,22,152,1-22-2024-152-03,3,2,2949,1293,1679,P265/60R18,250,P265/60R18,250,,,,,,,,,28.3765658017979,12,9
2405141,59,151,1-59-2024-151-04,4,1,2014,1097,945,P235/40R19,230,P235/40R19,230,,,,,,,,,619.324138047773,6,9
2406045,12,120,1-12-2024-120-04,4,2,4536,1860,2876,LT245/75R17,450,LT245/75R17,550,,,,,,,,,331.530424264406,9,9
2406172,24,172,1-24-2024-172-09,9,3,9999,9999,9999,9999999999,999,9999999999,999,,,,,,,,,1118.00166555289,1,9
2406325,77,204,1-77-2024-204-03,3,1,2030,1129,1098,P215/55R17,240,P215/55R17,240,,,,,,,,,265.544959638898,9,9
2402713,11,74,1-11-2024-074-07,7,1,2032,1048,1093,P225/60R17,210,P225/60R17,200,,,,,,,,,1887.19969222058,8,9
2400250,22,6,1-22-2024-006-03,3,2,2095,1090,1055,P235/65R17,250,P235/65R17,230,,,,,,,,,42.1405403497324,12,9
2402404,62,61,1-62-2024-061-01,1,2,3080,1460,1775,P275/45R20,300,P275/45R20,340,,,,,,,,,99.2483684628632,7,9
2402404,62,61,1-62-2024-061-01,1,3,9999,9999,9999,9999999999,999,9999999999,999,,,,,,,,,99.2483684628632,7,9
2402442,33,40,1-33-2024-040-03,3,1,2422,1098,1379,P225/60R18,270,P225/60R18,270,,,,,,,,,51.2513411158493,12,9
2402718,25,66,1-25-2024-066-02,2,2,1742,948,839,P205/55R16,220,P205/55R16,220,,,,,,,,,37.9757314185607,2,9
2403346,24,92,1-24-2024-092-NM1,21,1,9999,9999,9999,9999999999,999,9999999999,999,,,,,,,,,23.1726143074507,1,9
2403900,14,69,1-14-2024-069-01,1,1,3020,1500,1680,P275/45R21,260,P315/40R21,310,,,,,,,,,108.384761764453,8,9
2404501,31,94,1-31-2024-094-04,4,1,1388,780,750,P185/55R15,240,P185/55R15,240,,,,,,,,,222.052598299916,6,9
2405700,17,187,1-17-2024-187-06,6,1,2447,1220,1300,P215/55R16,270,P215/55R16,290,,,,,,,,,104.937205408191,4,9
2406265,17,203,1-17-2024-203-02,2,2,9999,9999,9999,P205/65R15,210,P205/65R15,210,,,,,,,,,71.3662616428737,4,9
2402804,54,75,1-54-2024-075-10,10,1,3017,1656,1770,P245/70R17,241,P245/70R17,241,,,,,,,,,743.516509378865,9,9
2403387,82,87,1-82-2024-087-06,6,1,2040,1160,1140,P205/65R16,234,P205/65R16,234,,,,,,,,,346.376623734345,1,9
2404115,28,127,1-28-2024-127-03,3,1,2540,1335,1490,P245/75R16,220,P245/75R16,220,,,,,,,,,41.3435203712902,3,9
2404559,30,155,1-30-2024-155-06,6,2,9999,9999,9999,9999999999,999,9999999999,999,,,,,,,,,514.164723405485,10,9
2404695,30,160,1-30-2024-160-02,2,2,2030,1090,950,P235/40R19,225,P235/40R19,225,,,,,,,,,19.7146598979445,10,9
2405765,73,147,1-73-2024-147-03,3,2,4536,9999,2899,LT275/70R18,415,LT275/70R18,450,,,,,,,,,30.3986890211754,3,9
2405890,23,48,1-23-2024-048-03,3,2,1862,969,893,P215/60R16,240,P215/60R16,240,,,,,,,,,1120.10542309425,5,9
2400069,10,2,1-10-2024-002-06,6,2,2113,1004,1118,P225/55R17,230,P225/55R17,230,,,,,,,,,1275.29137392333,4,9
2400098,19,4,1-19-2024-004-06,6,2,1770,1020,920,P205/60R16,230,P205/60R16,230,,,,,,,,,659.23547178436,9,9
2401370,19,24,1-19-2024-024-07,7,1,2246,1275,1275,P245/45R20,220,P245/45R20,220,,,,,,,,,441.36432951908,9,9
2400975,30,33,1-30-2024-033-10,10,1,2059,993,1070,P215/60R17,220,P215/60R17,220,,,,,,,,,19366.7239945855,10,9
2405598,21,135,1-21-2024-135-03,3,3,2665,1635,1635,P235/65R18,250,P235/65R18,250,,,,,,,,,319.39289990617,11,9
2403159,15,124,1-15-2024-124-09,9,2,2085,1150,1150,P235/55R18,221,P235/55R18,221,,,,,,,,,92.0517828779891,1,9
2405933,30,199,1-30-2024-199-03,3,2,2129,1110,1257,P235/45R18,290,P235/45R18,290,,,,,,,,,184.500396573902,10,9
2404868,22,146,1-22-2024-146-07,7,2,2812,1780,1701,P265/75R16,240,P265/75R16,240,,,,,,,,,197.739270609814,12,9
2405223,29,85,1-29-2024-085-03,3,1,1815,980,845,P205/60R16,230,P205/60R16,230,,,,,,,,,148.249072371412,2,9
2404178,54,101,1-54-2024-101-04,4,2,2030,1188,1098,P235/45R18,240,P235/45R18,240,,,,,,,,,258.040390365546,9,9
2401805,25,43,1-25-2024-043-04,4,1,2903,1780,1701,P265/75R16,240,P265/75R16,240,,,,,,,,,53.7806372420421,2,9
2405907,66,117,1-66-2024-117-04,4,1,3243,1633,1882,P275/60R20,240,P275/60R20,240,,,,,,,,,114.973892842,6,9
2402830,69,53,1-69-2024-053-05,5,1,2404,1275,1129,P235/65R17,240,P235/65R17,240,,,,,,,,,11.5280816433101,8,9
2405558,17,184,1-17-2024-184-06,6,2,2150,1191,1100,P235/40R19,240,P235/40R19,240,,,,,,,,,323.708818353724,4,9
2400789,21,19,1-21-2024-019-03,3,2,2350,1150,1250,P215/65R17,260,P215/65R17,260,,,,,,,,,144.121526471186,11,9
2402561,54,64,1-54-2024-064-10,10,1,2480,1410,1300,P235/65R18,240,P235/65R18,240,,,,,,,,,446.109905627319,9,9
2403414,81,78,1-81-2024-078-03,3,1,1800,1040,935,P215/55R17,228,P215/55R17,228,,,,,,,,,724.481315272684,8,9
2403663,77,123,1-77-2024-123-02,2,1,2025,1175,1200,P225/65R17,240,P225/65R17,240,,,,,,,,,83.1566199866033,9,9
2401493,62,37,1-62-2024-037-04,4,1,2050,1016,1061,P265/35R20,240,P265/35R20,240,,,,,,,,,1683.0237030981,7,9
2404490,21,98,1-21-2024-098-03,3,2,1849,963,886,P215/60R16,240,P215/60R16,240,,,,,,,,,474.943084168885,11,9
2402083,24,50,1-24-2024-050-NM1,21,1,2076,1080,1044,P215/60R17,220,P215/60R17,220,,,,,,,,,23.1726143074507,1,9
2400019,13,1,1-13-2024-001-05,5,1,2022,991,1031,P245/40R20,240,P275/30R20,240,,,,,,,,,20.2147445391711,7,9
2400062,31,2,1-31-2024-002-07,7,1,1946,1031,915,P245/40R19,240,P245/40R19,240,,,,,,,,,279.47292149898,6,9
2403260,69,64,1-69-2024-064-07,7,1,2204,1075,1148,P265/35R20,240,P265/35R20,240,,,,,,,,,358.564260518459,8,9
2403758,22,114,1-22-2024-114-09,9,2,2700,1300,1430,P235/70R16,999,P235/70R16,999,,,,,,,,,97.7343067247537,12,9
2403652,59,112,1-59-2024-112-10,10,1,1810,940,883,P215/55R16,240,P215/55R16,240,,,,,,,,,8260.07217756203,6,9
2404777,59,140,1-59-2024-140-03,3,2,2101,1080,1021,P235/50R18,230,P235/50R18,230,,,,,,,,,42.3023913828698,6,9
2402384,60,26,1-60-2024-026-03,3,2,2260,1300,1240,P225/70R16,210,P225/70R16,210,,,,,,,,,267.027731709782,8,9
2406071,25,168,1-25-2024-168-03,3,2,2100,1175,1200,P225/60R18,240,P225/60R18,240,,,,,,,,,83.1755492585875,2,9
2406108,29,107,1-29-2024-107-03,3,3,3395,1630,1850,P275/45R21,280,P315/40R21,300,,,,,,,,,150.499254995144,2,9
2403701,20,98,1-20-2024-098-03,3,2,2120,1095,1220,P225/45R18,250,P225/45R18,270,,,,,,,,,186.446044786686,11,9
2404193,18,113,1-18-2024-113-03,3,1,2100,1175,1200,P225/65R17,240,P225/65R17,240,,,,,,,,,337.833743551218,6,9
2404242,17,133,1-17-2024-133-04,4,1,3221,1770,1860,P275/55R20,250,P275/55R20,250,,,,,,,,,172.988606472898,4,9
2402968,20,83,1-20-2024-083-09,9,2,1770,1020,920,P205/60R16,230,P205/60R16,230,,,,,,,,,339.011405965121,11,9
2403663,77,123,1-77-2024-123-02,2,2,2855,1360,1560,P245/60R20,220,P245/60R20,220,,,,,,,,,83.1566199866033,9,9
2405074,16,123,1-16-2024-123-NM1,21,1,2087,1180,1007,P225/50R18,220,P225/50R18,220,,,,,,,,,43.3211199928482,5,9
2400995,82,26,1-82-2024-026-04,4,1,2355,1210,1365,P255/45R20,999,P255/45R20,999,,,,,,,,,358.918120939719,1,9
2403806,30,134,1-30-2024-134-02,2,2,1940,1150,1000,P235/45R19,240,P235/45R19,240,,,,,,,,,16.6145707079083,10,9
2405429,30,186,1-30-2024-186-02,2,2,2416,1230,1350,P245/40R19,240,P275/35R19,260,,,,,,,,,46.6751587571809,10,9
2404682,54,107,1-54-2024-107-03,3,1,2449,1279,1197,P245/60R18,240,P245/60R18,240,,,,,,,,,117.683388260578,9,9
2402332,17,78,1-17-2024-078-03,3,1,2694,1191,1554,P255/65R18,230,P255/65R18,230,,,,,,,,,94.8735238770259,4,9
2402724,16,81,1-16-2024-081-03,3,1,1991,1063,928,P225/50R17,230,P225/50R17,230,,,,,,,,,480.495209180413,5,9
2402183,30,75,1-30-2024-075-06,6,1,1665,880,785,P205/55R16,220,P205/55R16,220,,,,,,,,,771.048231142881,10,9
2402867,32,100,1-32-2024-100-03,3,1,2520,1220,1300,P245/40R19,300,P275/35R19,340,,,,,,,,,349.52042604562,7,9
2401359,48,46,1-48-2024-046-03,3,1,2030,1070,960,P235/40R19,255,P235/40R19,255,,,,,,,,,54.9604072040948,12,9
2403274,15,130,1-15-2024-130-04,4,2,9999,9999,9999,9999999999,999,9999999999,999,,,,,,,,,109.371972826815,1,9
2400841,62,24,1-62-2024-024-03,3,1,1805,1040,1000,P215/55R17,230,P215/55R17,230,,,,,,,,,408.645387459911,7,9
2405418,79,103,1-79-2024-103-04,4,1,2800,1450,1600,P255/65R18,240,P255/65R18,240,,,,,,,,,103.687310341295,8,9
2405810,24,163,1-24-2024-163-09,9,2,9999,9999,9999,9999999999,999,9999999999,999,,,,,,,,,436.850323051849,1,9
2404150,81,101,1-81-2024-101-02,2,1,1667,880,840,P185/65R16,230,P185/65R16,230,,,,,,,,,26.6902214863668,8,9
2401943,16,55,1-16-2024-055-02,2,2,2090,1150,1150,P225/65R17,250,P225/65R17,250,,,,,,,,,15.1092509057653,5,9
2403958,57,100,1-57-2024-100-06,6,1,2250,1220,1220,P225/65R17,230,P225/65R17,230,,,,,,,,,252.67749279447,1,9
2406059,17,198,1-17-2024-198-04,4,2,3311,1724,1882,P275/60R20,240,P275/60R20,240,,,,,,,,,108.610998588373,4,9
2400357,25,5,1-25-2024-005-06,6,2,2021,1075,962,P215/60R17,230,P215/60R17,230,,,,,,,,,456.185546555652,2,9
2404442,20,110,1-20-2024-110-02,2,1,2025,935,1140,P225/45R18,220,P225/45R18,240,,,,,,,,,22.3941902557774,11,9
2402819,73,84,1-73-2024-084-04,4,1,4536,2717,2876,LT245/75R17,520,LT245/75R17,550,,,,,,,,,314.155662053995,3,9
2403669,48,120,1-48-2024-120-03,3,1,1985,1025,1000,P225/55R18,230,P225/55R18,220,,,,,,,,,54.9604072040948,12,9
2404001,25,106,1-25-2024-106-03,3,1,2175,1120,1120,P235/60R18,240,P235/60R18,220,,,,,,,,,127.298303382568,2,9
2400088,48,6,1-48-2024-006-09,9,1,1742,948,839,P205/55R16,220,P205/55R16,220,,,,,,,,,253.362227564978,12,9
2402982,16,89,1-16-2024-089-03,3,2,3103,1501,1660,P255/60R18,260,P255/60R18,260,,,,,,,,,114.216869220851,5,9
2405899,18,148,1-18-2024-148-03,3,2,2720,1307,1458,P245/60R18,250,P245/60R18,250,,,,,,,,,132.618133574143,6,9
2401485,57,30,1-57-2024-030-03,3,1,2340,1105,1235,P235/55R19,240,P235/55R19,240,,,,,,,,,119.858768946284,1,9
2401817,52,26,1-52-2024-026-03,3,2,1800,967,833,P205/55R16,240,P205/55R16,240,,,,,,,,,24.5452841772009,12,9
2403523,22,106,1-22-2024-106-07,7,1,1539,814,738,P185/60R16,250,P185/60R16,230,,,,,,,,,30.7647443712059,12,9
2405189,69,126,1-69-2024-126-02,2,2,1910,1005,940,P215/60R16,220,P215/60R16,220,,,,,,,,,7.30201599951961,8,9
2400717,79,19,1-79-2024-019-10,10,1,9999,9999,9999,9999999999,999,9999999999,999,,,,,,,,,522.105641274134,8,9
2401012,11,23,1-11-2024-023-06,6,1,3402,1633,1905,P265/65R18,240,P265/65R18,240,,,,,,,,,318.462503685406,8,9
2401368,57,28,1-57-2024-028-03,3,2,2949,1452,1679,P265/60R18,250,P265/60R18,250,,,,,,,,,113.193207903283,1,9
2401666,24,38,1-24-2024-038-07,7,2,1528,794,775,9999999999,999,9999999999,999,,,,,,,,,394.698169083861,1,9
2402266,13,57,1-13-2024-057-02,2,2,1940,1150,1000,P235/45R19,240,P235/45R19,240,,,,,,,,,18.6467959659871,7,9
2403473,25,89,1-25-2024-089-05,5,1,2098,1188,1098,P235/45R18,999,P235/45R18,999,,,,,,,,,39.3581661506128,2,9
2404654,20,114,1-20-2024-114-10,10,2,9999,9999,9999,9999999999,999,9999999999,999,,,,,,,,,12164.5210847793,11,9
2404946,60,72,1-60-2024-072-NM1,21,1,2300,1175,1240,P225/65R17,240,P225/65R17,240,,,,,,,,,43.22330010499,8,9
2405240,82,150,1-82-2024-150-03,3,2,1695,895,800,9999999999,999,9999999999,999,,,,,,,,,235.638419423885,1,9
2406119,62,181,1-62-2024-181-02,2,1,2695,1300,1480,P255/45R20,260,P255/45R20,280,,,,,,,,,143.712548638116,7,9
2400215,16,5,1-16-2024-005-03,3,1,1930,1060,1060,P225/55R18,240,P225/55R18,240,,,,,,,,,644.838532287301,5,9
2400327,30,8,1-30-2024-008-03,3,1,1825,1050,950,P205/60R16,230,P205/60R16,230,,,,,,,,,147.061529962125,10,9
2400968,62,26,1-62-2024-026-03,3,2,1844,1050,971,P225/40R18,230,P225/40R18,210,,,,,,,,,347.553871011176,7,9
2401178,52,16,1-52-2024-016-03,3,1,1600,880,840,P185/65R15,230,P185/65R15,230,,,,,,,,,35.109411555864,12,9
2402436,30,85,1-30-2024-085-07,7,2,2200,1350,1395,P235/65R17,235,P235/65R17,235,,,,,,,,,1606.47008983315,10,9
2402829,20,80,1-20-2024-080-03,3,2,2780,1345,1650,P255/55R20,240,P255/55R20,240,,,,,,,,,81.8606256970461,11,9
2405335,28,167,1-28-2024-167-02,2,1,2949,1452,1679,P265/60R18,250,P265/60R18,250,,,,,,,,,38.2240703487293,3,9
2405682,19,81,1-19-2024-081-04,4,1,2175,1120,1120,P235/60R18,240,P235/60R18,220,,,,,,,,,268.390724600306,9,9
2403018,21,61,1-21-2024-061-01,1,1,9999,9999,9999,9999999999,999,9999999999,999,,,,,,,,,89.2120120605323,11,9
2403182,48,106,1-48-2024-106-04,4,1,2495,1273,1273,P225/65R17,250,P225/65R17,250,,,,,,,,,85.7677087053401,12,9
2403542,59,108,1-59-2024-108-03,3,2,1917,1010,940,P215/55R17,230,P215/55R17,230,,,,,,,,,55.2187891713604,6,9
2404777,59,140,1-59-2024-140-03,3,1,2586,1451,1588,P265/70R16,240,P265/70R16,240,,,,,,,,,42.3023913828698,6,9
2404961,52,49,1-52-2024-049-07,7,1,2949,1452,1679,P265/50R20,230,P265/50R20,250,,,,,,,,,2023.69876111312,12,9
2400197,20,3,1-20-2024-003-08,8,1,1937,1064,873,9999999999,999,9999999999,999,,,,,,,,,77.6870340942263,11,9
2400776,27,27,1-27-2024-027-06,6,2,1760,990,910,P195/65R15,250,P195/65R15,250,,,,,,,,,20.2078569673904,3,9
2400951,23,15,1-23-2024-015-08,8,1,3334,1769,1746,P275/65R18,240,P275/65R18,240,,,,,,,,,59.3467156686336,5,9
2402839,24,77,1-24-2024-077-09,9,1,1560,821,762,P185/70R14,210,P185/70R14,210,,,,,,,,,535.356593044099,1,9
2403193,30,111,1-30-2024-111-NM1,21,2,9999,9999,9999,9999999999,999,9999999999,999,,,,,,,,,39.9148366584821,10,9
2403395,21,71,1-21-2024-071-01,1,1,3266,1633,1814,P265/75R16,240,P265/75R16,240,,,,,,,,,63.3290776886701,11,9
2404223,27,130,1-27-2024-130-09,9,1,2480,1410,1300,P235/55R20,240,P235/55R20,240,,,,,,,,,14.5067065550545,3,9
2404389,59,127,1-59-2024-127-05,5,1,2314,1275,1275,P225/60R18,210,P225/60R18,210,,,,,,,,,64.4847175297625,6,9
2404582,24,129,1-24-2024-129-NM1,21,1,9999,9999,9999,9999999999,999,9999999999,999,,,,,,,,,23.1726143074507,1,9
2405131,62,151,1-62-2024-151-04,4,2,1776,1050,971,P195/65R15,260,P195/65R15,250,,,,,,,,,1765.71659697756,7,9
2405315,24,147,1-24-2024-147-05,5,1,2495,1273,1273,P225/65R17,250,P225/65R17,250,,,,,,,,,45.3384331839177,1,9
2405492,15,209,1-15-2024-209-03,3,2,3221,1770,1860,P275/55R20,250,P275/55R20,250,,,,,,,,,59.4722505026517,1,9
2402183,30,75,1-30-2024-075-06,6,2,2040,1160,1140,9999999999,999,9999999999,999,,,,,,,,,771.048231142881,10,9
2403706,11,109,1-11-2024-109-03,3,2,1963,1097,945,P215/60R16,220,P215/60R16,220,,,,,,,,,58.7493642784988,8,9
2403552,77,121,1-77-2024-121-02,2,1,2223,1165,1130,P225/60R17,250,P225/60R17,240,,,,,,,,,83.1566199866033,9,9
2403923,29,48,1-29-2024-048-09,9,2,1991,1063,928,P225/50R17,230,P225/50R17,230,,,,,,,,,1082.81421569869,2,9
2404097,66,83,1-66-2024-083-06,6,4,2268,1259,1452,P255/70R18,240,P255/70R18,240,,,,,,,,,182.104571303011,6,9
2400179,59,7,1-59-2024-007-08,8,1,2767,1780,1701,LT265/75R16,310,LT265/75R16,310,,,,,,,,,157.411754942879,6,9
2400385,15,11,1-15-2024-011-04,4,1,1970,1030,1000,P225/55R18,230,P225/55R18,230,,,,,,,,,55.2798962387699,1,9
2401482,77,51,1-77-2024-051-03,3,2,2301,1110,1257,P235/35R20,290,P235/35R20,290,,,,,,,,,88.2007524015232,9,9
2401875,59,59,1-59-2024-059-01,1,2,2575,1300,1420,P225/65R17,220,P225/65R17,220,,,,,,,,,53.4084683471652,6,9
2402232,52,33,1-52-2024-033-06,6,2,2268,1188,1089,P235/50R18,240,P235/50R18,240,,,,,,,,,46.2010897527895,12,9
2402422,10,32,1-10-2024-032-06,6,2,1944,1065,995,P205/70R16,240,P205/70R16,240,,,,,,,,,1334.47901781282,4,9
2402612,22,76,1-22-2024-076-07,7,1,1996,1074,922,P215/50R17,250,P215/50R17,250,,,,,,,,,33.5836093550638,12,9
2402794,77,92,1-77-2024-092-04,4,2,2140,1145,1145,P235/55R18,220,P235/55R18,220,,,,,,,,,1246.13839964328,9,9
2405894,48,191,1-48-2024-191-06,6,2,9999,9999,9999,9999999999,999,9999999999,999,,,,,,,,,124.286772688647,12,9
2406071,25,168,1-25-2024-168-03,3,1,3085,1770,1770,P275/60R20,270,P275/60R20,270,,,,,,,,,83.1755492585875,2,9
2400097,19,3,1-19-2024-003-03,3,1,1825,1050,950,P205/60R16,230,P205/60R16,230,,,,,,,,,130.467157753061,9,9
2400296,18,8,1-18-2024-008-06,6,1,1846,966,880,P215/60R16,240,P215/60R16,240,,,,,,,,,66.0930169005829,6,9
2401868,81,37,1-81-2024-037-08,8,1,2246,1266,1266,P215/65R17,210,P215/65R17,210,,,,,,,,,235.193251994868,8,9
2402060,19,29,1-19-2024-029-05,5,1,2525,1180,1380,P265/70R17,220,P265/70R17,220,,,,,,,,,98.7930647556001,9,9
2402427,73,75,1-73-2024-075-10,10,1,1950,990,1000,9999999999,999,9999999999,999,,,,,,,,,1767.94497711273,3,9
2402615,26,74,1-26-2024-074-01,1,2,2318,1272,1300,P235/65R18,228,P235/65R18,228,,,,,,,,,32.4753608539726,10,9
2405880,77,187,1-77-2024-187-05,5,2,2032,1048,1093,P225/60R17,210,P225/60R17,200,,,,,,,,,90.6570748528622,9,9
2406053,19,91,1-19-2024-091-05,5,1,1960,1040,920,P215/60R16,220,P215/60R16,220,,,,,,,,,49.1552833588875,9,9
2406113,69,157,1-69-2024-157-03,3,1,2540,1335,1490,P245/75R16,220,P245/75R16,220,,,,,,,,,30.8763495381706,8,9
2402624,20,75,1-20-2024-075-07,7,1,2325,1075,1250,P245/45R18,260,P245/45R18,300,,,,,,,,,805.096148362308,11,9
2406262,20,148,1-20-2024-148-03,3,1,3130,1633,9999,P265/70R16,999,P265/70R16,999,,,,,,,,,117.724388691886,11,9
2404639,69,104,1-69-2024-104-10,10,1,1950,1060,915,P215/60R16,210,P215/60R16,210,,,,,,,,,11283.3874602085,8,9
2404499,12,84,1-12-2024-084-07,7,2,2007,1120,1102,P225/40R18,240,P255/40R18,260,,,,,,,,,1361.49270117535,9,9
2404167,11,128,1-11-2024-128-04,4,1,2014,1097,945,P235/40R19,230,P235/40R19,230,,,,,,,,,3218.51663086023,8,9
2404144,31,84,1-31-2024-084-09,9,1,2608,1338,1452,P255/60R17,210,P255/60R17,240,,,,,,,,,161.39423315543,6,9
2403672,18,99,1-18-2024-099-04,4,2,2020,1150,1100,P215/65R17,230,P215/65R17,230,,,,,,,,,214.488758379428,6,9
2404336,76,121,1-76-2024-121-07,7,1,2021,1075,962,9999999999,999,9999999999,999,,,,,,,,,72.7960942583928,3,9
2401751,57,34,1-57-2024-034-01,1,1,9999,9999,9999,9999999999,999,9999999999,999,,,,,,,,,152.225504336235,1,9
2403025,69,58,1-69-2024-058-03,3,1,2790,1266,1583,P275/45R21,230,P275/45R21,230,,,,,,,,,80.4059102739451,8,9
2405687,31,120,1-31-2024-120-03,3,1,1987,1068,940,P215/55R18,250,P215/55R18,250,,,,,,,,,151.964719784207,6,9
2404900,59,144,1-59-2024-144-06,6,2,1539,814,737,P185/60R16,250,P185/60R16,230,,,,,,,,,161.008516066373,6,9
2405023,62,150,1-62-2024-150-03,3,2,2030,1188,1098,P235/40R19,240,P235/40R19,240,,,,,,,,,475.642768161619,7,9
2402292,57,49,1-57-2024-049-05,5,1,2100,1191,1191,9999999999,999,9999999999,999,,,,,,,,,10.9377963206573,1,9
2401920,30,63,1-30-2024-063-06,6,2,2040,1160,1140,9999999999,999,9999999999,999,,,,,,,,,1562.20211000449,10,9
2400377,27,13,1-27-2024-013-06,6,1,2720,1345,1590,P245/60R18,250,P245/60R18,250,,,,,,,,,61.805879129382,3,9
2404313,17,138,1-17-2024-138-09,9,1,1910,1005,940,P215/60R16,220,P215/60R16,220,,,,,,,,,230.682943628102,4,9
2405996,30,201,1-30-2024-201-03,3,1,1910,1060,1060,P225/55R18,240,P225/55R18,240,,,,,,,,,184.500396590299,10,9
2401668,24,40,1-24-2024-040-03,3,1,1720,990,950,P205/55R16,230,P205/55R16,230,,,,,,,,,33.2458613397881,1,9
2400191,12,6,1-12-2024-006-03,3,1,3085,1678,1724,P255/70R17,240,P255/70R17,240,,,,,,,,,164.057323491007,9,9
2403887,24,110,1-24-2024-110-01,1,2,9999,9999,9999,9999999999,999,9999999999,999,,,,,,,,,23.1726143074507,1,9
2405879,59,176,1-59-2024-176-02,2,2,2745,1339,1407,P225/65R17,250,P225/65R17,250,,,,,,,,,48.7900687173874,6,9
2403864,57,95,1-57-2024-095-02,2,1,2250,1150,1130,P235/60R18,240,P235/60R18,220,,,,,,,,,13.8251120734564,1,9
2405069,11,151,1-11-2024-151-NM1,21,1,1910,1065,1050,P205/60R16,250,P205/60R16,250,,,,,,,,,37.1071357763572,8,9
2404422,33,84,1-33-2024-084-NM1,21,1,9999,9999,9999,9999999999,999,9999999999,999,,,,,,,,,41.0900179301514,12,9
2402098,32,76,1-32-2024-076-02,2,1,2082,1040,1055,P225/65R17,230,P225/65R17,230,,,,,,,,,5.84186321476011,7,9
2400283,59,12,1-59-2024-012-04,4,2,2436,1180,1350,P235/60R18,220,P235/60R18,220,,,,,,,,,133.446453331706,6,9
2404720,28,146,1-28-2024-146-10,10,1,2903,1780,1701,LT245/75R16,340,LT245/75R16,340,,,,,,,,,80.5683609045318,3,9
2400784,26,15,1-26-2024-015-05,5,2,1950,1100,960,9999999999,999,9999999999,999,,,,,,,,,37.7123897005153,10,9
2405842,32,155,1-32-2024-155-06,6,2,2165,1065,1125,P225/50R17,270,P225/50R17,310,,,,,,,,,1841.31274852964,7,9
2400037,12,1,1-12-2024-001-06,6,2,3085,1679,1770,P265/70R17,276,P265/70R17,276,,,,,,,,,341.619890680719,9,9
2405301,69,131,1-69-2024-131-05,5,1,1980,1040,990,P205/55R16,250,P205/55R16,250,,,,,,,,,7.30201599951961,8,9
2404219,79,85,1-79-2024-085-03,3,1,9999,9999,9999,9999999999,999,9999999999,999,,,,,,,,,137.121239283274,8,9
2401219,59,40,1-59-2024-040-07,7,2,2747,1339,1452,P235/60R18,250,P235/60R18,250,,,,,,,,,388.410502496422,6,9
2404073,79,83,1-79-2024-083-03,3,1,3357,9999,1950,P265/65R18,999,P265/65R18,999,,,,,,,,,104.756877618907,8,9
2404179,60,59,1-60-2024-059-NM1,21,2,2314,1275,1275,P235/55R18,220,P235/55R18,220,,,,,,,,,43.22330010499,8,9
2403160,11,89,1-11-2024-089-04,4,2,2130,1100,1075,P235/60R18,999,P235/60R18,999,,,,,,,,,292.515838449788,8,9
2403658,62,101,1-62-2024-101-03,3,1,9999,9999,9999,9999999999,999,9999999999,999,,,,,,,,,385.886088874745,7,9
2401617,59,53,1-59-2024-053-04,4,2,1940,1050,900,P215/60R17,240,P215/60R17,240,,,,,,,,,267.139823960724,6,9
2402447,69,46,1-69-2024-046-03,3,1,1990,1065,995,P205/70R16,240,P205/70R16,240,,,,,,,,,167.095212552646,8,9
2402470,25,58,1-25-2024-058-07,7,1,2945,1385,1650,P235/65R17,270,P235/65R17,340,,,,,,,,,1918.87435484635,2,9
2402811,57,62,1-57-2024-062-02,2,1,2663,1340,1450,P245/50R20,241,P245/50R20,241,,,,,,,,,9.69650235592079,1,9
2404976,27,156,1-27-2024-156-03,3,1,2730,1320,1515,P235/65R17,230,P235/65R17,230,,,,,,,,,18.7327308831734,3,9
2405151,62,154,1-62-2024-154-01,1,1,2510,1265,1315,P225/60R18,230,P225/60R18,230,,,,,,,,,69.8075005283482,7,9
2405337,27,165,1-27-2024-165-03,3,1,4173,2000,2760,LT245/75R16,340,LT245/75R16,550,,,,,,,,,19.3727483205413,3,9
2405526,81,141,1-81-2024-141-04,4,1,2460,1280,1370,P235/55R19,260,P235/55R19,260,,,,,,,,,1036.6680070916,8,9
2405784,30,194,1-30-2024-194-06,6,1,3240,1450,1855,P255/55R19,250,P255/55R19,290,P255/50R20,250,P255/50R20,290,,,,,943.451481828902,10,9
2400114,14,2,1-14-2024-002-07,7,2,1917,1010,940,P215/60R16,220,P215/60R16,220,,,,,,,,,1752.86120972687,8,9
2400683,59,24,1-59-2024-024-NM1,21,1,1975,1058,917,P235/45R18,220,P235/45R18,220,,,,,,,,,62.3822922049643,6,9
2401405,11,35,1-11-2024-035-04,4,2,2700,1305,1450,P225/65R17,230,P225/65R17,230,,,,,,,,,459.524679856525,8,9
2401837,15,71,1-15-2024-071-03,3,2,2150,1100,1075,P235/60R18,999,P235/60R18,999,,,,,,,,,17.7674654785444,1,9
2402151,23,32,1-23-2024-032-05,5,1,2170,1170,1060,P235/55R19,230,P235/55R19,230,,,,,,,,,200.159885378424,5,9
2405416,19,76,1-19-2024-076-03,3,1,2130,1100,1040,P235/60R18,230,P235/60R18,210,,,,,,,,,385.440122379127,9,9
2402539,16,75,1-16-2024-075-03,3,1,3493,1770,2087,P275/55R20,250,P275/55R20,250,,,,,,,,,219.428438294404,5,9
2406135,14,126,1-14-2024-126-04,4,2,9999,9999,9999,P215/55R17,220,P215/55R17,210,,,,,,,,,347.585660015654,8,9
2402922,54,78,1-54-2024-078-05,5,2,2715,1325,1454,P235/65R18,230,P235/65R18,230,,,,,,,,,144.976226836895,9,9
2403951,48,128,1-48-2024-128-06,6,1,9999,9999,9999,9999999999,999,9999999999,999,,,,,,,,,226.137614831187,12,9
2404001,25,106,1-25-2024-106-03,3,2,1910,1000,960,9999999999,999,9999999999,999,,,,,,,,,127.298303382568,2,9
2405409,54,119,1-54-2024-119-04,4,1,2230,1220,1220,P225/60R18,230,P225/60R18,230,,,,,,,,,152.997399597271,9,9
2400100,82,4,1-82-2024-004-04,4,3,2745,1271,1520,P245/70R17,250,P245/70R17,250,,,,,,,,,198.353605416681,1,9
2400896,76,26,1-76-2024-026-07,7,1,1990,1065,995,P205/70R16,240,P205/70R16,240,,,,,,,,,72.7960942583928,3,9
2401089,57,22,1-57-2024-022-02,2,2,2304,1089,1279,P245/45R19,220,P245/45R19,220,,,,,,,,,13.1815107490417,1,9
2401402,11,32,1-11-2024-032-02,2,1,2041,982,1080,P255/40R19,220,P255/40R19,220,,,,,,,,,30.7614595081659,8,9
2401469,20,40,1-20-2024-040-04,4,1,2051,1113,938,9999999999,999,9999999999,999,,,,,,,,,37.925684160105,11,9
2401773,33,29,1-33-2024-029-NM2,22,1,4536,2722,2949,LT285/60R20,450,LT285/60R20,550,,,,,,,,,84.6784527844662,12,9
2402221,14,35,1-14-2024-035-02,2,1,9999,9999,9999,9999999999,999,9999999999,999,,,,,,,,,73.7387227230028,8,9
2402524,31,47,1-31-2024-047-04,4,2,2722,1350,1450,P235/65R18,240,P235/65R18,420,,,,,,,,,222.052598299916,6,9
2403208,11,90,1-11-2024-090-03,3,1,2291,1272,1272,P225/55R18,230,P225/55R18,230,,,,,,,,,146.854334010622,8,9
2403635,15,142,1-15-2024-142-05,5,1,2130,1100,1075,P235/60R18,230,P235/60R18,210,,,,,,,,,13.6400789963135,1,9
2405428,20,129,1-20-2024-129-NM1,21,1,2096,1098,1006,P235/55R17,240,P235/55R17,240,,,,,,,,,35.0220589332575,11,9
2405767,77,184,1-77-2024-184-03,3,1,2690,1635,1635,P235/65R18,250,P235/65R18,250,,,,,,,,,184.132204995162,9,9
2405789,69,148,1-69-2024-148-06,6,2,2660,1360,1460,P235/60R18,240,P235/60R18,240,,,,,,,,,151.099044748365,8,9
2400237,27,9,1-27-2024-009-03,3,1,2722,1350,1545,P255/65R17,240,P255/65R17,240,,,,,,,,,11.8514312322575,3,9
2402401,81,48,1-81-2024-048-03,3,2,1710,953,857,P185/65R15,250,P185/65R15,250,,,,,,,,,1328.7414916346,8,9
2401024,16,30,1-16-2024-030-09,9,2,1830,989,871,P195/65R15,210,P195/65R15,210,,,,,,,,,1561.49805500175,5,9
2403752,27,119,1-27-2024-119-03,3,1,9999,9999,9999,9999999999,999,9999999999,999,,,,,,,,,32.3914110115022,3,9
2400171,13,4,1-13-2024-004-06,6,1,1734,910,835,P205/55R16,230,P205/55R16,230,,,,,,,,,2042.25670106002,7,9
2402590,33,43,1-33-2024-043-05,5,3,1733,939,839,P215/45R17,220,P215/45R17,220,,,,,,,,,25.3427821602115,12,9
2402590,33,43,1-33-2024-043-05,5,2,2567,1229,1451,9999999999,999,9999999999,999,,,,,,,,,25.3427821602115,12,9
2404107,60,57,1-60-2024-057-07,7,1,2090,1150,1150,P235/55R19,230,P235/55R19,230,,,,,,,,,5732.58189021946,8,9
2405816,14,116,1-14-2024-116-10,10,2,1594,872,735,P185/55R16,230,P185/55R16,230,,,,,,,,,24230.4540548434,8,9
2405103,27,158,1-27-2024-158-09,9,1,1720,883,837,P195/60R15,210,P195/60R15,210,,,,,,,,,90.9907552623448,3,9
2406140,19,92,1-19-2024-092-04,4,2,2390,1247,1145,P245/60R18,240,P245/60R18,240,,,,,,,,,263.790946458572,9,9
2401781,30,59,1-30-2024-059-05,5,3,3085,1656,1792,P245/70R17,240,P245/70R17,240,,,,,,,,,20.1359424598253,10,9
2402142,77,73,1-77-2024-073-01,1,1,1594,872,735,P175/65R15,220,P175/65R15,220,,,,,,,,,96.927477716339,9,9
2400289,13,5,1-13-2024-005-03,3,2,2722,1350,1450,P235/65R18,240,P235/65R18,240,,,,,,,,,411.723945645397,7,9
2400666,20,17,1-20-2024-017-03,3,1,1844,1050,971,P225/40R18,230,P225/40R18,210,,,,,,,,,27.4936400859491,11,9
2400903,28,22,1-28-2024-022-05,5,1,2715,1325,1415,P235/65R18,230,P235/65R18,230,,,,,,,,,41.6717563477699,3,9
2401004,20,26,1-20-2024-026-08,8,2,9999,9999,9999,9999999999,999,9999999999,999,,,,,,,,,26.278484934148,11,9
2401277,11,29,1-11-2024-029-02,2,2,9999,9999,9999,9999999999,999,9999999999,999,,,,,,,,,30.7614595081659,8,9
2401673,16,47,1-16-2024-047-03,3,1,2663,1340,1450,P245/50R20,240,P245/50R20,240,,,,,,,,,434.848487710843,5,9
2404019,16,108,1-16-2024-108-02,2,1,2310,1350,1450,P235/60R18,230,P235/60R18,230,,,,,,,,,24.080851017413,5,9
2404281,62,123,1-62-2024-123-02,2,1,9999,9999,9999,9999999999,999,9999999999,999,,,,,,,,,28.5234131836987,7,9
2404754,22,142,1-22-2024-142-06,6,2,2076,1080,1044,P225/60R17,240,P225/60R17,240,,,,,,,,,88.2065738868729,12,9
2406160,30,208,1-30-2024-208-04,4,3,2050,1016,1061,P255/40R19,220,P255/40R19,220,,,,,,,,,1586.72027088641,10,9
2401784,12,32,1-12-2024-032-06,6,2,9999,9999,9999,9999999999,999,9999999999,999,,,,,,,,,558.459080550855,9,9
2402138,17,69,1-17-2024-069-06,6,2,2300,1210,1300,P225/60R18,240,P225/60R18,240,,,,,,,,,118.409975247929,4,9
2403215,24,91,1-24-2024-091-06,6,1,3221,1792,1792,P255/70R17,240,P255/70R17,240,,,,,,,,,239.788928916115,1,9
2403911,82,102,1-82-2024-102-03,3,2,1963,1097,945,P215/55R17,228,P215/55R17,228,,,,,,,,,185.911346608321,1,9
2400611,24,13,1-24-2024-013-NM2,22,1,9999,9999,9999,9999999999,999,9999999999,999,,,,,,,,,147.143075961834,1,9
2400908,27,31,1-27-2024-031-06,6,1,2260,1190,1080,P235/60R18,230,P235/60R18,230,,,,,,,,,41.6891280851768,3,9
2400980,54,27,1-54-2024-027-08,8,1,1693,905,835,P205/55R16,230,P205/55R16,230,,,,,,,,,161.994257211147,9,9
2401315,32,48,1-32-2024-048-03,3,2,2025,1175,1200,P225/65R17,240,P225/65R17,240,,,,,,,,,162.799402458161,7,9
2401383,33,23,1-33-2024-023-03,3,2,2141,1072,1089,P225/65R17,230,P225/65R17,230,,,,,,,,,37.4648103957919,12,9
2401693,52,25,1-52-2024-025-09,9,1,1730,865,875,P225/50R17,240,P235/50R17,240,,,,,,,,,38.898663722822,12,9
2404656,81,115,1-81-2024-115-05,5,1,2012,1080,1044,P205/70R16,240,P205/70R16,240,,,,,,,,,97.3430466449544,8,9
2406245,14,130,1-14-2024-130-01,1,1,2141,1089,1057,P265/35R20,240,P265/35R20,240,,,,,,,,,73.3352740137857,8,9
2401748,23,26,1-23-2024-026-01,1,2,9999,9999,9999,9999999999,999,9999999999,999,,,,,,,,,65.7022791512024,5,9
2403295,77,111,1-77-2024-111-05,5,2,1815,975,848,P205/60R16,250,P205/60R16,250,,,,,,,,,90.6570748528622,9,9
2403574,20,96,1-20-2024-096-04,4,1,2700,1635,1635,P235/65R18,250,P235/65R18,250,,,,,,,,,930.431725254842,11,9
2403653,59,113,1-59-2024-113-07,7,1,2159,1125,1040,P235/45R19,250,P235/45R19,250,,,,,,,,,956.812136728296,6,9
2404012,32,127,1-32-2024-127-NM1,21,1,9999,9999,9999,9999999999,999,9999999999,999,,,,,,,,,81.1432128652192,7,9
2400203,54,8,1-54-2024-008-08,8,1,9999,9999,9999,9999999999,999,9999999999,999,,,,,,,,,161.994257211147,9,9
2401349,62,34,1-62-2024-034-04,4,2,9999,9999,9999,9999999999,999,9999999999,999,,,,,,,,,814.399144757816,7,9
2401515,73,49,1-73-2024-049-09,9,2,2581,1495,1511,P265/70R16,241,P265/70R16,241,,,,,,,,,104.13258287305,3,9
2402076,66,50,1-66-2024-050-04,4,1,2903,1463,1542,P275/60R20,240,P275/60R20,240,,,,,,,,,114.973892842,6,9
2403507,26,101,1-26-2024-101-02,2,1,1963,1097,945,P215/55R17,230,P215/55R17,230,,,,,,,,,22.5600458961745,10,9
2403744,30,131,1-30-2024-131-04,4,2,1539,814,738,P185/60R16,250,P185/60R16,230,,,,,,,,,2001.8166210988,10,9
2403912,21,82,1-21-2024-082-01,1,2,9999,9999,9999,9999999999,999,9999999999,999,,,,,,,,,117.649349567078,11,9
2404200,67,29,1-67-2024-029-04,4,4,2025,1175,1200,P235/50R19,241,P235/50R19,241,,,,,,,,,955.458116107281,7,9
2404421,18,118,1-18-2024-118-06,6,1,1730,912,818,P205/55R16,240,P205/55R16,240,,,,,,,,,1411.10309059419,6,9
2404642,33,90,1-33-2024-090-03,3,1,2472,1249,1410,P265/70R16,200,P265/70R16,220,,,,,,,,,58.9276403435907,12,9
2405699,17,186,1-17-2024-186-04,4,1,3933,1873,2300,P235/65R16,360,P235/65R16,440,,,,,,,,,120.436877257182,4,9
2405827,31,125,1-31-2024-125-10,10,1,3266,1792,1792,P275/55R20,220,P275/55R20,220,,,,,,,,,11041.6107098401,6,9
2400468,30,14,1-30-2024-014-03,3,2,1740,919,825,P215/55R16,220,P215/55R16,220,,,,,,,,,244.56972649451,10,9
2400960,57,19,1-57-2024-019-NM1,21,2,9999,9999,9999,P235/55R19,240,P235/55R19,240,,,,,,,,,15.0398443849994,1,9
2401542,11,38,1-11-2024-038-09,9,1,2132,1130,1002,P225/60R17,230,P225/60R17,230,,,,,,,,,737.845284351843,8,9
2401873,62,49,1-62-2024-049-02,2,2,2745,1339,1407,P225/65R17,250,P225/65R17,250,,,,,,,,,40.5230025519482,7,9
2403659,62,102,1-62-2024-102-06,6,1,2100,1191,1191,P215/55R17,240,P215/55R17,240,,,,,,,,,1429.435218867,7,9
2403856,10,64,1-10-2024-064-03,3,2,2300,1180,1170,P235/55R18,269,P235/55R18,269,,,,,,,,,257.456409654057,4,9
2404102,24,114,1-24-2024-114-09,9,1,9999,9999,9999,9999999999,999,9999999999,999,,,,,,,,,500.950378279668,1,9
2404279,59,126,1-59-2024-126-08,8,1,1685,895,791,P205/50R16,235,P205/50R16,235,,,,,,,,,71.2408177527095,6,9
2404386,14,81,1-14-2024-081-04,4,2,2050,1070,1030,P215/55R17,240,P215/55R17,240,,,,,,,,,1546.38474208403,8,9
2404840,28,147,1-28-2024-147-07,7,1,2390,1270,1198,P215/65R16,250,P215/65R16,250,,,,,,,,,44.330330715033,3,9
2406197,73,154,1-73-2024-154-03,3,1,2663,1340,1450,P245/50R20,240,P245/50R20,240,,,,,,,,,49.7668221990478,3,9
2406213,66,121,1-66-2024-121-NM2,22,1,2855,1360,1560,P245/60R20,220,P245/60R20,220,,,,,,,,,110.074249285118,6,9
2400183,23,4,1-23-2024-004-03,3,2,2291,1272,1272,P225/55R18,230,P225/55R18,230,,,,,,,,,558.578019018061,5,9
2400421,77,13,1-77-2024-013-06,6,2,2223,1165,1130,P225/55R18,240,P225/55R18,230,,,,,,,,,589.423606928976,9,9
2401000,79,24,1-79-2024-024-09,9,1,2994,1406,1587,P235/70R16,221,P235/70R16,241,,,,,,,,,1745.97381842404,8,9
2402065,79,43,1-79-2024-043-10,10,1,3420,1678,1928,P275/55R20,250,P275/55R20,250,,,,,,,,,174.035213758045,8,9
2402283,54,56,1-54-2024-056-09,9,1,3125,1765,1855,P255/70R18,210,P255/70R18,230,,,,,,,,,118.814051563781,9,9
2402532,81,53,1-81-2024-053-05,5,1,2586,1388,1216,P245/55R18,240,P245/55R18,240,,,,,,,,,99.6602400903238,8,9
2403290,62,88,1-62-2024-088-03,3,2,2030,1129,1098,P215/55R17,240,P215/55R17,240,,,,,,,,,1025.11823051712,7,9
2403431,62,92,1-62-2024-092-05,5,2,1910,1005,940,P215/60R16,220,P215/60R16,220,,,,,,,,,148.944132369298,7,9
2404664,59,135,1-59-2024-135-07,7,1,2023,1068,959,P235/50R17,230,P235/50R17,230,,,,,,,,,1904.3147389407,6,9
2404938,69,117,1-69-2024-117-04,4,2,2600,1280,1370,P255/50R20,250,P255/50R20,250,,,,,,,,,104.112066997676,8,9
2405186,54,114,1-54-2024-114-07,7,2,2136,1118,1039,P225/50R17,240,P225/50R17,240,,,,,,,,,465.079513300846,9,9
2405252,29,88,1-29-2024-088-03,3,2,2300,1175,1240,P225/65R17,240,P225/65R17,240,,,,,,,,,148.249072371412,2,9
2405803,17,190,1-17-2024-190-04,4,1,2165,1065,1125,P225/50R17,270,P225/50R17,310,,,,,,,,,323.259744019396,4,9
2405980,26,133,1-26-2024-133-01,1,1,9999,9999,9999,9999999999,999,9999999999,999,,,,,,,,,115.531316627262,10,9
2402861,76,77,1-76-2024-077-02,2,1,2185,1165,1130,P205/55R16,250,P205/55R16,240,,,,,,,,,69.290638741677,3,9
2403030,73,87,1-73-2024-087-07,7,2,9999,9999,9999,9999999999,999,9999999999,999,,,,,,,,,46.0859335695799,3,9
2400598,17,21,1-17-2024-021-03,3,2,2100,1175,1200,P225/60R18,240,P225/60R18,240,,,,,,,,,60.1064786597745,4,9
2401570,27,49,1-27-2024-049-06,6,1,2722,1452,1588,P255/65R17,240,P255/65R17,240,,,,,,,,,40.7043990647032,3,9
2401772,48,62,1-48-2024-062-04,4,1,2571,1363,1636,P255/45R19,290,P255/45R19,290,,,,,,,,,203.76092249854,12,9
2402158,62,53,1-62-2024-053-01,1,2,1810,970,840,P195/65R15,220,P195/65R15,200,,,,,,,,,71.1932947835798,7,9
2402324,33,39,1-33-2024-039-06,6,2,2715,1405,1405,P235/50R19,250,P235/50R19,250,,,,,,,,,156.836222800646,12,9
2404605,13,75,1-13-2024-075-08,8,2,9999,9999,9999,P225/65R17,230,P225/65R17,230,,,,,,,,,444.288622217649,7,9
2404273,81,103,1-81-2024-103-NM1,21,3,3175,1792,1792,P265/70R17,240,P265/70R17,240,,,,,,,,,34.7221032435964,8,9
2400549,59,21,1-59-2024-021-04,4,1,1760,940,835,P235/40R18,225,P235/40R18,230,,,,,,,,,105.325659634205,6,9
2405936,24,165,1-24-2024-165-05,5,2,1970,1010,1000,P225/60R17,230,P225/60R17,220,,,,,,,,,24.2721053029394,1,9
2403557,54,88,1-54-2024-088-09,9,1,2650,1300,1400,P235/70R16,220,P235/70R16,220,,,,,,,,,166.757528178135,9,9
2406262,20,148,1-20-2024-148-03,3,3,1755,1010,950,9999999999,999,9999999999,999,,,,,,,,,117.724388691886,11,9
2400311,79,11,1-79-2024-011-06,6,2,9999,9999,9999,P205/75R15,240,P205/75R15,240,,,,,,,,,537.61971125089,8,9
2402475,16,73,1-16-2024-073-05,5,2,3085,1452,1679,P265/60R28,230,P265/60R28,230,,,,,,,,,20.0376937444827,5,9
2404499,12,84,1-12-2024-084-07,7,1,2246,1275,1275,P235/55R18,220,P235/55R18,220,,,,,,,,,1361.49270117535,9,9
2402816,48,93,1-48-2024-093-05,5,1,1930,1052,908,P225/45R18,250,P225/45R18,250,,,,,,,,,80.9035530796695,12,9
2401820,32,65,1-32-2024-065-08,8,1,9999,9999,9999,9999999999,999,9999999999,999,,,,,,,,,278.767920785187,7,9
2405209,16,124,1-16-2024-124-04,4,2,2185,1165,1130,P225/40R18,230,P225/40R18,220,,,,,,,,,2636.03374293498,5,9
2404545,62,130,1-62-2024-130-03,3,2,2990,1450,1725,P265/55R19,220,P265/55R19,220,,,,,,,,,283.674238531916,7,9
2403858,77,129,1-77-2024-129-NM1,21,1,2404,1202,1293,P245/65R17,210,P245/65R17,210,,,,,,,,,113.21347390618,9,9
2405664,54,124,1-54-2024-124-04,4,1,2599,1260,1338,P225/60R17,220,P225/60R17,240,,,,,,,,,152.997399597271,9,9
2405587,12,108,1-12-2024-108-04,4,2,9999,9999,9999,9999999999,999,9999999999,999,,,,,,,,,744.518992237318,9,9
2401064,22,31,1-22-2024-031-06,6,1,2495,1273,1273,P225/65R17,250,P225/65R17,250,,,,,,,,,25.2675524846257,12,9
2403125,26,92,1-26-2024-092-03,3,2,9999,9999,9999,9999999999,999,9999999999,999,,,,,,,,,146.032571117139,10,9
2405710,11,169,1-11-2024-169-02,2,1,1978,1061,975,P225/65R17,230,P225/65R17,230,,,,,,,,,30.7614595081659,8,9
2402501,76,68,1-76-2024-068-04,4,2,2018,1097,969,P235/40R19,230,P235/40R19,230,,,,,,,,,139.059394351881,3,9
2401127,79,25,1-79-2024-025-07,7,1,2149,1109,1040,P235/50R18,240,P235/50R18,240,,,,,,,,,1675.03909054681,8,9
2402491,24,64,1-24-2024-064-03,3,1,9999,9999,9999,9999999999,999,9999999999,999,,,,,,,,,25.0633899458079,1,9
2402505,82,61,1-82-2024-061-04,4,1,9999,9999,9999,9999999999,999,9999999999,999,,,,,,,,,518.664931190454,1,9
2402669,48,86,1-48-2024-086-06,6,1,2473,1275,1275,P245/45R20,220,P245/45R20,220,,,,,,,,,266.79512632028,12,9
2402924,62,78,1-62-2024-078-06,6,1,3062,1497,1837,P275/55R20,240,P275/55R20,240,,,,,,,,,1279.95578717782,7,9
2403114,60,36,1-60-2024-036-03,3,2,1914,975,1081,P225/70R14,241,P225/70R14,241,,,,,,,,,156.995970867951,8,9
2404556,57,128,1-57-2024-128-03,3,2,1870,980,939,P205/60R16,248,P205/60R16,248,,,,,,,,,55.5655067866032,1,9
2404744,21,109,1-21-2024-109-03,3,1,2475,1200,1450,P245/60R18,240,P245/60R18,240,,,,,,,,,210.450883320732,11,9
2404866,21,112,1-21-2024-112-01,1,1,2085,1150,1150,P225/65R17,230,P225/65R17,230,,,,,,,,,41.7819447214444,11,9
2405295,19,73,1-19-2024-073-08,8,1,3085,1452,1814,P265/70R17,210,P265/70R17,210,,,,,,,,,112.415834709617,9,9
2405443,17,179,1-17-2024-179-03,3,1,1720,990,950,P205/55R16,230,P205/55R16,230,,,,,,,,,82.6986545849291,4,9
2405476,27,169,1-27-2024-169-03,3,2,2310,1180,1180,P235/50R19,280,P235/50R19,280,,,,,,,,,34.4708789566897,3,9
2405591,27,171,1-27-2024-171-07,7,2,2150,1200,1150,P225/60R17,240,P225/60R17,240,,,,,,,,,251.94804629152,3,9
2406165,20,147,1-20-2024-147-05,5,1,9999,9999,9999,9999999999,999,9999999999,999,,,,,,,,,25.0067474296414,11,9
2400688,14,10,1-14-2024-010-02,2,1,1910,1060,1060,P225/55R18,240,P225/55R18,240,,,,,,,,,73.7387227230028,8,9
2401805,25,43,1-25-2024-043-04,4,2,2223,1165,1130,P225/60R17,250,P225/60R17,240,,,,,,,,,53.7806372420421,2,9
2401987,76,60,1-76-2024-060-10,10,1,2035,1050,1095,P225/55R17,220,P225/55R17,210,,,,,,,,,84.6789860292199,3,9
2402739,57,60,1-57-2024-060-04,4,1,9999,9999,9999,9999999999,999,9999999999,999,,,,,,,,,805.938734059482,1,9
2402884,82,70,1-82-2024-070-03,3,2,9999,9999,9999,9999999999,999,9999999999,999,,,,,,,,,107.830735344065,1,9
2403423,10,53,1-10-2024-053-04,4,1,2122,1072,1089,P225/60R18,228,P225/60R18,228,,,,,,,,,427.929607064137,4,9
2403580,17,108,1-17-2024-108-10,10,1,9999,9999,9999,P225/60R16,210,P225/60R16,210,,,,,,,,,1050.02392669938,4,9
2404356,12,81,1-12-2024-081-03,3,1,2949,1452,1770,P265/50R20,230,P265/50R20,250,,,,,,,,,188.310944180204,9,9
2405091,82,145,1-82-2024-145-03,3,1,2040,1140,1050,9999999999,999,9999999999,999,,,,,,,,,149.602499837622,1,9
2406277,32,161,1-32-2024-161-03,3,1,9999,9999,9999,9999999999,999,9999999999,999,,,,,,,,,389.952264899487,7,9
2400139,29,2,1-29-2024-002-03,3,2,1770,955,830,P235/40R18,225,P235/40R18,220,,,,,,,,,526.965913964518,2,9
2400325,12,10,1-12-2024-010-02,2,1,3175,1633,1724,P275/70R18,240,P275/70R18,240,,,,,,,,,221.517683883591,9,9
2400635,32,17,1-32-2024-017-02,2,1,1580,830,755,9999999999,999,9999999999,999,,,,,,,,,9.01771538898963,7,9
2401230,73,41,1-73-2024-041-06,6,2,1734,905,835,P205/55R16,230,P205/55R16,230,,,,,,,,,83.6094135826125,3,9
2402046,10,26,1-10-2024-026-03,3,3,2075,1160,935,P225/50R17,220,P225/50R17,220,,,,,,,,,200.267688383572,4,9
2402342,16,67,1-16-2024-067-03,3,1,1899,992,907,P225/45R18,210,P225/45R18,210,,,,,,,,,192.790223628768,5,9
2404719,28,145,1-28-2024-145-06,6,1,1554,794,775,P185/65R15,230,P185/65R15,230,,,,,,,,,44.5186799027896,3,9
2404876,17,157,1-17-2024-157-04,4,1,1890,990,950,P205/60R16,250,P205/60R16,250,,,,,,,,,87.0390575659239,4,9
2405614,69,141,1-69-2024-141-03,3,2,2030,1129,1098,P215/55R17,240,P215/55R17,240,,,,,,,,,60.7451522520683,8,9
2405909,12,116,1-12-2024-116-03,3,1,2100,1065,1055,P225/65R17,230,P225/65R17,230,,,,,,,,,166.734048242703,9,9
2405872,81,154,1-81-2024-154-01,1,2,2855,1360,1560,P265/70R17,220,P265/70R17,220,,,,,,,,,37.5482771746596,8,9
2406329,17,205,1-17-2024-205-01,1,1,9999,9999,9999,9999999999,999,9999999999,999,,,,,,,,,103.409495648634,4,9
2402785,59,85,1-59-2024-085-05,5,2,2495,1273,1273,P225/65R17,250,P225/65R17,250,,,,,,,,,53.1907731759788,6,9
2403080,20,84,1-20-2024-084-02,2,1,2786,1407,1701,LT285/70R17,255,LT285/70R17,255,,,,,,,,,22.2079767447842,11,9
2403985,27,124,1-27-2024-124-06,6,1,3266,1792,1792,P265/65R18,240,P265/65R18,240,,,,,,,,,172.570486288372,3,9
2400089,48,7,1-48-2024-007-04,4,1,3198,1599,1724,P275/65R18,240,P275/65R18,240,,,,,,,,,144.051903745075,12,9
2400819,81,19,1-81-2024-019-01,1,2,2649,1187,1311,P265/50R20,220,P265/50R20,220,,,,,,,,,96.2081604062078,8,9
2401202,15,46,1-15-2024-046-03,3,1,2495,1273,1273,9999999999,999,9999999999,999,,,,,,,,,13.5934492145627,1,9
2401337,77,48,1-77-2024-048-05,5,2,2260,1140,1210,P245/40R18,260,P245/40R18,280,,,,,,,,,90.6570748528622,9,9
2401480,77,49,1-77-2024-049-06,6,1,2930,1450,1600,P255/60R19,240,P255/60R19,240,,,,,,,,,445.668209705361,9,9
2402570,32,93,1-32-2024-093-05,5,3,2250,1175,1240,P225/65R17,240,P225/65R17,240,,,,,,,,,52.966553872157,7,9
2405400,48,175,1-48-2024-175-07,7,1,1656,934,767,P195/55R16,240,P195/55R16,240,,,,,,,,,201.064995108591,12,9
2405982,22,180,1-22-2024-180-03,3,2,2100,1175,1200,P235/50R19,240,P235/50R19,240,,,,,,,,,33.5921534966532,12,9
2403165,59,98,1-59-2024-098-03,3,2,4037,2100,2400,LT225/75R16,450,LT225/75R16,550,,,,,,,,,40.2896520955836,6,9
2403623,17,112,1-17-2024-112-09,9,1,3266,1746,1905,P275/60R20,250,P275/60R20,250,,,,,,,,,124.444730519243,4,9
2403887,24,110,1-24-2024-110-01,1,1,9999,9999,9999,9999999999,999,9999999999,999,,,,,,,,,23.1726143074507,1,9
2404463,14,82,1-14-2024-082-NM2,22,1,1758,972,853,P205/55R16,230,P205/55R16,230,,,,,,,,,398.655902879135,8,9
2404936,69,115,1-69-2024-115-04,4,1,1950,1140,970,P215/60R16,210,P215/60R16,210,,,,,,,,,104.112066997676,8,9
2400940,13,23,1-13-2024-023-08,8,2,1928,998,1134,P195/75R14,200,P195/75R14,200,,,,,,,,,113.376165364455,7,9
2401419,27,47,1-27-2024-047-03,3,1,2020,1150,1100,P215/65R17,230,P215/65R17,230,,,,,,,,,11.8514312322575,3,9
2401558,79,33,1-79-2024-033-04,4,1,1750,1030,950,P205/55R16,235,P205/55R16,215,,,,,,,,,213.632193597411,8,9
2402172,62,57,1-62-2024-057-03,3,1,1987,1050,940,P215/55R18,250,P215/55R18,250,,,,,,,,,481.728882975185,7,9
2404388,81,108,1-81-2024-108-03,3,2,2030,1188,1098,P235/40R19,240,P235/40R19,240,,,,,,,,,1386.91053484603,8,9
2404547,62,132,1-62-2024-132-03,3,1,1963,1097,945,P215/60R16,220,P215/60R16,220,,,,,,,,,283.674238530018,7,9
2404856,26,114,1-26-2024-114-01,1,1,9999,9999,9999,9999999999,999,9999999999,999,,,,,,,,,139.37079801818,10,9
2405149,62,152,1-62-2024-152-02,2,2,2090,1150,1150,P225/65R17,240,P225/65R17,240,,,,,,,,,40.5230025519482,7,9
2400152,81,7,1-81-2024-007-02,2,1,2314,1275,1275,P245/45R20,220,P245/45R20,220,,,,,,,,,23.5191438097523,8,9
2400443,18,14,1-18-2024-014-04,4,1,1950,990,1000,P205/55R16,230,P205/55R16,220,,,,,,,,,151.429476813471,6,9
2400547,59,19,1-59-2024-019-04,4,1,2541,1248,1452,P225/75R16,228,P225/75R16,228,,,,,,,,,105.325659634205,6,9
2400747,33,10,1-33-2024-010-06,6,1,2650,1295,1405,P245/50R20,240,P245/50R20,240,,,,,,,,,133.440131762511,12,9
2400821,13,19,1-13-2024-019-05,5,2,1760,980,910,P215/45R17,230,P215/45R17,230,,,,,,,,,60.3736833423052,7,9
2401025,16,31,1-16-2024-031-05,5,3,9999,9999,9999,9999999999,999,9999999999,999,,,,,,,,,17.5468318569652,5,9
2405003,69,119,1-69-2024-119-03,3,1,2030,1188,1098,P235/45R18,240,P235/45R18,240,,,,,,,,,26.9832944416769,8,9
2405654,57,175,1-57-2024-175-02,2,3,9999,9999,9999,P245/40R19,240,P245/40R19,240,,,,,,,,,34.9847026100621,1,9
2405823,27,180,1-27-2024-180-07,7,1,2949,1452,1679,P265/50R20,230,P265/50R20,250,,,,,,,,,63.5705010255487,3,9
2402830,69,53,1-69-2024-053-05,5,2,1760,980,910,P195/65R15,230,P195/65R15,230,,,,,,,,,11.5280816433101,8,9
2401164,28,28,1-28-2024-028-06,6,1,2032,1048,1093,P225/60R17,210,P225/60R17,200,,,,,,,,,44.5186799027896,3,9
2403351,25,85,1-25-2024-085-05,5,1,2445,1245,1410,LT245/75R16,210,LT245/75R16,210,,,,,,,,,40.8391079208227,2,9
2403892,60,51,1-60-2024-051-06,6,1,3311,1633,1860,P265/65R18,240,P265/65R18,240,,,,,,,,,282.327493299711,8,9
2405884,57,183,1-57-2024-183-06,6,2,2660,1360,1460,P235/55R20,230,P235/55R20,230,,,,,,,,,479.825111400142,1,9
2404845,52,48,1-52-2024-048-03,3,1,2080,1150,1000,P215/60R17,240,P215/60R17,240,,,,,,,,,163.738317035802,12,9
2402538,11,71,1-11-2024-071-06,6,2,2130,1150,1200,P225/60R18,241,P225/60R18,241,,,,,,,,,486.399762010129,8,9
2404274,81,104,1-81-2024-104-05,5,1,2041,1089,975,P235/50R17,230,P235/50R17,230,,,,,,,,,127.116650862835,8,9
2402565,79,54,1-79-2024-054-09,9,1,9999,9999,9999,9999999999,999,9999999999,999,,,,,,,,,134.548153434236,8,9
2402591,30,88,1-30-2024-088-04,4,1,2520,1360,1385,P235/55R19,999,P235/55R19,999,,,,,,,,,895.255206028748,10,9
2402259,76,63,1-76-2024-063-08,8,1,3992,2359,2722,LT265/70R17,413,LT265/70R17,482,,,,,,,,,266.160640915951,3,9
2402422,10,32,1-10-2024-032-06,6,1,2805,1395,1460,9999999999,999,9999999999,999,,,,,,,,,1334.47901781282,4,9
2401758,62,44,1-62-2024-044-06,6,1,3175,1746,1792,P255/70R17,240,P255/70R17,240,,,,,,,,,1143.6537824324,7,9
2402236,11,56,1-11-2024-056-03,3,1,1940,1190,1001,P215/60R17,240,P215/60R17,240,,,,,,,,,89.3897343071386,8,9
2405462,14,107,1-14-2024-107-04,4,1,2250,1300,1395,P235/55R19,240,P235/55R19,240,,,,,,,,,1248.25857604793,8,9
2405922,69,150,1-69-2024-150-01,1,1,9999,9999,9999,9999999999,999,9999999999,999,,,,,,,,,9.82023560759747,8,9
2401415,76,35,1-76-2024-035-08,8,1,2082,1191,1134,9999999999,241,9999999999,241,,,,,,,,,75.1501837907099,3,9
2402476,16,74,1-16-2024-074-03,3,1,9999,9999,9999,9999999999,999,9999999999,999,,,,,,,,,168.955904269261,5,9
2403412,30,121,1-30-2024-121-06,6,1,1695,900,810,P215/55R16,220,P215/55R16,220,,,,,,,,,390.778392781149,10,9
2404730,31,101,1-31-2024-101-04,4,1,3538,1644,2005,P285/45R22,270,P285/45R22,270,,,,,,,,,386.371521041855,6,9
2400457,19,10,1-19-2024-010-03,3,2,2070,1050,1040,P225/65R17,210,P225/65R17,210,,,,,,,,,77.5073834776398,9,9
2401330,31,28,1-31-2024-028-03,3,2,2145,1300,1395,P235/65R17,240,P235/65R17,240,,,,,,,,,151.964719784207,6,9
2401934,24,45,1-24-2024-045-03,3,1,1750,1030,950,P195/65R15,235,P195/65R15,215,,,,,,,,,32.3570562743358,1,9
2402015,59,62,1-59-2024-062-03,3,2,2250,1220,1080,P225/55R18,240,P225/55R18,240,,,,,,,,,52.2551494333877,6,9
2402181,69,42,1-69-2024-042-03,3,1,2480,1410,1300,P235/55R20,240,P235/55R20,240,,,,,,,,,50.4787572129909,8,9
2402290,57,47,1-57-2024-047-04,4,2,2130,1100,1075,9999999999,999,9999999999,999,,,,,,,,,690.778219058365,1,9
2403137,28,95,1-28-2024-095-09,9,2,1810,972,880,P215/55R16,240,P215/55R16,240,,,,,,,,,34.7771381559099,3,9
2403222,25,82,1-25-2024-082-03,3,3,9999,9999,9999,9999999999,999,9999999999,999,,,,,,,,,218.616726516573,2,9
2405207,14,100,1-14-2024-100-03,3,1,2143,1100,1043,P225/55R19,240,P225/55R19,240,,,,,,,,,160.823558037065,8,9
2406103,15,235,1-15-2024-235-03,3,2,2033,1097,988,9999999999,999,9999999999,999,,,,,,,,,77.4280708363723,1,9
2401832,27,59,1-27-2024-059-04,4,2,2175,1120,1120,P235/65R17,230,P235/65R17,220,,,,,,,,,20.2740569148603,3,9
2402104,52,30,1-52-2024-030-06,6,2,2930,1450,1600,P255/60R19,240,P255/60R19,240,,,,,,,,,56.6465719357727,12,9
2402171,67,10,1-67-2024-010-06,6,2,1917,1010,940,9999999999,999,9999999999,999,,,,,,,,,149.047110493605,7,9
2402281,23,34,1-23-2024-034-04,4,1,1805,1040,1000,P215/55R17,228,P215/55R17,228,,,,,,,,,1710.48804196995,5,9
2403712,60,47,1-60-2024-047-10,10,1,2405,1248,1339,P225/65R17,250,P225/65R17,250,,,,,,,,,10692.6304351397,8,9
2403887,24,110,1-24-2024-110-01,1,4,9999,9999,9999,9999999999,999,9999999999,999,,,,,,,,,23.1726143074507,1,9
2404069,57,106,1-57-2024-106-02,2,2,2949,1452,1679,P225/60R18,240,P225/60R18,240,,,,,,,,,13.8251120734564,1,9
2404420,18,117,1-18-2024-117-01,1,1,2495,1273,1273,P225/60R18,230,P225/60R18,230,,,,,,,,,63.8166126674341,6,9
2404630,22,136,1-22-2024-136-10,10,2,2019,998,1202,30X_9.50R15LT,200,30X_9.50R15LT,200,,,,,,,,,768.965350305196,12,9
2404797,12,91,1-12-2024-091-07,7,2,2040,1160,1140,P205/65R16,235,P205/65R16,235,,,,,,,,,321.458377980766,9,9
2406019,13,83,1-13-2024-083-03,3,3,2196,1029,1167,P235/50R18,240,P235/50R18,240,,,,,,,,,5418.42420219838,7,9
2400537,79,16,1-79-2024-016-07,7,1,9999,9999,9999,P195/65R15,260,P195/65R15,260,,,,,,,,,127.333087924962,8,9
2400906,27,29,1-27-2024-029-07,7,1,2106,1075,1034,P225/55R19,240,P225/55R19,240,,,,,,,,,91.833772569866,3,9
2400924,26,18,1-26-2024-018-05,5,1,2023,1068,959,P235/50R17,230,P235/50R17,230,,,,,,,,,43.8292003608038,10,9
2401455,82,35,1-82-2024-035-05,5,2,1950,1070,960,P225/50R17,220,P225/50R17,220,,,,,,,,,25.4700204073912,1,9
2401518,18,58,1-18-2024-058-08,8,2,1970,1070,910,9999999999,999,9999999999,999,,,,,,,,,56.5663772378367,6,9
2401841,22,55,1-22-2024-055-04,4,1,2090,1150,1150,P225/65R17,250,P225/65R17,250,,,,,,,,,35.2314390008151,12,9
2405720,11,172,1-11-2024-172-03,3,1,1637,865,780,9999999999,999,9999999999,999,,,,,,,,,88.745143140243,8,9
2405917,19,86,1-19-2024-086-01,1,3,1810,972,880,P215/55R16,240,P215/55R16,240,,,,,,,,,103.75873151528,9,9
2406023,14,124,1-14-2024-124-03,3,1,2550,1270,1330,P255/50R20,250,P255/50R20,250,,,,,,,,,136.771072739086,8,9
2406218,15,241,1-15-2024-241-04,4,1,9999,9999,9999,9999999999,999,9999999999,999,,,,,,,,,48.9130372067112,1,9
2402088,25,49,1-25-2024-049-04,4,1,2200,1250,1220,P225/60R18,240,P225/60R18,230,,,,,,,,,505.356391706328,2,9
2402986,14,48,1-14-2024-048-04,4,1,2170,1140,1080,P245/40R19,240,P245/40R19,240,,,,,,,,,1305.4208101719,8,9
2403341,11,94,1-11-2024-094-03,3,3,1563,851,720,P175/65R14,220,P175/65R14,220,,,,,,,,,74.3356188554781,8,9
2403880,33,68,1-33-2024-068-05,5,1,1734,905,835,P205/55R16,230,P205/55R16,230,,,,,,,,,25.3427821602115,12,9
2401227,10,19,1-10-2024-019-06,6,1,2296,1280,1140,P235/55R19,228,P235/55R19,228,,,,,,,,,685.041478534248,4,9
2401595,66,36,1-66-2024-036-09,9,1,2993,1474,1660,P275/60R17,205,P275/60R17,220,,,,,,,,,97.5596917228585,6,9
2402297,62,60,1-62-2024-060-08,8,1,2060,980,1180,P225/50R17,200,P225/50R17,250,,,,,,,,,289.141140144412,7,9
2402681,12,45,1-12-2024-045-10,10,1,2517,1247,1270,P225/60R17,230,P225/60R17,230,,,,,,,,,23856.3875606044,9,9
2402964,77,100,1-77-2024-100-03,3,1,1944,1065,995,P205/70R16,420,P205/70R16,420,,,,,,,,,209.980439460019,9,9
2403784,57,92,1-57-2024-092-02,2,1,3130,1452,1724,P265/50R20,270,P265/50R20,290,,,,,,,,,13.8251120734564,1,9
2403861,67,25,1-67-2024-025-04,4,1,2994,1531,1520,P275/55R20,240,P275/55R20,240,,,,,,,,,469.881761761089,7,9
2404138,29,56,1-29-2024-056-06,6,1,2105,1150,1150,P235/55R18,220,P235/55R18,220,,,,,,,,,899.856995505387,2,9
2405743,21,141,1-21-2024-141-03,3,2,2150,1191,1134,P235/45R18,240,P235/45R18,240,,,,,,,,,95.3589102851364,11,9
2406380,28,195,1-28-2024-195-10,10,1,9999,9999,9999,9999999999,999,9999999999,999,,,,,,,,,80.5683609045318,3,9
2400022,82,1,1-82-2024-001-03,3,4,2650,1295,1425,P245/60R18,220,P245/60R18,220,,,,,,,,,28.1106156827631,1,9
2400050,69,1,1-69-2024-001-NM1,21,1,9999,9999,9999,9999999999,999,9999999999,999,,,,,,,,,7.66811372485411,8,9
2400144,18,3,1-18-2024-003-06,6,1,2745,1339,1407,P225/65R17,250,P225/65R17,250,,,,,,,,,261.884069240543,6,9
2400343,25,7,1-25-2024-007-09,9,1,9999,9999,9999,9999999999,999,9999999999,999,,,,,,,,,1070.93065887179,2,9
2400427,62,14,1-62-2024-014-03,3,1,2465,1215,1380,P255/45R20,230,P255/45R20,250,,,,,,,,,402.933322817671,7,9
2402224,32,79,1-32-2024-079-01,1,1,1905,1134,1043,P205/75R15,240,P205/75R15,240,,,,,,,,,73.3907437140686,7,9
2403519,27,113,1-27-2024-113-03,3,2,9999,9999,9999,9999999999,999,9999999999,999,,,,,,,,,15.5297407695143,3,9
2403729,31,74,1-31-2024-074-06,6,1,2150,1200,1150,P225/60R17,240,P225/60R17,240,,,,,,,,,308.176861795721,6,9
2404072,18,111,1-18-2024-111-03,3,1,2495,1273,1273,P225/60R18,230,P225/60R18,230,,,,,,,,,71.973811785793,6,9
2404607,26,111,1-26-2024-111-NM1,21,1,9999,9999,9999,9999999999,999,9999999999,999,,,,,,,,,76.6867213232,10,9
2404899,59,143,1-59-2024-143-07,7,2,1410,730,690,P165/65R14,240,P165/65R14,240,,,,,,,,,615.041076592964,6,9
2404998,28,157,1-28-2024-157-04,4,3,2110,1180,1080,P225/60R17,240,P225/60R17,220,,,,,,,,,47.851485985308,3,9
2402323,33,38,1-33-2024-038-06,6,1,2041,1089,975,P235/50R17,250,P235/50R17,250,,,,,,,,,156.836222800646,12,9
2403417,59,106,1-59-2024-106-01,1,1,3085,1633,1792,P275/55R20,210,P275/55R20,210,,,,,,,,,59.4125100170591,6,9
2403436,73,97,1-73-2024-097-08,8,1,1665,896,796,P195/60R15,220,P195/60R15,220,,,,,,,,,119.342550330643,3,9
2400038,17,1,1-17-2024-001-07,7,2,1796,1018,987,P225/45R17,230,P225/45R17,230,,,,,,,,,1125.89793451176,4,9
2400525,28,12,1-28-2024-012-04,4,1,1720,990,950,P205/55R16,230,P205/55R16,230,,,,,,,,,47.851485985308,3,9
2402383,27,77,1-27-2024-077-08,8,1,1910,1005,940,P215/60R16,220,P215/60R16,220,,,,,,,,,21.3841184069551,3,9
2402750,82,67,1-82-2024-067-04,4,1,1727,905,835,P205/55R16,248,P205/55R16,248,,,,,,,,,193.441668494855,1,9
2403720,28,112,1-28-2024-112-10,10,1,2376,1250,1370,P225/70R16,210,P225/70R16,210,,,,,,,,,187.992842110574,3,9
2403805,19,48,1-19-2024-048-04,4,2,3175,1792,1792,P265/65R18,240,P265/65R18,240,,,,,,,,,265.856512039886,9,9
2404162,25,112,1-25-2024-112-03,3,1,1975,1140,1050,P235/45R18,240,P235/45R18,240,,,,,,,,,77.9279752203252,2,9
2405579,32,151,1-32-2024-151-06,6,2,9999,9999,9999,9999999999,999,9999999999,999,,,,,,,,,3707.81463334251,7,9
2401147,20,29,1-20-2024-029-03,3,1,2035,1070,1015,9999999999,999,9999999999,999,,,,,,,,,112.627774697382,11,9
2401232,62,31,1-62-2024-031-06,6,1,1819,1030,987,P195/65R15,240,P195/65R15,230,,,,,,,,,4736.59279411858,7,9
2401549,25,37,1-25-2024-037-06,6,1,2132,1180,1080,P215/65R17,240,P215/65R17,220,,,,,,,,,135.065796752148,2,9
2402366,22,68,1-22-2024-068-08,8,1,2410,1350,9999,P235/65R17,230,P235/65R17,230,,,,,,,,,27.70204742406,12,9
2402693,69,51,1-69-2024-051-06,6,1,2505,1340,1270,P235/60R18,250,P235/60R18,260,,,,,,,,,307.380238667037,8,9
2403007,22,86,1-22-2024-086-06,6,1,2200,1175,1200,P225/60R18,240,P225/60R18,240,,,,,,,,,25.2675524846257,12,9
2403856,10,64,1-10-2024-064-03,3,1,2040,1055,1125,P225/60R17,228,P225/60R17,228,,,,,,,,,257.456409654057,4,9
2403882,69,83,1-69-2024-083-04,4,1,2690,1545,1545,P235/55R20,250,P235/55R20,250,,,,,,,,,89.8384928002341,8,9
2404147,21,89,1-21-2024-089-06,6,1,2125,1056,1084,P205/55R16,240,P205/55R16,240,,,,,,,,,292.610529015453,11,9
2404238,22,125,1-22-2024-125-07,7,1,2050,1150,1200,9999999999,999,9999999999,999,,,,,,,,,241.077756730755,12,9
2404840,28,147,1-28-2024-147-07,7,2,2720,1345,1590,P245/60R18,250,P245/60R18,250,,,,,,,,,44.330330715033,3,9
2405662,48,184,1-48-2024-184-06,6,1,1600,850,840,P175/70R14,230,P175/70R14,230,,,,,,,,,874.343560435306,12,9
2405957,31,127,1-31-2024-127-01,1,2,3175,1565,1724,P275/65R18,240,P275/65R18,240,,,,,,,,,190.536266122907,6,9
2406001,81,158,1-81-2024-158-NM2,22,1,2515,1240,1345,P245/60R18,220,P245/60R18,220,,,,,,,,,1666.588526805,8,9
2403055,54,81,1-54-2024-081-08,8,1,3062,1633,1723,P265/70R17,207,P265/70R17,241,,,,,,,,,323.988514422295,9,9
2403358,14,55,1-14-2024-055-03,3,1,2350,1300,1145,P235/55R19,250,P235/55R19,220,,,,,,,,,351.984208481669,8,9
2401116,66,23,1-66-2024-023-07,7,2,9999,9999,9999,9999999999,999,9999999999,999,,,,,,,,,161.444955065863,6,9
2401272,24,29,1-24-2024-029-04,4,2,1803,977,9999,P205/55R16,250,P205/55R16,250,,,,,,,,,300.011267961684,1,9
2401424,28,39,1-28-2024-039-06,6,2,3175,1792,1792,P265/65R18,240,P265/65R18,240,,,,,,,,,44.5186799027896,3,9
2402208,25,51,1-25-2024-051-06,6,1,3085,1452,1679,P265/50R20,250,P265/50R20,250,,,,,,,,,268.371866835865,2,9
2402356,14,38,1-14-2024-038-02,2,2,9999,9999,9999,9999999999,999,9999999999,999,,,,,,,,,77.0447891691359,8,9
2403822,27,120,1-27-2024-120-09,9,1,1626,855,780,P185/65R15,210,P185/65R15,210,,,,,,,,,124.917423361448,3,9
2406037,48,195,1-48-2024-195-06,6,2,1800,980,910,P195/65R15,230,P195/65R15,230,,,,,,,,,224.310584656422,12,9
2406326,30,215,1-30-2024-215-06,6,1,1945,1029,921,P225/45R19,240,P225/45R19,240,,,,,,,,,237.43037964726,10,9
2403936,81,96,1-81-2024-096-01,1,2,1685,896,796,P195/60R15,220,P195/60R15,220,,,,,,,,,46.5133362932788,8,9
2404594,14,85,1-14-2024-085-05,5,2,9999,9999,9999,9999999999,999,9999999999,999,,,,,,,,,76.4230415651045,8,9
2404727,27,149,1-27-2024-149-04,4,1,3020,1500,1680,P275/50R20,260,P275/50R20,300,,,,,,,,,18.7495302149441,3,9
2405752,81,148,1-81-2024-148-03,3,2,9999,9999,9999,9999999999,999,9999999999,999,,,,,,,,,373.325197740105,8,9
2405914,17,193,1-17-2024-193-05,5,1,3266,1792,1792,P265/65R18,240,P265/65R18,240,,,,,,,,,73.9642155230616,4,9
2400071,62,4,1-62-2024-004-02,2,1,2030,1129,1098,P215/55R17,240,P215/55R17,240,,,,,,,,,61.2648028245878,7,9
2401348,57,26,1-57-2024-026-03,3,1,2075,9999,9999,P225/65R17,230,P225/65R17,230,,,,,,,,,113.193207903283,1,9
2401893,18,67,1-18-2024-067-06,6,1,2745,1339,1407,P225/65R17,250,P225/65R17,250,,,,,,,,,256.576748444126,6,9
2402835,79,61,1-79-2024-061-09,9,1,9999,9999,9999,9999999999,999,9999999999,999,,,,,,,,,117.957752270952,8,9
2403499,25,92,1-25-2024-092-03,3,1,3221,1565,1724,P265/70R17,240,P265/70R17,240,,,,,,,,,78.8459476035381,2,9
2404288,54,103,1-54-2024-103-02,2,2,2082,1040,1055,P225/65R17,230,P225/65R17,230,,,,,,,,,132.981711816027,9,9
2404653,30,159,1-30-2024-159-06,6,1,2300,1155,1180,P255/35R19,340,P285/30R20,350,,,,,,,,,514.164723333127,10,9
2404893,81,124,1-81-2024-124-02,2,2,3221,1770,1860,LT275/55R20,220,LT275/55R20,220,,,,,,,,,39.0463602579067,8,9
2405204,25,138,1-25-2024-138-07,7,1,2300,1175,1240,P235/55R18,240,P235/55R18,240,,,,,,,,,1258.713808057,2,9
2406044,12,119,1-12-2024-119-03,3,2,1744,914,839,9999999999,999,9999999999,999,,,,,,,,,164.057323491007,9,9
2400486,16,16,1-16-2024-016-03,3,1,2230,1220,1220,P225/60R18,230,P225/60R18,230,,,,,,,,,112.722559063275,5,9
2400628,76,17,1-76-2024-017-09,9,1,2090,1055,1125,P225/60R17,240,P225/60R17,240,,,,,,,,,94.1839114302948,3,9
2400810,15,28,1-15-2024-028-04,4,1,9999,9999,9999,9999999999,999,9999999999,999,,,,,,,,,268.38869764623,1,9
2401579,15,58,1-15-2024-058-02,2,2,2449,1211,1270,P235/55R19,240,P235/55R19,240,,,,,,,,,13.160978448786,1,9
2402336,24,57,1-24-2024-057-03,3,2,1905,1020,910,P205/65R16,230,P205/65R16,220,,,,,,,,,93.2665902000933,1,9
2402467,60,27,1-60-2024-027-03,3,2,1590,850,755,P185/55R16,230,P185/55R16,220,,,,,,,,,280.060454683104,8,9
2402948,67,11,1-67-2024-011-02,2,1,2684,1340,1450,P245/50R20,240,P245/50R20,240,,,,,,,,,102.47009508372,7,9
2403841,73,107,1-73-2024-107-03,3,2,2100,1065,1055,P225/60R18,999,P225/60R18,999,,,,,,,,,42.1544764951439,3,9
2403972,17,126,1-17-2024-126-03,3,2,2125,1115,1065,P235/60R18,230,P235/60R18,210,,,,,,,,,56.2627107467575,4,9
2404839,14,92,1-14-2024-092-05,5,2,1758,972,853,P205/55R16,230,P205/55R16,230,,,,,,,,,85.9927626247339,8,9
2404888,10,91,1-10-2024-091-05,5,3,2800,1450,1600,P255/55R20,999,P255/55R20,999,,,,,,,,,23.1823599853285,4,9
2400226,32,5,1-32-2024-005-02,2,1,9999,9999,9999,9999999999,999,9999999999,999,,,,,,,,,18.5720544399223,7,9
2400274,62,10,1-62-2024-010-09,9,1,2731,1297,1515,P235/65R18,220,P235/65R18,220,,,,,,,,,2924.41234542523,7,9
2400841,62,24,1-62-2024-024-03,3,2,2950,1500,1630,P275/50R20,210,P275/50R20,270,,,,,,,,,408.645387459911,7,9
2401209,77,42,1-77-2024-042-03,3,2,2404,1229,1247,P255/70R16,205,P255/70R16,205,,,,,,,,,159.92267008186,9,9
2401795,54,43,1-54-2024-043-06,6,2,2490,1350,1395,P235/55R19,235,P235/55R19,235,,,,,,,,,154.880686626287,9,9
2402068,30,70,1-30-2024-070-02,2,1,3175,1531,1724,P265/70R17,240,P265/70R17,240,,,,,,,,,18.7124163743047,10,9
2403634,21,76,1-21-2024-076-03,3,2,9999,9999,9999,9999999999,999,9999999999,999,,,,,,,,,508.612374063365,11,9
2404179,60,59,1-60-2024-059-NM1,21,1,9999,9999,9999,9999999999,999,9999999999,999,,,,,,,,,43.22330010499,8,9
2405059,17,164,1-17-2024-164-03,3,1,3266,1724,1724,LT265/60R20,280,LT265/60R20,280,,,,,,,,,93.5145067425974,4,9
2405060,17,165,1-17-2024-165-03,3,2,2100,1175,1200,P225/60R18,240,P225/60R18,240,,,,,,,,,93.5145067425974,4,9
2405395,10,108,1-10-2024-108-02,2,1,1760,940,835,P235/40R18,225,P235/40R18,220,,,,,,,,,22.3566511295402,4,9
2405649,10,113,1-10-2024-113-10,10,1,1978,956,1028,P225/40R19,240,P245/40R19,240,,,,,,,,,12566.8410319002,4,9
2405951,60,102,1-60-2024-102-06,6,4,2800,1450,1600,P255/55R20,240,P255/55R20,240,,,,,,,,,198.203515128736,8,9
2405985,15,231,1-15-2024-231-06,6,2,2050,1160,1020,P225/50R17,230,P225/50R17,225,,,,,,,,,50.962755484092,1,9
2402683,79,57,1-79-2024-057-03,3,2,2949,1452,1770,P265/50R20,250,P265/50R20,250,,,,,,,,,104.756877618907,8,9
2403578,30,128,1-30-2024-128-03,3,2,3130,1679,1860,P275/55R20,250,P275/55R20,250,,,,,,,,,205.548230199915,10,9
2400643,66,9,1-66-2024-009-02,2,1,2722,1350,1545,P235/65R18,240,P235/65R18,240,,,,,,,,,107.302186022856,6,9
2401754,13,48,1-13-2024-048-02,2,2,9999,9999,9999,9999999999,999,9999999999,999,,,,,,,,,58.2530897040008,7,9
2401892,13,52,1-13-2024-052-03,3,2,9999,9999,9999,9999999999,999,9999999999,999,,,,,,,,,515.764062852312,7,9
2401897,48,65,1-48-2024-065-03,3,2,1388,780,750,P185/55R15,240,P185/55R15,240,,,,,,,,,60.2828887438597,12,9
2402040,73,63,1-73-2024-063-03,3,2,1410,730,690,P165/65R14,240,P165/65R14,240,,,,,,,,,23.5881329232141,3,9
2403100,25,76,1-25-2024-076-04,4,2,2143,1100,1043,P225/65R17,230,P225/65R17,230,,,,,,,,,144.418223406391,2,9
2405197,60,79,1-60-2024-079-03,3,2,1720,990,950,P195/65R15,230,P195/65R15,230,,,,,,,,,245.058943416176,8,9
2405340,32,146,1-32-2024-146-05,5,1,2400,1240,1345,P265/45R20,255,P265/45R20,255,,,,,,,,,63.4459286609016,7,9
2405473,32,148,1-32-2024-148-02,2,2,9999,9999,9999,9999999999,999,9999999999,999,,,,,,,,,15.2800393080999,7,9
2406387,12,129,1-12-2024-129-10,10,1,3266,1701,1746,P235/75R17,240,P235/75R17,240,,,,,,,,,2775.12094827989,9,9
2403230,32,111,1-32-2024-111-02,2,1,3266,1701,1746,P275/65R18,240,P275/65R18,240,,,,,,,,,9.15925905654207,7,9
2404104,11,125,1-11-2024-125-10,10,1,9999,9999,9999,9999999999,999,9999999999,999,,,,,,,,,9825.60230602596,8,9
2404264,10,76,1-10-2024-076-06,6,1,2722,1311,1420,P235/60R18,240,P235/60R18,240,,,,,,,,,767.380247494335,4,9
2404398,10,83,1-10-2024-083-06,6,2,1917,1010,940,P235/45R18,230,P235/45R18,230,,,,,,,,,558.457547490162,4,9
2400698,52,10,1-52-2024-010-07,7,1,2050,1150,1200,P225/50R18,230,P225/50R18,220,,,,,,,,,33.8657388719454,12,9
2401008,17,32,1-17-2024-032-04,4,2,1795,955,850,P235/40R18,240,P235/40R18,230,,,,,,,,,131.910982492372,4,9
2401653,17,53,1-17-2024-053-06,6,1,1720,990,950,P205/55R16,230,P205/55R16,230,,,,,,,,,103.359955056797,4,9
2401976,32,73,1-32-2024-073-09,9,2,1941,1017,993,P215/60R16,220,P215/60R16,220,,,,,,,,,3147.76349296009,7,9
2402896,11,81,1-11-2024-081-03,3,2,1870,1040,880,P215/55R17,200,P215/55R17,200,,,,,,,,,171.808727202705,8,9
2403173,77,108,1-77-2024-108-02,2,1,2230,1220,1220,P225/60R18,230,P225/60R18,230,,,,,,,,,83.1566199866033,9,9
2403440,57,82,1-57-2024-082-NM1,21,1,9999,9999,9999,P235/60R18,230,P235/60R18,230,,,,,,,,,13.7201676622522,1,9
2404058,67,27,1-67-2024-027-03,3,1,3221,1724,1724,P255/70R17,240,P255/70R17,240,,,,,,,,,98.1894542929286,7,9
2404293,57,116,1-57-2024-116-03,3,2,2713,1402,1393,P255/70R18,240,P255/70R18,240,,,,,,,,,62.0965406792908,1,9
2400339,24,6,1-24-2024-006-08,8,1,2858,1452,1520,P245/55R18,250,P245/55R18,250,,,,,,,,,59.5669287216797,1,9
2401088,23,18,1-23-2024-018-06,6,1,2880,1463,1497,P265/70R17,240,P265/70R17,240,,,,,,,,,763.863599221831,5,9
2401440,26,37,1-26-2024-037-06,6,1,1733,939,839,P215/45R17,220,P215/45R17,220,,,,,,,,,468.146518591354,10,9
2401582,15,61,1-15-2024-061-06,6,2,2803,1397,1520,P245/60R18,241,P245/60R18,241,,,,,,,,,159.972191236291,1,9
2401728,48,58,1-48-2024-058-09,9,1,3357,1633,1905,P285/45R22,240,P285/45R22,240,,,,,,,,,244.140868382295,12,9
2402182,30,74,1-30-2024-074-06,6,2,1733,939,839,P215/45R17,220,P215/45R17,220,,,,,,,,,771.048231235537,10,9
2405773,57,181,1-57-2024-181-05,5,1,2115,1150,1150,P225/55R17,230,P225/55R17,230,,,,,,,,,9.69650235592079,1,9
2406358,21,159,1-21-2024-159-06,6,1,1700,915,795,P195/65R15,210,P195/65R15,210,,,,,,,,,6493.58221985842,11,9
2402652,59,84,1-59-2024-084-02,2,1,1776,1050,971,P195/65R15,260,P195/65R15,250,,,,,,,,,48.7900687173874,6,9
2402795,77,93,1-77-2024-093-08,8,1,9999,9999,9999,9999999999,999,9999999999,999,,,,,,,,,300.784145666159,9,9
2403915,22,120,1-22-2024-120-09,9,2,1722,970,900,P195/60R15,210,P195/60R15,210,,,,,,,,,248.33843233682,12,9
2402023,81,41,1-81-2024-041-03,3,3,9999,9999,9999,9999999999,999,9999999999,999,,,,,,,,,602.98592517973,8,9
2401525,33,24,1-33-2024-024-08,8,1,1881,982,899,P225/50R17,210,P225/50R17,210,,,,,,,,,29.5346785988684,12,9
2400128,32,4,1-32-2024-004-05,5,2,9999,9999,9999,9999999999,999,9999999999,999,,,,,,,,,35.2856461757235,7,9
2404628,29,67,1-29-2024-067-06,6,1,2268,1259,1452,P245/75R17,240,P245/75R17,240,,,,,,,,,1794.02253656549,2,9
2404207,76,118,1-76-2024-118-04,4,1,2215,1172,1129,P215/60R17,250,P215/60R17,250,,,,,,,,,86.4714255045695,3,9
2402733,16,79,1-16-2024-079-04,4,2,9999,9999,9999,9999999999,999,9999999999,999,,,,,,,,,1922.69451733979,5,9
2404648,15,179,1-15-2024-179-04,4,1,2605,1320,1380,P255/45R20,250,P255/45R20,250,,,,,,,,,95.4404304095237,1,9
2403709,11,112,1-11-2024-112-02,2,2,9999,9999,9999,9999999999,999,9999999999,999,,,,,,,,,30.7614595081659,8,9
2405040,12,98,1-12-2024-098-04,4,1,3085,1452,1814,P265/70R17,220,P265/70R17,220,,,,,,,,,402.727163211704,9,9
2403354,60,37,1-60-2024-037-07,7,1,1851,996,889,9999999999,999,9999999999,999,,,,,,,,,1653.18910868645,8,9
2406022,14,123,1-14-2024-123-06,6,1,2200,1160,1040,P235/60R18,240,P235/60R18,230,,,,,,,,,506.640156077067,8,9
2406022,14,123,1-14-2024-123-06,6,2,2130,1100,1040,P235/60R18,230,P235/60R18,210,,,,,,,,,506.640156077067,8,9
2404436,17,143,1-17-2024-143-06,6,2,1695,900,810,P215/55R16,220,P215/55R16,220,,,,,,,,,225.706847093898,4,9
2401731,76,46,1-76-2024-046-04,4,1,3215,1465,1925,9999999999,999,9999999999,999,,,,,,,,,466.820603617286,3,9
2403168,59,101,1-59-2024-101-04,4,1,2495,1273,1273,P225/60R18,230,P225/60R18,230,,,,,,,,,235.392432458967,6,9
2400506,32,15,1-32-2024-015-02,2,2,2129,1100,1257,P235/45R18,290,P235/45R18,290,,,,,,,,,16.1834771830848,7,9
2404585,60,71,1-60-2024-071-06,6,1,2195,1134,1067,P235/50R18,240,P235/50R18,240,,,,,,,,,1499.92322022074,8,9
2406357,29,112,1-29-2024-112-04,4,2,2740,1230,1560,P235/50R20,300,P255/45R20,300,,,,,,,,,840.366231787124,2,9
2402527,30,86,1-30-2024-086-04,4,1,2575,1340,1410,P235/60R18,240,P235/60R18,240,,,,,,,,,672.123046517079,10,9
2402378,26,65,1-26-2024-065-07,7,2,1770,955,820,P215/50R17,220,P215/50R17,220,,,,,,,,,1750.10319269405,10,9
2403263,28,96,1-28-2024-096-07,7,1,1950,990,1000,P205/55R16,230,P205/55R16,220,,,,,,,,,44.330330715033,3,9
2403981,19,51,1-19-2024-051-01,1,1,1960,1050,1075,P225/50R18,230,P225/50R18,230,,,,,,,,,49.8247383260155,9,9
2405013,81,126,1-81-2024-126-02,2,1,2098,1129,1098,P235/45R18,240,P235/45R18,240,,,,,,,,,20.6727672091787,8,9
2400542,23,10,1-23-2024-010-02,2,1,9999,1315,1285,9999999999,999,9999999999,999,,,,,,,,,62.9617318466021,5,9
2400871,33,13,1-33-2024-013-04,4,2,2540,1315,1497,P255/65R17,240,P255/65R17,240,,,,,,,,,111.292117176714,12,9
2401182,22,33,1-22-2024-033-10,10,1,2055,1145,1135,P225/65R17,220,P225/65R17,220,,,,,,,,,632.984210388483,12,9
2401492,23,23,1-23-2024-023-02,2,3,3447,1678,1950,P275/50R22,999,P275/50R22,999,,,,,,,,,66.8610187089374,5,9
2402698,17,91,1-17-2024-091-04,4,1,1825,1050,950,P205/60R16,230,P205/60R16,230,,,,,,,,,107.602978930107,4,9
2403312,57,78,1-57-2024-078-03,3,1,1825,1050,950,P205/60R16,230,P205/60R16,230,,,,,,,,,104.056045530934,1,9
2404149,81,100,1-81-2024-100-02,2,1,2215,1065,1165,P245/45R19,230,P245/45R19,230,,,,,,,,,26.6902214863668,8,9
2404484,79,88,1-79-2024-088-06,6,1,2791,1339,1452,P235/65R17,250,P235/65R17,250,,,,,,,,,120.772111910736,8,9
2404791,48,154,1-48-2024-154-09,9,1,2994,1407,1770,P245/70R17,228,P245/70R17,228,,,,,,,,,94.8892869895368,12,9
2406260,12,126,1-12-2024-126-07,7,1,2055,1150,1150,P225/65R17,230,P225/65R17,230,,,,,,,,,293.505475547656,9,9
2400840,62,23,1-62-2024-023-02,2,1,2050,1016,1061,P235/50R18,220,P235/50R18,220,,,,,,,,,27.4104501869369,7,9
2401223,54,32,1-54-2024-032-02,2,2,2635,1141,1547,P255/55R20,230,P255/55R20,230,,,,,,,,,135.524498741715,9,9
2401604,54,38,1-54-2024-038-10,10,1,2490,1340,1405,P245/65R17,210,P245/65R17,210,,,,,,,,,297.406603751546,9,9
2401813,28,49,1-28-2024-049-03,3,1,2155,1180,1080,P215/65R17,240,P215/65R17,220,,,,,,,,,28.3089754479373,3,9
2403245,22,96,1-22-2024-096-06,6,1,1819,1030,987,P195/65R15,240,P195/65R15,230,,,,,,,,,88.2065738868729,12,9
2403901,32,126,1-32-2024-126-02,2,2,2631,1451,1588,P255/65R16,240,P255/65R16,240,,,,,,,,,36.3666949251999,7,9
2400606,11,13,1-11-2024-013-07,7,1,1995,1002,997,P235/50R17,207,P235/50R17,207,,,,,,,,,2307.2300651724,8,9
2402982,16,89,1-16-2024-089-03,3,1,1751,934,871,P205/55R17,220,P205/55R17,220,,,,,,,,,114.216869220851,5,9
2404310,19,57,1-19-2024-057-03,3,2,2620,1340,1450,P245/50R20,240,P245/50R20,240,,,,,,,,,235.880964159073,9,9
2401107,18,40,1-18-2024-040-05,5,1,1600,850,840,P175/70R14,230,P175/70R14,230,,,,,,,,,50.9427492020977,6,9
2405544,79,105,1-79-2024-105-03,3,1,1815,980,845,P215/45R18,230,P215/45R18,230,,,,,,,,,104.756877618907,8,9
2402627,28,78,1-28-2024-078-10,10,1,1810,972,880,P215/55R16,240,P215/55R16,240,,,,,,,,,80.5683609045318,3,9
2402126,21,43,1-21-2024-043-03,3,2,3311,1640,1970,P275/60R20,240,P275/60R20,240,,,,,,,,,671.942412724886,11,9
2401276,16,40,1-16-2024-040-08,8,1,2300,1150,1175,P235/65R16,210,P235/65R16,210,,,,,,,,,293.684778521298,5,9
2401153,24,24,1-24-2024-024-04,4,1,2703,1452,1270,P245/50R20,240,P245/50R20,240,,,,,,,,,134.47964575983,1,9
2402272,11,59,1-11-2024-059-06,6,3,4536,1928,2876,LT245/75R17,450,LT245/75R17,550,,,,,,,,,331.125785841071,8,9
2402149,59,68,1-59-2024-068-04,4,1,9999,9999,9999,9999999999,999,9999999999,999,,,,,,,,,113.075776303552,6,9
2403419,77,115,1-77-2024-115-05,5,1,1917,1010,940,9999999999,999,9999999999,999,,,,,,,,,143.029350117903,9,9
2404307,69,98,1-69-2024-098-05,5,3,2586,1293,1339,P215/75R15,250,P215/75R15,250,,,,,,,,,24.1360940214581,8,9
2405380,14,104,1-14-2024-104-04,4,1,2765,1270,1515,P265/70R17,220,P265/70R17,220,,,,,,,,,909.854394508117,8,9
2405564,24,155,1-24-2024-155-03,3,2,9999,9999,9999,9999999999,999,9999999999,999,,,,,,,,,50.8895333074807,1,9
2405932,30,198,1-30-2024-198-03,3,1,1965,1010,975,P215/70R16,220,P215/70R16,220,,,,,,,,,184.500396636025,10,9
2406284,27,192,1-27-2024-192-06,6,1,2122,1072,1089,P225/65R17,230,P225/65R17,230,,,,,,,,,51.5352651741861,3,9
2401438,21,28,1-21-2024-028-03,3,1,3221,1452,1770,P265/50R20,230,P265/50R20,250,,,,,,,,,120.932946646978,11,9
2402375,20,68,1-20-2024-068-03,3,1,1631,920,840,P185/65R15,230,P185/65R15,230,,,,,,,,,46.8545499360671,11,9
2402558,73,78,1-73-2024-078-06,6,1,2100,1191,1191,P215/55R17,240,P215/55R17,240,,,,,,,,,37.0946854309253,3,9
2402671,48,88,1-48-2024-088-02,2,2,1830,950,930,P205/55R17,250,P205/55R17,250,,,,,,,,,74.210049573419,12,9
2402863,16,84,1-16-2024-084-02,2,1,1710,920,830,P235/40R18,225,P235/40R18,220,,,,,,,,,15.1092509057653,5,9
2403406,27,109,1-27-2024-109-03,3,2,2575,1275,1380,P245/45R20,240,P245/45R20,260,,,,,,,,,21.3864561982913,3,9
2403590,66,74,1-66-2024-074-10,10,2,2016,1101,915,P225/50R17,210,P225/50R17,210,,,,,,,,,969.55799484385,6,9
2400340,24,7,1-24-2024-007-08,8,2,9999,9999,9999,9999999999,999,9999999999,999,,,,,,,,,59.5669287216797,1,9
2402190,19,31,1-19-2024-031-03,3,2,9999,9999,9999,9999999999,999,9999999999,999,,,,,,,,,109.751530405425,9,9
2402481,14,39,1-14-2024-039-02,2,1,2210,1350,1395,P235/65R17,234,P235/65R17,234,,,,,,,,,73.7387227230028,8,9
2402765,27,88,1-27-2024-088-04,4,2,2631,1588,1633,P255/65R17,260,P255/65R17,260,,,,,,,,,51.5876217780529,3,9
2402955,12,49,1-12-2024-049-03,3,1,2250,1175,1240,P225/65R17,240,P225/65R17,240,,,,,,,,,167.151387048075,9,9
2402973,11,83,1-11-2024-083-03,3,3,9999,9999,9999,9999999999,999,9999999999,999,,,,,,,,,717.570935421219,8,9
2405362,20,127,1-20-2024-127-09,9,2,1520,835,780,P195/60R15,210,P195/60R15,210,,,,,,,,,1756.06185165083,11,9
2405547,30,189,1-30-2024-189-NM1,21,1,2200,1350,1395,P235/65R17,234,P235/65R17,234,,,,,,,,,33.3381262919494,10,9
2405668,54,123,1-54-2024-123-10,10,1,9999,9999,9999,9999999999,999,9999999999,999,,,,,,,,,892.219811254638,9,9
2405895,48,192,1-48-2024-192-08,8,1,1626,855,780,P195/65R15,210,P195/65R15,210,,,,,,,,,96.1411607504999,12,9
2403220,25,80,1-25-2024-080-01,1,1,3175,1724,1814,P265/70R17,210,P265/70R17,210,,,,,,,,,37.8996534757413,2,9
2404634,19,61,1-19-2024-061-03,3,2,1554,794,775,P185/65R15,230,P185/65R15,230,,,,,,,,,53.0215875094493,9,9
2404800,69,111,1-69-2024-111-04,4,1,2570,1360,1410,P235/55R20,230,P235/55R20,230,,,,,,,,,162.395769775631,8,9
2405177,19,71,1-19-2024-071-05,5,1,2036,1040,1027,P225/65R17,230,P225/65R17,230,,,,,,,,,182.109577992269,9,9
2402268,31,44,1-31-2024-044-07,7,1,2175,1010,1230,P225/45R18,220,P225/45R18,260,,,,,,,,,230.868935151332,6,9
2402576,48,84,1-48-2024-084-06,6,2,1970,1010,1000,P225/55R17,230,P225/55R17,220,,,,,,,,,86.4307074675267,12,9
2402772,15,110,1-15-2024-110-06,6,1,9999,9999,9999,9999999999,999,9999999999,999,,,,,,,,,99.7135671483522,1,9
2405753,81,149,1-81-2024-149-01,1,1,2215,1130,1165,P245/45R19,230,P245/45R19,230,,,,,,,,,39.030210189351,8,9
2404851,27,153,1-27-2024-153-09,9,1,1960,980,1020,P205/70R15,180,P205/70R15,180,,,,,,,,,278.553110080579,3,9
2406371,62,189,1-62-2024-189-03,3,2,1910,1020,925,P215/60R17,230,P215/60R17,220,,,,,,,,,83.7675023778334,7,9
2403815,60,49,1-60-2024-049-07,7,1,2747,1339,1452,P235/65R17,250,P235/65R17,250,,,,,,,,,1781.62860781657,8,9
2402003,15,79,1-15-2024-079-09,9,1,9999,9999,9999,9999999999,999,9999999999,999,,,,,,,,,117.566281270162,1,9
2405644,32,152,1-32-2024-152-03,3,2,2540,1335,1490,P245/75R16,220,P245/75R16,220,,,,,,,,,1022.53770309295,7,9
2402441,30,82,1-30-2024-082-07,7,2,1590,850,755,P185/55R16,230,P185/55R16,220,,,,,,,,,1606.47008990451,10,9
2402842,25,69,1-25-2024-069-06,6,1,2090,1075,1125,P225/60R17,240,P225/60R17,240,,,,,,,,,405.149456343372,2,9
2402961,81,63,1-81-2024-063-02,2,2,2663,1340,1450,P245/50R20,240,P245/50R20,240,,,,,,,,,19.0849903848337,8,9
2403015,15,117,1-15-2024-117-06,6,1,2949,1452,1679,P265/60R18,250,P265/60R18,250,,,,,,,,,303.304189059975,1,9
2403148,66,64,1-66-2024-064-07,7,1,2747,1339,1452,P235/65R17,248,P235/65R17,248,,,,,,,,,133.367571576148,6,9
2403311,57,77,1-57-2024-077-03,3,2,2020,1150,1100,P215/65R17,240,P215/65R17,240,,,,,,,,,104.056045481746,1,9
2403495,48,112,1-48-2024-112-03,3,2,2855,1360,1560,P265/70R17,220,P265/70R17,220,,,,,,,,,54.9604072040948,12,9
2406267,24,173,1-24-2024-173-10,10,2,9999,9999,9999,9999999999,999,9999999999,999,,,,,,,,,12047.7996238145,1,9
2400156,77,6,1-77-2024-006-06,6,1,1770,955,820,P215/50R17,220,P215/50R17,220,,,,,,,,,1192.83431401126,9,9
2402631,15,101,1-15-2024-101-04,4,1,1950,1070,960,P225/50R17,220,P225/50R17,220,,,,,,,,,60.8903261931205,1,9
2402779,27,91,1-27-2024-091-09,9,1,1720,940,800,P215/45R17,220,P215/45R17,220,,,,,,,,,86.5081412566534,3,9
2403143,15,120,1-15-2024-120-06,6,1,3878,1873,2300,P235/65R16,340,P235/65R16,490,,,,,,,,,31.4721444537059,1,9
2403521,22,104,1-22-2024-104-04,4,2,1700,915,795,P195/65R15,217,P195/65R15,217,,,,,,,,,111.947355719657,12,9
2403692,17,113,1-17-2024-113-08,8,1,4037,1724,2504,LT245/75R16,415,LT245/75R16,550,,,,,,,,,129.915935315377,4,9
2403870,12,67,1-12-2024-067-10,10,1,3720,1837,2177,LT245/75R17,380,LT245/75R17,415,,,,,,,,,8209.53170960713,9,9
2404056,77,133,1-77-2024-133-02,2,1,2030,1188,1098,P235/45R18,240,P235/45R18,240,,,,,,,,,83.1566199866033,9,9
2404384,18,116,1-18-2024-116-07,7,1,2745,1339,1407,P225/65R17,250,P225/65R17,250,,,,,,,,,732.278155567738,6,9
2405107,26,118,1-26-2024-118-05,5,1,2855,1360,1560,P265/70R17,220,P265/70R17,220,,,,,,,,,77.544217826064,10,9
2405838,28,178,1-28-2024-178-04,4,1,2100,1140,1100,P235/45R17,230,P235/45R17,220,,,,,,,,,113.418269020985,3,9
2406175,16,130,1-16-2024-130-02,2,2,2480,1300,1350,P255/45R20,240,P255/45R20,240,,,,,,,,,56.791932701426,5,9
2400225,60,6,1-60-2024-006-03,3,2,2715,1325,1454,P235/65R18,230,P235/65R18,230,,,,,,,,,272.233086345417,8,9
2401113,13,28,1-13-2024-028-NM1,21,1,9999,9999,9999,9999999999,999,9999999999,999,,,,,,,,,14.5007405645646,7,9
2401498,54,34,1-54-2024-034-09,9,1,3221,1633,1837,P275/55R20,240,P275/55R20,240,,,,,,,,,117.274582131211,9,9
2401867,81,36,1-81-2024-036-02,2,1,2767,1407,1407,LT285/70R17,255,LT285/70R17,255,,,,,,,,,19.0849903848337,8,9
2402231,27,73,1-27-2024-073-09,9,1,3991,2358,2759,LT265/75R16,380,LT265/75R16,485,,,,,,,,,79.681964819964,3,9
2403159,15,124,1-15-2024-124-09,9,1,9999,9999,9999,9999999999,999,9999999999,999,,,,,,,,,92.0517828779891,1,9
2405062,79,96,1-79-2024-096-09,9,2,2722,1311,1420,P235/55R19,240,P235/55R19,240,,,,,,,,,337.697615678652,8,9
2405139,12,101,1-12-2024-101-03,3,1,3221,1770,1860,P285/45R22,250,P285/45R22,250,,,,,,,,,164.057323491007,9,9
2405463,76,155,1-76-2024-155-07,7,1,2159,1125,1040,P235/55R17,240,P235/55R17,240,,,,,,,,,72.7960942583928,3,9
2405466,76,158,1-76-2024-158-09,9,1,2745,1339,1407,P225/65R17,250,P225/65R17,250,,,,,,,,,82.5706054598967,3,9
2405818,60,97,1-60-2024-097-03,3,1,3130,1770,1860,P275/55R20,275,P275/55R20,275,,,,,,,,,219.24051085109,8,9
2406173,25,172,1-25-2024-172-03,3,2,2105,1150,1150,P235/55R18,220,P235/55R18,220,,,,,,,,,420.611872511558,2,9
2403526,21,74,1-21-2024-074-03,3,4,3084,1678,1724,P255/70R17,241,P255/70R17,241,,,,,,,,,389.264030585975,11,9
2403883,69,84,1-69-2024-084-04,4,2,2143,1100,1043,P225/55R19,240,P225/55R19,240,,,,,,,,,89.8384928002341,8,9
2404058,67,27,1-67-2024-027-03,3,2,1920,1060,1060,P225/55R18,240,P225/55R18,240,,,,,,,,,98.1894542929286,7,9
2400240,26,3,1-26-2024-003-06,6,1,2023,1068,959,P235/50R17,230,P235/50R17,230,,,,,,,,,855.626158255573,10,9
2400626,76,15,1-76-2024-015-03,3,1,1950,990,1000,P205/55R16,230,P205/55R16,220,,,,,,,,,71.5495535595937,3,9
2400744,76,21,1-76-2024-021-10,10,1,2205,1160,1205,P225/65R17,220,P225/65R17,220,,,,,,,,,444.564676677323,3,9
2401010,17,31,1-17-2024-031-09,9,2,2030,1050,1030,P215/55R17,210,P215/55R17,210,,,,,,,,,377.724258351331,4,9
2401733,76,48,1-76-2024-048-03,3,1,2380,1300,1350,P235/60R18,240,P235/60R18,240,,,,,,,,,104.426833331839,3,9
2401878,23,28,1-23-2024-028-03,3,1,4355,2694,2767,LT265/70R17,515,LT265/70R17,515,,,,,,,,,125.990035635089,5,9
2403292,62,90,1-62-2024-090-02,2,2,2087,1180,1080,P225/55R18,240,P225/55R18,220,,,,,,,,,40.5230025519482,7,9
2403657,62,100,1-62-2024-100-01,1,2,2795,1325,1640,P275/40R21,240,P315/35R21,290,,,,,,,,,57.0289701202479,7,9
2403961,33,71,1-33-2024-071-03,3,1,1960,1070,950,P225/50R17,230,P225/50R17,220,,,,,,,,,17.2161737549189,12,9
2403934,82,103,1-82-2024-103-05,5,1,1733,939,839,P205/55R16,220,P205/55R16,220,,,,,,,,,23.9814262485552,1,9
2404610,82,124,1-82-2024-124-03,3,3,2030,1070,960,P235/40R19,225,P235/40R19,225,,,,,,,,,121.028896204562,1,9
2404708,24,130,1-24-2024-130-03,3,3,2994,1531,1520,P275/55R20,240,P275/55R20,240,,,,,,,,,53.0684303957817,1,9
2402101,27,66,1-27-2024-066-06,6,2,2118,1089,1029,P225/55R19,240,P225/55R19,240,,,,,,,,,22.8219831356438,3,9
2402468,60,28,1-60-2024-028-08,8,2,2599,1495,1511,P265/70R16,241,P265/70R16,241,,,,,,,,,185.214591514808,8,9
2402957,66,62,1-66-2024-062-09,9,1,2541,1293,1293,P215/65R16,999,P215/65R16,999,,,,,,,,,162.736700961055,6,9
2400631,69,12,1-69-2024-012-08,8,2,2019,9999,9999,9999999999,999,9999999999,999,,,,,,,,,148.766413435097,8,9
2400874,11,21,1-11-2024-021-06,6,2,1649,905,835,P205/50R17,230,P205/50R17,230,,,,,,,,,166.913722361013,8,9
2401018,60,12,1-60-2024-012-04,4,1,9999,9999,9999,9999999999,999,9999999999,999,,,,,,,,,1122.95553268025,8,9
2401087,23,17,1-23-2024-017-02,2,2,2105,1095,1010,P225/50R17,260,P225/50R17,260,,,,,,,,,62.9617318466021,5,9
2401408,60,15,1-60-2024-015-03,3,2,3221,1724,1724,P275/60R20,221,P275/60R20,221,,,,,,,,,394.462238361686,8,9
2403615,14,62,1-14-2024-062-05,5,1,2271,1248,1339,P225/65R17,250,P225/65R17,250,,,,,,,,,76.4230415651045,8,9
2403889,11,117,1-11-2024-117-03,3,2,2855,1360,1560,P265/70R17,220,P265/70R17,220,,,,,,,,,515.523532946965,8,9
2403976,20,104,1-20-2024-104-03,3,1,2199,1133,1079,P225/65R17,250,P225/65R17,250,,,,,,,,,164.921231804765,11,9
2404261,82,112,1-82-2024-112-03,3,1,9999,9999,9999,P235/75R15,221,P235/75R15,221,,,,,,,,,114.338725367317,1,9
2404611,82,125,1-82-2024-125-05,5,1,2495,1259,1451,P255/70R18,241,P255/70R18,241,,,,,,,,,24.7457338959219,1,9
2400080,54,3,1-54-2024-003-04,4,2,1963,1097,945,9999999999,999,9999999999,999,,,,,,,,,152.997399597271,9,9
2401028,31,19,1-31-2024-019-10,10,1,3311,1610,1905,P275/55R20,220,P275/55R20,220,,,,,,,,,419.593794787767,6,9
2401995,26,54,1-26-2024-054-03,3,1,2601,1288,1408,P245/40R20,280,P245/40R20,290,,,,,,,,,123.376705143315,10,9
2402128,52,32,1-52-2024-032-06,6,1,9999,9999,9999,9999999999,999,9999999999,999,,,,,,,,,56.6465719357727,12,9
2402167,48,71,1-48-2024-071-07,7,2,9999,9999,9999,9999999999,999,9999999999,999,,,,,,,,,463.276379422285,12,9
2402310,73,70,1-73-2024-070-06,6,1,9999,9999,9999,9999999999,999,9999999999,999,,,,,,,,,89.1819804751388,3,9
2404827,25,127,1-25-2024-127-NM1,21,1,2019,1180,1007,P215/65R16,220,P215/65R16,220,,,,,,,,,46.3961698932894,2,9
2405239,21,125,1-21-2024-125-09,9,2,1858,963,894,9999999999,999,9999999999,999,,,,,,,,,1230.99331796013,11,9
2405426,57,168,1-57-2024-168-03,3,1,1610,872,766,P195/60R15,230,P195/60R15,210,,,,,,,,,200.397476127225,1,9
2405561,24,152,1-24-2024-152-08,8,1,1990,1020,1030,P235/45R17,230,P235/45R17,220,,,,,,,,,40.8959969609354,1,9
2402742,28,83,1-28-2024-083-03,3,1,2100,1200,1160,P215/70R16,999,P215/70R16,999,,,,,,,,,28.3089754479373,3,9
2403054,54,80,1-54-2024-080-05,5,2,3221,1770,1860,P285/45R22,250,P285/45R22,250,,,,,,,,,144.976226836895,9,9
2404494,15,174,1-15-2024-174-03,3,1,1750,1030,950,P195/65R15,235,P195/65R15,215,,,,,,,,,25.3294057626406,1,9
2404691,19,62,1-19-2024-062-10,10,1,3234,1542,1950,P275/60R20,240,P275/60R20,240,,,,,,,,,6669.19330829912,9,9
2400501,69,9,1-69-2024-009-03,3,2,2125,1115,1065,P235/65R17,248,P235/65R17,228,,,,,,,,,53.1458448007769,8,9
2400662,26,13,1-26-2024-013-NM2,22,1,2070,1055,1035,P225/65R17,210,P225/65R17,210,,,,,,,,,1176.30815772609,10,9
2400833,77,30,1-77-2024-030-08,8,1,3992,2359,2760,LT265/75R16,414,LT265/75R16,483,,,,,,,,,128.058396831579,9,9
2401432,69,26,1-69-2024-026-03,3,1,2090,1150,1150,P225/65R17,250,P225/65R17,250,,,,,,,,,31.9575332623976,8,9
2402494,28,76,1-28-2024-076-10,10,1,1898,991,907,P225/45R18,210,P225/45R18,210,,,,,,,,,107.424481206042,3,9
2402479,76,66,1-76-2024-066-03,3,1,2314,1275,1275,P215/65R17,240,P215/65R17,240,,,,,,,,,71.5495535595937,3,9
2402663,77,89,1-77-2024-089-09,9,1,3175,1656,1814,P275/55R20,210,P275/55R20,210,,,,,,,,,2133.28526235266,9,9
2403285,81,73,1-81-2024-073-01,1,3,9999,9999,9999,9999999999,999,9999999999,999,,,,,,,,,82.1455309731661,8,9
2404123,27,126,1-27-2024-126-04,4,2,1815,975,848,P205/60R16,250,P205/60R16,250,,,,,,,,,18.7495302149441,3,9
2404868,22,146,1-22-2024-146-07,7,1,1810,972,880,P215/50R17,240,P215/50R17,240,,,,,,,,,197.739270609814,12,9
2405186,54,114,1-54-2024-114-07,7,1,1941,1017,993,P215/60R16,220,P215/60R16,220,,,,,,,,,465.079513300846,9,9
2405918,19,87,1-19-2024-087-01,1,1,2473,1248,1316,P225/65R17,250,P225/65R17,250,,,,,,,,,103.75873151528,9,9
2400091,73,4,1-73-2024-004-03,3,1,2160,1090,1080,P225/45R18,280,P245/40R18,330,,,,,,,,,59.7233547597489,3,9
2401395,25,31,1-25-2024-031-04,4,3,1950,990,1000,P205/55R16,230,P205/55R16,220,,,,,,,,,51.4206151647524,2,9
2403621,27,116,1-27-2024-116-06,6,1,1905,1020,910,P205/65R16,230,P205/65R16,220,,,,,,,,,35.6254961100411,3,9
2403810,24,107,1-24-2024-107-06,6,1,3221,1770,1860,LT275/70R18,380,LT275/70R18,310,,,,,,,,,447.799479425483,1,9
2405272,73,133,1-73-2024-133-07,7,1,2300,1175,1240,P225/65R17,240,P225/65R17,240,,,,,,,,,84.7663799524994,3,9
2405447,24,151,1-24-2024-151-03,3,1,2200,1250,1220,P225/60R18,240,P225/60R18,230,,,,,,,,,75.8937035902886,1,9
2405572,14,109,1-14-2024-109-04,4,2,1844,1050,971,P225/40R18,230,P225/40R18,210,,,,,,,,,1809.36544470856,8,9
2405853,29,100,1-29-2024-100-06,6,2,1980,1100,960,P215/55R17,235,P215/55R17,235,,,,,,,,,2077.07728208577,2,9
2405984,22,182,1-22-2024-182-03,3,1,4536,2177,2876,LT275/70R18,420,LT275/70R18,450,,,,,,,,,33.5921534966532,12,9
2406024,73,150,1-73-2024-150-06,6,1,1890,988,902,P215/55R17,220,P215/55R17,210,,,,,,,,,192.446977093304,3,9
2406305,62,183,1-62-2024-183-04,4,2,2180,1160,1050,P255/40R19,220,P255/40R19,220,,,,,,,,,2707.00800802249,7,9
2401597,14,25,1-14-2024-025-03,3,1,2300,1075,1225,P235/60R18,240,P235/60R18,290,,,,,,,,,1227.40456315265,8,9
2401804,25,42,1-25-2024-042-06,6,2,2130,1150,1200,P225/65R17,240,P225/65R17,230,,,,,,,,,63.4952900131591,2,9
2402344,16,69,1-16-2024-069-NM1,21,1,2129,1110,1257,P235/40R19,290,P235/40R19,290,,,,,,,,,26.1808531062603,5,9
2402412,54,62,1-54-2024-062-07,7,2,2855,1360,1560,P265/70R17,220,P265/70R17,220,,,,,,,,,279.908966338472,9,9
2402526,31,49,1-31-2024-049-04,4,2,4114,1873,2502,P235/65R16,360,P235/65R16,520,,,,,,,,,222.052598299916,6,9
2402702,20,77,1-20-2024-077-NM2,22,1,2767,1293,1520,P245/70R17,250,P245/70R17,250,,,,,,,,,87.941289186377,11,9
2403437,73,98,1-73-2024-098-06,6,1,2050,1150,1200,P225/55R17,230,P225/55R17,220,,,,,,,,,436.667596310041,3,9
2405072,60,76,1-60-2024-076-01,1,2,2100,1191,1191,P205/65R16,240,P205/65R16,240,,,,,,,,,40.1207873048432,8,9
2405634,62,169,1-62-2024-169-02,2,1,1760,940,835,P235/40R18,225,P235/40R18,220,,,,,,,,,27.4104501869369,7,9
2405779,48,187,1-48-2024-187-04,4,1,1960,1030,980,P215/55R17,250,P215/55R17,250,,,,,,,,,179.531498408301,12,9
2405793,10,118,1-10-2024-118-07,7,1,2012,1080,1044,P205/70R16,240,P205/70R16,240,,,,,,,,,1780.5340311051,4,9
2401378,73,45,1-73-2024-045-07,7,1,2190,1150,1250,P225/55R18,240,P225/55R18,240,,,,,,,,,83.6823530605529,3,9
2401505,48,53,1-48-2024-053-04,4,1,9999,9999,9999,9999999999,999,9999999999,999,,,,,,,,,196.887261223323,12,9
2401711,15,62,1-15-2024-062-06,6,2,1917,1010,940,P215/60R16,220,P215/60R16,220,,,,,,,,,86.0208872627184,1,9
2401853,66,42,1-66-2024-042-09,9,1,1944,1065,995,P215/55R18,240,P215/55R18,240,,,,,,,,,97.5596917228585,6,9
2402450,17,81,1-17-2024-081-06,6,2,1990,1085,945,P235/50R18,300,P235/50R18,300,,,,,,,,,207.386851098491,4,9
2402611,22,75,1-22-2024-075-10,10,1,1970,1060,960,P205/55R16,230,P205/55R16,230,,,,,,,,,185.561788413348,12,9
2403645,31,71,1-31-2024-071-01,1,2,1720,990,950,P205/55R16,230,P205/55R16,230,,,,,,,,,190.536266122907,6,9
2404231,12,78,1-12-2024-078-06,6,2,2314,1275,1275,P245/45R20,220,P245/45R20,220,,,,,,,,,257.996460650317,9,9
2404960,32,141,1-32-2024-141-02,2,2,2109,1079,1217,P215/70R15,210,P215/70R15,230,,,,,,,,,4.13903443658647,7,9
2404965,28,156,1-28-2024-156-07,7,1,1554,794,775,P185/65R15,230,P185/65R15,230,,,,,,,,,112.67681252621,3,9
2405291,48,172,1-48-2024-172-06,6,1,3266,1792,1792,P275/55R20,240,P275/55R20,240,,,,,,,,,86.4307074675267,12,9
2405701,17,188,1-17-2024-188-07,7,2,2105,1150,1150,P225/65R17,230,P225/65R17,230,,,,,,,,,370.26476699869,4,9
2406004,60,104,1-60-2024-104-06,6,2,2722,1350,1450,P235/65R18,240,P235/65R18,240,,,,,,,,,1686.82934488612,8,9
2406007,59,180,1-59-2024-180-03,3,1,2730,1310,1465,P235/60R18,240,P235/60R18,240,,,,,,,,,83.6010545122374,6,9
2403189,73,93,1-73-2024-093-01,1,1,9999,9999,9999,9999999999,999,9999999999,999,,,,,,,,,33.7080746605346,3,9
2403329,19,41,1-19-2024-041-06,6,1,3175,1746,1792,P275/55R20,241,P275/55R20,241,,,,,,,,,230.582658913492,9,9
2400031,48,3,1-48-2024-003-03,3,1,9999,9999,9999,9999999999,999,9999999999,999,,,,,,,,,54.9604072040948,12,9
2400312,79,12,1-79-2024-012-05,5,1,2092,1185,1185,P215/55R17,220,P215/55R17,220,,,,,,,,,121.577378642075,8,9
2400806,66,15,1-66-2024-015-06,6,1,1978,1064,914,P225/50R17,240,P225/50R17,240,,,,,,,,,124.972344097308,6,9
2400996,77,35,1-77-2024-035-03,3,1,2200,1250,1220,P225/60R18,240,P225/60R18,230,,,,,,,,,110.200563996459,9,9
2401122,12,22,1-12-2024-022-03,3,2,1969,1055,930,P215/60R17,230,P215/60R17,230,,,,,,,,,213.260129545021,9,9
2401305,15,50,1-15-2024-050-03,3,2,2259,1129,1159,P235/40R19,250,P235/40R19,250,,,,,,,,,17.5923892237022,1,9
2403273,15,129,1-15-2024-129-04,4,1,9999,9999,9999,9999999999,999,9999999999,999,,,,,,,,,109.371972803588,1,9
2405631,62,166,1-62-2024-166-08,8,1,1990,1020,1030,P235/45R17,230,P235/45R17,220,,,,,,,,,758.921079249798,7,9
2401770,48,60,1-48-2024-060-03,3,2,2830,1400,1600,P235/65R17,220,P235/65R17,270,,,,,,,,,54.9604072040948,12,9
2402073,66,47,1-66-2024-047-02,2,1,2025,1175,1200,P235/50R19,240,P235/50R19,240,,,,,,,,,107.302186022856,6,9
2402227,16,65,1-16-2024-065-05,5,1,1996,1210,1070,P215/55R17,220,P215/55R17,220,,,,,,,,,20.614517650874,5,9
2402826,30,100,1-30-2024-100-08,8,1,1860,1020,920,P215/55R17,230,P215/55R17,230,,,,,,,,,149.491706481095,10,9
2402978,60,33,1-60-2024-033-02,2,2,1963,1097,945,P215/55R17,230,P215/55R17,230,,,,,,,,,98.7373875661215,8,9
2405637,60,93,1-60-2024-093-01,1,2,2158,1152,1006,P235/55R17,210,P235/55R17,210,,,,,,,,,35.3078303623944,8,9
2403713,25,95,1-25-2024-095-04,4,1,2109,1150,1150,P225/50R18,230,P225/50R18,230,,,,,,,,,271.406782231251,2,9
2403989,24,112,1-24-2024-112-06,6,1,2745,1339,1407,P225/65R17,250,P225/65R17,250,,,,,,,,,392.704603384986,1,9
2404911,10,93,1-10-2024-093-09,9,1,2722,1338,1542,P245/60R18,210,P245/60R18,240,,,,,,,,,2003.16128419088,4,9
2405350,15,206,1-15-2024-206-02,2,1,2722,1350,1450,P235/55R20,250,P235/55R20,250,,,,,,,,,15.3781496831824,1,9
2405355,67,48,1-67-2024-048-NM2,22,1,2291,1273,1273,P225/60R17,250,P225/60R17,250,,,,,,,,,466.844383438263,7,9
2400440,48,18,1-48-2024-018-08,8,1,2541,1293,1293,P215/70R15,248,P215/70R15,248,,,,,,,,,96.1411607504999,12,9
2401065,22,29,1-22-2024-029-07,7,2,2700,1300,1430,P235/70R16,220,P235/70R16,220,,,,,,,,,113.194619429454,12,9
2401526,33,25,1-33-2024-025-06,6,1,9999,9999,9999,9999999999,999,9999999999,999,,,,,,,,,86.5029641253402,12,9
2401833,27,60,1-27-2024-060-04,4,2,2745,1410,1475,P245/60R18,220,P245/60R18,220,,,,,,,,,41.9395991935004,3,9
2403477,11,101,1-11-2024-101-07,7,2,1805,1030,987,P195/65R15,241,P195/65R15,241,,,,,,,,,2789.72309945544,8,9
2403904,30,137,1-30-2024-137-05,5,2,1554,794,775,P185/65R15,230,P185/65R15,230,,,,,,,,,43.4171900907947,10,9
2404668,73,122,1-73-2024-122-06,6,2,9999,9999,9999,9999999999,999,9999999999,999,,,,,,,,,82.6022392036631,3,9
2404799,12,93,1-12-2024-093-03,3,2,2949,1452,1679,P265/50R20,230,P265/50R20,250,,,,,,,,,164.057323491007,9,9
2405252,29,88,1-29-2024-088-03,3,5,2070,1050,1040,P225/65R17,210,P225/65R17,210,,,,,,,,,148.249072371412,2,9
2405718,28,175,1-28-2024-175-09,9,1,2076,1080,1044,P215/65R17,240,P215/65R17,240,,,,,,,,,159.603096768965,3,9
2405859,22,178,1-22-2024-178-04,4,2,2100,1191,1191,P205/65R16,240,P205/65R16,240,,,,,,,,,66.7252441297753,12,9
2406155,69,160,1-69-2024-160-02,2,2,2490,1250,1360,P255/45R20,230,P255/45R20,250,,,,,,,,,7.30201599951961,8,9
2400516,26,8,1-26-2024-008-05,5,1,9999,9999,9999,P225/75R16,240,P225/75R16,240,,,,,,,,,21.9285367853072,10,9
2400963,81,22,1-81-2024-022-09,9,1,1923,980,979,P215/55R16,210,P215/55R16,210,,,,,,,,,4796.11655826995,8,9
2401149,33,18,1-33-2024-018-03,3,1,2100,1250,1220,P225/55R17,230,P225/55R17,220,,,,,,,,,27.3329411219541,12,9
2401587,22,48,1-22-2024-048-10,10,2,2949,1452,1770,P265/50R20,250,P265/50R20,250,,,,,,,,,520.337693702736,12,9
2401871,62,47,1-62-2024-047-03,3,2,3085,1679,1770,P275/60R20,240,P275/60R20,240,,,,,,,,,488.113465600307,7,9
2402186,17,71,1-17-2024-071-06,6,1,2730,1320,1515,P235/60R18,240,P235/60R18,240,,,,,,,,,219.648098632459,4,9
2403565,67,18,1-67-2024-018-03,3,1,2159,1125,1034,P235/50R18,240,P235/50R18,240,,,,,,,,,114.933643901249,7,9
2403846,81,93,1-81-2024-093-03,3,2,2550,1355,1400,P235/60R18,260,P235/60R18,260,,,,,,,,,1224.05256267546,8,9
2404583,60,69,1-60-2024-069-05,5,1,2745,1339,1407,P225/65R17,250,P225/65R17,250,,,,,,,,,48.0217557407381,8,9
2404877,82,135,1-82-2024-135-06,6,1,2009,1066,966,P235/50R17,230,P235/50R17,230,,,,,,,,,220.40468525162,1,9
2401081,59,36,1-59-2024-036-07,7,1,1938,861,1077,P225/45R17,220,P225/45R17,240,,,,,,,,,916.555792512821,6,9
2401188,76,31,1-76-2024-031-06,6,1,2405,1225,1351,9999999999,999,9999999999,999,,,,,,,,,69.290638741677,3,9
2401463,31,30,1-31-2024-030-10,10,1,1991,1063,928,P225/50R17,215,P225/50R17,215,,,,,,,,,730.093202930715,6,9
2401767,73,56,1-73-2024-056-04,4,1,2495,1273,1273,P225/65R17,250,P225/65R17,250,,,,,,,,,69.1640093839777,3,9
2402041,73,64,1-73-2024-064-06,6,1,1950,990,1000,P205/55R16,230,P205/55R16,230,,,,,,,,,71.5546863272977,3,9
2402124,28,61,1-28-2024-061-NM2,22,1,9999,9999,9999,9999999999,999,9999999999,999,,,,,,,,,37.9334438090452,3,9
2403425,10,55,1-10-2024-055-09,9,1,2070,1050,1040,P225/65R17,210,P225/65R17,210,,,,,,,,,838.325820933804,4,9
2403749,15,149,1-15-2024-149-03,3,1,2380,1300,1350,P235/60R18,240,P235/60R18,240,,,,,,,,,17.1071163846097,1,9
2405610,82,161,1-82-2024-161-03,3,2,2040,1160,1140,9999999999,999,9999999999,999,,,,,,,,,630.555726158075,1,9
2405665,54,125,1-54-2024-125-07,7,2,1823,975,856,P205/60R16,250,P205/60R16,250,,,,,,,,,163.639088013261,9,9
2405891,59,177,1-59-2024-177-07,7,1,2136,1118,1039,P225/50R17,240,P225/50R17,240,,,,,,,,,843.914912018636,6,9
2405966,25,164,1-25-2024-164-06,6,2,2390,1400,1300,P245/50R20,220,P245/50R20,220,,,,,,,,,353.939350416704,2,9
2400274,62,10,1-62-2024-010-09,9,2,3085,1542,1814,P265/70R17,210,P265/70R17,210,,,,,,,,,2924.41234542523,7,9
2400799,22,22,1-22-2024-022-07,7,1,1560,821,762,P185/70R14,210,P185/70R14,210,,,,,,,,,98.6738695779625,12,9
2403655,59,115,1-59-2024-115-03,3,1,2105,1075,1200,P215/70R15,210,P215/70R15,230,,,,,,,,,49.5714970503393,6,9
2403910,82,101,1-82-2024-101-02,2,1,1940,1100,952,P215/60R17,250,P215/60R17,250,,,,,,,,,23.9814262485552,1,9
2404203,48,133,1-48-2024-133-05,5,1,2159,1125,1034,P235/50R18,240,P235/50R18,240,,,,,,,,,80.9035530796695,12,9
2404462,76,130,1-76-2024-130-03,3,1,2100,1175,1200,P235/50R19,999,P235/50R19,999,,,,,,,,,71.5495535595937,3,9
2404568,79,91,1-79-2024-091-09,9,1,2645,1340,1545,P245/60R18,999,P245/60R18,999,,,,,,,,,134.548153434236,8,9
2404804,79,95,1-79-2024-095-03,3,2,9999,9999,9999,9999999999,999,9999999999,999,,,,,,,,,148.892604215715,8,9
2405415,19,75,1-19-2024-075-05,5,1,2025,1175,1200,P225/65R17,240,P225/65R17,240,,,,,,,,,57.9800660258747,9,9
2405756,62,171,1-62-2024-171-02,2,3,3085,1633,1701,LT245/75R16,310,LT245/75R16,310,,,,,,,,,40.5230025519482,7,9
2405959,31,129,1-31-2024-129-08,8,1,2025,1109,916,P205/70R15,999,P205/70R15,999,,,,,,,,,222.937813489072,6,9
2406220,15,243,1-15-2024-243-04,4,2,2660,1360,1460,P235/65R18,999,P235/65R18,999,,,,,,,,,48.9130372170985,1,9
2400478,11,12,1-11-2024-012-02,2,1,1857,964,893,P225/55R17,230,P225/55R17,230,,,,,,,,,30.7614595081659,8,9
2401347,81,28,1-81-2024-028-05,5,1,1733,939,839,P205/55R16,220,P205/55R16,220,,,,,,,,,184.417144420412,8,9
2401884,57,35,1-57-2024-035-03,3,3,2355,1210,1365,P255/45R20,240,P255/45R20,240,,,,,,,,,168.570265700135,1,9
2402628,28,79,1-28-2024-079-06,6,2,3221,1724,1724,P275/60R20,999,P275/60R20,999,,,,,,,,,44.5186799027896,3,9
2403000,28,92,1-28-2024-092-09,9,1,2010,1070,1060,P205/60R16,230,P205/60R16,220,,,,,,,,,100.516200999149,3,9
2403534,76,98,1-76-2024-098-07,7,1,2032,1048,1093,P225/60R17,210,P225/60R17,200,,,,,,,,,437.376319336205,3,9
2404178,54,101,1-54-2024-101-04,4,1,2650,1300,1400,P235/70R16,220,P235/70R16,220,,,,,,,,,258.040390365546,9,9
2404674,10,87,1-10-2024-087-03,3,2,3175,1792,1792,P265/65R18,240,P265/65R18,240,,,,,,,,,798.825776731513,4,9
2404746,17,150,1-17-2024-150-05,5,2,3221,1588,1724,P265/60R17,280,P265/60R17,280,,,,,,,,,65.2966472785888,4,9
2404850,27,152,1-27-2024-152-02,2,2,2223,1259,1452,P225/75R16,240,P225/75R16,240,,,,,,,,,17.0270955559146,3,9
2405215,28,161,1-28-2024-161-03,3,1,3175,1724,1724,LT275/65R18,280,LT275/65R18,280,,,,,,,,,39.7186514004042,3,9
2405298,33,101,1-33-2024-101-01,1,1,2041,993,1066,P225/60R17,220,P225/60R17,220,,,,,,,,,68.1584452977333,12,9
2400502,69,10,1-69-2024-010-03,3,2,2110,1200,1150,P225/60R17,240,P225/60R17,240,,,,,,,,,53.1458448007769,8,9
2401074,73,34,1-73-2024-034-04,4,1,1410,730,690,P175/55R15,240,P175/55R15,240,,,,,,,,,46.5556133289521,3,9
2401669,25,38,1-25-2024-038-07,7,1,1800,980,910,P195/65R15,230,P195/65R15,230,,,,,,,,,222.137103780198,2,9
2402036,48,70,1-48-2024-070-07,7,3,9999,9999,9999,9999999999,999,9999999999,999,,,,,,,,,165.9221415263,12,9
2402223,32,78,1-32-2024-078-02,2,1,9999,9999,9999,9999999999,999,9999999999,999,,,,,,,,,7.31416728043487,7,9
2402598,27,83,1-27-2024-083-09,9,2,2359,1293,1293,P265/70R16,207,P265/70R16,207,,,,,,,,,66.9899073939104,3,9
2404111,25,109,1-25-2024-109-06,6,1,3266,1792,1792,P275/55R20,240,P275/55R20,240,,,,,,,,,223.2221865555,2,9
2405028,57,151,1-57-2024-151-06,6,1,2130,1100,1075,P235/60R18,230,P235/60R18,210,,,,,,,,,250.484917050996,1,9
2405205,25,139,1-25-2024-139-03,3,3,2230,1220,1220,P225/60R18,230,P225/60R18,230,,,,,,,,,86.4115838760651,2,9
2403377,27,108,1-27-2024-108-03,3,2,2300,1180,1170,P255/40R20,320,P255/40R20,320,,,,,,,,,32.3914110115022,3,9
2406377,24,178,1-24-2024-178-09,9,1,1871,1009,900,P205/60R16,220,P205/60R16,210,,,,,,,,,102.925861477204,1,9
2400735,18,26,1-18-2024-026-04,4,1,2908,1450,1600,P255/55R20,240,P255/55R20,240,,,,,,,,,239.178929734892,6,9
2400735,18,26,1-18-2024-026-04,4,2,2160,1260,1200,P235/65R17,241,P235/65R17,241,,,,,,,,,239.178929734892,6,9
2405747,33,108,1-33-2024-108-03,3,2,2200,1250,1220,P225/60R18,240,P225/60R18,230,,,,,,,,,23.6193822392045,12,9
2402255,21,44,1-21-2024-044-01,1,1,9999,9999,9999,9999999999,999,9999999999,999,,,,,,,,,68.9356930518467,11,9
2401170,27,38,1-27-2024-038-03,3,1,2090,1150,1150,P225/65R17,250,P225/65R17,250,,,,,,,,,20.2445355763671,3,9
2406185,73,153,1-73-2024-153-01,1,1,9999,9999,9999,9999999999,999,9999999999,999,,,,,,,,,29.6045947385831,3,9
2401857,26,49,1-26-2024-049-05,5,2,2840,1345,1590,P245/55R19,999,P245/55R19,999,,,,,,,,,35.9401339092254,10,9
2401568,32,55,1-32-2024-055-02,2,2,1910,1060,1060,P225/55R18,240,P225/55R18,240,,,,,,,,,5.39420777852474,7,9
2404711,25,125,1-25-2024-125-NM1,21,1,3130,1633,1814,P265/70R16,240,P265/70R16,240,,,,,,,,,55.4169403670828,2,9
2402796,77,94,1-77-2024-094-06,6,2,2715,1405,1405,P235/55R18,250,P235/55R18,250,,,,,,,,,1126.30186779671,9,9
2405435,66,105,1-66-2024-105-08,8,1,2380,1236,1236,P215/65R15,240,P215/65R15,240,,,,,,,,,134.761595455619,6,9
2400217,31,3,1-31-2024-003-04,4,1,1991,1063,928,P225/50R17,230,P225/50R17,230,,,,,,,,,222.052598299916,6,9
2405790,19,83,1-19-2024-083-03,3,2,1880,1060,1060,P225/60R17,240,P225/60R17,240,,,,,,,,,38.6828970730761,9,9
2404794,48,157,1-48-2024-157-06,6,1,2080,1150,1000,P215/60R17,240,P215/60R17,240,,,,,,,,,86.4307074675267,12,9
2403563,48,117,1-48-2024-117-06,6,1,2858,1452,1520,P245/55R18,250,P245/55R18,250,,,,,,,,,86.4307074675267,12,9
2402567,79,56,1-79-2024-056-03,3,2,2724,1250,1600,P255/65R16,220,P255/65R16,270,P275/55R17,220,P275/55R17,270,,,,,104.756877618907,8,9
2401522,30,51,1-30-2024-051-10,10,1,2270,1145,1140,P225/55R17,240,P225/55R17,240,,,,,,,,,15404.7873273306,10,9
2405415,19,75,1-19-2024-075-05,5,2,2450,1293,1293,P215/70R15,248,P215/70R15,248,,,,,,,,,57.9800660258747,9,9
2404253,29,58,1-29-2024-058-09,9,2,9999,9999,9999,9999999999,999,9999999999,999,,,,,,,,,656.152415293416,2,9
2405505,22,169,1-22-2024-169-04,4,2,2510,1265,1315,P225/60R18,230,P225/60R18,230,,,,,,,,,115.142712591093,12,9
2405893,48,190,1-48-2024-190-06,6,2,3153,1565,1724,P235/75R17,240,P235/75R17,240,,,,,,,,,124.286772688647,12,9
2400157,73,5,1-73-2024-005-03,3,1,9999,9999,9999,9999999999,999,9999999999,999,,,,,,,,,23.5881329232141,3,9
2401567,24,36,1-24-2024-036-03,3,1,2254,1177,1105,P245/40R19,250,P245/40R19,250,,,,,,,,,174.327977699745,1,9
2401658,20,48,1-20-2024-048-04,4,1,1740,919,825,P215/55R16,220,P215/55R16,220,,,,,,,,,70.1358271332578,11,9
2401942,16,54,1-16-2024-054-03,3,1,1742,948,839,P205/55R16,221,P205/55R16,221,,,,,,,,,181.223141575247,5,9
2402640,82,65,1-82-2024-065-04,4,1,2050,1095,1005,P205/55R17,270,P205/55R17,270,,,,,,,,,531.382217055759,1,9
2403002,27,98,1-27-2024-098-07,7,1,1758,968,853,P205/55R16,230,P205/55R16,230,,,,,,,,,35.5728790039804,3,9
2404157,62,120,1-62-2024-120-03,3,2,2030,1188,1098,P235/45R18,240,P235/45R18,240,,,,,,,,,171.954393200497,7,9
2405005,82,141,1-82-2024-141-03,3,1,1665,896,795,P195/60R15,220,P195/60R15,220,,,,,,,,,95.2724395487845,1,9
2405145,48,166,1-48-2024-166-10,10,1,4536,2359,2812,LT265/70R17,420,LT265/70R17,520,,,,,,,,,234.818157575356,12,9
2405516,77,173,1-77-2024-173-03,3,1,1720,990,950,P205/55R16,230,P205/55R16,230,,,,,,,,,116.854584560141,9,9
2406328,73,158,1-73-2024-158-09,9,1,2020,955,1095,P225/40R18,250,P255/35R18,280,,,,,,,,,77.0890065072046,3,9
2401576,32,60,1-32-2024-060-02,2,2,1785,1030,950,P195/65R15,250,P195/65R15,250,,,,,,,,,5.39420777852474,7,9
2401860,21,36,1-21-2024-036-01,1,1,2035,1150,1150,P225/65R17,230,P225/65R17,230,,,,,,,,,23.9453718932787,11,9
2402418,48,77,1-48-2024-077-05,5,1,2122,1072,1089,P225/65R17,230,P225/65R17,230,,,,,,,,,80.9035530796695,12,9
2402733,16,79,1-16-2024-079-04,4,1,2165,1200,1150,P225/55R18,245,P225/55R18,245,,,,,,,,,1922.69451733979,5,9
2403003,26,86,1-26-2024-086-NM1,21,2,2098,1188,1098,P235/45R18,240,P235/45R18,240,,,,,,,,,25.7030205312635,10,9
2403068,12,52,1-12-2024-052-04,4,1,2540,1335,1490,P265/70R16,220,P265/70R16,220,,,,,,,,,384.288289360588,9,9
2403367,28,99,1-28-2024-099-07,7,2,4536,2722,2949,LT275/70R18,415,LT275/70R18,550,,,,,,,,,289.108417871641,3,9
2404262,60,62,1-60-2024-062-04,4,2,1722,980,960,P195/60R15,210,P195/60R15,210,,,,,,,,,795.683244945331,8,9
2406246,18,154,1-18-2024-154-03,3,1,2790,1266,1583,P255/55R20,230,P255/55R20,230,,,,,,,,,50.1559535759686,6,9
2406342,60,107,1-60-2024-107-06,6,2,1968,1050,960,P215/70R16,230,P215/70R16,230,,,,,,,,,1187.13651431241,8,9
2400492,25,10,1-25-2024-010-08,8,1,2420,1060,1365,P265/60R18,220,P265/60R18,220,,,,,,,,,115.991726046301,2,9
2400861,17,28,1-17-2024-028-10,10,1,1991,1063,928,P225/50R17,215,P225/50R17,215,,,,,,,,,1344.77037686484,4,9
2401246,19,20,1-19-2024-020-06,6,1,2314,1275,1275,P245/45R20,220,P245/45R20,220,,,,,,,,,291.019579336203,9,9
2401486,59,46,1-59-2024-046-04,4,2,2025,1175,1200,P225/60R18,240,P225/60R18,240,,,,,,,,,188.953461767209,6,9
2401969,16,57,1-16-2024-057-07,7,2,9999,9999,9999,9999999999,999,9999999999,999,,,,,,,,,2285.67073751597,5,9
2402720,60,30,1-60-2024-030-01,1,2,2903,1780,1701,P265/75R16,240,P265/75R16,240,,,,,,,,,101.909134009317,8,9
2403082,17,94,1-17-2024-094-04,4,1,1815,980,845,P215/50R17,230,P215/50R17,230,,,,,,,,,183.019292123688,4,9
2403164,81,72,1-81-2024-072-02,2,1,1930,1060,1060,P245/45R19,240,P245/45R19,220,,,,,,,,,19.0849903848337,8,9
2403768,15,151,1-15-2024-151-03,3,2,2380,9999,9999,P255/45R20,230,P255/45R20,250,,,,,,,,,17.1071163846097,1,9
2404121,14,74,1-14-2024-074-04,4,2,2360,1160,1250,P215/65R17,260,P215/65R17,260,,,,,,,,,928.15475936111,8,9
2404471,32,132,1-32-2024-132-02,2,1,9999,9999,9999,9999999999,999,9999999999,999,,,,,,,,,10.0130344037266,7,9
2404935,19,68,1-19-2024-068-03,3,2,1920,1060,1060,P225/55R18,240,P225/55R18,240,,,,,,,,,122.471944732135,9,9
2405684,66,109,1-66-2024-109-01,1,1,2010,1090,935,P225/50R17,220,P225/50R17,220,,,,,,,,,106.258770256521,6,9
2405902,77,192,1-77-2024-192-03,3,1,2990,1450,1725,P265/60R18,220,P265/60R18,220,,,,,,,,,288.445335679694,9,9
2406258,30,212,1-30-2024-212-04,4,1,3085,1770,1770,P275/60R20,240,P275/60R20,240,,,,,,,,,2634.86309057548,10,9
2406360,15,248,1-15-2024-248-09,9,1,3130,1633,1724,P275/65R18,240,P275/65R18,240,,,,,,,,,230.359055782603,1,9
2402797,77,95,1-77-2024-095-05,5,1,2032,1048,1093,P225/60R17,210,P225/60R17,200,,,,,,,,,90.6570748528622,9,9
2400075,77,3,1-77-2024-003-05,5,2,9999,9999,9999,9999999999,999,9999999999,999,,,,,,,,,90.6570748528622,9,9
2401639,18,60,1-18-2024-060-06,6,1,2130,1100,1075,P235/60R18,999,P235/60R18,999,,,,,,,,,54.423046779444,6,9
2401953,14,31,1-14-2024-031-02,2,3,2220,1026,1194,9999999999,999,9999999999,999,,,,,,,,,81.6126543321507,8,9
2402256,21,45,1-21-2024-045-NM1,21,2,2545,1320,1490,P265/65R17,999,P265/65R17,999,,,,,,,,,17.4486412062215,11,9
2402320,69,44,1-69-2024-044-02,2,2,2908,1450,1600,P255/65R18,240,P255/65R18,240,,,,,,,,,7.30201599951961,8,9
2402613,26,72,1-26-2024-072-05,5,2,1910,1005,940,P215/60R16,220,P215/60R16,220,,,,,,,,,25.3090641429021,10,9
2403158,31,64,1-31-2024-064-03,3,1,2087,1180,1007,P225/55R17,220,P225/55R17,220,,,,,,,,,151.964719784207,6,9
2404928,54,111,1-54-2024-111-05,5,1,1950,1060,915,P215/60R16,210,P215/60R16,210,,,,,,,,,197.085952214778,9,9
2405201,11,154,1-11-2024-154-03,3,1,2223,1165,1130,P225/60R17,230,P225/60R17,230,,,,,,,,,300.697562405243,8,9
2405592,27,172,1-27-2024-172-03,3,2,1971,1210,1070,P215/60R16,210,P215/60R16,210,,,,,,,,,12.6103689545478,3,9
2400798,22,21,1-22-2024-021-06,6,1,1970,1010,1000,P225/60R17,230,P225/60R17,220,,,,,,,,,25.2675524846257,12,9
2402544,25,61,1-25-2024-061-05,5,1,2040,1160,1140,P205/65R16,235,P205/65R16,235,,,,,,,,,58.3080787044777,2,9
2402676,54,69,1-54-2024-069-07,7,1,1539,814,738,P185/60R16,250,P185/60R16,230,,,,,,,,,163.639088013261,9,9
2403105,32,109,1-32-2024-109-02,2,1,2132,1120,1154,9999999999,999,9999999999,999,,,,,,,,,8.16907752895326,7,9
2403240,32,113,1-32-2024-113-02,2,1,2495,1225,1361,P255/70R18,250,P255/70R18,250,,,,,,,,,9.15925905441749,7,9
2404270,20,109,1-20-2024-109-03,3,2,2405,1275,1275,P225/60R18,207,P225/60R18,207,,,,,,,,,176.372469252349,11,9
2404916,18,124,1-18-2024-124-06,6,1,3311,1633,1814,LT245/70R17,240,LT245/70R17,240,,,,,,,,,356.201928897073,6,9
2405054,19,69,1-19-2024-069-06,6,2,2405,1248,1339,P225/55R19,250,P225/55R19,250,,,,,,,,,738.592711027733,9,9
2405198,60,80,1-60-2024-080-08,8,2,2320,1320,1420,P235/70R16,210,P235/70R16,210,,,,,,,,,162.066765738975,8,9
2405609,82,160,1-82-2024-160-02,2,1,1785,1050,971,P205/55R16,240,P205/55R16,230,,,,,,,,,23.9814262485552,1,9
2400561,18,19,1-18-2024-019-07,7,1,2150,1150,1200,P235/75R15,241,P235/75R15,241,31X10.50R15LT,200,31X10.50R15LT,200,,,,,950.591365303636,6,9
2400585,79,18,1-79-2024-018-08,8,2,2463,1149,1314,P205/75R15,240,P205/75R15,240,,,,,,,,,96.4912561292005,8,9
2401233,62,32,1-62-2024-032-01,1,2,2505,1165,1340,9999999999,999,9999999999,999,,,,,,,,,188.971843846857,7,9
2401553,76,39,1-76-2024-039-09,9,1,2994,1633,1770,P245/70R17,228,P245/70R17,228,,,,,,,,,82.5706054598967,3,9
2402097,32,75,1-32-2024-075-05,5,1,9999,9999,9999,9999999999,999,9999999999,999,,,,,,,,,34.8659199592484,7,9
2402699,33,44,1-33-2024-044-08,8,1,1695,895,800,P205/55R16,220,P205/55R16,220,,,,,,,,,80.3410573395999,12,9
2403648,81,86,1-81-2024-086-02,2,1,1970,1010,1000,P225/60R17,230,P225/60R17,220,,,,,,,,,19.0849903848337,8,9
2403955,73,112,1-73-2024-112-04,4,1,2679,1186,1540,P255/65R18,230,P255/65R18,230,,,,,,,,,235.556752193423,3,9
2404200,67,29,1-67-2024-029-04,4,3,1910,1005,940,P215/60R16,220,P215/60R16,220,,,,,,,,,955.458116107281,7,9
2404832,25,129,1-25-2024-129-05,5,1,1910,1005,940,P215/60R16,220,P215/60R16,220,,,,,,,,,72.2095218934614,2,9
2405391,59,158,1-59-2024-158-08,8,2,3175,1792,1792,P265/70R17,240,P265/70R17,240,,,,,,,,,76.4651261147065,6,9
2406009,10,124,1-10-2024-124-03,3,2,1863,961,902,P245/45R18,240,P245/45R18,240,,,,,,,,,142.987817060737,4,9
2406041,30,203,1-30-2024-203-02,2,2,1969,1055,930,P215/65R16,230,P215/65R16,230,,,,,,,,,19.164355457719,10,9
2406314,81,164,1-81-2024-164-07,7,1,1695,900,810,P215/55R16,220,P215/55R16,220,,,,,,,,,307.519910408279,8,9
2402760,15,106,1-15-2024-106-04,4,1,2360,1270,1270,P225/60R18,220,P225/60R18,220,,,,,,,,,102.315874179251,1,9
2402995,27,96,1-27-2024-096-NM2,22,1,3266,1792,1792,P255/70R17,240,P255/70R17,240,,,,,,,,,45.5428338265018,3,9
2400999,79,23,1-79-2024-023-09,9,1,2525,1180,1380,P265/70R17,220,P265/70R17,220,,,,,,,,,1745.97381842404,8,9
2400528,29,9,1-29-2024-009-06,6,2,1963,1097,945,P215/55R17,230,P215/55R17,230,,,,,,,,,1541.32684243005,2,9
2401620,23,24,1-23-2024-024-03,3,1,2360,1350,1450,P235/65R17,228,P235/65R17,228,,,,,,,,,140.549541808304,5,9
2401734,76,49,1-76-2024-049-03,3,1,1940,1100,952,P215/55R18,230,P215/55R18,230,,,,,,,,,104.426833331839,3,9
2401788,69,33,1-69-2024-033-NM1,21,1,2420,1350,1395,P235/65R17,234,P235/65R17,234,,,,,,,,,7.66811372485411,8,9
2402187,17,72,1-17-2024-072-04,4,2,1875,1040,960,P215/55R17,230,P215/55R17,230,,,,,,,,,252.09105770205,4,9
2403556,10,58,1-10-2024-058-07,7,1,2405,1248,1339,P225/55R19,250,P225/55R19,250,,,,,,,,,2009.95411542,4,9
2403983,57,102,1-57-2024-102-06,6,1,2439,1225,1361,P255/70R18,250,P255/70R18,250,,,,,,,,,252.677492845916,1,9
2404022,22,122,1-22-2024-122-08,8,1,9999,9999,9999,9999999999,999,9999999999,999,,,,,,,,,32.2342128751331,12,9
2404575,17,147,1-17-2024-147-07,7,1,2105,1150,1150,P235/55R18,220,P235/55R18,220,,,,,,,,,440.785441843783,4,9
2404672,57,135,1-57-2024-135-06,6,2,9999,9999,9999,P225/50R17,240,P225/50R17,240,,,,,,,,,300.804288806822,1,9
2406359,21,160,1-21-2024-160-02,2,2,2314,1275,1275,P245/45R20,220,P245/45R20,220,,,,,,,,,93.4168746042218,11,9
2400450,12,11,1-12-2024-011-03,3,1,2645,1635,1635,P235/65R18,250,P235/65R18,250,,,,,,,,,164.057323491007,9,9
2400992,33,15,1-33-2024-015-09,9,1,2722,1315,1542,P235/75R15,179,P235/75R15,241,,,,,,,,,254.441893481535,12,9
2401363,13,35,1-13-2024-035-05,5,3,1900,970,980,P195/65R15,250,P195/65R15,250,,,,,,,,,38.0193356006179,7,9
2402291,57,48,1-57-2024-048-03,3,2,9999,9999,9999,9999999999,999,9999999999,999,,,,,,,,,110.52437398961,1,9
2402900,29,24,1-29-2024-024-06,6,2,2411,1179,1261,P265/35R20,240,P295/30R20,240,,,,,,,,,8936.26100192052,2,9
2402910,31,60,1-31-2024-060-07,7,1,2013,1085,928,P215/50R17,250,P215/50R17,250,,,,,,,,,230.868935151332,6,9
2406129,77,199,1-77-2024-199-03,3,1,2948,1497,1520,P265/70R17,240,P265/70R17,240,,,,,,,,,193.93919154216,9,9
2406170,24,170,1-24-2024-170-05,5,1,1792,1010,821,P205/55R16,230,P205/55R16,230,,,,,,,,,24.2721053029394,1,9
2402924,62,78,1-62-2024-078-06,6,2,3130,1770,1770,P275/60R20,270,P275/60R20,270,,,,,,,,,1279.95578717782,7,9
2403769,11,113,1-11-2024-113-10,10,2,2580,1290,1290,P215/65R16,240,P215/65R16,240,,,,,,,,,7925.92300893548,8,9
2403788,67,23,1-67-2024-023-03,3,1,3221,1452,1788,P295/45R20,230,P295/45R20,230,,,,,,,,,107.371301457247,7,9
2404343,27,137,1-27-2024-137-09,9,2,9999,9999,9999,9999999999,999,9999999999,999,,,,,,,,,41.7722417539356,3,9
2405300,69,130,1-69-2024-130-05,5,1,2790,1429,1497,P245/70R17,260,P245/70R17,260,,,,,,,,,7.30201599951961,8,9
2400970,62,28,1-62-2024-028-09,9,2,2903,1452,1701,P245/70R17,240,P245/70R17,240,,,,,,,,,3035.81680191226,7,9
2401137,17,34,1-17-2024-034-04,4,1,2025,1175,1200,P235/50R19,240,P235/50R19,240,,,,,,,,,387.639619467061,4,9
2401275,16,39,1-16-2024-039-01,1,2,1795,960,840,P205/60R16,230,P205/60R16,230,,,,,,,,,44.4680085854866,5,9
2402082,24,49,1-24-2024-049-05,5,2,9999,9999,9999,9999999999,999,9999999999,999,,,,,,,,,29.2580280079194,1,9
2402216,24,56,1-24-2024-056-06,6,2,1660,900,790,9999999999,999,9999999999,999,,,,,,,,,47.7141611573377,1,9
2403413,81,77,1-81-2024-077-NM1,21,1,3130,1679,1770,P275/60R20,270,P275/60R20,270,,,,,,,,,23.4695700092411,8,9
2403690,19,45,1-19-2024-045-05,5,1,9999,9999,9999,P215/55R17,255,P215/55R17,255,,,,,,,,,56.3872673113555,9,9
2404445,24,124,1-24-2024-124-03,3,1,9999,9999,9999,9999999999,999,9999999999,999,,,,,,,,,96.1436478633412,1,9
2404603,66,91,1-66-2024-091-03,3,1,1780,990,950,P195/65R15,250,P195/65R15,250,,,,,,,,,79.4686416678806,6,9
2405632,62,167,1-62-2024-167-07,7,1,2314,1275,1275,P245/45R20,220,P245/45R20,220,,,,,,,,,13775.5743247765,7,9
2405786,30,196,1-30-2024-196-03,3,2,1760,940,835,P235/40R18,225,P235/40R18,220,,,,,,,,,303.201045250652,10,9
2406048,57,189,1-57-2024-189-06,6,1,2427,1275,1275,P235/55R19,210,P235/55R19,210,,,,,,,,,362.476168425867,1,9
2400617,16,19,1-16-2024-019-06,6,1,2122,1072,1089,P225/65R17,230,P225/65R17,230,,,,,,,,,1006.3508458628,5,9
2400892,31,18,1-31-2024-018-07,7,1,9999,9999,9999,9999999999,999,9999999999,999,,,,,,,,,230.868935151332,6,9
2400860,17,27,1-17-2024-027-04,4,1,3175,1724,1724,P265/65R18,240,P265/65R18,240,,,,,,,,,73.2511684159124,4,9
2400910,66,17,1-66-2024-017-09,9,1,3265,1700,1746,P275/65R18,240,P275/65R18,240,,,,,,,,,117.638784393433,6,9
2401210,77,43,1-77-2024-043-05,5,1,2545,1320,1490,P245/75R16,220,P245/75R16,220,,,,,,,,,90.6570748528622,9,9
2401218,59,39,1-59-2024-039-06,6,2,2386,1279,1143,P245/45R20,240,P245/45R20,240,,,,,,,,,101.680035710738,6,9
2402149,59,68,1-59-2024-068-04,4,2,1885,977,907,P245/40R19,240,P245/40R19,240,,,,,,,,,113.075776303552,6,9
2402434,30,83,1-30-2024-083-NM2,22,1,9999,9999,9999,9999999999,999,9999999999,999,,,,,,,,,361.666104097377,10,9
2403076,30,108,1-30-2024-108-05,5,2,2240,1170,1120,P245/35R20,270,P245/35R20,270,,,,,,,,,18.7124163743047,10,9
2403350,25,84,1-25-2024-084-01,1,1,2087,1180,1007,P225/50R18,220,P225/50R18,220,,,,,,,,,61.5499933012625,2,9
2403639,22,112,1-22-2024-112-07,7,2,2730,1310,1465,P235/60R18,240,P235/60R18,240,,,,,,,,,106.715881703067,12,9
2404812,17,154,1-17-2024-154-06,6,1,2100,1089,1154,P225/40R18,250,P255/35R18,250,,,,,,,,,75.8375313880117,4,9
2403505,57,85,1-57-2024-085-06,6,3,2105,1130,990,P245/45R18,228,P245/45R18,228,,,,,,,,,285.765720404357,1,9
2403687,12,64,1-12-2024-064-04,4,2,3334,1701,1882,P275/65R18,240,P275/65R18,240,,,,,,,,,633.331791547114,9,9
2403875,57,97,1-57-2024-097-04,4,2,2550,1355,1400,P235/60R18,260,P235/60R18,260,,,,,,,,,3100.86489495823,1,9
2404044,11,124,1-11-2024-124-03,3,1,2473,1275,1275,P305/35R20,220,P305/35R20,220,,,,,,,,,72.7397637397295,8,9
2404407,48,142,1-48-2024-142-09,9,2,2745,1339,1407,P225/65R17,250,P225/65R17,250,,,,,,,,,144.242810569893,12,9
2402587,12,43,1-12-2024-043-06,6,2,1780,990,910,P205/55R16,250,P205/55R16,250,,,,,,,,,287.082871095674,9,9
2402089,16,58,1-16-2024-058-02,2,1,2124,1141,983,P235/50R18,220,P235/50R18,220,,,,,,,,,17.113025437318,5,9
2402089,16,58,1-16-2024-058-02,2,2,1978,1061,975,P225/65R17,230,P225/65R17,230,,,,,,,,,17.113025437318,5,9
2402687,19,35,1-19-2024-035-05,5,1,2036,987,1050,P245/40R20,240,P245/35R20,240,,,,,,,,,51.8841213437829,9,9
2402189,17,74,1-17-2024-074-08,8,1,2052,1145,907,9999999999,999,9999999999,999,,,,,,,,,66.7779698608357,4,9
2405392,59,159,1-59-2024-159-04,4,1,2586,1293,1339,P215/70R15,250,P215/70R15,250,,,,,,,,,344.412592154187,6,9
2402736,32,96,1-32-2024-096-02,2,1,2250,1150,1130,P235/55R19,230,P235/55R19,230,,,,,,,,,10.3756742703359,7,9
2402902,12,48,1-12-2024-048-02,2,1,2030,1188,1098,P235/45R18,240,P235/45R18,240,,,,,,,,,228.584675358371,9,9
2402069,30,71,1-30-2024-071-03,3,1,3357,1633,1905,P285/45R22,240,P285/45R22,240,,,,,,,,,437.500322170257,10,9
2405482,52,53,1-52-2024-053-08,8,2,9999,9999,9999,9999999999,999,9999999999,999,,,,,,,,,79.949684751683,12,9
2406385,26,139,1-26-2024-139-09,9,2,1742,948,839,P205/55R16,220,P205/55R16,220,,,,,,,,,2608.10275616479,10,9
2401725,15,66,1-15-2024-066-06,6,1,2080,1150,1000,P225/55R18,241,P225/55R18,241,,,,,,,,,86.0208872627184,1,9
2402070,69,37,1-69-2024-037-03,3,2,1963,1097,945,P215/60R16,220,P215/60R16,220,,,,,,,,,28.5486297674218,8,9
2402271,66,53,1-66-2024-053-07,7,1,9999,9999,9999,9999999999,999,9999999999,999,,,,,,,,,133.367571576148,6,9
2402451,17,82,1-17-2024-082-06,6,1,2018,1097,969,P215/55R17,230,P215/55R17,230,,,,,,,,,207.386851105812,4,9
2402643,15,105,1-15-2024-105-03,3,2,2095,1090,1055,P235/55R19,230,P235/55R19,210,,,,,,,,,16.0196926261441,1,9
2402763,15,109,1-15-2024-109-03,3,1,9999,9999,9999,9999999999,999,9999999999,999,,,,,,,,,26.9183786270974,1,9
2404027,82,105,1-82-2024-105-03,3,2,2722,1350,1545,P225/55R20,420,P225/55R20,420,,,,,,,,,139.557521301747,1,9
2406020,14,121,1-14-2024-121-03,3,1,1975,1140,1050,P235/45R18,240,P235/45R18,240,,,,,,,,,136.771072739086,8,9
2402932,77,97,1-77-2024-097-05,5,2,2150,1191,1152,P215/55R17,230,P215/55R17,230,,,,,,,,,90.6570748528622,9,9
2403142,22,94,1-22-2024-094-03,3,2,3300,1850,1750,P265/60R20,240,P265/60R20,240,,,,,,,,,42.8794568188438,12,9
2403317,54,84,1-54-2024-084-04,4,1,9999,9999,9999,9999999999,999,9999999999,999,,,,,,,,,152.997399597271,9,9
2403497,48,114,1-48-2024-114-09,9,1,1866,1055,811,P215/45R18,230,P215/45R18,220,,,,,,,,,208.459494474778,12,9
2403677,10,61,1-10-2024-061-03,3,1,1917,1010,940,P215/55R17,230,P215/55R17,230,,,,,,,,,95.3279654203058,4,9
2400141,57,4,1-57-2024-004-04,4,2,2100,1197,903,P225/60R18,221,P225/60R18,221,,,,,,,,,60.4357356083445,1,9
2400527,29,8,1-29-2024-008-03,3,2,1795,955,850,P215/50R17,220,P215/50R17,220,,,,,,,,,495.342811614364,2,9
2400710,62,20,1-62-2024-020-04,4,2,3357,1531,2005,P285/45R22,270,P285/45R22,270,,,,,,,,,4409.67367606145,7,9
2401105,48,41,1-48-2024-041-03,3,2,3357,1633,1905,P265/70R17,210,P265/70R17,210,,,,,,,,,54.9604072040948,12,9
2401295,27,41,1-27-2024-041-03,3,1,1780,990,950,P205/55R16,230,P205/55R16,230,,,,,,,,,16.1061450800047,3,9
2404063,48,132,1-48-2024-132-08,8,1,9999,9999,9999,9999999999,999,9999999999,999,,,,,,,,,118.318452247458,12,9
2402916,59,93,1-59-2024-093-04,4,2,2359,1216,1254,P225/65R17,240,P225/65R17,240,,,,,,,,,187.064544442781,6,9
2402773,22,82,1-22-2024-082-07,7,1,2032,1048,1093,P225/60R17,210,P225/60R17,200,,,,,,,,,33.1640801945841,12,9
2400317,59,14,1-59-2024-014-04,4,1,2250,1175,1240,P235/55R18,240,P235/55R18,240,,,,,,,,,133.446453331706,6,9
2404731,31,102,1-31-2024-102-03,3,2,2100,1191,1191,P215/55R17,240,P215/55R17,240,,,,,,,,,151.964719784207,6,9
2403998,25,103,1-25-2024-103-NM1,21,2,1905,1020,910,P205/65R16,230,P205/65R16,220,,,,,,,,,55.4169403670828,2,9
2406168,60,106,1-60-2024-106-04,4,2,3130,1679,1860,P275/65R18,250,P275/65R18,250,,,,,,,,,858.524591319073,8,9
2405919,19,88,1-19-2024-088-02,2,2,1975,1055,919,P215/60R17,230,P215/60R17,230,,,,,,,,,45.0884525586451,9,9
2401585,22,46,1-22-2024-046-01,1,1,9999,9999,9999,9999999999,999,9999999999,999,,,,,,,,,23.1353338048251,12,9
2403357,14,54,1-14-2024-054-04,4,1,2355,1210,1365,P225/45R20,240,P225/45R20,240,,,,,,,,,1430.29204704824,8,9
2401050,76,30,1-76-2024-030-10,10,1,2398,1249,1170,P235/65R18,228,P235/65R18,228,,,,,,,,,84.6789860292199,3,9
2405378,30,183,1-30-2024-183-03,3,2,3085,1678,1724,P275/60R20,240,P275/60R20,240,,,,,,,,,200.251916084177,10,9
2402375,20,68,1-20-2024-068-03,3,2,2223,1165,1130,P225/60R17,230,P225/60R17,220,,,,,,,,,46.8545499360671,11,9
2404688,12,88,1-12-2024-088-03,3,1,1815,980,845,P205/60R16,230,P205/60R16,230,,,,,,,,,164.057323491007,9,9
2404688,12,88,1-12-2024-088-03,3,2,2375,1172,1214,P225/60R16,221,P225/60R16,221,,,,,,,,,164.057323491007,9,9
2405092,28,158,1-28-2024-158-03,3,2,3198,1599,1724,P275/65R18,240,P275/65R18,240,,,,,,,,,28.5592736546676,3,9
2405779,48,187,1-48-2024-187-04,4,2,9999,9999,9999,9999999999,999,9999999999,999,,,,,,,,,179.531498408301,12,9
2401488,59,48,1-59-2024-048-08,8,2,2472,1270,1436,P235/75R15,241,P235/75R15,283,,,,,,,,,57.7250441257383,6,9
2406134,14,125,1-14-2024-125-04,4,1,1626,855,780,P185/65R15,210,P185/65R15,210,,,,,,,,,347.585660015654,8,9
2403194,30,112,1-30-2024-112-05,5,2,1970,1030,1000,P225/55R18,230,P225/55R18,230,,,,,,,,,41.0620689400047,10,9
2402862,16,83,1-16-2024-083-04,4,1,1815,980,845,P205/60R16,230,P205/60R16,230,,,,,,,,,1577.7484344678,5,9
2405261,81,133,1-81-2024-133-09,9,1,2949,1452,1770,P265/60R18,228,P265/60R18,228,,,,,,,,,4766.29605939166,8,9
2404429,69,101,1-69-2024-101-05,5,1,2545,1320,1490,P245/75R16,220,P245/75R16,220,,,,,,,,,7.30201599951961,8,9
2404633,19,60,1-19-2024-060-03,3,1,3085,1633,1701,P245/75R16,240,P245/75R16,240,,,,,,,,,53.0215875094493,9,9
2404805,66,95,1-66-2024-095-01,1,1,2030,1129,1098,P215/55R17,240,P215/55R17,240,,,,,,,,,106.258770256521,6,9
2405176,30,177,1-30-2024-177-06,6,2,1950,1100,960,P205/65R16,225,P205/65R16,225,,,,,,,,,711.67828456219,10,9
2406151,79,121,1-79-2024-121-03,3,2,2631,1451,1588,9999999999,999,9999999999,999,,,,,,,,,104.756877618907,8,9
2400356,76,9,1-76-2024-009-07,7,1,2087,1180,1080,P225/60R17,240,P225/60R17,220,,,,,,,,,72.7960942583928,3,9
2400718,79,20,1-79-2024-020-03,3,1,4536,2359,2767,LT275/65R20,450,LT275/65R20,450,,,,,,,,,104.756877618907,8,9
2400908,27,31,1-27-2024-031-06,6,2,2123,1107,1021,P225/50R17,240,P225/50R17,240,,,,,,,,,41.6891280851768,3,9
2401115,66,22,1-66-2024-022-06,6,1,9999,9999,9999,9999999999,999,9999999999,999,,,,,,,,,124.972344097308,6,9
2401316,28,33,1-28-2024-033-04,4,1,1970,1010,1000,P225/60R17,230,P225/60R17,220,,,,,,,,,47.851485985308,3,9
2401495,62,39,1-62-2024-039-02,2,1,2165,970,1200,P225/45R17,230,P225/45R17,280,,,,,,,,,27.4104501869369,7,9
2404404,62,127,1-62-2024-127-02,2,3,2545,1320,1490,P245/75R16,220,P245/75R16,220,,,,,,,,,153.229271867661,7,9
2404795,54,108,1-54-2024-108-09,9,1,1971,1210,1070,P215/60R16,220,P215/60R16,220,,,,,,,,,215.333286880865,9,9
2401696,66,39,1-66-2024-039-10,10,1,2834,1660,1610,P265/70R17,241,P265/70R17,241,,,,,,,,,242.389498710963,6,9
2403530,29,37,1-29-2024-037-04,4,1,1410,730,690,P175/55R15,240,P175/55R15,240,,,,,,,,,595.227887636042,2,9
2403884,69,85,1-69-2024-085-04,4,3,2025,1175,1200,P225/65R17,240,P225/65R17,240,,,,,,,,,89.8384928002341,8,9
2404066,57,103,1-57-2024-103-02,2,1,3175,9999,9999,P275/60R20,220,P275/60R20,240,,,,,,,,,13.8251120734564,1,9
2404242,17,133,1-17-2024-133-04,4,2,9999,9999,9999,9999999999,999,9999999999,999,,,,,,,,,172.988606472898,4,9
2400269,30,7,1-30-2024-007-06,6,2,2007,1120,1102,P225/40R18,240,P255/40R18,260,,,,,,,,,370.101700695762,10,9
2401037,25,25,1-25-2024-025-09,9,2,2930,1450,1600,P255/65R18,240,P255/65R18,240,,,,,,,,,483.612196811158,2,9
2401430,52,20,1-52-2024-020-08,8,1,2903,1633,1747,P265/70R16,241,P265/70R16,241,,,,,,,,,137.42346763645,12,9
2401425,32,49,1-32-2024-049-03,3,1,9999,9999,9999,9999999999,999,9999999999,999,,,,,,,,,276.474895047324,7,9
2401816,28,52,1-28-2024-052-09,9,1,2727,1633,1727,P245/70R16,241,P245/70R16,241,,,,,,,,,35.1195291082184,3,9
2402152,23,33,1-23-2024-033-02,2,2,2090,1150,1150,P225/65R17,999,P225/65R17,999,,,,,,,,,62.9617318466021,5,9
2402545,25,62,1-25-2024-062-01,1,1,3125,1810,1855,P255/70R18,210,P255/70R18,230,,,,,,,,,37.8996534757413,2,9
2403241,27,103,1-27-2024-103-10,10,1,1971,1210,1070,P215/60R16,220,P215/60R16,220,,,,,,,,,3993.02282903172,3,9
2404316,79,87,1-79-2024-087-09,9,1,1491,830,802,P185/60R14,210,P185/60R14,210,,,,,,,,,134.548153434236,8,9
2404677,62,137,1-62-2024-137-04,4,3,1917,1055,942,P205/55R16,240,P205/55R16,240,,,,,,,,,3101.50103629253,7,9
2405061,57,153,1-57-2024-153-03,3,1,3380,1590,1960,P285/40R23,300,P285/40R23,340,,,,,,,,,80.4994111175718,1,9
2405747,33,108,1-33-2024-108-03,3,1,2110,1150,1100,P235/60R16,207,P235/60R16,207,,,,,,,,,23.6193822392045,12,9
2400257,82,8,1-82-2024-008-06,6,2,1733,939,839,P205/55R16,220,P205/55R16,220,,,,,,,,,194.188153888718,1,9
2401033,32,31,1-32-2024-031-03,3,2,3017,1656,1770,P275/60R20,240,P275/60R20,240,,,,,,,,,207.133649393863,7,9
2404405,62,128,1-62-2024-128-02,2,1,2123,1210,1070,P215/55R17,210,P215/55R17,210,,,,,,,,,153.229271867661,7,9
2403094,25,77,1-25-2024-077-06,6,1,1758,972,853,P205/55R16,230,P205/55R16,230,,,,,,,,,148.110752596866,2,9
2406343,11,191,1-11-2024-191-NM1,21,1,9999,9999,9999,9999999999,999,9999999999,999,,,,,,,,,37.1071357763572,8,9
2401411,16,43,1-16-2024-043-01,1,1,3085,1656,1729,P245/70R17,240,P245/70R17,240,,,,,,,,,26.4826489473316,5,9
2403927,28,121,1-28-2024-121-10,10,1,2765,1325,1525,P235/60R18,240,P235/60R18,240,,,,,,,,,80.5683609045318,3,9
2402991,32,106,1-32-2024-106-03,3,1,2640,1350,1345,P255/50R20,240,P255/50R20,240,,,,,,,,,188.021149251295,7,9
2404073,79,83,1-79-2024-083-03,3,2,2679,1186,1540,P255/65R18,230,P255/65R18,230,,,,,,,,,104.756877618907,8,9
2405401,48,176,1-48-2024-176-09,9,2,1995,952,1156,P225/70R15,207,P225/70R15,207,,,,,,,,,90.4515486709064,12,9
2404319,11,129,1-11-2024-129-09,9,2,2260,1300,1240,P225/70R16,210,P225/70R16,210,,,,,,,,,773.836866449136,8,9
2404299,48,140,1-48-2024-140-07,7,1,2860,1350,1560,P255/55R18,230,P255/55R18,270,,,,,,,,,103.361334065564,12,9
2403489,14,57,1-14-2024-057-03,3,1,2350,1216,1254,P225/60R18,240,P225/60R18,240,,,,,,,,,220.01323547424,8,9
2403180,48,104,1-48-2024-104-06,6,1,2340,1400,1270,P245/55R19,220,P245/55R19,220,,,,,,,,,86.4307074675267,12,9
2403180,48,104,1-48-2024-104-06,6,2,1917,1010,940,P215/60R16,220,P215/60R16,220,,,,,,,,,86.4307074675267,12,9
2405510,62,162,1-62-2024-162-06,6,1,1758,972,853,P205/55R16,230,P205/55R16,230,,,,,,,,,3382.64944312523,7,9
2404136,22,123,1-22-2024-123-07,7,1,2575,1320,1345,P245/50R20,240,P245/50R20,240,,,,,,,,,319.791421753324,12,9
2401972,82,47,1-82-2024-047-06,6,1,2132,1180,1080,P215/65R17,240,P215/65R17,220,,,,,,,,,435.792217139692,1,9
2400329,30,10,1-30-2024-010-03,3,1,2250,1300,1395,P235/55R19,241,P235/55R19,241,,,,,,,,,147.061529949055,10,9
2400640,25,15,1-25-2024-015-04,4,1,2591,1363,1590,P255/35R21,290,P255/35R21,290,,,,,,,,,329.519302705053,2,9
2400696,77,25,1-77-2024-025-08,8,2,2730,1320,1450,P235/65R17,230,P235/65R17,230,,,,,,,,,165.2937449122,9,9
2401016,24,22,1-24-2024-022-NM1,21,1,2563,1247,1315,P235/55R17,240,P235/55R17,240,,,,,,,,,81.6170730667138,1,9
2401024,16,30,1-16-2024-030-09,9,1,2580,1290,1290,P215/65R16,240,P215/65R16,240,,,,,,,,,1561.49805500175,5,9
2405871,81,153,1-81-2024-153-02,2,1,2132,1148,1148,P235/75R15,241,P235/75R15,241,,,,,,,,,19.0849903848337,8,9
2406269,24,175,1-24-2024-175-02,2,1,9999,9999,9999,9999999999,999,9999999999,999,,,,,,,,,24.2721053029394,1,9
2401410,16,42,1-16-2024-042-04,4,2,1600,880,840,P185/65R15,230,P185/65R15,230,,,,,,,,,837.680255873977,5,9
2403257,79,70,1-79-2024-070-07,7,1,2223,1093,1130,P225/55R18,250,P225/55R18,240,,,,,,,,,367.826537466717,8,9
2403610,28,108,1-28-2024-108-10,10,1,2053,1076,1020,P215/70R16,230,P215/70R16,230,,,,,,,,,1985.20441268766,3,9
2404325,25,114,1-25-2024-114-03,3,1,2855,1360,1560,P265/70R17,220,P265/70R17,220,,,,,,,,,312.545889305756,2,9
2404999,29,79,1-29-2024-079-04,4,2,2145,1120,1080,P225/50R18,230,P225/50R18,230,,,,,,,,,163.218801757203,2,9
2400131,27,4,1-27-2024-004-03,3,1,2018,1097,969,P215/55R17,230,P215/55R17,230,,,,,,,,,19.9655651519629,3,9
2400239,57,6,1-57-2024-006-03,3,2,1720,920,810,P205/55R16,220,P205/55R16,220,,,,,,,,,40.3695381904975,1,9
2400632,52,7,1-52-2024-007-06,6,1,3266,1792,1792,P275/55R20,240,P275/55R20,240,,,,,,,,,65.0868095156168,12,9
2402478,76,65,1-76-2024-065-04,4,1,2550,1355,1400,P235/50R20,999,P235/50R20,999,,,,,,,,,139.059394351881,3,9
2402577,18,79,1-18-2024-079-04,4,1,2090,1150,1150,P225/65R17,250,P225/65R17,250,,,,,,,,,625.757719783489,6,9
2405455,25,143,1-25-2024-143-09,9,1,2426,1249,1410,P245/75R16,210,P245/75R16,210,,,,,,,,,155.695038201267,2,9
2404376,29,62,1-29-2024-062-06,6,2,1600,850,840,P175/70R14,230,P175/70R14,230,,,,,,,,,2394.13090174597,2,9
2403772,81,91,1-81-2024-091-NM1,21,1,2087,1180,1080,P225/60R17,240,P225/60R17,220,,,,,,,,,42.9814225528816,8,9
2405249,31,112,1-31-2024-112-10,10,1,2380,1236,1236,P215/65R15,240,P215/65R15,240,,,,,,,,,419.593794787767,6,9
2403042,77,103,1-77-2024-103-04,4,2,1755,1010,950,P195/65R15,220,P195/65R15,220,,,,,,,,,1313.43764510397,9,9
2406042,30,204,1-30-2024-204-09,9,2,2036,1040,1027,P225/60R18,230,P225/60R18,230,,,,,,,,,11034.5007758715,10,9
2401319,15,51,1-15-2024-051-04,4,1,2160,1015,1145,P245/45R18,210,P245/45R18,230,,,,,,,,,66.8680943727573,1,9
2404605,13,75,1-13-2024-075-08,8,1,2994,1588,1706,P265/70R17,220,P265/70R17,220,,,,,,,,,444.288622217649,7,9
2406122,81,161,1-81-2024-161-01,1,2,1733,939,839,P205/55R16,220,P205/55R16,220,,,,,,,,,242.308395607162,8,9
2404230,12,77,1-12-2024-077-03,3,1,1815,980,845,P215/50R17,230,P215/50R17,230,,,,,,,,,164.057323491007,9,9
2401525,33,24,1-33-2024-024-08,8,2,9999,9999,9999,9999999999,999,9999999999,999,,,,,,,,,29.5346785988684,12,9
2403987,79,82,1-79-2024-082-03,3,2,3402,1678,1724,P275/60R20,999,P275/60R20,999,,,,,,,,,177.82939435799,8,9
2404050,62,116,1-62-2024-116-01,1,2,2243,1182,1073,P245/45R20,240,P245/45R20,240,,,,,,,,,187.399481537113,7,9
2405965,28,180,1-28-2024-180-07,7,1,2495,1273,1273,P225/65R17,250,P225/65R17,250,,,,,,,,,380.711991081105,3,9
2402719,25,67,1-25-2024-067-06,6,2,2143,1100,1043,P225/55R19,240,P225/55R19,240,,,,,,,,,312.083424999818,2,9
2400017,10,1,1-10-2024-001-02,2,1,1944,1065,995,P205/70R16,240,P205/70R16,240,,,,,,,,,27.8730157541747,4,9
2400349,16,10,1-16-2024-010-04,4,1,2097,1149,948,P225/50R18,220,P225/50R18,210,,,,,,,,,437.74021765386,5,9
2400326,12,9,1-12-2024-009-09,9,2,2088,976,1112,P245/45R20,250,P245/45R20,250,,,,,,,,,517.295150771829,9,9
2400658,22,19,1-22-2024-019-04,4,2,1970,1010,1000,P225/60R17,230,P225/60R17,220,,,,,,,,,53.2870024901003,12,9
2405613,48,183,1-48-2024-183-07,7,1,2803,1397,1520,P245/60R18,240,P245/60R18,240,,,,,,,,,892.497919305073,12,9
2404949,25,130,1-25-2024-130-03,3,1,1990,1065,995,P205/70R16,240,P205/70R16,240,,,,,,,,,421.178032923036,2,9
2402888,15,114,1-15-2024-114-NM2,22,1,9999,9999,9999,9999999999,999,9999999999,999,,,,,,,,,35.5740146987417,1,9
2400489,57,10,1-57-2024-010-07,7,3,9999,9999,9999,P205/55R16,999,P205/55R16,999,,,,,,,,,4161.80828692966,1,9
2404239,22,126,1-22-2024-126-03,3,2,2090,1150,1150,P225/65R17,250,P225/65R17,250,,,,,,,,,26.0912892801948,12,9
2403761,10,62,1-10-2024-062-03,3,2,9999,9999,9999,9999999999,999,9999999999,999,,,,,,,,,95.3279654312353,4,9
2400867,20,22,1-20-2024-022-03,3,1,2180,1140,1040,P225/55R19,240,P225/55R19,240,,,,,,,,,107.59759588711,11,9
2404408,48,143,1-48-2024-143-07,7,1,1733,939,839,P215/45R17,220,P215/45R17,220,,,,,,,,,320.637738411807,12,9
2406300,21,157,1-21-2024-157-08,8,1,1497,835,826,P185/60R15,220,P185/60R15,220,,,,,,,,,64.9053971870632,11,9
2405636,60,92,1-60-2024-092-03,3,2,2000,1075,1040,P235/45R17,230,P235/45R17,220,,,,,,,,,225.387841771132,8,9
2401723,22,50,1-22-2024-050-07,7,2,2715,1405,1405,P235/55R18,250,P235/55R18,250,,,,,,,,,172.502323958184,12,9
2403569,57,86,1-57-2024-086-07,7,2,1770,955,820,9999999999,999,9999999999,999,,,,,,,,,1497.2275426539,1,9
2402953,30,103,1-30-2024-103-05,5,2,2480,1280,1500,P245/70R16,207,P245/70R16,207,,,,,,,,,43.1584302855262,10,9
2405092,28,158,1-28-2024-158-03,3,1,2230,1220,1220,P225/55R19,230,P225/55R19,230,,,,,,,,,28.5592736546676,3,9
2405178,19,72,1-19-2024-072-02,2,1,2830,1580,1485,P265/70R17,210,P265/70R17,210,,,,,,,,,45.0884525586451,9,9
2405543,19,79,1-19-2024-079-06,6,1,1917,1010,940,P235/45R18,230,P235/45R18,230,,,,,,,,,276.055846478069,9,9
2405901,77,191,1-77-2024-191-03,3,1,2745,1339,1407,P225/65R17,250,P225/65R17,250,,,,,,,,,288.445335679694,9,9
2406123,59,182,1-59-2024-182-04,4,1,1847,961,886,P225/55R17,230,P225/55R17,230,,,,,,,,,175.956352530004,6,9
2406261,12,127,1-12-2024-127-07,7,1,2230,1120,1170,P245/40R18,240,P245/40R18,260,,,,,,,,,293.505475547656,9,9
2403297,77,113,1-77-2024-113-04,4,2,2220,1150,1109,P245/45R20,230,P245/45R20,230,,,,,,,,,367.311932666986,9,9
2403657,62,100,1-62-2024-100-01,1,1,9999,9999,9999,9999999999,999,9999999999,999,,,,,,,,,57.0289701202479,7,9
2404710,24,132,1-24-2024-132-04,4,2,9999,9999,9999,P265/70R17,240,P265/70R17,240,,,,,,,,,189.887861088299,1,9
2400145,22,2,1-22-2024-002-01,1,1,2427,1179,1361,P225/75R15,179,P225/75R15,241,,,,,,,,,23.1353338048251,12,9
2400230,76,2,1-76-2024-002-07,7,1,2280,1350,1395,P235/65R17,235,P235/65R17,235,,,,,,,,,988.157171960817,3,9
2400540,31,9,1-31-2024-009-07,7,1,2100,1160,1140,P235/45R18,235,P235/45R18,235,,,,,,,,,230.868935151332,6,9
2401891,13,51,1-13-2024-051-02,2,4,2730,1320,1515,P235/65R17,230,P235/65R17,230,,,,,,,,,10.2488631638442,7,9
2402170,13,56,1-13-2024-056-01,1,1,9999,9999,9999,9999999999,999,9999999999,999,,,,,,,,,113.79721373521,7,9
2402560,73,80,1-73-2024-080-04,4,1,3175,1724,1724,LT275/65R18,280,LT275/65R18,280,,,,,,,,,38.9268584589882,3,9
2405151,62,154,1-62-2024-154-01,1,2,3150,1440,1800,P255/40R21,283,P285/35R21,300,,,,,,,,,69.8075005283482,7,9
2405383,81,136,1-81-2024-136-02,2,1,2150,1100,1075,P235/60R18,230,P235/60R18,210,,,,,,,,,21.7339142305401,8,9
2405759,59,169,1-59-2024-169-03,3,1,1993,1043,950,P215/55R17,210,P215/55R17,210,,,,,,,,,53.2551797406929,6,9
2405817,60,96,1-60-2024-096-06,6,2,4536,2359,2812,LT265/70R18,420,LT265/70R18,480,,,,,,,,,812.131135711044,8,9
2405881,77,188,1-77-2024-188-02,2,2,2495,1273,1273,P245/65R17,250,P245/65R17,250,,,,,,,,,83.1566199866033,9,9
2406047,12,122,1-12-2024-122-04,4,1,2900,1450,1600,P255/55R20,240,P255/55R20,240,,,,,,,,,331.530424264406,9,9
2402875,27,93,1-27-2024-093-06,6,2,2195,1134,1067,P235/55R17,240,P235/55R17,240,,,,,,,,,54.3276867228202,3,9
2403228,14,52,1-14-2024-052-03,3,1,2800,1450,1600,P255/55R20,240,P255/55R20,240,,,,,,,,,400.274020463203,8,9
2405099,60,75,1-60-2024-075-03,3,2,3198,1565,1724,P275/60R20,240,P275/60R20,240,,,,,,,,,321.683073044114,8,9
2400407,29,7,1-29-2024-007-04,4,1,2040,1140,1050,P235/45R18,240,P235/45R18,240,,,,,,,,,3101.68332155677,2,9
2402264,16,66,1-16-2024-066-06,6,1,1685,896,796,P195/60R15,220,P195/60R15,220,,,,,,,,,643.878867462447,5,9
2402777,66,60,1-66-2024-060-07,7,2,2210,1350,1395,P235/65R17,234,P235/65R17,234,,,,,,,,,133.367571576148,6,9
2403019,21,62,1-21-2024-062-03,3,1,9999,9999,9999,9999999999,999,9999999999,999,,,,,,,,,905.228768898305,11,9
2403187,57,75,1-57-2024-075-06,6,2,2280,1350,1395,P235/65R17,235,P235/65R17,235,,,,,,,,,905.054041952401,1,9
2403323,12,57,1-12-2024-057-06,6,1,1695,900,810,P215/55R16,220,P215/55R16,220,,,,,,,,,257.996460650317,9,9
2404236,27,133,1-27-2024-133-10,10,2,2427,1270,1315,P235/70R15,220,P235/70R15,220,,,,,,,,,43.6450436036191,3,9
2404964,28,155,1-28-2024-155-07,7,1,2638,1495,1511,P265/70R16,240,P265/70R16,240,,,,,,,,,112.67681252621,3,9
2405290,48,171,1-48-2024-171-01,1,1,4028,2087,2760,LT235/85R16,379,LT235/85R16,552,,,,,,,,,73.4941053746274,12,9
2400176,82,6,1-82-2024-006-03,3,1,1950,1070,960,P225/50R17,221,P225/50R17,221,,,,,,,,,62.4070790931474,1,9
2400376,27,12,1-27-2024-012-03,3,2,2041,1089,1007,P225/65R17,230,P225/65R17,230,,,,,,,,,11.8514312322575,3,9
2400925,26,19,1-26-2024-019-05,5,2,9999,9999,9999,9999999999,999,9999999999,999,,,,,,,,,43.8292003608038,10,9
2401140,17,37,1-17-2024-037-07,7,1,2141,1072,1089,P225/55R19,230,P225/55R19,230,,,,,,,,,1191.73874796029,4,9
2402391,21,48,1-21-2024-048-03,3,1,1656,875,785,9999999999,999,9999999999,999,,,,,,,,,176.256888971489,11,9
2402646,22,77,1-22-2024-077-07,7,2,3198,1599,1724,LT275/65R18,240,LT275/65R18,240,,,,,,,,,33.5836093550638,12,9
2403553,77,122,1-77-2024-122-02,2,1,2098,1188,1098,P235/45R18,240,P235/45R18,240,,,,,,,,,83.1566199866033,9,9
2403863,48,124,1-48-2024-124-03,3,2,1971,1210,1070,P215/60R16,230,P215/60R16,230,,,,,,,,,192.139655150175,12,9
2404584,60,70,1-60-2024-070-04,4,1,1710,920,830,P215/55R16,220,P215/55R16,220,,,,,,,,,1856.39477401612,8,9
2404753,22,141,1-22-2024-141-09,9,1,2435,1180,1350,P235/55R19,230,P235/55R19,230,,,,,,,,,250.524526663904,12,9
2404929,30,168,1-30-2024-168-03,3,1,1720,990,950,P205/55R16,230,P205/55R16,230,,,,,,,,,278.361823254596,10,9
2405660,73,143,1-73-2024-143-09,9,1,2080,1070,1060,P225/60R17,220,P225/60R17,210,,,,,,,,,37.2128206324797,3,9
2402843,25,70,1-25-2024-070-03,3,2,2355,1210,1365,P255/45R20,240,P255/45R20,240,,,,,,,,,109.372944716244,2,9
2402960,33,50,1-33-2024-050-01,1,2,2040,1070,1020,P235/40R18,230,P235/40R18,230,,,,,,,,,90.7387316926985,12,9
2403394,21,70,1-21-2024-070-02,2,2,1882,1150,950,P225/45R18,230,P225/45R18,210,,,,,,,,,11.0430466560592,11,9
2406154,69,159,1-69-2024-159-04,4,1,2540,1335,1490,P245/75R16,220,P245/75R16,220,P265/70R16,207,P265/70R16,207,,,,,208.229237945387,8,9
2400431,59,17,1-59-2024-017-04,4,1,1760,980,910,P205/55R16,230,P205/55R16,230,,,,,,,,,413.969194806684,6,9
2400552,10,9,1-10-2024-009-06,6,1,1917,1010,940,P215/60R16,220,P215/60R16,220,,,,,,,,,892.611193551112,4,9
2400620,14,8,1-14-2024-008-03,3,2,2025,1175,1200,P225/65R17,240,P225/65R17,240,,,,,,,,,352.013089948165,8,9
2400749,27,25,1-27-2024-025-06,6,1,2100,1191,1191,P215/55R17,240,P215/55R17,240,,,,,,,,,20.2078569673904,3,9
2401066,26,24,1-26-2024-024-03,3,1,2933,1383,1613,P255/60R18,250,P255/60R18,250,,,,,,,,,142.578004216692,10,9
2402008,11,51,1-11-2024-051-03,3,1,2800,1450,1600,P255/65R18,999,P255/65R18,999,,,,,,,,,58.0001927129368,8,9
2403032,28,93,1-28-2024-093-07,7,1,2160,1119,1041,P235/50R18,240,P235/50R18,240,,,,,,,,,191.787009725038,3,9
2404217,66,85,1-66-2024-085-03,3,2,2077,1134,1007,P225/55R19,230,P225/55R19,230,,,,,,,,,79.4686416678806,6,9
2404348,60,65,1-60-2024-065-06,6,1,2994,1588,1706,P265/65R17,200,P265/65R17,220,,,,,,,,,1902.54330227895,8,9
2401346,81,27,1-81-2024-027-02,2,1,4241,9999,9999,LT225/75R16,448,LT225/75R16,552,,,,,,,,,30.8995068274556,8,9
2401394,25,30,1-25-2024-030-09,9,1,9999,9999,9999,P225/60R17,220,P225/60R17,220,,,,,,,,,123.800297630527,2,9
2401538,20,44,1-20-2024-044-06,6,1,2250,1119,1131,P225/50R17,260,P225/50R17,260,,,,,,,,,84.425117207488,11,9
2401843,77,61,1-77-2024-061-06,6,2,2020,1045,1000,P215/70R16,220,P215/70R16,235,,,,,,,,,216.01935162615,9,9
2401201,15,45,1-15-2024-045-04,4,1,1900,1040,1000,P205/60R16,230,P205/60R16,230,,,,,,,,,51.6682545714718,1,9
2404319,11,129,1-11-2024-129-09,9,1,1576,830,830,P175/65R15,240,P175/65R15,230,,,,,,,,,773.836866449136,8,9
2403217,16,95,1-16-2024-095-03,3,1,1940,1150,1000,P215/60R17,240,P215/60R17,240,,,,,,,,,372.754488481683,5,9
2403680,66,77,1-66-2024-077-07,7,1,1944,1065,995,P215/55R18,240,P215/55R18,240,,,,,,,,,161.444955065863,6,9
2403773,81,92,1-81-2024-092-02,2,2,1803,981,822,P225/50R16,210,P225/50R16,210,,,,,,,,,26.3649807190026,8,9
2403931,52,42,1-52-2024-042-04,4,2,2130,1100,1075,P235/65R17,220,P235/65R17,210,,,,,,,,,253.578816658525,12,9
2400232,69,5,1-69-2024-005-06,6,2,2035,965,1145,P225/45R17,220,P225/45R17,270,,,,,,,,,276.608104427655,8,9
2400663,30,21,1-30-2024-021-06,6,1,3243,1542,1950,P275/60R20,248,P275/60R20,248,,,,,,,,,1312.87881431416,10,9
2400805,66,14,1-66-2024-014-10,10,1,1971,1210,1070,P215/60R16,220,P215/60R16,220,,,,,,,,,727.168496132888,6,9
2400984,48,35,1-48-2024-035-04,4,1,2142,1000,1200,P225/40R19,240,P255/35R19,230,,,,,,,,,179.536136506328,12,9
2401436,12,25,1-12-2024-025-04,4,2,2314,1275,1275,P245/45R20,220,P245/45R20,220,,,,,,,,,578.80653797021,9,9
2401613,77,56,1-77-2024-056-05,5,1,2720,1340,1585,P245/55R19,240,P245/55R19,240,,,,,,,,,90.6570748528622,9,9
2403408,15,136,1-15-2024-136-03,3,2,2100,1191,1191,P215/55R17,240,P215/55R17,240,,,,,,,,,18.2895686654955,1,9
2403592,30,130,1-30-2024-130-07,7,1,2645,1340,1545,P245/60R18,240,P245/60R18,240,,,,,,,,,2295.63447684467,10,9
2403834,21,81,1-21-2024-081-08,8,1,9999,9999,9999,9999999999,999,9999999999,999,,,,,,,,,281.39230853194,11,9
2404187,14,77,1-14-2024-077-06,6,1,9999,9999,9999,9999999999,999,9999999999,999,,,,,,,,,127.512356200493,8,9
2404723,52,47,1-52-2024-047-06,6,2,2722,1452,1588,P265/70R16,240,P265/70R16,240,,,,,,,,,397.838835286361,12,9
2406372,18,157,1-18-2024-157-06,6,1,2130,1100,1075,P235/60R18,230,P235/60R18,210,,,,,,,,,92.770740395174,6,9
2401744,59,54,1-59-2024-054-09,9,1,2073,1080,993,P235/50R17,240,P235/50R17,240,,,,,,,,,544.058692708323,6,9
2403096,11,84,1-11-2024-084-04,4,2,1987,1050,940,P215/55R18,250,P215/55R18,250,,,,,,,,,292.515838449788,8,9
2403287,81,75,1-81-2024-075-02,2,1,1720,990,950,P225/45R17,240,P225/45R17,240,,,,,,,,,19.0849903848337,8,9
2400262,79,10,1-79-2024-010-06,6,1,9999,9999,9999,P215/70R15,210,P215/70R15,230,,,,,,,,,146.574045627854,8,9
2400469,30,15,1-30-2024-015-03,3,2,2314,1275,1275,P245/45R20,220,P245/45R20,220,,,,,,,,,244.569726390693,10,9
2400882,60,11,1-60-2024-011-03,3,2,1960,1050,930,P215/55R17,225,P215/55R17,225,,,,,,,,,329.229012511834,8,9
2401224,81,25,1-81-2024-025-05,5,3,2105,1150,1150,P225/65R17,230,P225/65R17,230,,,,,,,,,62.3562447625643,8,9
2401372,30,46,1-30-2024-046-03,3,2,1770,955,830,P215/50R17,220,P215/50R17,220,,,,,,,,,249.652206633611,10,9
2401647,12,30,1-12-2024-030-06,6,2,2000,1010,1050,P225/45R18,240,P245/45R18,240,,,,,,,,,1644.10935042381,9,9
2401980,26,53,1-26-2024-053-NM2,22,1,9999,9999,9999,9999999999,999,9999999999,999,,,,,,,,,326.204869245419,10,9
2402126,21,43,1-21-2024-043-03,3,1,2150,1191,1100,P235/45R18,240,P235/45R18,240,,,,,,,,,671.942412724886,11,9
2402737,32,97,1-32-2024-097-02,2,1,1635,865,780,9999999999,999,9999999999,999,,,,,,,,,10.3756742703359,7,9
2403064,57,72,1-57-2024-072-03,3,3,2030,1070,960,P235/40R19,225,P235/40R19,225,,,,,,,,,63.1504392029315,1,9
2403642,15,146,1-15-2024-146-06,6,2,1803,977,826,P205/55R16,250,P205/55R16,250,,,,,,,,,84.2221488644135,1,9
2403787,67,22,1-67-2024-022-04,4,1,2314,1275,1275,P215/65R17,240,P215/65R17,240,,,,,,,,,459.524924014575,7,9
2404096,13,73,1-13-2024-073-02,2,2,2540,1325,1255,P255/50R20,250,P255/50R20,250,,,,,,,,,31.2378642935307,7,9
2404498,57,126,1-57-2024-126-03,3,1,2090,1070,1070,P215/55R18,280,P215/55R18,280,,,,,,,,,74.219148340463,1,9
2404825,24,135,1-24-2024-135-NM2,22,1,1795,1010,800,P265/30R19,240,P265/30R19,230,,,,,,,,,43.9956216097119,1,9
2405423,12,103,1-12-2024-103-06,6,2,3311,1633,1860,P265/65R18,240,P265/65R18,240,,,,,,,,,284.683242233932,9,9
2405563,24,154,1-24-2024-154-06,6,1,9999,9999,9999,9999999999,999,9999999999,999,,,,,,,,,158.34973642154,1,9
2406122,81,161,1-81-2024-161-01,1,1,9999,9999,9999,9999999999,999,9999999999,999,,,,,,,,,242.308395607162,8,9
2400059,57,1,1-57-2024-001-07,7,1,1746,919,827,P205/55R16,240,P205/55R16,240,,,,,,,,,44.2620389608346,1,9
2400824,10,12,1-10-2024-012-09,9,2,3334,1746,1746,P275/45R22,240,P275/45R22,240,,,,,,,,,1057.88880962125,4,9
2402343,16,68,1-16-2024-068-04,4,1,9999,9999,9999,P235/55R19,999,P235/55R19,999,,,,,,,,,771.44724650232,5,9
2403270,29,30,1-29-2024-030-09,9,1,1700,915,795,9999999999,999,9999999999,999,,,,,,,,,1132.86906528856,2,9
2403424,10,54,1-10-2024-054-03,3,1,2745,1339,1407,P225/65R16,250,P225/65R16,250,,,,,,,,,99.299901179009,4,9
2403737,24,106,1-24-2024-106-03,3,2,2120,1260,1200,P235/60R18,241,P235/60R18,241,,,,,,,,,38.4497850423982,1,9
2404430,19,59,1-19-2024-059-02,2,2,2030,1188,1098,P235/45R18,240,P235/45R18,240,,,,,,,,,55.4759332833723,9,9
2404878,81,121,1-81-2024-121-02,2,2,2215,1040,1200,P205/55R16,220,P205/55R16,270,,,,,,,,,29.2612564861438,8,9
2405799,66,112,1-66-2024-112-06,6,2,2422,1288,1148,P245/60R18,240,P245/60R18,240,,,,,,,,,124.972344097308,6,9
2400298,18,10,1-18-2024-010-10,10,1,1941,1017,993,P215/60R16,220,P215/60R16,220,,,,,,,,,3126.95454427084,6,9
2401061,22,28,1-22-2024-028-09,9,1,2340,1400,1270,P245/55R19,220,P245/55R19,220,,,,,,,,,74.8175999070324,12,9
2401680,32,61,1-32-2024-061-07,7,2,9999,9999,9999,P235/55R18,220,P235/55R18,220,,,,,,,,,1936.34687707345,7,9
2402279,59,72,1-59-2024-072-02,2,1,2676,1452,1588,P255/65R17,240,P255/65R17,240,,,,,,,,,48.7900687173874,6,9
2402889,26,81,1-26-2024-081-04,4,3,2207,1110,1257,P235/45R18,290,P235/45R18,290,,,,,,,,,1252.65413238455,10,9
2402937,19,39,1-19-2024-039-03,3,2,2450,1225,1361,P245/75R17,250,P245/75R17,250,,,,,,,,,46.0527417675982,9,9
2403619,27,114,1-27-2024-114-03,3,2,2041,1089,1016,P225/65R17,230,P225/65R17,230,,,,,,,,,11.8514312322575,3,9
2404536,59,131,1-59-2024-131-04,4,2,1950,1140,970,P215/60R16,220,P215/60R16,220,,,,,,,,,99.64038886362,6,9
2404666,59,137,1-59-2024-137-03,3,1,2012,1080,998,P215/60R17,220,P215/60R17,220,,,,,,,,,98.6606762609695,6,9
2405127,82,146,1-82-2024-146-03,3,1,2087,1180,1080,P215/65R16,220,P215/65R16,220,,,,,,,,,123.396006386329,1,9
2405717,52,56,1-52-2024-056-03,3,1,4173,2041,2760,LT245/75R16,420,LT245/75R16,550,,,,,,,,,84.9706344483022,12,9
2405860,21,143,1-21-2024-143-03,3,2,1840,980,870,P215/50R17,220,P215/50R17,220,,,,,,,,,591.415698550646,11,9
2400029,48,1,1-48-2024-001-06,6,1,2280,1190,1140,P235/55R19,230,P235/55R19,230,,,,,,,,,177.148845745167,12,9
2400354,76,7,1-76-2024-007-07,7,1,2122,1072,1089,P225/60R18,230,P225/60R18,230,,,,,,,,,72.7960942583928,3,9
2400655,21,13,1-21-2024-013-03,3,1,2449,1279,1197,P245/60R18,240,P245/60R18,240,,,,,,,,,177.853805987358,11,9
2401752,13,46,1-13-2024-046-NM2,22,1,9999,9999,9999,9999999999,999,9999999999,999,,,,,,,,,2482.68938093394,7,9
2402061,19,30,1-19-2024-030-09,9,1,2036,1112,970,9999999999,999,9999999999,999,,,,,,,,,6020.15369113235,9,9
2403121,76,82,1-76-2024-082-07,7,1,1388,780,9999,9999999999,999,9999999999,999,,,,,,,,,72.7960942583928,3,9
2404590,11,138,1-11-2024-138-05,5,1,2100,1065,1055,P225/65R17,999,P225/65R17,999,,,,,,,,,31.8812723055547,8,9
2404911,10,93,1-10-2024-093-09,9,2,2300,1150,1175,P235/65R16,210,P235/65R16,210,,,,,,,,,2003.16128419088,4,9
2405044,48,163,1-48-2024-163-03,3,1,2090,1150,1150,P225/65R17,250,P225/65R17,250,,,,,,,,,74.7268694441639,12,9
2405171,17,168,1-17-2024-168-04,4,1,1975,1055,941,P215/65R16,230,P215/65R16,230,,,,,,,,,122.812896001624,4,9
2405507,59,162,1-59-2024-162-05,5,1,9999,9999,9999,9999999999,999,9999999999,999,,,,,,,,,53.1907731759788,6,9
2405778,48,186,1-48-2024-186-04,4,2,1950,1140,970,P215/60R16,210,P215/60R16,210,,,,,,,,,179.531498408301,12,9
2405919,19,88,1-19-2024-088-02,2,1,9999,9999,9999,P215/60R16,240,P215/60R16,240,,,,,,,,,45.0884525586451,9,9
2406221,69,162,1-69-2024-162-03,3,2,2100,1200,1160,P225/55R18,250,P225/55R18,250,,,,,,,,,53.9679117020293,8,9
2403345,20,92,1-20-2024-092-01,1,1,1955,1209,1209,9999999999,999,9999999999,999,,,,,,,,,42.6820611771259,11,9
2403988,30,142,1-30-2024-142-08,8,1,9999,9999,9999,9999999999,999,9999999999,999,,,,,,,,,294.615301509236,10,9
2400993,12,19,1-12-2024-019-09,9,1,9999,9999,9999,9999999999,999,9999999999,999,,,,,,,,,386.993347232444,9,9
2401273,60,14,1-60-2024-014-03,3,2,2110,1065,1170,P225/40R19,260,P255/35R19,260,,,,,,,,,623.203929289304,8,9
2401371,67,7,1-67-2024-007-02,2,1,1880,1060,1060,P225/55R18,240,P225/55R18,220,,,,,,,,,100.295251755123,7,9
2401657,20,47,1-20-2024-047-10,10,1,2903,1497,1701,P245/70R17,240,P245/70R17,240,,,,,,,,,1223.79041483901,11,9
2401857,26,49,1-26-2024-049-05,5,1,9999,9999,9999,9999999999,999,9999999999,999,,,,,,,,,35.9401339092254,10,9
2401949,28,56,1-28-2024-056-04,4,1,9999,9999,9999,9999999999,999,9999999999,999,,,,,,,,,47.851485985308,3,9
2404444,24,123,1-24-2024-123-05,5,1,1758,972,853,P205/55R16,230,P205/55R16,230,,,,,,,,,24.2721053029394,1,9
2406133,10,130,1-10-2024-130-03,3,2,1896,1089,1089,9999999999,999,9999999999,999,,,,,,,,,302.334296505622,4,9
2402211,25,54,1-25-2024-054-03,3,1,1975,1140,1050,P235/45R18,240,P235/45R18,240,,,,,,,,,72.4488725969622,2,9
2403282,59,103,1-59-2024-103-02,2,1,2405,1225,1305,P215/55R16,280,P215/55R16,290,,,,,,,,,48.7900687173874,6,9
2403545,59,111,1-59-2024-111-04,4,1,2230,1220,1220,P225/60R18,230,P225/60R18,230,,,,,,,,,322.615967734063,6,9
2403829,26,104,1-26-2024-104-02,2,3,2800,1450,1600,P255/55R20,240,P255/55R20,240,,,,,,,,,58.2516012726861,10,9
2404096,13,73,1-13-2024-073-02,2,1,1539,814,738,P185/60R16,250,P185/60R16,230,,,,,,,,,31.2378642935307,7,9
2400075,77,3,1-77-2024-003-05,5,1,1950,990,1000,P225/40R18,230,P225/40R18,220,,,,,,,,,90.6570748528622,9,9
2400175,79,9,1-79-2024-009-10,10,1,9999,9999,9999,P205/65R15,207,P205/65R15,207,,,,,,,,,3746.9781522107,8,9
2400496,76,11,1-76-2024-011-03,3,2,2800,1450,1600,P255/65R18,240,P255/65R18,240,,,,,,,,,71.5495535595937,3,9
2400681,24,16,1-24-2024-016-03,3,1,9999,9999,9999,9999999999,999,9999999999,999,,,,,,,,,38.4626681561449,1,9
2400790,69,13,1-69-2024-013-02,2,1,1815,980,845,P205/60R16,230,P205/60R16,230,,,,,,,,,9.2899222432138,8,9
2401363,13,35,1-13-2024-035-05,5,1,9999,9999,9999,P245/45R20,220,P245/45R20,220,,,,,,,,,38.0193356006179,7,9
2401634,62,42,1-62-2024-042-02,2,2,9999,9999,9999,9999999999,999,9999999999,999,,,,,,,,,37.7593130714705,7,9
2403562,48,116,1-48-2024-116-08,8,1,9999,9999,9999,9999999999,999,9999999999,999,,,,,,,,,96.1411607504999,12,9
2404110,25,108,1-25-2024-108-03,3,1,2617,1388,1270,P245/60R18,230,P245/60R18,230,,,,,,,,,60.2603989205231,2,9
2404924,12,94,1-12-2024-094-NM1,21,1,1720,940,800,P205/55R16,220,P205/55R16,220,,,,,,,,,263.286057296844,9,9
2401073,15,39,1-15-2024-039-04,4,1,1710,953,857,9999999999,999,9999999999,999,,,,,,,,,62.5319177717728,1,9
2404941,17,160,1-17-2024-160-03,3,2,1815,965,850,P215/55R17,220,P215/55R17,210,,,,,,,,,103.559829749358,4,9
2405045,48,164,1-48-2024-164-06,6,1,1819,1030,987,P195/65R15,240,P195/65R15,230,,,,,,,,,377.586236118,12,9
2405325,25,142,1-25-2024-142-02,2,1,2050,1100,1000,P235/35R19,290,P235/35R19,290,,,,,,,,,61.6735457995434,2,9
2405506,59,161,1-59-2024-161-06,6,2,2382,1293,1293,P225/60R18,240,P225/60R18,240,,,,,,,,,538.216570417831,6,9
2405598,21,135,1-21-2024-135-03,3,2,9999,9999,9999,9999999999,999,9999999999,999,,,,,,,,,319.39289990617,11,9
2400305,73,9,1-73-2024-009-04,4,1,3175,1633,1724,P275/70R18,240,P275/70R18,240,,,,,,,,,54.3106720874916,3,9
2400574,13,13,1-13-2024-013-NM1,21,1,2229,1188,1089,P245/45R20,999,P245/45R20,999,,,,,,,,,16.3827604184312,7,9
2400607,11,14,1-11-2024-014-07,7,1,2082,1191,1134,9999999999,999,9999999999,999,,,,,,,,,2307.2300651724,8,9
2400748,27,24,1-27-2024-024-06,6,1,2075,1080,1040,P225/60R17,240,P225/60R17,240,,,,,,,,,50.9387159232509,3,9
2402415,13,61,1-13-2024-061-02,2,1,9999,9999,9999,9999999999,999,9999999999,999,,,,,,,,,24.0212654326691,7,9
2402621,31,53,1-31-2024-053-07,7,1,2210,1300,1395,P235/65R17,240,P235/65R17,240,,,,,,,,,247.070263933881,6,9
2403167,59,100,1-59-2024-100-03,3,2,2722,1350,1545,P235/55R20,250,P235/55R20,250,,,,,,,,,40.2896520955836,6,9
2404475,27,138,1-27-2024-138-04,4,1,2087,1180,1080,P225/55R18,240,P225/55R18,220,,,,,,,,,41.3687632563113,3,9
2405041,62,147,1-62-2024-147-04,4,1,2030,1129,1098,P235/45R18,240,P235/45R18,240,,,,,,,,,1765.71659697756,7,9
2405126,15,199,1-15-2024-199-06,6,1,2410,1350,1450,P235/60R18,230,P235/60R18,230,,,,,,,,,108.78223753879,1,9
2406259,30,213,1-30-2024-213-NM1,21,1,2994,1588,1706,P265/70R16,220,P265/70R16,230,,,,,,,,,70.0679338170937,10,9
2403372,66,70,1-66-2024-070-08,8,1,3085,1542,1814,P265/70R17,240,P265/70R17,240,P265/70R16,240,P265/70R16,240,,,,,134.761595455619,6,9
2400566,48,22,1-48-2024-022-07,7,2,1760,980,910,P195/65R15,230,P195/65R15,230,,,,,,,,,630.467870665179,12,9
2401231,73,42,1-73-2024-042-01,1,2,1960,980,1021,9999999999,999,9999999999,999,,,,,,,,,29.6045947385831,3,9
2402413,54,63,1-54-2024-063-03,3,2,1970,1030,1000,P225/55R18,228,P225/55R18,228,,,,,,,,,98.4870522809125,9,9
2402806,19,37,1-19-2024-037-03,3,1,3175,1724,1724,P275/60R20,220,P275/60R20,240,,,,,,,,,64.3484690974811,9,9
2403012,82,75,1-82-2024-075-02,2,2,2730,1320,1450,P235/65R17,230,P235/65R17,230,,,,,,,,,23.9814262485552,1,9
2406064,20,144,1-20-2024-144-06,6,3,9999,9999,9999,9999999999,999,9999999999,999,,,,,,,,,435.278661520356,11,9
2406249,19,97,1-19-2024-097-08,8,1,9999,9999,9999,9999999999,999,9999999999,999,,,,,,,,,52.7407043815755,9,9
2404280,62,122,1-62-2024-122-02,2,4,3334,1769,1882,P275/60R20,240,P275/60R20,240,,,,,,,,,28.5234131836987,7,9
2404455,60,66,1-60-2024-066-04,4,1,1700,876,943,P215/45R17,240,P215/45R17,240,,,,,,,,,1951.14087644172,8,9
2404588,25,123,1-25-2024-123-06,6,2,9999,9999,9999,9999999999,999,9999999999,999,,,,,,,,,155.655946806587,2,9
2405386,23,46,1-23-2024-046-03,3,1,1720,990,950,P205/55R16,230,P205/55R16,230,,,,,,,,,564.388011657643,5,9
2405690,12,110,1-12-2024-110-07,7,2,2100,1191,1191,P225/45R18,230,P225/45R18,230,,,,,,,,,531.105146229092,9,9
2401080,59,35,1-59-2024-035-03,3,1,2028,1188,1098,P235/45R18,240,P235/45R18,240,,,,,,,,,47.4858553951671,6,9
2402677,54,70,1-54-2024-070-10,10,1,2767,1780,1701,P265/75R16,240,P265/75R16,240,,,,,,,,,446.109905627319,9,9
2404866,21,112,1-21-2024-112-01,1,2,9999,9999,9999,9999999999,999,9999999999,999,,,,,,,,,41.7819447214444,11,9
2403867,66,79,1-66-2024-079-07,7,1,1970,1010,1000,P225/55R17,230,P225/55R17,220,,,,,,,,,133.367571576148,6,9
2404823,24,133,1-24-2024-133-06,6,1,2930,1450,1600,P255/65R18,240,P255/65R18,240,,,,,,,,,52.2007608551518,1,9
2402659,81,56,1-81-2024-056-05,5,1,2490,1255,1410,P265/65R17,200,P265/65R17,200,,,,,,,,,149.951440673758,8,9
2402118,26,55,1-26-2024-055-03,3,1,9999,9999,9999,LT225/75R16,450,LT225/75R16,520,,,,,,,,,180.748765092808,10,9
2406260,12,126,1-12-2024-126-07,7,2,1742,948,839,P195/65R15,210,P195/65R15,210,,,,,,,,,293.505475547656,9,9
2401634,62,42,1-62-2024-042-02,2,1,1850,1052,908,P205/60R16,250,P205/60R16,250,,,,,,,,,37.7593130714705,7,9
2403014,15,116,1-15-2024-116-02,2,1,2190,1145,1045,P225/55R19,240,P225/55R19,240,,,,,,,,,13.160978448786,1,9
2405527,48,179,1-48-2024-179-NM1,21,1,2223,1165,1130,P225/60R17,230,P225/60R17,220,,,,,,,,,85.8427679861707,12,9
2405570,25,151,1-25-2024-151-NM2,22,1,3130,1724,1724,P255/70R17,240,P255/70R17,240,,,,,,,,,362.735522403193,2,9
2402965,77,101,1-77-2024-101-07,7,1,1950,1059,921,9999999999,999,9999999999,999,,,,,,,,,3871.41446442028,9,9
2400801,48,29,1-48-2024-029-04,4,1,2720,1635,1635,P235/65R18,250,P235/65R18,250,,,,,,,,,145.557430364465,12,9
2401391,17,43,1-17-2024-043-04,4,2,2040,1140,1050,P235/45R18,240,P235/45R18,240,,,,,,,,,108.318763208509,4,9
2404998,28,157,1-28-2024-157-04,4,1,2000,1065,995,P215/55R18,240,P215/55R18,240,,,,,,,,,47.851485985308,3,9
2401225,81,26,1-81-2024-026-08,8,1,2812,1588,1796,P265/70R16,180,P265/70R16,200,,,,,,,,,311.568158784373,8,9
2405639,60,95,1-60-2024-095-08,8,1,2581,1300,1325,P235/65R17,220,P235/65R17,220,,,,,,,,,149.057520788789,8,9
2405307,12,102,1-12-2024-102-06,6,1,2631,1451,1588,P265/70R16,240,P265/70R16,240,,,,,,,,,803.075792396309,9,9
2404620,27,145,1-27-2024-145-09,9,1,1875,1210,1210,P205/65R15,200,P205/65R15,200,,,,,,,,,39.3880945658678,3,9
2404952,11,147,1-11-2024-147-05,5,1,2080,1150,1000,P215/65R16,240,P215/65R16,240,,,,,,,,,73.2779432619076,8,9
2403269,29,29,1-29-2024-029-03,3,2,2355,1210,1365,P255/45R20,240,P255/45R20,240,,,,,,,,,159.682488965025,2,9
2403380,79,71,1-79-2024-071-04,4,1,1660,875,785,P205/60R16,220,P205/60R16,220,,,,,,,,,103.687310341295,8,9
2403453,79,75,1-79-2024-075-06,6,2,2908,1450,1600,P255/65R18,240,P255/65R18,240,,,,,,,,,193.378344916823,8,9
2403736,18,101,1-18-2024-101-06,6,2,1815,1076,870,P205/55R16,260,P205/55R16,260,,,,,,,,,169.783135227191,6,9
2404269,30,149,1-30-2024-149-05,5,1,1780,1050,971,P205/55R16,240,P205/55R16,230,,,,,,,,,25.0922001614674,10,9
2404647,31,98,1-31-2024-098-07,7,1,9999,9999,9999,9999999999,999,9999999999,999,,,,,,,,,230.868935151332,6,9
2404772,62,140,1-62-2024-140-03,3,1,1963,1097,945,9999999999,999,9999999999,999,,,,,,,,,349.921677874821,7,9
2405925,79,115,1-79-2024-115-05,5,1,1917,1010,940,9999999999,999,9999999999,999,,,,,,,,,121.577378642075,8,9
2400710,62,20,1-62-2024-020-04,4,1,9999,9999,9999,9999999999,999,9999999999,999,,,,,,,,,4409.67367606145,7,9
2400807,25,19,1-25-2024-019-03,3,1,1733,939,839,P205/55R16,220,P205/55R16,220,,,,,,,,,107.654306093074,2,9
2401091,81,23,1-81-2024-023-04,4,1,1594,872,735,P185/55R16,230,P185/55R16,230,,,,,,,,,2096.4964888712,8,9
2401968,77,66,1-77-2024-066-03,3,1,1776,1050,971,P195/65R15,260,P195/65R15,250,,,,,,,,,153.341220498318,9,9
2402355,14,37,1-14-2024-037-02,2,1,2077,998,1098,P225/60R17,220,P225/60R17,220,,,,,,,,,77.0447891691359,8,9
2403460,30,123,1-30-2024-123-03,3,2,1720,990,950,P205/55R16,230,P205/55R16,230,,,,,,,,,215.060821084077,10,9
2403455,12,59,1-12-2024-059-06,6,1,9999,9999,9999,9999999999,999,9999999999,999,,,,,,,,,481.477047572144,9,9
2405245,15,203,1-15-2024-203-06,6,1,2749,1309,1488,P235/55R19,260,P235/55R19,260,,,,,,,,,112.218327840174,1,9
2405528,48,180,1-48-2024-180-01,1,1,9999,9999,9999,9999999999,999,9999999999,999,,,,,,,,,73.4941053746274,12,9
2405616,15,216,1-15-2024-216-03,3,2,3402,1633,1905,P275/55R20,240,P275/55R20,240,,,,,,,,,21.6342736044969,1,9
2405889,10,123,1-10-2024-123-05,5,1,2280,1350,1395,P235/65R17,234,P235/65R17,234,,,,,,,,,70.9109148980365,4,9
2400386,15,12,1-15-2024-012-05,5,2,1795,955,850,9999999999,999,9999999999,999,,,,,,,,,6.82003949815675,1,9
2400490,25,8,1-25-2024-008-03,3,1,3315,1850,1750,LT265/60R20,240,LT265/60R20,240,,,,,,,,,168.492584658142,2,9
2404525,67,35,1-67-2024-035-02,2,2,3311,1640,1970,P275/60R20,240,P275/60R20,240,,,,,,,,,59.4086040705367,7,9
2403792,12,65,1-12-2024-065-10,10,1,2100,1191,1191,P215/55R17,240,P215/55R17,240,,,,,,,,,22003.0893968835,9,9
2405538,18,134,1-18-2024-134-08,8,1,1910,1005,940,P215/60R16,220,P215/60R16,220,,,,,,,,,114.15342035176,6,9
2403151,69,63,1-69-2024-063-03,3,2,2030,1188,1098,P235/45R18,240,P235/45R18,240,,,,,,,,,24.0868849457621,8,9
2404233,30,147,1-30-2024-147-05,5,1,2520,1360,1385,P235/55R19,220,P235/55R19,220,,,,,,,,,25.0922001598244,10,9
2406331,13,88,1-13-2024-088-02,2,2,2100,1175,1200,P225/60R18,240,P225/60R18,240,,,,,,,,,14.0005931901574,7,9
2400546,81,15,1-81-2024-015-09,9,1,1965,1010,975,P215/70R16,220,P215/70R16,220,,,,,,,,,10746.2349441596,8,9
2404625,15,178,1-15-2024-178-08,8,1,1581,821,771,P185/65R15,210,P185/65R15,210,,,,,,,,,21.5362718155242,1,9
2400815,23,13,1-23-2024-013-NM1,21,2,2994,1747,1747,P245/75R16,241,P245/75R16,241,,,,,,,,,75.3524398717664,5,9
2405315,24,147,1-24-2024-147-05,5,2,2000,1075,1040,P235/45R17,230,P235/45R17,220,,,,,,,,,45.3384331839177,1,9
2400838,18,33,1-18-2024-033-06,6,1,1944,1065,995,P215/55R18,240,P215/55R18,240,,,,,,,,,81.041459174576,6,9
2401253,30,44,1-30-2024-044-02,2,2,1720,990,950,P205/55R16,230,P205/55R16,230,,,,,,,,,41.0620689400047,10,9
2401627,13,45,1-13-2024-045-02,2,1,2495,1259,1452,P255/70R18,240,P255/70R18,240,,,,,,,,,12.4259730918703,7,9
2402233,52,34,1-52-2024-034-09,9,2,9999,9999,9999,9999999999,999,9999999999,999,,,,,,,,,80.32651370133,12,9
2404838,14,91,1-14-2024-091-03,3,2,1644,864,780,P205/55R16,230,P205/55R16,230,,,,,,,,,725.08269440311,8,9
2405212,27,163,1-27-2024-163-04,4,1,2030,1070,960,P235/40R19,225,P235/40R19,225,,,,,,,,,267.868711027673,3,9
2405310,17,173,1-17-2024-173-04,4,1,2430,1300,1350,P235/60R18,240,P235/60R18,240,,,,,,,,,358.322561254132,4,9
2406030,62,177,1-62-2024-177-03,3,2,2090,1010,1100,P225/45R18,280,P245/40R18,320,,,,,,,,,536.965092091673,7,9
2402337,24,58,1-24-2024-058-01,1,2,9999,9999,9999,9999999999,999,9999999999,999,,,,,,,,,23.1726143074507,1,9
2402708,24,70,1-24-2024-070-04,4,1,2908,1450,1600,P255/60R19,240,P255/60R19,240,,,,,,,,,158.672556058952,1,9
2403084,17,96,1-17-2024-096-04,4,2,2100,1175,1200,P225/60R18,999,P225/60R18,999,,,,,,,,,183.019292109299,4,9
2404473,25,120,1-25-2024-120-04,4,1,4114,2100,2502,P235/65R16,390,P235/65R16,520,,,,,,,,,213.041617839475,2,9
2400849,79,22,1-79-2024-022-04,4,1,2932,1383,1613,P255/60R18,250,P255/60R18,250,,,,,,,,,332.18965032769,8,9
2401175,32,39,1-32-2024-039-05,5,2,9999,9999,9999,9999999999,999,9999999999,999,,,,,,,,,29.2292884498511,7,9
2401267,69,21,1-69-2024-021-01,1,1,2141,1089,1057,P265/35R20,240,P265/35R20,240,,,,,,,,,7.73450557740044,8,9
2401571,27,50,1-27-2024-050-03,3,1,9999,9999,9999,P245/70R16,210,P245/70R16,240,,,,,,,,,11.8514312322575,3,9
2402419,48,78,1-48-2024-078-06,6,1,9999,9999,9999,9999999999,999,9999999999,999,,,,,,,,,391.203701020578,12,9
2402728,31,54,1-31-2024-054-09,9,1,9999,9999,9999,9999999999,999,9999999999,999,,,,,,,,,161.39423315543,6,9
2406272,16,131,1-16-2024-131-03,3,1,2000,1060,1060,P225/60R17,240,P225/60R17,240,,,,,,,,,132.869057626833,5,9
2406346,28,194,1-28-2024-194-05,5,2,2019,998,1203,P225/75R15,228,P225/75R15,228,,,,,,,,,49.4691016031828,3,9
2403091,24,87,1-24-2024-087-03,3,2,2800,1450,1600,P255/55R20,240,P255/55R20,240,,,,,,,,,25.0633899458079,1,9
2403377,27,108,1-27-2024-108-03,3,1,3040,1770,1770,P275/60R20,240,P275/60R20,240,,,,,,,,,32.3914110115022,3,9
2404490,21,98,1-21-2024-098-03,3,1,1844,1050,971,P205/55R16,240,P205/55R16,230,,,,,,,,,474.943084168885,11,9
2405691,12,111,1-12-2024-111-06,6,2,2722,1250,1545,P235/65R18,240,P235/65R18,240,,,,,,,,,257.996460650317,9,9
2405539,18,135,1-18-2024-135-07,7,1,2550,1350,1395,P235/60R18,234,P235/60R18,234,,,,,,,,,2381.80244224765,6,9
2402582,23,39,1-23-2024-039-05,5,1,2030,1129,1098,9999999999,999,9999999999,999,,,,,,,,,90.2911220733979,5,9
2401895,48,63,1-48-2024-063-06,6,2,9999,9999,9999,9999999999,999,9999999999,999,,,,,,,,,304.60247073674,12,9
2401872,62,48,1-62-2024-048-02,2,1,2170,1170,1060,P235/55R19,230,P235/55R19,230,,,,,,,,,40.5230025519482,7,9
2401208,77,41,1-77-2024-041-06,6,1,2495,1273,1273,P225/60R18,230,P225/60R18,230,,,,,,,,,808.070771802769,9,9
2404019,16,108,1-16-2024-108-02,2,2,2750,1275,1605,P245/40R20,280,P275/35R20,290,,,,,,,,,24.080851017413,5,9
2401766,73,55,1-73-2024-055-03,3,2,2250,1350,1395,P235/55R19,228,P235/55R19,228,,,,,,,,,23.5881329232141,3,9
2401517,73,51,1-73-2024-051-04,4,1,2720,1635,1635,P235/65R18,250,P235/65R18,250,,,,,,,,,64.3960375902502,3,9
2400830,77,27,1-77-2024-027-NM2,22,1,9999,9999,9999,9999999999,999,9999999999,999,,,,,,,,,330.223105550016,9,9
2400129,27,2,1-27-2024-002-04,4,1,1780,1050,971,9999999999,999,9999999999,999,,,,,,,,,116.835121535434,3,9
2404457,60,68,1-60-2024-068-05,5,2,2100,1191,1191,P215/55R17,240,P215/55R17,240,,,,,,,,,50.4726752605262,8,9
2403392,26,99,1-26-2024-099-06,6,2,2130,1150,1200,P225/65R17,240,P225/65R17,230,,,,,,,,,1095.96937893317,10,9
2403186,57,74,1-57-2024-074-05,5,2,1970,1010,1000,P225/60R17,230,P225/60R17,220,,,,,,,,,28.7844147536554,1,9
2401271,24,28,1-24-2024-028-01,1,2,9999,9999,9999,9999999999,999,9999999999,999,,,,,,,,,23.1726143074507,1,9
2405207,14,100,1-14-2024-100-03,3,2,2385,1160,1230,P235/45R20,320,P235/45R20,320,,,,,,,,,160.823558037065,8,9
2405894,48,191,1-48-2024-191-06,6,3,9999,9999,9999,9999999999,999,9999999999,999,,,,,,,,,124.286772688647,12,9
2406294,22,193,1-22-2024-193-03,3,2,2230,1220,1220,P225/55R19,230,P225/55R19,230,,,,,,,,,26.0912892801948,12,9
2400380,82,12,1-82-2024-012-04,4,1,2790,1309,1560,P235/55R19,260,P235/55R19,260,,,,,,,,,562.692885550509,1,9
2401362,48,49,1-48-2024-049-04,4,1,3221,1769,1860,P275/65R18,250,P275/65R18,250,,,,,,,,,165.134842134162,12,9
2401067,30,35,1-30-2024-035-05,5,2,2100,1191,1191,P205/65R16,240,P205/65R16,240,,,,,,,,,31.0583053089904,10,9
2403583,17,111,1-17-2024-111-03,3,1,3221,1770,1860,P275/55R20,270,P275/55R20,270,,,,,,,,,60.1064786597745,4,9
2405498,21,132,1-21-2024-132-03,3,1,1830,989,871,P195/65R15,210,P195/65R15,210,,,,,,,,,130.663052129996,11,9
2403878,17,123,1-17-2024-123-10,10,1,9999,9999,9999,9999999999,999,9999999999,999,,,,,,,,,3362.604780861,4,9
2404124,27,127,1-27-2024-127-10,10,2,2536,1329,1211,P245/60R18,240,P245/60R18,240,,,,,,,,,108.682282011543,3,9
2400483,14,7,1-14-2024-007-05,5,1,4536,2722,2949,LT275/70R18,415,LT275/70R18,550,,,,,,,,,76.4230415651045,8,9
2402922,54,78,1-54-2024-078-05,5,1,9999,9999,9999,9999999999,999,9999999999,999,,,,,,,,,144.976226836895,9,9
2404439,66,90,1-66-2024-090-03,3,2,1920,1060,1060,P225/55R18,240,P225/55R18,240,,,,,,,,,90.2108501600037,6,9
2405790,19,83,1-19-2024-083-03,3,1,1978,1061,975,P225/65R17,230,P225/65R17,230,,,,,,,,,38.6828970730761,9,9
2403251,82,83,1-82-2024-083-09,9,2,9999,9999,9999,9999999999,999,9999999999,999,,,,,,,,,945.53727675361,1,9
2402753,26,78,1-26-2024-078-05,5,1,1815,975,848,P205/60R16,250,P205/60R16,250,,,,,,,,,38.5733621819118,10,9
2400025,62,2,1-62-2024-002-10,10,1,3085,1770,1770,P275/60R20,270,P275/60R20,270,,,,,,,,,1646.87203897318,7,9
2400523,26,11,1-26-2024-011-06,6,2,1554,794,775,P185/65R15,230,P185/65R15,230,,,,,,,,,689.488079747103,10,9
2402730,31,56,1-31-2024-056-10,10,1,2087,1180,1007,P225/55R17,220,P225/55R17,220,,,,,,,,,419.593794787767,6,9
2406125,59,184,1-59-2024-184-06,6,1,1590,850,755,P185/55R16,230,P185/55R16,220,,,,,,,,,152.175710276001,6,9
2406040,30,202,1-30-2024-202-02,2,1,1815,980,845,P215/50R17,230,P215/50R17,230,,,,,,,,,19.164355457719,10,9
2400844,73,27,1-73-2024-027-06,6,1,2000,1065,995,P215/55R18,240,P215/55R18,240,,,,,,,,,37.0946854309253,3,9
2401951,52,28,1-52-2024-028-10,10,1,2300,1250,1181,P235/55R18,240,P235/55R18,240,,,,,,,,,9291.95853337927,12,9
2402084,24,51,1-24-2024-051-09,9,2,2100,1191,1191,P215/55R17,240,P215/55R17,240,,,,,,,,,2577.43990619842,1,9
2402360,52,36,1-52-2024-036-03,3,1,1790,960,860,P235/40R18,230,P235/40R18,220,,,,,,,,,37.7054990290211,12,9
2403145,15,122,1-15-2024-122-04,4,1,2082,1040,1055,9999999999,999,9999999999,999,,,,,,,,,32.2934989269981,1,9
2404195,54,100,1-54-2024-100-04,4,1,3221,1724,1724,P265/70R17,240,P265/70R17,240,,,,,,,,,258.040390365546,9,9
2404317,33,83,1-33-2024-083-09,9,1,2994,1588,1706,P245/70R16,220,P245/70R16,240,,,,,,,,,187.781585730197,12,9
2404871,69,114,1-69-2024-114-04,4,1,2800,1325,1640,P275/40R21,240,P315/35R21,260,,,,,,,,,162.395769775631,8,9
2405005,82,141,1-82-2024-141-03,3,2,9999,9999,9999,9999999999,999,9999999999,999,,,,,,,,,95.2724395487845,1,9
2405508,59,163,1-59-2024-163-02,2,1,2677,1339,1452,P245/65R17,228,P245/65R17,228,,,,,,,,,48.7900687173874,6,9
2400390,26,6,1-26-2024-006-02,2,4,2635,1141,1547,P255/65R18,230,P255/65R18,230,,,,,,,,,21.1529220587709,10,9
2400475,18,17,1-18-2024-017-09,9,1,3017,1770,1770,P245/70R17,241,P245/70R17,241,,,,,,,,,225.042342558066,6,9
2401043,52,14,1-52-2024-014-03,3,1,1990,1065,995,P205/70R16,240,P205/70R16,240,,,,,,,,,140.163579846144,12,9
2402296,62,59,1-62-2024-059-03,3,1,9999,9999,9999,9999999999,999,9999999999,999,,,,,,,,,418.153201529593,7,9
2402575,48,83,1-48-2024-083-05,5,2,2136,1065,995,P215/55R18,240,P215/55R18,240,,,,,,,,,80.9035530796695,12,9
2403827,28,116,1-28-2024-116-03,3,1,1844,1050,971,P225/40R18,230,P225/40R18,210,,,,,,,,,59.3520019457149,3,9
2400335,11,6,1-11-2024-006-03,3,1,1760,1040,935,P215/55R17,241,P215/55R17,228,,,,,,,,,84.2498727782102,8,9
2401417,27,45,1-27-2024-045-07,7,1,2994,1565,1520,P275/55R20,240,P275/55R20,240,,,,,,,,,61.6841306108297,3,9
2406100,21,148,1-21-2024-148-01,1,2,9999,9999,9999,9999999999,999,9999999999,999,,,,,,,,,39.4711762734772,11,9
2402519,11,68,1-11-2024-068-03,3,1,2150,1191,1100,P235/45R18,240,P235/45R18,240,,,,,,,,,128.168017616031,8,9
2401523,30,52,1-30-2024-052-03,3,1,2225,1275,1275,P225/60R18,207,P225/60R18,207,,,,,,,,,249.635031514874,10,9
2401666,24,38,1-24-2024-038-07,7,1,1590,850,755,9999999999,999,9999999999,999,,,,,,,,,394.698169083861,1,9
2400810,15,28,1-15-2024-028-04,4,2,1626,855,780,9999999999,999,9999999999,999,,,,,,,,,268.38869764623,1,9
2403538,81,81,1-81-2024-081-05,5,1,1539,814,738,P185/60R16,250,P185/60R16,250,,,,,,,,,27.4895135360166,8,9
2400169,48,12,1-48-2024-012-08,8,1,9999,9999,9999,9999999999,999,9999999999,999,,,,,,,,,118.756702552873,12,9
2402874,27,92,1-27-2024-092-07,7,2,1760,980,910,P195/65R15,230,P195/65R15,230,,,,,,,,,245.700858614342,3,9
2404769,77,153,1-77-2024-153-09,9,1,2100,1191,1191,P215/55R17,240,P215/55R17,240,,,,,,,,,12242.3665920591,9,9
2402854,13,67,1-13-2024-067-03,3,2,1880,1060,1060,P225/55R18,240,P225/55R18,240,,,,,,,,,943.021558396164,7,9
2402539,16,75,1-16-2024-075-03,3,2,2722,1350,1450,P235/65R18,240,P235/65R18,240,,,,,,,,,219.428438294404,5,9
2405430,69,134,1-69-2024-134-02,2,2,2030,1090,950,P235/40R19,225,P235/40R19,225,,,,,,,,,7.30201599951961,8,9
2404185,14,75,1-14-2024-075-04,4,1,2300,1200,1150,P245/45R20,240,P245/45R20,240,,,,,,,,,139.87769253604,8,9
2404291,67,32,1-67-2024-032-05,5,2,1941,1017,993,9999999999,999,9999999999,999,,,,,,,,,70.7745535355824,7,9
2402668,57,58,1-57-2024-058-01,1,2,2949,1452,1679,P265/60R18,250,P265/60R18,250,,,,,,,,,57.1661146630177,1,9
2406306,30,214,1-30-2024-214-06,6,1,2032,982,1055,P235/50R18,220,P235/50R18,220,,,,,,,,,1754.61481084793,10,9
2401686,14,26,1-14-2024-026-08,8,1,2880,1406,1660,P275/60R17,207,P275/60R17,221,,,,,,,,,128.530640298038,8,9
2403209,11,91,1-11-2024-091-05,5,2,2105,1130,990,P245/45R18,230,P245/45R18,230,,,,,,,,,31.8812723055547,8,9
2402078,30,72,1-30-2024-072-04,4,2,2035,1070,985,P205/55R16,250,P205/55R16,250,,,,,,,,,2044.29476701994,10,9
2401586,22,47,1-22-2024-047-10,10,2,9999,9999,9999,P215/55R16,210,P215/55R16,210,,,,,,,,,520.337693702736,12,9
2400467,30,13,1-30-2024-013-03,3,1,2949,1452,1679,P265/50R20,230,P265/50R20,250,,,,,,,,,244.56972641216,10,9
2401131,30,38,1-30-2024-038-08,8,1,1910,1005,940,P215/60R16,220,P215/60R16,220,,,,,,,,,97.9076373187586,10,9
2400444,18,15,1-18-2024-015-03,3,1,1660,875,785,P205/55R17,220,P205/55R17,220,,,,,,,,,34.6070615401308,6,9
2405731,26,129,1-26-2024-129-08,8,1,9999,9999,9999,9999999999,999,9999999999,999,,,,,,,,,651.857569140449,10,9
2405067,24,142,1-24-2024-142-03,3,1,2050,1095,1005,P225/45R18,270,P225/45R18,270,,,,,,,,,101.332311537624,1,9
2402505,82,61,1-82-2024-061-04,4,2,2722,1350,1545,P235/55R20,250,P235/55R20,250,,,,,,,,,518.664931190454,1,9
2402883,22,84,1-22-2024-084-04,4,1,2427,1275,1275,P245/45R20,240,P245/45R20,240,,,,,,,,,32.0683092145635,12,9
2403670,48,121,1-48-2024-121-10,10,2,9999,9999,9999,9999999999,999,9999999999,999,,,,,,,,,3639.36835154125,12,9
2402342,16,67,1-16-2024-067-03,3,2,2722,1350,1545,P235/55R20,250,P235/55R20,250,,,,,,,,,192.790223628768,5,9
2404921,48,160,1-48-2024-160-04,4,1,4536,2495,2899,LT275/70R18,415,LT275/70R18,450,,,,,,,,,85.7677087053401,12,9
2402854,13,67,1-13-2024-067-03,3,1,1847,997,854,P215/45R18,250,P215/45R18,250,,,,,,,,,943.021558396164,7,9
2404948,60,74,1-60-2024-074-03,3,2,2065,1095,1025,P235/60R18,230,P235/60R18,210,,,,,,,,,707.484363933041,8,9
2405306,30,182,1-30-2024-182-01,1,2,9999,9999,9999,9999999999,999,9999999999,999,,,,,,,,,70.0679338170937,10,9
2405581,28,173,1-28-2024-173-06,6,1,1700,915,795,P195/65R15,210,P195/65R15,210,,,,,,,,,98.5193806395811,3,9
2406130,77,200,1-77-2024-200-05,5,1,2390,1400,1300,P245/50R20,220,P245/50R20,220,,,,,,,,,90.6570748528622,9,9
2402942,48,95,1-48-2024-095-09,9,1,3017,1679,1770,P275/60R20,240,P275/60R20,240,,,,,,,,,72.1214052849462,12,9
2403480,60,40,1-60-2024-040-03,3,1,2812,1633,1672,P255/70R16,210,P255/70R16,240,,,,,,,,,126.258854490513,8,9
2403761,10,62,1-10-2024-062-03,3,1,9999,9999,9999,9999999999,999,9999999999,999,,,,,,,,,95.3279654312353,4,9
2404657,81,116,1-81-2024-116-04,4,1,1370,730,670,P165/65R14,240,P165/65R14,240,,,,,,,,,2591.11625553024,8,9
2400955,59,33,1-59-2024-033-06,6,1,2722,1452,1588,P265/60R18,240,P265/60R18,240,,,,,,,,,293.492594938454,6,9
2401787,69,32,1-69-2024-032-08,8,1,3085,1656,1792,P245/70R17,240,P245/70R17,240,,,,,,,,,168.132556552678,8,9
2401922,20,55,1-20-2024-055-01,1,1,9999,9999,9999,9999999999,999,9999999999,999,,,,,,,,,35.0220589332575,11,9
2402856,14,47,1-14-2024-047-01,1,1,9999,9999,9999,9999999999,999,9999999999,999,,,,,,,,,73.3352740137857,8,9
2403399,22,102,1-22-2024-102-02,2,1,2130,1150,1200,P225/65R17,240,P225/65R17,230,,,,,,,,,25.2675524846257,12,9
2403845,11,116,1-11-2024-116-04,4,1,2450,1295,1425,P265/45R20,255,P265/45R20,255,,,,,,,,,530.793567452246,8,9
2403971,17,125,1-17-2024-125-04,4,2,2085,1055,1031,P215/50R17,260,P215/50R17,260,,,,,,,,,125.652735779338,4,9
2404682,54,107,1-54-2024-107-03,3,2,2405,1118,1295,P265/60R18,230,P265/60R18,230,,,,,,,,,117.683388260578,9,9
2405093,28,159,1-28-2024-159-04,4,1,2195,1134,1067,P235/50R18,240,P235/50R18,240,,,,,,,,,178.562662132192,3,9
2403115,82,77,1-82-2024-077-03,3,1,3221,1770,1860,LT275/55R20,250,LT275/55R20,250,,,,,,,,,107.085378466083,1,9
2403751,27,118,1-27-2024-118-06,6,1,2858,1770,1770,P275/60R20,270,P275/60R20,270,,,,,,,,,109.415291537184,3,9
2403839,82,97,1-82-2024-097-03,3,2,2730,1310,1465,P235/60R18,240,P235/60R18,240,,,,,,,,,165.718700888288,1,9
2403930,29,49,1-29-2024-049-04,4,2,2223,1165,1130,P225/60R17,250,P225/60R17,240,,,,,,,,,562.25403332024,2,9
2403214,24,90,1-24-2024-090-06,6,1,2427,1275,1275,P235/55R19,210,P235/55R19,210,,,,,,,,,239.78892893254,1,9
2403352,25,86,1-25-2024-086-01,1,2,9999,9999,9999,9999999999,999,9999999999,999,,,,,,,,,41.5279732703215,2,9
2404380,21,97,1-21-2024-097-07,7,1,1758,972,853,9999999999,999,9999999999,999,,,,,,,,,2545.52421593338,11,9
2404750,29,71,1-29-2024-071-07,7,1,2040,1160,1140,P215/55R17,235,P215/55R17,235,,,,,,,,,548.83867408701,2,9
2405357,21,127,1-21-2024-127-02,2,1,2030,1090,950,P235/40R19,225,P235/40R19,225,,,,,,,,,9.63819602034845,11,9
2405713,76,164,1-76-2024-164-04,4,1,3175,1724,1724,P265/65R18,999,P265/65R18,999,,,,,,,,,116.742341193526,3,9
2406069,24,168,1-24-2024-168-06,6,2,2193,1134,1059,P245/40R20,240,P245/40R20,240,,,,,,,,,289.44553984424,1,9
2405432,69,136,1-69-2024-136-NM1,21,1,3221,1724,1724,LT265/60R20,999,LT265/60R20,999,,,,,,,,,7.66811372485411,8,9
2405705,24,158,1-24-2024-158-03,3,2,9999,9999,9999,9999999999,999,9999999999,999,,,,,,,,,101.740335153597,1,9
2405738,15,220,1-15-2024-220-03,3,2,2370,1270,1270,P235/60R18,230,P235/60R18,230,,,,,,,,,11.752943697986,1,9
2405995,82,166,1-82-2024-166-05,5,2,2200,1175,1200,P225/60R18,999,P225/60R18,999,,,,,,,,,31.9198775635953,1,9
2402081,11,54,1-11-2024-054-02,2,3,2790,1343,1452,P235/55R19,240,P235/55R19,240,,,,,,,,,30.7614595081659,8,9
2400040,81,2,1-81-2024-002-03,3,1,1644,864,787,P195/65R15,230,P195/65R15,230,,,,,,,,,266.037932580766,8,9
2400190,12,5,1-12-2024-005-07,7,1,2259,1155,1140,P245/40R19,240,P245/40R19,240,,,,,,,,,1182.96683096922,9,9
2400813,18,29,1-18-2024-029-03,3,2,2745,1339,1407,P225/65R17,250,P225/65R17,250,,,,,,,,,37.4691262436427,6,9
2401923,20,56,1-20-2024-056-06,6,1,2230,1220,1220,P225/65R17,250,P225/65R17,250,,,,,,,,,149.662270809166,11,9
2402053,54,48,1-54-2024-048-08,8,1,1740,980,970,P205/55R16,230,P205/55R16,230,,,,,,,,,161.994257211147,9,9
2402657,81,54,1-81-2024-054-02,2,1,9999,9999,9999,9999999999,999,9999999999,999,,,,,,,,,25.1247007399858,8,9
2403264,28,97,1-28-2024-097-03,3,2,1631,920,840,P185/65R15,220,P185/65R15,220,,,,,,,,,28.3089754479373,3,9
2404889,48,158,1-48-2024-158-09,9,2,1893,989,904,P225/50R17,210,P225/50R17,210,,,,,,,,,94.8892869895368,12,9
2405031,77,160,1-77-2024-160-03,3,2,2230,1220,1220,P225/65R17,250,P225/65R17,250,,,,,,,,,357.573245992982,9,9
2406229,81,163,1-81-2024-163-NM1,21,2,1594,823,780,9999999999,999,9999999999,999,,,,,,,,,20.2135532866767,8,9
2402790,10,41,1-10-2024-041-03,3,2,1930,1060,1060,P225/60R17,240,P225/60R17,240,,,,,,,,,286.990922966779,4,9
2404007,28,122,1-28-2024-122-08,8,2,2994,1633,1770,P245/70R17,228,P245/70R17,228,,,,,,,,,48.0385140677194,3,9
2404142,54,99,1-54-2024-099-09,9,1,3175,1765,1880,P225/70R18,210,P225/70R18,230,,,,,,,,,260.857597244036,9,9
2404896,62,145,1-62-2024-145-03,3,2,2000,1100,1100,P225/50R18,230,P225/50R18,230,,,,,,,,,233.006833497191,7,9
2405199,60,81,1-60-2024-081-09,9,2,1658,902,756,P195/65R15,260,P195/65R15,260,,,,,,,,,2047.25967688596,8,9
2400451,12,12,1-12-2024-012-06,6,1,9999,9999,9999,9999999999,999,9999999999,999,,,,,,,,,479.780340296165,9,9
2400707,31,12,1-31-2024-012-09,9,1,1929,995,940,P205/50R17,250,P205/50R17,250,,,,,,,,,161.39423315543,6,9
2401386,20,38,1-20-2024-038-06,6,1,1917,1010,940,P215/55R17,230,P215/55R17,230,,,,,,,,,33.0071902111751,11,9
2401667,24,39,1-24-2024-039-04,4,2,1810,850,1050,P235/60R16,180,P235/60R16,180,,,,,,,,,118.9593408305,1,9
2401663,11,42,1-11-2024-042-09,9,1,9999,9999,9999,P225/60R15,210,P225/60R15,210,,,,,,,,,1536.46632619055,8,9
2401954,14,32,1-14-2024-032-02,2,1,9999,9999,9999,9999999999,999,9999999999,999,,,,,,,,,81.6126543321507,8,9
2404353,30,152,1-30-2024-152-03,3,2,1840,957,884,P225/55R17,230,P225/55R17,230,,,,,,,,,373.949539501815,10,9
2406145,12,124,1-12-2024-124-09,9,2,1850,995,890,P195/65R15,220,P195/65R15,210,,,,,,,,,884.878645052102,9,9
2402899,29,23,1-29-2024-023-02,2,2,1710,920,830,P235/40R18,225,P235/40R18,220,,,,,,,,,50.8221709046122,2,9
2402911,66,61,1-66-2024-061-09,9,2,3220,1810,1880,P275/65R18,210,P275/65R18,230,,,,,,,,,97.5596917228585,6,9
2403170,62,86,1-62-2024-086-04,4,2,2130,1100,1040,P235/60R18,230,P235/60R18,210,,,,,,,,,11694.744081918,7,9
2403816,16,106,1-16-2024-106-02,2,2,2100,1191,1191,P215/55R17,240,P215/55R17,240,,,,,,,,,143.697759026414,5,9
2405562,24,153,1-24-2024-153-05,5,1,9999,9999,9999,9999999999,999,9999999999,999,,,,,,,,,24.2721053029394,1,9
2406046,12,121,1-12-2024-121-04,4,2,2390,1247,1145,P245/50R20,240,P245/50R20,240,,,,,,,,,331.530424264406,9,9
2401801,14,29,1-14-2024-029-03,3,1,2903,1463,1542,P275/60R20,240,P275/60R20,240,,,,,,,,,228.862516808655,8,9
2402405,62,62,1-62-2024-062-05,5,2,2037,1210,1070,9999999999,999,9999999999,999,,,,,,,,,79.6455162566525,7,9
2405004,82,140,1-82-2024-140-03,3,2,9999,9999,9999,9999999999,999,9999999999,999,,,,,,,,,95.2724395487845,1,9
2401755,81,34,1-81-2024-034-NM1,21,1,2030,1120,930,P205/60R16,220,P205/60R16,220,,,,,,,,,46.909790827141,8,9
2400636,32,18,1-32-2024-018-02,2,1,1640,880,840,9999999999,999,9999999999,999,,,,,,,,,9.01771538689787,7,9
2402551,62,67,1-62-2024-067-03,3,1,2730,1310,1465,P235/55R19,250,P235/55R19,250,,,,,,,,,324.669436337887,7,9
2406192,29,108,1-29-2024-108-02,2,1,1750,1030,950,P195/65R15,235,P195/65R15,215,,,,,,,,,90.8510962627682,2,9
2400338,24,5,1-24-2024-005-04,4,2,2186,1220,1030,P225/50R17,240,P225/50R17,240,,,,,,,,,265.224620418869,1,9
2402610,22,74,1-22-2024-074-07,7,1,2163,1116,1047,P235/50R18,240,P235/50R18,240,,,,,,,,,33.5836093550638,12,9
2402916,59,93,1-59-2024-093-04,4,1,1860,1020,920,P215/55R17,230,P215/55R17,230,,,,,,,,,187.064544442781,6,9
2401256,18,48,1-18-2024-048-03,3,2,2810,1360,1515,P255/60R18,240,P255/60R18,240,,,,,,,,,45.4141790035401,6,9
2405123,22,157,1-22-2024-157-07,7,1,2110,1095,1095,P225/55R18,230,P225/55R18,220,,,,,,,,,360.833938794002,12,9
2403108,14,51,1-14-2024-051-06,6,1,9999,9999,9999,9999999999,999,9999999999,999,,,,,,,,,320.057583182733,8,9
2401399,24,32,1-24-2024-032-03,3,1,1960,1050,1075,P215/60R17,230,P215/60R17,230,,,,,,,,,45.4386068459632,1,9
2405670,79,109,1-79-2024-109-03,3,2,2960,1545,1545,P235/55R20,250,P235/55R20,250,,,,,,,,,242.025144098839,8,9
2401591,28,41,1-28-2024-041-08,8,1,2808,1343,1542,P245/65R17,240,P245/65R17,240,,,,,,,,,48.0385140677194,3,9
2405521,57,170,1-57-2024-170-03,3,1,2631,1207,1476,P225/55R19,270,P225/55R19,270,,,,,,,,,67.0299141761785,1,9
2400211,24,3,1-24-2024-003-03,3,2,2025,1175,1200,P225/60R18,240,P225/60R18,240,,,,,,,,,29.9215032432892,1,9
2400460,20,9,1-20-2024-009-10,10,1,1947,1035,912,P225/45R18,240,P225/45R18,240,,,,,,,,,4482.88774982948,11,9
2404296,48,137,1-48-2024-137-06,6,1,2040,1160,1140,P205/65R16,235,P205/65R16,235,,,,,,,,,86.4307074675267,12,9
2404147,21,89,1-21-2024-089-06,6,2,1970,1030,1000,P225/55R18,999,P225/55R18,999,,,,,,,,,292.610529015453,11,9
2401488,59,48,1-59-2024-048-08,8,1,9999,9999,9999,9999999999,999,9999999999,999,,,,,,,,,57.7250441257383,6,9
2400870,62,25,1-62-2024-025-06,6,1,2949,1452,1679,P265/60R18,250,P265/60R18,250,,,,,,,,,1513.74233408127,7,9
2401534,12,27,1-12-2024-027-10,10,2,9999,9999,9999,P275/55R20,210,P275/55R20,210,,,,,,,,,10950.8685767775,9,9
2400346,60,7,1-60-2024-007-03,3,1,2314,1275,1275,P245/45R20,220,P245/45R20,220,,,,,,,,,345.48704437529,8,9
2403572,33,61,1-33-2024-061-02,2,2,1963,1097,945,P215/60R16,220,P215/60R16,220,,,,,,,,,26.28784040081,12,9
2401033,32,31,1-32-2024-031-03,3,1,9999,9999,9999,9999999999,999,9999999999,999,,,,,,,,,207.133649393863,7,9
2400484,16,14,1-16-2024-014-06,6,2,2090,1075,1125,P225/60R17,240,P225/60R17,240,,,,,,,,,417.557410219575,5,9
2405459,16,125,1-16-2024-125-03,3,2,2794,1397,1497,P245/60R18,240,P245/60R18,240,,,,,,,,,626.460170602389,5,9
2401878,23,28,1-23-2024-028-03,3,2,1825,1050,950,P205/60R16,230,P205/60R16,230,,,,,,,,,125.990035635089,5,9
2404583,60,69,1-60-2024-069-05,5,2,1700,915,795,P195/65R15,210,P195/65R15,210,,,,,,,,,48.0217557407381,8,9
2402113,22,62,1-22-2024-062-08,8,1,3175,1792,1792,P265/65R18,240,P265/65R18,240,,,,,,,,,28.3215946385297,12,9
2406126,59,185,1-59-2024-185-04,4,3,1991,1040,951,P215/55R17,210,P215/55R17,210,,,,,,,,,175.956352530004,6,9
2400547,59,19,1-59-2024-019-04,4,2,2745,1271,1520,P245/70R17,250,P245/70R17,250,,,,,,,,,105.325659634205,6,9
2403819,31,78,1-31-2024-078-04,4,1,2041,1089,1016,P225/65R17,230,P225/65R17,230,,,,,,,,,222.052598299916,6,9
2405983,22,181,1-22-2024-181-01,1,1,9999,9999,9999,9999999999,999,9999999999,999,,,,,,,,,23.1353338048251,12,9
2400026,62,3,1-62-2024-003-08,8,1,2730,1320,1515,P235/65R17,230,P235/65R17,230,,,,,,,,,20.8454543525906,7,9
2400696,77,25,1-77-2024-025-08,8,1,2110,1153,957,P225/50R17,230,P225/50R17,230,,,,,,,,,165.2937449122,9,9
2405485,30,188,1-30-2024-188-NM1,21,2,2881,1656,1770,P245/70R17,241,P245/70R17,241,,,,,,,,,122.593345242516,10,9
2404483,82,122,1-82-2024-122-03,3,1,1720,990,950,P225/45R17,230,P225/45R17,230,,,,,,,,,166.73577046287,1,9
2403793,12,66,1-12-2024-066-03,3,2,2745,1339,1407,P225/65R17,250,P225/65R17,250,,,,,,,,,164.057323491007,9,9
2403401,29,31,1-29-2024-031-03,3,2,2205,1180,1075,P235/55R18,290,P235/55R18,290,,,,,,,,,387.667428498109,2,9
2404340,27,134,1-27-2024-134-04,4,1,2019,998,1203,P215/75R15,227,P215/75R15,227,,,,,,,,,41.9395991935004,3,9
2400802,77,26,1-77-2024-026-03,3,1,2160,1260,1200,P235/55R19,240,P235/55R19,240,,,,,,,,,122.494592247471,9,9
2405479,28,170,1-28-2024-170-05,5,1,9999,9999,9999,9999999999,999,9999999999,999,,,,,,,,,41.6717563477699,3,9
2401151,11,27,1-11-2024-027-07,7,1,1770,955,820,P215/50R17,220,P215/50R17,220,,,,,,,,,2347.74116870245,8,9
2403607,25,93,1-25-2024-093-04,4,2,2223,1165,1130,P225/60R17,250,P225/60R17,240,,,,,,,,,656.292943814526,2,9
2403797,20,100,1-20-2024-100-09,9,2,2535,1160,1390,P265/70R16,220,P265/70R16,220,,,,,,,,,1836.75702736119,11,9
2404093,30,143,1-30-2024-143-03,3,1,1890,990,950,P205/55R17,250,P205/55R17,250,,,,,,,,,311.062136927439,10,9
2400043,16,1,1-16-2024-001-04,4,2,1917,1010,940,P215/60R16,220,P215/60R16,220,,,,,,,,,1184.77644929998,5,9
2400173,10,3,1-10-2024-003-09,9,1,2250,1175,1240,P225/65R17,240,P225/65R17,240,,,,,,,,,11678.448289215,4,9
2400531,22,12,1-22-2024-012-09,9,1,2536,1437,1361,P215/75R15,241,P215/75R15,241,,,,,,,,,36.2059290664589,12,9
2401160,16,37,1-16-2024-037-07,7,2,2473,1248,1339,P225/55R19,250,P225/55R19,250,,,,,,,,,1515.06385581799,5,9
2401297,27,43,1-27-2024-043-NM1,21,1,1950,990,1000,P205/55R16,230,P205/55R16,230,,,,,,,,,20.2398432682456,3,9
2401777,79,36,1-79-2024-036-05,5,1,2314,1275,1275,P215/65R17,240,P215/65R17,240,,,,,,,,,121.577378642075,8,9
2404748,17,152,1-17-2024-152-04,4,2,4536,1996,2898,LT245/75R17,420,LT245/75R17,550,,,,,,,,,380.588800310182,4,9
2405497,29,92,1-29-2024-092-03,3,1,2518,1225,1361,P255/70R18,250,P255/70R18,250,,,,,,,,,1624.0795428051,2,9
2405939,60,100,1-60-2024-100-07,7,1,2025,1175,1200,P225/65R17,240,P225/65R17,240,,,,,,,,,649.506114747841,8,9
2406076,28,183,1-28-2024-183-09,9,1,4536,2540,2767,LT275/65R20,450,LT275/65R20,450,,,,,,,,,93.0422956401853,3,9
2401924,20,57,1-20-2024-057-10,10,1,9999,9999,9999,9999999999,999,9999999999,999,,,,,,,,,3000.57386828289,11,9
2402523,66,57,1-66-2024-057-03,3,1,2744,1420,1529,P265/60R18,210,P265/60R18,210,,,,,,,,,79.4686416678806,6,9
2403570,57,87,1-57-2024-087-04,4,1,2800,1450,1600,P255/65R18,240,P255/65R18,240,,,,,,,,,832.283570637323,1,9
2403700,69,80,1-69-2024-080-01,1,2,3266,1792,1792,P275/55R20,240,P275/55R20,240,,,,,,,,,12.402162466744,8,9
2400281,59,10,1-59-2024-010-07,7,2,2019,1066,964,P235/50R17,230,P235/50R17,230,,,,,,,,,440.862031028439,6,9
2400594,33,7,1-33-2024-007-09,9,1,9999,9999,9999,9999999999,999,9999999999,999,,,,,,,,,461.610101044979,12,9
2400889,31,15,1-31-2024-015-07,7,2,2168,1003,1165,P245/55R18,240,P245/55R18,240,,,,,,,,,401.711947163317,6,9
2401781,30,59,1-30-2024-059-05,5,1,1539,814,738,P185/60R16,250,P185/60R16,230,,,,,,,,,20.1359424598253,10,9
2400902,52,12,1-52-2024-012-06,6,1,2141,1072,1089,P225/55R19,230,P225/55R19,230,,,,,,,,,98.2336933778546,12,9
2400361,32,9,1-32-2024-009-06,6,1,2165,1065,1125,9999999999,999,9999999999,999,,,,,,,,,436.953115043188,7,9
2404689,12,89,1-12-2024-089-04,4,2,1863,866,997,P245/50R18,220,P245/50R18,220,,,,,,,,,281.489589220678,9,9
2402525,31,48,1-31-2024-048-08,8,1,3311,1633,1860,P265/65R18,220,P265/65R18,220,,,,,,,,,222.937813489072,6,9
2405542,19,78,1-19-2024-078-04,4,2,2155,1260,1200,P235/65R17,240,P235/65R17,240,,,,,,,,,295.155947411272,9,9
2404214,19,55,1-19-2024-055-04,4,2,1825,1050,950,P205/60R16,230,P205/60R16,230,,,,,,,,,515.327236385689,9,9
2401629,30,56,1-30-2024-056-03,3,2,2082,1040,1055,P225/65R17,230,P225/65R17,230,,,,,,,,,520.816161472832,10,9
2405897,73,149,1-73-2024-149-05,5,1,1697,885,812,P195/65R15,260,P195/65R15,260,,,,,,,,,47.7981654710363,3,9
2400278,77,8,1-77-2024-008-09,9,1,1920,1009,910,P205/60R16,235,P205/60R16,235,,,,,,,,,628.167863029543,9,9
2400610,24,12,1-24-2024-012-09,9,2,1742,948,839,9999999999,999,9999999999,999,,,,,,,,,489.140467238966,1,9
2402840,24,78,1-24-2024-078-03,3,1,2800,1450,1600,P255/65R18,240,P255/65R18,240,,,,,,,,,61.4084153169314,1,9
2405494,15,211,1-15-2024-211-06,6,1,2495,1273,1273,9999999999,999,9999999999,999,,,,,,,,,220.302653676191,1,9
2406202,26,134,1-26-2024-134-NM1,21,2,9999,9999,9999,9999999999,999,9999999999,999,,,,,,,,,112.32218986867,10,9
2400127,26,2,1-26-2024-002-06,6,1,1733,939,839,P205/55R16,220,P205/55R16,220,,,,,,,,,1075.13840105018,10,9
2401704,27,53,1-27-2024-053-06,6,1,3266,1792,1792,P265/65R18,240,P265/65R18,240,,,,,,,,,50.9387159232509,3,9
2402301,48,76,1-48-2024-076-09,9,1,9999,9999,9999,9999999999,999,9999999999,999,,,,,,,,,69.6007046591066,12,9
2402599,27,84,1-27-2024-084-03,3,2,2070,1050,1040,P225/65R17,210,P225/65R17,210,,,,,,,,,11.8514312322575,3,9
2402912,13,68,1-13-2024-068-02,2,2,2700,1345,1550,P245/60R18,250,P245/60R18,250,,,,,,,,,18.738992513569,7,9
2404373,21,96,1-21-2024-096-03,3,2,2030,1129,1098,P215/55R17,240,P215/55R17,240,,,,,,,,,212.361340111707,11,9
2404981,26,116,1-26-2024-116-03,3,1,1502,799,703,P185/55R15,220,P185/55R15,210,,,,,,,,,886.836948962602,10,9
2405281,10,103,1-10-2024-103-03,3,2,2994,1531,1520,P265/70R17,240,P265/70R17,240,,,,,,,,,164.007398794594,4,9
2403203,17,100,1-17-2024-100-08,8,1,9999,9999,9999,9999999999,999,9999999999,999,,,,,,,,,90.8396094177974,4,9
2405571,14,108,1-14-2024-108-07,7,1,9999,9999,9999,9999999999,999,9999999999,999,,,,,,,,,5335.69180275648,8,9
2405831,11,176,1-11-2024-176-05,5,1,2794,1424,1515,P235/65R18,220,P235/65R18,220,,,,,,,,,31.8812723055547,8,9
2406142,19,94,1-19-2024-094-04,4,1,2715,1325,1415,P235/65R18,230,P235/65R18,230,,,,,,,,,263.790946458572,9,9
2403502,28,104,1-28-2024-104-06,6,1,2727,1633,1727,P245/70R16,241,P245/70R16,241,,,,,,,,,44.5186799027896,3,9
2403798,69,81,1-69-2024-081-02,2,2,1800,1040,935,P215/55R17,228,P215/55R17,228,,,,,,,,,7.43080811052425,8,9
2400936,24,20,1-24-2024-020-04,4,1,1795,960,840,P205/60R16,230,P205/60R16,230,,,,,,,,,102.991626372028,1,9
2401139,17,36,1-17-2024-036-05,5,1,9999,9999,9999,9999999999,999,9999999999,999,,,,,,,,,65.2966472785888,4,9
2401894,18,68,1-18-2024-068-03,3,2,3221,1724,1724,P265/65R18,240,P265/65R18,240,,,,,,,,,50.7782735422604,6,9
2402080,11,53,1-11-2024-053-NM1,21,2,9999,9999,9999,9999999999,999,9999999999,999,,,,,,,,,37.1071357763572,8,9
2402443,33,41,1-33-2024-041-03,3,1,2100,1175,1200,P225/60R18,240,P225/60R18,240,,,,,,,,,51.2513411158493,12,9
2405108,26,119,1-26-2024-119-05,5,2,2255,1070,1290,P245/45R18,240,P275/40R18,240,,,,,,,,,77.544217826064,10,9
2405704,24,157,1-24-2024-157-02,2,1,1870,980,939,P205/60R16,250,P205/60R16,250,,,,,,,,,24.2721053029394,1,9
2403348,24,94,1-24-2024-094-02,2,1,2608,1338,1452,P245/70R16,220,P245/70R16,220,,,,,,,,,24.2721053029394,1,9
2403631,22,110,1-22-2024-110-06,6,2,1366,780,750,P185/55R15,240,P185/55R15,240,,,,,,,,,25.2675524846257,12,9
2403926,31,81,1-31-2024-081-09,9,2,2003,1109,894,9999999999,999,9999999999,999,,,,,,,,,161.39423315543,6,9
2404503,31,96,1-31-2024-096-10,10,1,9999,9999,9999,9999999999,999,9999999999,999,,,,,,,,,419.593794787767,6,9
2405591,27,171,1-27-2024-171-07,7,3,2631,1259,1588,P265/75R16,240,P265/75R16,240,P235/75R15,240,P235/75R15,240,P265/70R16,240,P265/70R16,240,251.94804629152,3,9
2404426,12,83,1-12-2024-083-07,7,1,3266,1792,1792,P265/65R18,240,P265/65R18,240,,,,,,,,,1361.49270117535,9,9
2404240,22,127,1-22-2024-127-05,5,1,2159,1125,1040,P235/55R17,240,P235/55R17,240,,,,,,,,,25.2675524846257,12,9
2405777,48,185,1-48-2024-185-05,5,1,1860,1020,920,P235/45R18,230,P235/45R18,230,,,,,,,,,80.9035530796695,12,9
2404781,10,89,1-10-2024-089-04,4,2,2066,1074,992,P235/50R17,240,P235/50R17,240,,,,,,,,,842.377586011299,4,9
2404572,12,87,1-12-2024-087-03,3,1,2930,1450,1600,P255/65R18,240,P255/65R18,240,,,,,,,,,164.057323491007,9,9
2400227,32,6,1-32-2024-006-09,9,1,9999,9999,9999,9999999999,999,9999999999,999,,,,,,,,,8239.41132850415,7,9
2405468,60,89,1-60-2024-089-03,3,1,1980,1140,1050,P205/65R16,240,P205/65R16,240,,,,,,,,,208.696614573817,8,9
2400473,73,14,1-73-2024-014-04,4,1,1975,1140,1050,P205/65R16,240,P205/65R16,240,,,,,,,,,151.097341902945,3,9
2405299,69,129,1-69-2024-129-05,5,1,1930,1030,950,P225/40R18,260,P225/40R18,260,,,,,,,,,7.30201599951961,8,9
2404718,28,144,1-28-2024-144-06,6,1,2122,1072,1089,P225/65R17,230,P225/65R17,230,,,,,,,,,44.5186799027896,3,9
2404031,69,89,1-69-2024-089-03,3,1,4536,2359,2876,LT275/65R20,420,LT275/65R20,420,,,,,,,,,32.320569153545,8,9
2405654,57,175,1-57-2024-175-02,2,2,2159,1125,1040,P235/55R17,240,P235/55R17,240,,,,,,,,,34.9847026100621,1,9
2404658,81,117,1-81-2024-117-NM1,21,2,2252,1217,1035,P235/60R16,210,P235/60R16,210,,,,,,,,,26.5893987350207,8,9
2402703,30,93,1-30-2024-093-02,2,2,1825,1050,950,P205/60R16,230,P205/60R16,230,,,,,,,,,23.3913815537653,10,9
2403138,11,88,1-11-2024-088-08,8,1,9999,9999,9999,9999999999,999,9999999999,999,,,,,,,,,63.7914651873109,8,9
2405551,33,106,1-33-2024-106-NM1,21,1,1991,1063,928,P205/60R16,235,P205/60R16,235,,,,,,,,,41.0900179301514,12,9
2402302,13,58,1-13-2024-058-06,6,1,9999,9999,9999,9999999999,999,9999999999,999,,,,,,,,,3257.73544489409,7,9
2402989,32,104,1-32-2024-104-NM1,21,1,2126,1142,984,P215/70R15,230,P215/70R15,230,,,,,,,,,11.6164138708606,7,9
2402989,32,104,1-32-2024-104-NM1,21,2,2012,1034,978,P215/60R16,240,P215/60R16,240,,,,,,,,,11.6164138708606,7,9
2400682,59,23,1-59-2024-023-08,8,1,2050,1081,977,9999999999,999,9999999999,999,,,,,,,,,90.2221060039316,6,9
2400828,59,29,1-59-2024-029-07,7,2,1700,915,795,P195/65R15,210,P195/65R15,210,,,,,,,,,694.065055232765,6,9
2400582,30,19,1-30-2024-019-03,3,2,2090,1150,1150,P235/55R19,230,P235/55R19,230,,,,,,,,,421.925490231688,10,9
2404910,10,92,1-10-2024-092-08,8,1,9999,9999,9999,9999999999,999,9999999999,999,,,,,,,,,158.575814400015,4,9
2402803,54,74,1-54-2024-074-10,10,2,3039,1474,1633,P265/60R17,241,P265/60R17,241,,,,,,,,,743.516509378865,9,9
2402637,57,55,1-57-2024-055-05,5,1,1980,1100,960,P215/55R17,230,P215/55R17,230,,,,,,,,,22.7674640300694,1,9
2406241,48,203,1-48-2024-203-06,6,2,3175,1599,1724,P265/70R17,240,P265/70R17,240,,,,,,,,,129.402457177988,12,9
2400124,66,2,1-66-2024-002-04,4,1,1815,980,845,P205/60R16,230,P205/60R16,230,,,,,,,,,114.973892842,6,9
2401784,12,32,1-12-2024-032-06,6,1,3311,1497,1928,P275/55R20,250,P275/55R20,250,,,,,,,,,558.459080550855,9,9
2403848,62,105,1-62-2024-105-05,5,1,2036,1040,1027,P225/60R18,228,P225/60R18,228,,,,,,,,,63.3169379609733,7,9
2404808,33,94,1-33-2024-094-03,3,2,2030,1070,960,P235/40R19,225,P235/40R19,225,,,,,,,,,33.6168445424995,12,9
2402428,57,50,1-57-2024-050-05,5,1,2021,1075,962,P215/60R17,230,P215/60R17,230,,,,,,,,,36.8561902184078,1,9
2402444,12,41,1-12-2024-041-04,4,1,9999,9999,9999,9999999999,999,9999999999,999,,,,,,,,,1835.41974776362,9,9
2402438,79,52,1-79-2024-052-04,4,1,2722,1250,1545,LT235/65R18,240,LT235/65R18,240,,,,,,,,,103.687310341295,8,9
2402432,19,33,1-19-2024-033-03,3,2,1975,1140,1050,P235/45R18,240,P235/45R18,240,,,,,,,,,567.21441428325,9,9
2402450,17,81,1-17-2024-081-06,6,1,2266,1161,1105,P235/50R18,230,P235/50R18,230,,,,,,,,,207.386851098491,4,9
2402449,17,80,1-17-2024-080-06,6,2,1960,1050,930,P215/55R17,225,P215/55R17,225,,,,,,,,,207.386851098491,4,9
2402492,24,65,1-24-2024-065-06,6,1,9999,9999,9999,9999999999,999,9999999999,999,,,,,,,,,51.619954276736,1,9
2402500,28,77,1-28-2024-077-10,10,1,1920,1060,915,P205/65R15,210,P205/65R15,210,P205/60R16,230,P205/60R16,230,,,,,107.424481206042,3,9
2402476,16,74,1-16-2024-074-03,3,2,1760,940,835,P235/40R18,225,P235/40R18,220,,,,,,,,,168.955904269261,5,9
2402503,77,85,1-77-2024-085-03,3,1,2800,1545,1545,P235/60R18,240,P235/60R18,240,,,,,,,,,78.5516932728452,9,9
2402516,22,72,1-22-2024-072-07,7,2,3225,1815,1885,P275/65R18,210,P275/65R18,230,,,,,,,,,320.679448827605,12,9
2400815,23,13,1-23-2024-013-NM1,21,1,3130,9999,9999,P275/60R20,240,P275/60R20,240,,,,,,,,,75.3524398717664,5,9
2402520,15,98,1-15-2024-098-03,3,1,2143,1100,1043,P225/55R19,240,P225/55R19,240,,,,,,,,,11.6786128984979,1,9
2402526,31,49,1-31-2024-049-04,4,1,2803,1397,1520,P255/50R20,240,P255/50R20,240,,,,,,,,,222.052598299916,6,9
2402527,30,86,1-30-2024-086-04,4,2,2715,1325,1415,P235/65R18,230,P235/65R18,230,,,,,,,,,672.123046517079,10,9
2402540,16,76,1-16-2024-076-07,7,1,2053,1077,1020,P215/70R16,230,P215/70R16,230,,,,,,,,,2767.5337479497,5,9
2402542,16,78,1-16-2024-078-NM1,21,1,9999,9999,9999,9999999999,999,9999999999,999,,,,,,,,,21.9314980825962,5,9
2402553,14,42,1-14-2024-042-04,4,2,3050,1500,1775,P275/40R22,276,P275/40R22,352,,,,,,,,,528.191248764713,8,9
2402559,73,79,1-73-2024-079-06,6,1,1810,972,880,P215/50R17,240,P215/50R17,240,,,,,,,,,37.0946854309253,3,9
2402554,14,43,1-14-2024-043-03,3,1,2030,1080,1000,P235/45R18,240,P235/45R18,240,,,,,,,,,129.983928112495,8,9
2402563,54,66,1-54-2024-066-07,7,1,2195,1161,1043,P235/50R18,240,P235/50R18,240,,,,,,,,,163.639088013261,9,9
2402575,48,83,1-48-2024-083-05,5,1,2700,1325,1450,P235/60R18,240,P235/60R18,240,,,,,,,,,80.9035530796695,12,9
2402576,48,84,1-48-2024-084-06,6,1,9999,9999,9999,9999999999,999,9999999999,999,,,,,,,,,86.4307074675267,12,9
2402604,48,85,1-48-2024-085-07,7,1,2023,1068,959,P235/50R17,230,P235/50R17,230,,,,,,,,,381.022517786952,12,9
2402595,13,62,1-13-2024-062-04,4,2,9999,9999,9999,9999999999,999,9999999999,999,,,,,,,,,4837.27702379894,7,9
2402598,27,83,1-27-2024-083-09,9,1,2037,1210,1070,P215/60R16,210,P215/60R16,210,,,,,,,,,66.9899073939104,3,9
2402567,79,56,1-79-2024-056-03,3,1,3198,1599,1882,P275/60R20,240,P275/60R20,240,,,,,,,,,104.756877618907,8,9
2402620,31,52,1-31-2024-052-NM2,22,1,2096,1098,1006,P235/55R17,250,P235/55R17,250,,,,,,,,,197.377933176122,6,9
2402628,28,79,1-28-2024-079-06,6,1,2972,1656,1770,P245/70R17,241,P245/70R17,241,,,,,,,,,44.5186799027896,3,9
2402616,26,75,1-26-2024-075-02,2,1,2100,1200,1150,P225/60R17,240,P225/60R17,240,,,,,,,,,21.1529220587709,10,9
2402635,29,20,1-29-2024-020-03,3,2,2490,1350,1395,P235/65R17,234,P235/65R17,234,,,,,,,,,3602.43861104245,2,9
2402632,15,102,1-15-2024-102-09,9,2,1950,1100,960,P215/55R17,225,P215/55R17,225,,,,,,,,,173.566298867712,1,9
2402579,66,58,1-66-2024-058-09,9,1,1968,997,1156,P225/70R15,207,P225/70R15,207,,,,,,,,,397.922793243727,6,9
2402779,27,91,1-27-2024-091-09,9,2,4536,2722,2740,LT285/60R20,450,LT285/60R20,450,,,,,,,,,86.5081412566534,3,9
2402971,17,93,1-17-2024-093-04,4,1,2320,1220,1200,P235/55R18,260,P235/55R18,260,,,,,,,,,99.0401622621396,4,9
2403798,69,81,1-69-2024-081-02,2,1,2161,1116,1045,P235/50R18,240,P235/50R18,240,,,,,,,,,7.43080811052425,8,9
2402802,54,73,1-54-2024-073-09,9,1,2404,1275,1129,P245/60R18,241,P245/60R18,241,,,,,,,,,117.274582131211,9,9
2404153,24,118,1-24-2024-118-03,3,1,2040,1060,1030,P215/60R16,240,P215/60R16,240,,,,,,,,,96.7551924674177,1,9
2401571,27,50,1-27-2024-050-03,3,2,9999,9999,9999,9999999999,999,9999999999,999,,,,,,,,,11.8514312322575,3,9
2401620,23,24,1-23-2024-024-03,3,2,9999,9999,9999,9999999999,999,9999999999,999,,,,,,,,,140.549541808304,5,9
2406174,25,173,1-25-2024-173-05,5,1,2032,1048,1093,P225/60R17,210,P225/60R17,200,,,,,,,,,49.8833818457308,2,9
2400595,17,18,1-17-2024-018-03,3,2,3402,1770,2042,P285/45R22,275,P285/45R22,275,,,,,,,,,56.2627107467575,4,9
2400031,48,3,1-48-2024-003-03,3,2,2540,1335,1490,P265/70R16,210,P265/70R16,210,,,,,,,,,54.9604072040948,12,9
2405464,76,156,1-76-2024-156-03,3,1,2090,1150,1150,P225/65R17,999,P225/65R17,999,,,,,,,,,71.5495535595937,3,9
2401969,16,57,1-16-2024-057-07,7,3,9999,9999,9999,9999999999,999,9999999999,999,,,,,,,,,2285.67073751597,5,9
2402659,81,56,1-81-2024-056-05,5,2,1776,1021,975,P195/65R15,250,P195/65R15,240,,,,,,,,,149.951440673758,8,9
2404090,17,130,1-17-2024-130-05,5,1,2219,1143,1076,P245/40R20,240,P245/40R20,240,,,,,,,,,73.9642155230616,4,9
2402928,57,65,1-57-2024-065-02,2,2,2205,1150,1250,P225/55R18,240,P225/55R18,240,,,,,,,,,9.69650235592079,1,9
2406154,69,159,1-69-2024-159-04,4,2,3221,1452,1860,P265/70R17,220,P265/70R17,220,,,,,,,,,208.229237945387,8,9
2400615,28,17,1-28-2024-017-06,6,1,1742,948,839,P195/65R15,210,P195/65R15,210,,,,,,,,,52.5156468300851,3,9
2404445,24,124,1-24-2024-124-03,3,2,2142,1000,1200,P225/40R19,240,P225/40R19,270,,,,,,,,,96.1436478633412,1,9
2400807,25,19,1-25-2024-019-03,3,2,2095,1090,1055,P235/55R19,230,P235/55R19,210,,,,,,,,,107.654306093074,2,9
2405384,81,137,1-81-2024-137-05,5,1,2100,1191,1191,P205/65R16,240,P205/65R16,240,,,,,,,,,129.714251488084,8,9
2402651,59,83,1-59-2024-083-06,6,2,2100,1175,1200,P225/60R18,240,P225/60R18,240,,,,,,,,,331.808126614185,6,9
2402660,10,38,1-10-2024-038-06,6,1,2477,1216,1341,P235/55R19,228,P235/55R19,248,,,,,,,,,442.929995109051,4,9
2402653,62,69,1-62-2024-069-10,10,1,2100,1191,1191,P205/65R16,240,P205/65R16,240,,,,,,,,,24230.4540548434,7,9
2402682,12,46,1-12-2024-046-02,2,1,1996,1076,928,P225/60R17,240,P225/60R17,220,,,,,,,,,221.517683883591,9,9
2402700,33,45,1-33-2024-045-03,3,2,1810,972,880,P215/55R16,250,P215/55R16,250,,,,,,,,,57.6772024603387,12,9
2402694,69,52,1-69-2024-052-10,10,2,2032,1105,927,P225/60R16,210,P225/60R16,210,,,,,,,,,6891.68726879317,8,9
2402673,18,81,1-18-2024-081-03,3,1,2740,1230,1560,P235/50R20,300,P225/45R20,300,,,,,,,,,83.5467084502737,6,9
2402720,60,30,1-60-2024-030-01,1,1,1642,839,816,P195/50R16,240,P195/50R16,240,,,,,,,,,101.909134009317,8,9
2402708,24,70,1-24-2024-070-04,4,2,1975,1140,1050,P215/55R17,240,P215/55R17,240,,,,,,,,,158.672556058952,1,9
2402710,24,72,1-24-2024-072-04,4,1,9999,9999,9999,9999999999,999,9999999999,999,,,,,,,,,158.672556058952,1,9
2402725,16,82,1-16-2024-082-01,1,1,2800,1450,1600,P255/65R18,240,P255/65R18,240,,,,,,,,,60.7845816809239,5,9
2402725,16,82,1-16-2024-082-01,1,2,2404,1225,1225,P235/70R15,220,P235/70R15,220,,,,,,,,,60.7845816809239,5,9
2402765,27,88,1-27-2024-088-04,4,1,3266,1792,1792,P265/65R18,240,P265/65R18,240,,,,,,,,,51.5876217780529,3,9
2402715,11,76,1-11-2024-076-05,5,2,9999,9999,9999,9999999999,999,9999999999,999,,,,,,,,,31.8812723055547,8,9
2402786,59,86,1-59-2024-086-05,5,2,9999,1100,960,P205/65R16,235,P205/65R16,235,,,,,,,,,53.1907731759788,6,9
2402801,54,72,1-54-2024-072-01,1,1,1877,970,1081,P215/70R14,241,P215/70R14,241,,,,,,,,,135.319434123776,9,9
2402793,81,59,1-81-2024-059-02,2,2,2100,1260,1200,P235/65R17,240,P235/65R17,240,,,,,,,,,22.2702980877148,8,9
2402807,62,76,1-62-2024-076-09,9,2,9999,9999,9999,9999999999,999,9999999999,999,,,,,,,,,12242.3665920591,7,9
2402813,48,90,1-48-2024-090-05,5,1,2380,1210,1300,P225/60R18,240,P225/60R18,240,,,,,,,,,80.9035530796695,12,9
2402827,57,64,1-57-2024-064-06,6,2,2715,1405,1405,P235/55R18,250,P235/55R18,250,,,,,,,,,721.306737429465,1,9
2402833,33,48,1-33-2024-048-09,9,1,3153,1701,1724,P275/65R18,240,P275/65R18,240,,,,,,,,,130.804564789054,12,9
2402834,79,60,1-79-2024-060-06,6,1,1780,990,910,P205/55R16,250,P205/55R16,250,,,,,,,,,120.772111910736,8,9
2402838,24,76,1-24-2024-076-04,4,2,2477,1225,1361,P255/70R18,260,P255/70R18,260,,,,,,,,,219.729744189396,1,9
2402840,24,78,1-24-2024-078-03,3,2,1964,1050,1080,P225/50R18,230,P225/50R18,230,,,,,,,,,61.4084153169314,1,9
2402858,76,74,1-76-2024-074-03,3,1,3311,1633,1860,P265/65R18,240,P265/65R18,240,,,,,,,,,71.5495535595937,3,9
2402875,27,93,1-27-2024-093-06,6,1,1970,1010,1000,P225/55R17,230,P225/55R17,220,,,,,,,,,54.3276867228202,3,9
2402878,82,71,1-82-2024-071-04,4,2,2204,1152,1107,P225/60R18,999,P225/60R18,999,,,,,,,,,406.439017898255,1,9
2402774,82,69,1-82-2024-069-04,4,2,9999,9999,9999,9999999999,999,9999999999,999,,,,,,,,,193.441668494855,1,9
2402889,26,81,1-26-2024-081-04,4,2,1844,1059,1014,P215/45R17,230,P215/45R17,220,,,,,,,,,1252.65413238455,10,9
2402904,15,115,1-15-2024-115-03,3,2,2160,1260,1200,P235/55R19,241,P235/55R19,241,,,,,,,,,15.0688068307726,1,9
2402928,57,65,1-57-2024-065-02,2,1,2813,1407,1611,P275/55R20,250,P275/55R20,250,,,,,,,,,9.69650235592079,1,9
2405096,32,144,1-32-2024-144-NM1,21,1,3040,1679,1770,P265/70R17,276,P265/70R17,276,,,,,,,,,65.0700959465246,7,9
2405070,11,152,1-11-2024-152-07,7,2,2858,1497,1497,P265/70R17,240,P265/70R17,240,,,,,,,,,5355.03564412817,8,9
2405043,18,127,1-18-2024-127-03,3,2,9999,9999,9999,9999999999,999,9999999999,999,,,,,,,,,103.062257832232,6,9
2405103,27,158,1-27-2024-158-09,9,2,2677,1339,1452,P245/65R17,228,P245/65R17,228,,,,,,,,,90.9907552623448,3,9
2405115,21,120,1-21-2024-120-05,5,1,9999,9999,9999,9999999999,999,9999999999,999,,,,,,,,,22.3979516230092,11,9
2405108,26,119,1-26-2024-119-05,5,1,2100,1191,1191,P215/55R17,240,P215/55R17,240,,,,,,,,,77.544217826064,10,9
2405115,21,120,1-21-2024-120-05,5,2,9999,9999,9999,9999999999,999,9999999999,999,,,,,,,,,22.3979516230092,11,9
2405087,66,100,1-66-2024-100-05,5,1,2132,1130,1002,P225/50R17,230,P225/50R17,230,,,,,,,,,116.980491892491,6,9
2405119,29,83,1-29-2024-083-03,3,2,1720,990,950,P205/55R16,230,P205/55R16,230,,,,,,,,,470.779692469851,2,9
2405133,81,129,1-81-2024-129-05,5,1,3402,1633,1905,P285/45R22,240,P285/45R22,240,,,,,,,,,118.464453728865,8,9
2405143,13,76,1-13-2024-076-05,5,1,3221,1497,1724,P275/60R20,240,P275/60R20,240,,,,,,,,,173.721593153865,7,9
2405144,48,165,1-48-2024-165-09,9,2,9999,9999,9999,P215/65R16,250,P215/65R16,250,,,,,,,,,69.6007046591066,12,9
2405156,10,100,1-10-2024-100-NM1,21,2,2106,1130,976,P225/55R17,210,P225/55R17,210,,,,,,,,,31.3806248143146,4,9
2405176,30,177,1-30-2024-177-06,6,1,1770,1020,920,P205/60R16,240,P205/60R16,240,,,,,,,,,711.67828456219,10,9
2405187,57,158,1-57-2024-158-05,5,2,1710,920,830,P215/55R16,220,P215/55R16,220,,,,,,,,,12.4355810516807,1,9
2405197,60,79,1-60-2024-079-03,3,1,2025,1030,1015,P225/65R17,230,P225/65R17,230,,,,,,,,,245.058943416176,8,9
2405198,60,80,1-60-2024-080-08,8,1,2131,1140,1000,P245/40R19,230,P245/40R19,230,,,,,,,,,162.066765738975,8,9
2405199,60,81,1-60-2024-081-09,9,1,1900,1210,1210,P215/60R16,200,P215/60R16,200,,,,,,,,,2047.25967688596,8,9
2405208,14,101,1-14-2024-101-07,7,2,2440,1297,1157,P235/65R17,240,P235/65R17,240,,,,,,,,,1927.15060026913,8,9
2405222,77,166,1-77-2024-166-03,3,2,1760,940,835,P235/40R18,225,P235/40R18,220,,,,,,,,,568.911465081433,9,9
2405231,21,122,1-21-2024-122-05,5,1,1905,1020,910,P205/65R16,230,P205/65R16,220,,,,,,,,,19.1446312795392,11,9
2402940,73,85,1-73-2024-085-06,6,2,1758,972,853,P205/55R16,230,P205/55R16,230,,,,,,,,,37.0946854309253,3,9
2402927,62,81,1-62-2024-081-06,6,1,1996,1076,928,P215/65R16,240,P215/65R16,220,,,,,,,,,1279.95578725529,7,9
2402953,30,103,1-30-2024-103-05,5,1,2365,1110,1255,P235/60R18,240,P235/60R18,290,,,,,,,,,43.1584302855262,10,9
2402949,79,63,1-79-2024-063-10,10,1,1950,1060,915,P215/60R16,210,P215/60R16,210,,,,,,,,,174.035213758045,8,9
2402965,77,101,1-77-2024-101-07,7,2,3901,1860,2431,LT245/75R16,999,LT245/75R16,999,,,,,,,,,3871.41446442028,9,9
2402988,32,103,1-32-2024-103-03,3,1,2314,1275,1275,P215/65R17,240,P215/65R17,240,,,,,,,,,188.021149251295,7,9
2402999,28,91,1-28-2024-091-04,4,1,2110,1180,1080,P225/55R18,240,P225/55R18,220,,,,,,,,,63.8123320569811,3,9
2403012,82,75,1-82-2024-075-02,2,1,9999,9999,9999,9999999999,999,9999999999,999,,,,,,,,,23.9814262485552,1,9
2403004,26,87,1-26-2024-087-03,3,1,1850,1016,839,P215/45R18,250,P215/45R18,250,,,,,,,,,282.561730241079,10,9
2402994,27,95,1-27-2024-095-04,4,1,2185,1165,1130,P205/55R16,250,P205/55R16,240,,,,,,,,,18.7495302149441,3,9
2403014,15,116,1-15-2024-116-02,2,2,2549,1338,1220,P245/60R18,240,P245/60R18,240,,,,,,,,,13.160978448786,1,9
2406119,62,181,1-62-2024-181-02,2,3,2813,1339,1656,P245/65R17,242,P245/65R17,242,,,,,,,,,143.712548638116,7,9
2406133,10,130,1-10-2024-130-03,3,1,9999,9999,9999,9999999999,999,9999999999,999,,,,,,,,,302.334296505622,4,9
2406160,30,208,1-30-2024-208-04,4,2,2700,1300,1430,P235/70R16,220,P235/70R16,220,,,,,,,,,1586.72027088641,10,9
2406169,24,169,1-24-2024-169-01,1,1,9999,9999,9999,9999999999,999,9999999999,999,,,,,,,,,23.1726143074507,1,9
2406175,16,130,1-16-2024-130-02,2,1,2404,1250,1280,P225/65R17,240,P225/65R17,240,,,,,,,,,56.791932701426,5,9
2406066,79,119,1-79-2024-119-07,7,1,1980,1100,960,9999999999,999,9999999999,999,,,,,,,,,929.199368579376,8,9
2406195,27,189,1-27-2024-189-03,3,1,1644,864,787,P205/55R16,230,P205/55R16,230,,,,,,,,,32.3914110115022,3,9
2406210,11,188,1-11-2024-188-03,3,1,2150,1100,1075,P235/60R18,230,P235/60R18,210,,,,,,,,,199.422450532305,8,9
2406228,81,162,1-81-2024-162-08,8,1,1497,765,732,P245/45R18,200,P245/45R18,200,,,,,,,,,355.259814660081,8,9
2406229,81,163,1-81-2024-163-NM1,21,1,2903,1452,1701,LT245/70R17,310,LT245/70R17,310,,,,,,,,,20.2135532866767,8,9
2404724,27,146,1-27-2024-146-03,3,2,2291,1225,1361,LT255/75R17,255,LT255/75R17,255,,,,,,,,,12.6103689545478,3,9
2405271,62,159,1-62-2024-159-05,5,1,9999,9999,9999,9999999999,999,9999999999,999,,,,,,,,,45.9669509477848,7,9
2402852,11,80,1-11-2024-080-04,4,1,4491,1996,2898,LT245/75R17,420,LT245/75R17,550,,,,,,,,,630.031575937947,8,9
2404916,18,124,1-18-2024-124-06,6,2,2130,1100,1075,P235/65R17,220,P235/65R17,210,,,,,,,,,356.201928897073,6,9
2401235,48,42,1-48-2024-042-05,5,1,4536,2359,2812,LT265/70R18,420,LT265/70R18,480,,,,,,,,,80.9035530796695,12,9
2403376,27,107,1-27-2024-107-03,3,1,2165,1200,1150,P225/60R17,240,P225/60R17,240,,,,,,,,,26.5096922457315,3,9
2400671,66,11,1-66-2024-011-10,10,2,1882,1150,950,P225/45R18,230,P225/45R18,210,,,,,,,,,403.982497851604,6,9
2405932,30,198,1-30-2024-198-03,3,2,3000,1440,1585,P295/35R21,250,P315/30R22,270,,,,,,,,,184.500396636025,10,9
2400522,17,17,1-17-2024-017-04,4,1,2720,1340,1585,P245/65R17,210,P245/65R17,210,,,,,,,,,95.7997808721022,4,9
2404183,77,136,1-77-2024-136-05,5,1,9999,9999,9999,9999999999,999,9999999999,999,,,,,,,,,90.6570748528622,9,9
2403250,82,82,1-82-2024-082-10,10,1,2210,1055,1200,P225/45R17,230,P225/45R17,280,,,,,,,,,6068.75490629749,1,9
2402168,48,72,1-48-2024-072-NM2,22,1,2025,1030,1015,P225/65R17,230,P225/65R17,230,,,,,,,,,76.3842355060005,12,9
2400651,22,17,1-22-2024-017-04,4,3,1610,850,840,P175/70R14,230,P175/70R14,230,,,,,,,,,53.2870024901003,12,9
2401398,24,31,1-24-2024-031-04,4,2,9999,9999,9999,9999999999,999,9999999999,999,,,,,,,,,162.587056004165,1,9
2404979,29,77,1-29-2024-077-08,8,1,1810,972,880,P235/40R18,270,P235/40R18,270,,,,,,,,,39.2585768272332,2,9
2403960,33,70,1-33-2024-070-08,8,1,9999,9999,9999,9999999999,999,9999999999,999,,,,,,,,,29.5346785988684,12,9
2400794,15,27,1-15-2024-027-05,5,2,2122,1072,1089,P225/60R18,228,P225/60R18,228,,,,,,,,,13.6400789963135,1,9
2406118,76,185,1-76-2024-185-04,4,1,1920,1060,1060,P225/55R18,240,P225/55R18,240,,,,,,,,,165.951066705846,3,9
2402417,18,77,1-18-2024-077-06,6,2,2300,1175,1240,P235/55R18,240,P235/55R18,240,,,,,,,,,172.994115439281,6,9
2404289,77,138,1-77-2024-138-03,3,2,1760,940,835,P235/40R18,225,P235/40R18,220,,,,,,,,,7405.75351726145,9,9
2406061,17,200,1-17-2024-200-07,7,1,2241,1095,1160,P225/55R17,240,P225/55R17,240,,,,,,,,,333.907910781611,4,9
2401982,15,76,1-15-2024-076-04,4,1,2020,1140,1050,9999999999,999,9999999999,999,,,,,,,,,41.2444654462738,1,9
2400210,24,2,1-24-2024-002-04,4,2,2304,1089,1279,P245/45R19,220,P245/45R19,260,,,,,,,,,107.064222722261,1,9
2402872,28,87,1-28-2024-087-06,6,1,2300,1175,1240,P225/65R17,240,P225/65R17,240,,,,,,,,,47.2101277154018,3,9
2402374,26,67,1-26-2024-067-04,4,2,9999,9999,9999,9999999999,999,9999999999,999,,,,,,,,,551.702001236537,10,9
2402523,66,57,1-66-2024-057-03,3,2,2450,1293,1248,P215/70R15,248,P215/70R15,248,,,,,,,,,79.4686416678806,6,9
2403164,81,72,1-81-2024-072-02,2,2,1944,1065,995,P215/55R18,240,P215/55R18,240,,,,,,,,,19.0849903848337,8,9
2403147,21,65,1-21-2024-065-01,1,2,2080,1150,1000,P215/65R17,240,P215/65R17,240,,,,,,,,,33.6427215456226,11,9
2403973,17,127,1-17-2024-127-04,4,1,2480,1300,1350,P235/60R18,240,P235/60R18,240,,,,,,,,,125.652735779338,4,9
2400876,24,17,1-24-2024-017-03,3,1,3175,1724,1724,P275/60R20,240,P275/60R20,240,,,,,,,,,28.7833246640805,1,9
2401663,11,42,1-11-2024-042-09,9,2,9999,9999,9999,9999999999,999,9999999999,999,,,,,,,,,1536.46632619055,8,9
2401855,66,44,1-66-2024-044-07,7,1,3085,1633,1701,P265/70R16,240,P265/70R16,240,,,,,,,,,133.367571576148,6,9
2405224,29,86,1-29-2024-086-06,6,2,2420,1350,1395,P235/65R17,234,P235/65R17,234,,,,,,,,,461.29724548032,2,9
2404062,48,131,1-48-2024-131-03,3,2,2041,1089,1007,P225/60R18,230,P225/60R18,230,,,,,,,,,83.301978591563,12,9
2402562,54,65,1-54-2024-065-10,10,2,4491,2177,2948,9999999999,999,9999999999,999,,,,,,,,,446.109905627319,9,9
2403913,21,83,1-21-2024-083-02,2,1,2225,1100,1225,P225/40R19,260,P225/40R19,290,,,,,,,,,20.5151772888789,11,9
2406077,28,184,1-28-2024-184-04,4,1,2025,1175,1200,P225/65R17,240,P225/65R17,240,,,,,,,,,59.0675513570751,3,9
2405536,54,121,1-54-2024-121-07,7,1,3175,1746,1792,P255/70R17,240,P255/70R17,240,,,,,,,,,361.728510345102,9,9
2405536,54,121,1-54-2024-121-07,7,2,1851,1000,880,9999999999,999,9999999999,999,,,,,,,,,361.728510345102,9,9
2400355,76,8,1-76-2024-008-04,4,1,2100,1175,1200,P225/65R17,240,P225/65R17,240,,,,,,,,,86.4714255045695,3,9
2401351,62,36,1-62-2024-036-04,4,2,2280,1115,1230,P225/40R19,250,P255/35R19,250,,,,,,,,,814.399144757816,7,9
2401102,48,38,1-48-2024-038-07,7,1,1900,1052,908,P205/60R16,250,P205/60R16,250,,,,,,,,,606.894233071279,12,9
2403859,77,130,1-77-2024-130-01,1,3,2210,1300,1395,P235/60R18,240,P235/60R18,240,,,,,,,,,141.400970265386,9,9
2403813,11,115,1-11-2024-115-04,4,1,2025,1030,1015,P225/65R17,230,P225/65R17,230,,,,,,,,,530.793567452246,8,9
2404360,26,109,1-26-2024-109-05,5,1,2125,990,1135,P215/55R16,193,P235/45R17,207,,,,,,,,,110.527705742068,10,9
2401821,32,66,1-32-2024-066-02,2,2,1720,990,950,P205/55R16,230,P205/55R16,230,,,,,,,,,17.1247047795289,7,9
2401483,77,52,1-77-2024-052-03,3,1,2663,1340,1450,P245/60R18,240,P245/60R18,240,,,,,,,,,88.2007524015232,9,9
2406252,13,86,1-13-2024-086-02,2,1,2575,1320,1345,P265/45R20,240,P265/45R20,220,,,,,,,,,21.5495974710284,7,9
2405588,73,138,1-73-2024-138-09,9,1,2881,1770,1770,P275/60R20,270,P275/60R20,270,,,,,,,,,391.385640426636,3,9
2401775,10,22,1-10-2024-022-09,9,2,9999,9999,9999,9999999999,999,9999999999,999,,,,,,,,,1830.24730147451,4,9
2402193,20,62,1-20-2024-062-05,5,1,1770,1020,920,P205/60R16,230,P205/60R16,230,,,,,,,,,19.9171728154044,11,9
2402299,48,74,1-48-2024-074-09,9,1,2760,1310,1470,P235/60R18,250,P235/60R18,270,,,,,,,,,69.6007046591066,12,9
2403235,31,65,1-31-2024-065-09,9,1,9999,9999,9999,9999999999,999,9999999999,999,,,,,,,,,184.093844007108,6,9
2401612,77,55,1-77-2024-055-04,4,1,2200,1250,1220,P225/60R18,240,P225/60R18,230,,,,,,,,,435.809175167292,9,9
2406083,31,131,1-31-2024-131-07,7,1,2460,1210,1350,P255/45R20,230,P255/45R20,230,,,,,,,,,979.856364768598,6,9
2404314,17,139,1-17-2024-139-04,4,2,1815,980,845,P215/45R18,230,P215/45R18,230,,,,,,,,,80.56039045793,4,9
2403089,24,85,1-24-2024-085-04,4,2,2021,1075,962,P215/60R17,230,P215/60R17,230,,,,,,,,,39.5500741406148,1,9
2402007,21,40,1-21-2024-040-01,1,1,2050,1140,1050,P205/65R16,240,P205/65R16,240,,,,,,,,,24.9428514164702,11,9
2402107,82,49,1-82-2024-049-03,3,2,2030,1070,960,P235/40R19,225,P235/40R19,225,,,,,,,,,96.8509673685012,1,9
2401861,30,61,1-30-2024-061-07,7,2,1880,1000,910,P205/55R16,220,P205/55R16,220,,,,,,,,,2272.42307235268,10,9
2403467,77,116,1-77-2024-116-01,1,1,2100,1250,1220,P225/50R18,230,P225/50R18,220,,,,,,,,,161.485852277551,9,9
2401758,62,44,1-62-2024-044-06,6,2,2059,1211,1034,P215/55R17,210,P215/55R17,210,,,,,,,,,1143.6537824324,7,9
2401426,32,50,1-32-2024-050-07,7,1,1760,980,910,P205/55R16,230,P205/55R16,230,,,,,,,,,3530.85820797275,7,9
2405338,27,166,1-27-2024-166-NM1,21,1,9999,9999,9999,9999999999,999,9999999999,999,,,,,,,,,21.5359551258335,3,9
2405195,24,145,1-24-2024-145-03,3,1,2030,1129,1098,P215/55R17,240,P215/55R17,240,,,,,,,,,35.8046102202364,1,9
2400641,66,7,1-66-2024-007-07,7,1,2405,1248,1339,P225/65R17,248,P225/65R17,248,,,,,,,,,133.367571576148,6,9
2403987,79,82,1-79-2024-082-03,3,1,2510,1340,1410,P245/45R21,248,P245/45R21,248,,,,,,,,,177.82939435799,8,9
2406320,73,157,1-73-2024-157-09,9,1,2050,1140,970,P215/60R16,210,P215/60R16,210,,,,,,,,,77.0890065072046,3,9
2401494,62,38,1-62-2024-038-03,3,1,9999,9999,9999,9999999999,999,9999999999,999,,,,,,,,,453.367235938922,7,9
2404385,11,133,1-11-2024-133-04,4,1,9999,9999,9999,9999999999,999,9999999999,999,,,,,,,,,280.90356937815,8,9
2406108,29,107,1-29-2024-107-03,3,1,2090,1150,1150,P225/65R17,250,P225/65R17,250,,,,,,,,,150.499254995144,2,9
2400120,60,3,1-60-2024-003-03,3,1,1795,955,850,P235/40R18,240,P235/40R18,230,,,,,,,,,151.148648275766,8,9
2404989,15,191,1-15-2024-191-06,6,1,2100,1065,1055,P225/60R18,220,P225/60R18,210,,,,,,,,,74.9369173708052,1,9
2400263,21,5,1-21-2024-005-08,8,1,1950,890,1105,P205/55R16,240,P205/55R16,290,,,,,,,,,74.902781366511,11,9
2400512,15,16,1-15-2024-016-03,3,1,1987,1068,940,P215/65R16,250,P215/65R16,250,,,,,,,,,20.3353299094226,1,9
2404342,27,136,1-27-2024-136-06,6,1,3311,1633,1860,P265/70R17,220,P265/70R17,220,,,,,,,,,21.5091807373324,3,9
2402178,12,38,1-12-2024-038-08,8,1,9999,9999,9999,9999999999,999,9999999999,999,,,,,,,,,341.753555196611,9,9
2402570,32,93,1-32-2024-093-05,5,1,2336,1249,1314,P265/75R15,210,P265/75R15,210,,,,,,,,,52.966553872157,7,9
2402029,62,50,1-62-2024-050-05,5,1,2715,1325,1454,P235/65R18,228,P235/65R18,228,,,,,,,,,183.403138311325,7,9
2403801,17,118,1-17-2024-118-02,2,1,1720,990,950,P205/55R16,230,P205/55R16,230,,,,,,,,,92.5638221214997,4,9
2403409,29,34,1-29-2024-034-06,6,1,2010,1070,1060,P205/60R16,230,P205/60R16,220,,,,,,,,,1206.28017519006,2,9
2405573,14,110,1-14-2024-110-02,2,1,2230,1220,1220,P225/65R17,250,P225/65R17,250,,,,,,,,,73.7387227230028,8,9
2406254,33,110,1-33-2024-110-04,4,2,2123,1210,1070,P215/55R17,210,P215/55R17,210,,,,,,,,,330.088144283669,12,9
2406277,32,161,1-32-2024-161-03,3,2,2318,1272,1300,P235/65R18,228,P235/65R18,228,,,,,,,,,389.952264899487,7,9
2406242,48,204,1-48-2024-204-09,9,1,2010,1040,1060,P225/55R17,220,P225/55R17,210,,,,,,,,,259.999256785636,12,9
2406248,19,96,1-19-2024-096-10,10,1,9999,9999,9999,9999999999,999,9999999999,999,,,,,,,,,96.5110974006478,9,9
2406252,13,86,1-13-2024-086-02,2,2,2090,1150,1150,P235/55R19,230,P235/55R19,230,,,,,,,,,21.5495974710284,7,9
2406283,27,191,1-27-2024-191-04,4,1,2230,1220,1220,P225/65R17,250,P225/65R17,250,,,,,,,,,59.6838672090215,3,9
2406293,22,192,1-22-2024-192-07,7,1,3085,1770,1770,P265/70R17,276,P265/70R17,276,,,,,,,,,90.6161164716993,12,9
2406288,29,109,1-29-2024-109-03,3,1,9999,9999,9999,P195/65R15,999,P195/65R15,999,,,,,,,,,719.746185825989,2,9
2406279,11,190,1-11-2024-190-05,5,2,2650,1295,1405,P245/60R18,220,P245/60R18,220,,,,,,,,,40.0406351983628,8,9
2406317,59,188,1-59-2024-188-10,10,1,3991,2358,2759,LT235/85R16,448,LT235/85R16,448,,,,,,,,,105.632024096023,6,9
2406324,18,156,1-18-2024-156-04,4,3,3085,1770,1770,P275/60R20,270,P275/60R20,270,,,,,,,,,370.120034184823,6,9
2406340,24,176,1-24-2024-176-03,3,2,1944,1065,995,P215/55R18,240,P215/55R18,240,,,,,,,,,84.1556182704533,1,9
2406342,60,107,1-60-2024-107-06,6,1,2700,1325,1450,P235/60R18,240,P235/60R18,240,,,,,,,,,1187.13651431241,8,9
2406346,28,194,1-28-2024-194-05,5,1,1855,963,892,P225/55R17,230,P225/55R17,230,,,,,,,,,49.4691016031828,3,9
2406359,21,160,1-21-2024-160-02,2,1,2159,1120,1065,P225/60R18,230,P225/60R18,230,,,,,,,,,93.4168746042218,11,9
2406359,21,160,1-21-2024-160-02,2,4,9999,9999,9999,9999999999,999,9999999999,999,,,,,,,,,93.4168746042218,11,9
2406369,57,195,1-57-2024-195-03,3,1,2715,1325,1415,P235/65R18,228,P235/65R18,228,,,,,,,,,151.143506604441,1,9
2406386,12,128,1-12-2024-128-08,8,1,9999,9999,9999,P235/65R17,999,P235/65R17,999,,,,,,,,,295.547885122293,9,9
2406383,13,89,1-13-2024-089-03,3,1,2017,983,1033,P245/40R20,240,P245/40R20,240,,,,,,,,,71.2960138352861,7,9
2403031,16,91,1-16-2024-091-03,3,2,2694,1191,1554,P255/65R18,230,P255/65R18,230,,,,,,,,,114.216869220851,5,9
2403040,59,97,1-59-2024-097-08,8,1,2440,1297,1157,P245/60R18,240,P245/60R18,240,,,,,,,,,65.9500406195801,6,9
2403047,81,65,1-81-2024-065-05,5,1,2040,1160,1140,P215/55R17,235,P215/55R17,235,,,,,,,,,46.9373959605953,8,9
2403053,48,102,1-48-2024-102-05,5,2,2100,1191,1191,P215/55R17,240,P215/55R17,240,,,,,,,,,80.9035530796695,12,9
2403056,67,12,1-67-2024-012-01,1,1,9999,9999,9999,9999999999,999,9999999999,999,,,,,,,,,90.5510879357148,7,9
2403043,77,104,1-77-2024-104-05,5,2,2090,982,1108,P225/45R17,220,P225/45R17,240,,,,,,,,,90.6570748528622,9,9
2403071,69,61,1-69-2024-061-03,3,1,2230,1220,1220,P225/60R18,230,P225/60R18,230,,,,,,,,,24.0868849457621,8,9
2403088,24,84,1-24-2024-084-09,9,2,9999,9999,9999,9999999999,999,9999999999,999,,,,,,,,,96.3610685705963,1,9
2403103,32,107,1-32-2024-107-02,2,1,1996,1076,929,P215/65R16,240,P215/65R16,220,,,,,,,,,8.16907752895326,7,9
2403105,32,109,1-32-2024-109-02,2,2,9999,9999,9999,9999999999,999,9999999999,999,,,,,,,,,8.16907752895326,7,9
2403135,26,94,1-26-2024-094-03,3,1,3084,1463,1724,LT265/60R18,250,LT265/60R18,250,,,,,,,,,146.032571117139,10,9
2403140,29,28,1-29-2024-028-03,3,1,1963,1097,945,P215/55R17,230,P215/55R17,230,,,,,,,,,251.073895347506,2,9
2403142,22,94,1-22-2024-094-03,3,1,1914,1080,850,P205/60R15,220,P205/60R15,200,,,,,,,,,42.8794568188438,12,9
2403116,82,78,1-82-2024-078-03,3,2,2033,1097,988,9999999999,999,9999999999,999,,,,,,,,,107.085378466083,1,9
2403157,62,84,1-62-2024-084-NM1,21,1,1619,892,727,P195/70R14,210,P195/70R14,210,,,,,,,,,50.4228553346501,7,9
2403166,59,99,1-59-2024-099-04,4,2,1720,990,950,P205/55R16,230,P205/55R16,230,,,,,,,,,235.392432458967,6,9
2403167,59,100,1-59-2024-100-03,3,1,2120,1260,1200,P235/60R18,240,P235/60R18,240,,,,,,,,,40.2896520955836,6,9
2403179,48,103,1-48-2024-103-09,9,2,2794,1397,1497,P225/50R20,240,P225/50R20,240,,,,,,,,,95.9824063547876,12,9
2403178,13,72,1-13-2024-072-03,3,1,2619,1290,1429,P235/45R20,999,P235/45R20,999,,,,,,,,,1709.50789744757,7,9
2403188,73,92,1-73-2024-092-05,5,2,4082,1873,2502,P235/65R16,360,P235/65R16,490,,,,,,,,,37.4388018482199,3,9
2403216,16,94,1-16-2024-094-01,1,1,2183,1025,1158,P245/40R19,250,P245/40R19,250,,,,,,,,,47.1549460249765,5,9
2404486,26,110,1-26-2024-110-05,5,1,1963,1097,945,P215/60R16,220,P215/60R16,220,,,,,,,,,336.483872205798,10,9
2400713,73,22,1-73-2024-022-06,6,1,3175,1565,1724,P275/65R18,240,P275/65R18,240,,,,,,,,,62.7249966038343,3,9
2405296,19,74,1-19-2024-074-09,9,1,1960,1050,930,P235/45R18,225,P235/45R18,220,,,,,,,,,803.524783167018,9,9
2401360,48,47,1-48-2024-047-05,5,1,1920,1019,901,P215/60R16,210,P215/60R16,210,,,,,,,,,80.9035530796695,12,9
2401360,48,47,1-48-2024-047-05,5,2,2040,1160,1140,P205/65R16,235,P205/65R16,235,,,,,,,,,80.9035530796695,12,9
2402093,14,33,1-14-2024-033-02,2,2,1660,875,785,9999999999,999,9999999999,999,,,,,,,,,73.7387227230028,8,9
2405439,82,158,1-82-2024-158-05,5,1,1695,900,810,P215/55R16,220,P215/55R16,220,,,,,,,,,23.9814262485552,1,9
2401234,62,33,1-62-2024-033-05,5,2,4128,1735,2665,LT245/70R17,345,LT245/70R17,552,,,,,,,,,151.647430427332,7,9
2403710,60,45,1-60-2024-045-06,6,2,1837,953,884,P205/65R16,240,P205/65R16,240,,,,,,,,,415.191984429728,8,9
2402714,11,75,1-11-2024-075-03,3,1,2505,1340,1270,P245/45R20,270,P245/45R20,280,,,,,,,,,109.934722303221,8,9
2402571,32,94,1-32-2024-094-NM1,21,1,9999,9999,9999,9999999999,999,9999999999,999,,,,,,,,,27.5926066558606,7,9
2401944,16,56,1-16-2024-056-04,4,2,1971,1210,1070,9999999999,999,9999999999,999,,,,,,,,,725.161737275765,5,9
2401446,22,42,1-22-2024-042-06,6,1,2720,1345,1590,P245/60R18,250,P245/60R18,250,,,,,,,,,36.9156947743252,12,9
2404586,25,121,1-25-2024-121-NM2,22,1,9999,9999,9999,9999999999,999,9999999999,999,,,,,,,,,117.391789482128,2,9
2402336,24,57,1-24-2024-057-03,3,3,3402,1588,1950,P265/65R18,240,P265/65R18,240,,,,,,,,,93.2665902000933,1,9
2401254,33,19,1-33-2024-019-08,8,1,2075,1160,935,9999999999,999,9999999999,999,,,,,,,,,39.8865413755801,12,9
2401340,59,44,1-59-2024-044-08,8,2,1716,905,835,P205/55R16,230,P205/55R16,230,,,,,,,,,88.9173994035588,6,9
2401091,81,23,1-81-2024-023-04,4,2,2314,1275,1275,P245/45R20,220,P245/45R20,220,,,,,,,,,2096.4964888712,8,9
2403404,11,98,1-11-2024-098-04,4,2,2041,1065,1025,P225/65R17,230,P225/65R17,230,,,,,,,,,272.59259676945,8,9
2400072,62,5,1-62-2024-005-06,6,1,2260,1140,1210,P245/40R18,260,P245/40R18,280,,,,,,,,,2580.51563805831,7,9
2400072,62,5,1-62-2024-005-06,6,3,1917,1010,940,P235/45R18,230,P235/45R18,230,,,,,,,,,2580.51563805831,7,9
2403229,14,53,1-14-2024-053-03,3,1,2146,1188,1098,P235/40R19,240,P235/40R19,240,,,,,,,,,400.274020463203,8,9
2403230,32,111,1-32-2024-111-02,2,2,2098,1141,1098,P235/40R19,240,P235/40R19,240,,,,,,,,,9.15925905654207,7,9
2403233,32,114,1-32-2024-114-05,5,1,2405,1275,1275,P245/45R20,220,P245/45R20,220,,,,,,,,,54.6650925289724,7,9
2403254,15,127,1-15-2024-127-05,5,2,4536,2495,2949,9999999999,999,9999999999,999,,,,,,,,,13.6400789963135,1,9
2403256,79,69,1-79-2024-069-06,6,2,2747,1339,1452,P235/60R18,250,P235/60R18,250,,,,,,,,,120.772111910736,8,9
2403247,22,98,1-22-2024-098-09,9,2,2505,1300,1300,P235/55R18,210,P235/55R18,210,,,,,,,,,137.698592865848,12,9
2403264,28,97,1-28-2024-097-03,3,1,2745,1339,1407,P225/65R17,250,P225/65R17,250,,,,,,,,,28.3089754479373,3,9
2403262,69,66,1-69-2024-066-03,3,1,1785,1050,971,P195/65R15,260,P195/65R15,250,,,,,,,,,28.3981261614182,8,9
2403208,11,90,1-11-2024-090-03,3,3,9999,9999,9999,9999999999,999,9999999999,999,,,,,,,,,146.854334010622,8,9
2403272,69,67,1-69-2024-067-03,3,1,3879,2100,2400,LT225/75R16,450,LT225/75R16,550,,,,,,,,,28.3981261614182,8,9
2403289,62,87,1-62-2024-087-02,2,1,9999,9999,9999,9999999999,999,9999999999,999,,,,,,,,,27.4104501869369,7,9
2403285,81,73,1-81-2024-073-01,1,4,1828,980,860,P215/50R17,240,P215/50R17,220,,,,,,,,,82.1455309731661,8,9
2403297,77,113,1-77-2024-113-04,4,1,2132,1191,1134,P215/55R17,230,P215/55R17,230,,,,,,,,,367.311932666986,9,9
2403288,81,76,1-81-2024-076-08,8,1,1860,1030,855,P205/55R16,240,P205/55R16,220,,,,,,,,,465.60520980179,8,9
2403307,48,108,1-48-2024-108-09,9,1,9999,9999,9999,9999999999,999,9999999999,999,,,,,,,,,187.339449425268,12,9
2403308,48,109,1-48-2024-109-06,6,1,1886,889,997,9999999999,999,9999999999,999,,,,,,,,,93.2394399188157,12,9
2403338,17,103,1-17-2024-103-04,4,2,2268,1280,1370,P235/55R19,250,P235/55R19,250,,,,,,,,,130.494376308712,4,9
2403347,24,93,1-24-2024-093-05,5,2,2122,1072,1089,P225/65R17,230,P225/65R17,230,,,,,,,,,24.2721053029394,1,9
2403349,24,95,1-24-2024-095-09,9,1,9999,9999,9999,9999999999,999,9999999999,999,,,,,,,,,1639.03205183642,1,9
2403334,69,69,1-69-2024-069-02,2,1,1635,865,780,P205/55R16,230,P205/55R16,230,,,,,,,,,7.30201599951961,8,9
2403359,14,56,1-14-2024-056-05,5,1,1823,975,856,P205/60R16,250,P205/60R16,250,,,,,,,,,76.4230415651045,8,9
2403367,28,99,1-28-2024-099-07,7,1,2949,1452,1770,P265/60R18,250,P265/60R18,250,,,,,,,,,289.108417871641,3,9
2403378,16,98,1-16-2024-098-NM1,21,1,2473,1248,1339,P225/65R17,250,P225/65R17,250,,,,,,,,,23.4984908001716,5,9
2403379,16,99,1-16-2024-099-01,1,2,1492,798,708,P185/65R14,210,P185/65R14,200,,,,,,,,,75.8360340917396,5,9
2403380,79,71,1-79-2024-071-04,4,2,3957,1780,2177,9999999999,999,9999999999,999,,,,,,,,,103.687310341295,8,9
2403393,21,69,1-21-2024-069-02,2,1,3455,1850,1850,P265/60R20,240,P265/60R20,240,,,,,,,,,11.0430466560592,11,9
2403393,21,69,1-21-2024-069-02,2,2,9999,9999,9999,9999999999,999,9999999999,999,,,,,,,,,11.0430466560592,11,9
2403385,82,85,1-82-2024-085-03,3,2,2090,1150,1150,P225/65R17,250,P225/65R17,250,,,,,,,,,111.316539755497,1,9
2403387,82,87,1-82-2024-087-06,6,2,2029,1056,973,P225/50R18,210,P225/50R18,210,,,,,,,,,346.376623734345,1,9
2403398,22,101,1-22-2024-101-10,10,1,9999,9999,9999,9999999999,999,9999999999,999,,,,,,,,,71.5732728614493,12,9
2403406,27,109,1-27-2024-109-03,3,1,9999,9999,9999,9999999999,999,9999999999,999,,,,,,,,,21.3864561982913,3,9
2403416,81,80,1-81-2024-080-06,6,2,2108,1070,1038,P235/50R18,240,P235/50R18,240,,,,,,,,,2683.6912169643,8,9
2403435,18,96,1-18-2024-096-01,1,1,2747,1339,1452,P235/65R17,250,P235/65R17,250,,,,,,,,,63.8166126674341,6,9
2403426,67,16,1-67-2024-016-04,4,2,2041,1089,975,P235/50R17,250,P235/50R17,250,,,,,,,,,612.985375623985,7,9
2403430,62,91,1-62-2024-091-03,3,1,2765,1270,1515,P245/60R20,220,P245/60R20,220,,,,,,,,,349.88479232887,7,9
2403443,30,122,1-30-2024-122-03,3,2,3130,1770,1860,P275/55R20,250,P275/55R20,250,,,,,,,,,215.06082110319,10,9
2403452,79,74,1-79-2024-074-09,9,1,9999,9999,9999,9999999999,999,9999999999,999,,,,,,,,,471.250345043091,8,9
2403453,79,75,1-79-2024-075-06,6,1,3266,1701,1746,P275/65R18,240,P275/65R18,240,,,,,,,,,193.378344916823,8,9
2403472,25,88,1-25-2024-088-03,3,4,2790,1266,1583,P275/45R21,230,P275/45R21,230,,,,,,,,,78.8459476035381,2,9
2403473,25,89,1-25-2024-089-05,5,2,9999,9999,9999,9999999999,999,9999999999,999,,,,,,,,,39.3581661506128,2,9
2400613,28,15,1-28-2024-015-04,4,1,1388,780,750,P185/55R15,240,P185/55R15,240,,,,,,,,,64.9819660427781,3,9
2400699,16,22,1-16-2024-022-02,2,2,3402,1640,1970,P275/60R20,240,P275/60R20,240,,,,,,,,,18.740072057542,5,9
2401695,66,38,1-66-2024-038-10,10,1,9999,9999,9999,9999999999,999,9999999999,999,,,,,,,,,242.389498710963,6,9
2404792,48,155,1-48-2024-155-04,4,2,2694,1191,1554,P255/55R20,230,P255/55R20,230,,,,,,,,,85.7677087053401,12,9
2404543,10,85,1-10-2024-085-03,3,2,2744,1309,1588,P255/65R17,240,P255/65R17,240,,,,,,,,,106.552789200513,4,9
2403653,59,113,1-59-2024-113-07,7,2,1726,895,831,P195/60R15,230,P195/60R15,230,,,,,,,,,956.812136728296,6,9
2404151,81,102,1-81-2024-102-02,2,2,1795,960,840,P205/60R16,230,P205/60R16,230,,,,,,,,,26.6902214863668,8,9
2404194,57,112,1-57-2024-112-06,6,1,2030,1129,1098,P215/55R17,240,P215/55R17,240,,,,,,,,,434.808217575031,1,9
2404443,20,111,1-20-2024-111-06,6,2,2110,1095,1095,P225/55R18,230,P225/55R18,220,,,,,,,,,4054.83801603088,11,9
2405637,60,93,1-60-2024-093-01,1,1,2100,1170,1100,P235/60R16,210,P235/60R16,210,,,,,,,,,35.3078303623944,8,9
2403739,79,79,1-79-2024-079-10,10,1,2472,1249,1410,P245/75R16,200,P245/75R16,200,,,,,,,,,174.035213758045,8,9
2404071,48,130,1-48-2024-130-06,6,2,1950,1060,920,P215/50R17,220,P215/50R17,210,,,,,,,,,420.915271729304,12,9
2405946,16,128,1-16-2024-128-02,2,1,2125,1145,1000,P245/45R18,230,P245/45R18,230,,,,,,,,,28.4733610013342,5,9
2402411,54,61,1-54-2024-061-08,8,1,9999,9999,9999,9999999999,999,9999999999,999,,,,,,,,,161.994257211147,9,9
2400845,73,28,1-73-2024-028-10,10,1,2131,1140,1000,P245/45R18,230,P245/45R18,230,,,,,,,,,664.209578041169,3,9
2400181,59,9,1-59-2024-009-08,8,1,1923,980,979,P215/55R16,210,P215/55R16,210,,,,,,,,,157.411754942879,6,9
2403244,22,95,1-22-2024-095-06,6,2,2085,1150,1150,P235/55R18,220,P235/55R18,220,,,,,,,,,88.2065738868729,12,9
2405445,24,149,1-24-2024-149-02,2,1,9999,9999,9999,9999999999,999,9999999999,999,,,,,,,,,24.2721053029394,1,9
2404572,12,87,1-12-2024-087-03,3,2,1750,1030,950,P225/45R17,235,P225/45R17,215,,,,,,,,,164.057323491007,9,9
2400891,31,17,1-31-2024-017-04,4,1,2722,1350,1545,P235/65R18,240,P235/65R18,240,,,,,,,,,222.052598299916,6,9
2402557,73,77,1-73-2024-077-09,9,1,1880,930,1000,P215/60R16,200,P215/60R16,190,,,,,,,,,37.2128206324797,3,9
2404532,77,144,1-77-2024-144-09,9,1,2535,1160,1390,P265/65R17,220,P265/65R17,220,,,,,,,,,74.095201462238,9,9
2401827,76,51,1-76-2024-051-03,3,1,1840,960,910,P215/45R17,220,P215/45R17,220,,,,,,,,,71.5495535595937,3,9
2401329,31,27,1-31-2024-027-07,7,1,1700,915,795,P195/65R15,210,P195/65R15,210,,,,,,,,,230.868935151332,6,9
2404675,62,135,1-62-2024-135-05,5,2,2195,1134,1067,P235/45R19,250,P235/45R19,250,,,,,,,,,99.0846069578782,7,9
2402096,32,74,1-32-2024-074-05,5,2,2092,1185,1185,P215/55R17,255,P215/55R17,255,,,,,,,,,34.8659199592484,7,9
2401429,52,19,1-52-2024-019-07,7,1,2025,1175,1200,P225/65R17,240,P225/65R17,240,,,,,,,,,2619.08789895051,12,9
2404054,10,71,1-10-2024-071-02,2,1,2021,1075,962,9999999999,999,9999999999,999,,,,,,,,,22.3566511295402,4,9
2400224,60,5,1-60-2024-005-03,3,1,2360,1090,1380,9999999999,999,9999999999,999,,,,,,,,,272.233086345417,8,9
2401741,77,58,1-77-2024-058-06,6,1,2100,970,1215,P225/40R19,240,P225/40R19,290,,,,,,,,,216.01935162615,9,9
2400353,76,6,1-76-2024-006-10,10,1,1665,880,785,P205/55R16,220,P205/55R16,220,,,,,,,,,84.6789860292199,3,9
2402617,10,36,1-10-2024-036-03,3,1,1950,990,1000,P205/55R16,230,P205/55R16,220,,,,,,,,,150.425980569647,4,9
2402076,66,50,1-66-2024-050-04,4,2,2405,1275,1275,P225/60R18,207,P225/60R18,207,,,,,,,,,114.973892842,6,9
2400310,67,4,1-67-2024-004-05,5,2,1923,1020,1081,P225/70R14,240,P225/70R14,240,,,,,,,,,96.9891704382482,7,9
2404887,17,158,1-17-2024-158-NM2,22,1,9999,9999,9999,9999999999,999,9999999999,999,,,,,,,,,62.2469031035836,4,9
2400659,26,12,1-26-2024-012-05,5,1,2105,1095,1010,9999999999,999,9999999999,999,,,,,,,,,44.028673942891,10,9
2405030,77,159,1-77-2024-159-07,7,1,1633,863,770,P205/55R17,220,P205/55R17,220,,,,,,,,,6592.58662467234,9,9
2401200,15,44,1-15-2024-044-03,3,1,9999,9999,9999,9999999999,999,9999999999,999,,,,,,,,,13.5934492145627,1,9
2403115,82,77,1-82-2024-077-03,3,2,1960,1050,930,P215/55R17,228,P215/55R17,228,,,,,,,,,107.085378466083,1,9
2405803,17,190,1-17-2024-190-04,4,2,2230,1220,1220,P225/55R19,230,P225/55R19,230,,,,,,,,,323.259744019396,4,9
2402554,14,43,1-14-2024-043-03,3,2,2200,1250,1220,P225/65R17,240,P225/65R17,230,,,,,,,,,129.983928112495,8,9
2403573,12,61,1-12-2024-061-07,7,1,2015,1074,941,P215/50R17,250,P215/50R17,250,,,,,,,,,265.552573114546,9,9
2403495,48,112,1-48-2024-112-03,3,1,2540,1335,1490,P265/70R16,210,P265/70R16,210,,,,,,,,,54.9604072040948,12,9
2403500,32,122,1-32-2024-122-NM1,21,1,1780,990,910,P205/55R16,250,P205/55R16,250,,,,,,,,,14.4199310356771,7,9
2403510,82,90,1-82-2024-090-06,6,2,9999,9999,9999,9999999999,999,9999999999,999,,,,,,,,,254.538804801585,1,9
2403521,22,104,1-22-2024-104-04,4,1,1900,1060,1060,P225/60R17,240,P225/60R17,240,,,,,,,,,111.947355719657,12,9
2403519,27,113,1-27-2024-113-03,3,1,9999,9999,9999,9999999999,999,9999999999,999,,,,,,,,,15.5297407695143,3,9
2403518,27,112,1-27-2024-112-07,7,2,1970,1010,1000,P225/60R17,230,P225/60R17,220,,,,,,,,,354.886135920309,3,9
2403526,21,74,1-21-2024-074-03,3,3,1844,1050,971,P205/55R16,240,P205/55R16,230,,,,,,,,,389.264030585975,11,9
2403533,76,97,1-76-2024-097-04,4,1,1930,1060,1060,P225/55R18,240,P225/55R18,240,,,,,,,,,160.144038500939,3,9
2403536,20,95,1-20-2024-095-03,3,2,1721,1059,1021,P185/65R15,240,P185/65R15,230,,,,,,,,,140.279626384234,11,9
2403537,62,95,1-62-2024-095-05,5,3,1917,1010,940,P235/45R18,230,P235/45R18,230,,,,,,,,,41.4953495991345,7,9
2403539,81,82,1-81-2024-082-09,9,2,1725,940,840,P205/60R16,230,P205/60R16,230,,,,,,,,,1735.07853290752,8,9
2403561,48,115,1-48-2024-115-10,10,1,3402,1610,1928,P275/65R18,240,P275/65R18,240,,,,,,,,,2731.40480891654,12,9
2403575,20,97,1-20-2024-097-02,2,1,9999,9999,9999,9999999999,999,9999999999,999,,,,,,,,,19.9171728154044,11,9
2403590,66,74,1-66-2024-074-10,10,1,2126,1143,983,9999999999,999,9999999999,999,,,,,,,,,969.55799484385,6,9
2403591,66,75,1-66-2024-075-03,3,2,1917,1001,916,P215/55R16,210,P215/55R16,210,,,,,,,,,79.4686416678806,6,9
2403595,24,100,1-24-2024-100-02,2,1,1720,990,950,P205/55R16,230,P205/55R16,230,,,,,,,,,24.2721053029394,1,9
2403597,24,102,1-24-2024-102-06,6,1,2005,914,1139,P225/50R17,220,P225/50R17,220,P225/50R17,240,P225/50R17,290,,,,,302.709902153167,1,9
2403604,11,107,1-11-2024-107-07,7,2,9999,9999,9999,9999999999,999,9999999999,999,,,,,,,,,1960.40096738067,8,9
2403609,28,107,1-28-2024-107-06,6,1,3266,1792,1792,P275/55R20,220,P275/55R20,220,,,,,,,,,61.8342882077077,3,9
2403619,27,114,1-27-2024-114-03,3,1,2765,1325,1525,P245/65R17,220,P245/65R17,220,,,,,,,,,11.8514312322575,3,9
2403620,27,115,1-27-2024-115-06,6,2,1950,990,1000,P205/55R16,240,P205/55R16,230,,,,,,,,,35.6254961100411,3,9
2403631,22,110,1-22-2024-110-06,6,1,9999,9999,9999,9999999999,999,9999999999,999,,,,,,,,,25.2675524846257,12,9
2403639,22,112,1-22-2024-112-07,7,1,3266,1792,1792,LT265/70R17,280,LT265/70R17,280,,,,,,,,,106.715881703067,12,9
2403642,15,146,1-15-2024-146-06,6,1,2040,1160,1140,P215/55R17,235,P215/55R17,235,,,,,,,,,84.2221488644135,1,9
2403654,59,114,1-59-2024-114-05,5,1,2877,1452,1520,P245/55R18,250,P245/55R18,250,,,,,,,,,53.1907731759788,6,9
2403665,77,125,1-77-2024-125-05,5,1,2695,1320,1450,P235/65R16,240,P235/65R16,240,,,,,,,,,115.496388483015,9,9
2403665,77,125,1-77-2024-125-05,5,2,1970,1010,1000,P225/55R17,230,P225/55R17,220,,,,,,,,,115.496388483015,9,9
2403679,66,76,1-66-2024-076-09,9,1,1598,850,820,P185/55R15,230,P185/55R15,230,,,,,,,,,97.5596917228585,6,9
2403681,48,122,1-48-2024-122-06,6,1,1734,905,835,P205/55R16,230,P205/55R16,230,,,,,,,,,94.3884388953899,12,9
2403675,67,21,1-67-2024-021-06,6,2,4531,1851,3202,LT215/85R16,390,LT215/85R16,380,,,,,,,,,598.825986261435,7,9
2403686,12,63,1-12-2024-063-09,9,1,3039,1564,1723,P255/65R17,240,P255/65R17,240,,,,,,,,,1204.16320291651,9,9
2403704,24,104,1-24-2024-104-06,6,1,2100,989,1175,P225/45R18,220,P225/45R18,240,,,,,,,,,119.641759930104,1,9
2403718,16,105,1-16-2024-105-03,3,3,1700,915,795,P195/65R15,210,P195/65R15,210,,,,,,,,,454.252099899615,5,9
2403722,28,114,1-28-2024-114-07,7,1,2050,1150,1200,P225/55R17,230,P225/55R17,220,,,,,,,,,44.330330715033,3,9
2403700,69,80,1-69-2024-080-01,1,1,2132,1191,1152,P215/55R17,230,P215/55R17,230,,,,,,,,,12.402162466744,8,9
2403728,31,73,1-31-2024-073-06,6,1,2504,1343,1161,P255/45R19,230,P255/45R19,230,,,,,,,,,308.176861795721,6,9
2403737,24,106,1-24-2024-106-03,3,1,1695,900,810,9999999999,999,9999999999,999,,,,,,,,,38.4497850423982,1,9
2403750,15,150,1-15-2024-150-06,6,1,2030,1070,960,P235/40R19,225,P235/40R19,225,,,,,,,,,63.3697750534753,1,9
2403708,11,111,1-11-2024-111-03,3,1,2572,1225,1383,P255/50R20,230,P255/50R20,230,,,,,,,,,58.7493642784988,8,9
2403783,48,123,1-48-2024-123-04,4,2,9999,9999,9999,9999999999,999,9999999999,999,,,,,,,,,197.972576161515,12,9
2403787,67,22,1-67-2024-022-04,4,2,9999,9999,9999,9999999999,999,9999999999,999,,,,,,,,,459.524924014575,7,9
2403797,20,100,1-20-2024-100-09,9,1,2405,1275,1275,P225/60R18,207,P225/60R18,207,,,,,,,,,1836.75702736119,11,9
2403788,67,23,1-67-2024-023-03,3,2,2855,1360,1560,P265/70R17,220,P265/70R17,220,,,,,,,,,107.371301457247,7,9
2403809,33,66,1-33-2024-066-05,5,1,2250,1300,1395,P235/55R19,241,P235/55R19,241,,,,,,,,,25.3427821602115,12,9
2403802,17,119,1-17-2024-119-03,3,2,2018,1097,969,P235/40R19,230,P235/40R19,230,,,,,,,,,84.9097725138934,4,9
2403811,24,108,1-24-2024-108-06,6,1,1905,1020,910,P205/65R16,230,P205/65R16,220,,,,,,,,,447.799479425483,1,9
2403828,28,117,1-28-2024-117-03,3,1,2747,1339,1452,P235/65R17,250,P235/65R17,250,,,,,,,,,59.3520019457149,3,9
2403829,26,104,1-26-2024-104-02,2,2,2130,1100,1040,P235/60R18,230,P235/60R18,210,,,,,,,,,58.2516012726861,10,9
2403835,29,43,1-29-2024-043-06,6,1,2159,1125,1034,P235/55R17,240,P235/55R17,240,,,,,,,,,280.671944583498,2,9
2403844,30,136,1-30-2024-136-03,3,2,2540,1335,1490,P265/65R17,200,P265/65R17,200,,,,,,,,,298.263643019881,10,9
2403846,81,93,1-81-2024-093-03,3,1,2080,1070,1060,P225/60R17,220,P225/60R17,210,,,,,,,,,1224.05256267546,8,9
2403860,67,24,1-67-2024-024-01,1,2,2131,1140,1000,9999999999,999,9999999999,999,,,,,,,,,66.8119266347119,7,9
2403869,73,109,1-73-2024-109-09,9,1,1730,980,820,P195/65R15,220,P195/65R15,220,,,,,,,,,86.5848248817923,3,9
2403874,19,50,1-19-2024-050-08,8,1,2472,1270,1436,P235/75R15,241,P235/75R15,283,,,,,,,,,70.8994340810439,9,9
2403883,69,84,1-69-2024-084-04,4,1,2190,1075,1125,P225/55R17,240,P225/55R17,240,,,,,,,,,89.8384928002341,8,9
2403884,69,85,1-69-2024-085-04,4,2,1554,794,775,P185/65R15,230,P185/65R15,230,,,,,,,,,89.8384928002341,8,9
2403894,25,102,1-25-2024-102-03,3,2,4536,2722,2740,LT275/70R18,415,LT275/70R18,415,,,,,,,,,266.279947571518,2,9
2403901,32,126,1-32-2024-126-02,2,1,1968,1050,960,P215/70R16,228,P215/70R16,228,,,,,,,,,36.3666949251999,7,9
2403920,15,154,1-15-2024-154-06,6,2,2719,1406,1406,P235/60R17,999,P235/60R17,999,,,,,,,,,74.7951999128499,1,9
2403914,22,119,1-22-2024-119-09,9,1,3175,1724,1814,P265/70R17,210,P265/70R17,210,,,,,,,,,248.33843233682,12,9
2403926,31,81,1-31-2024-081-09,9,1,1929,1031,912,P205/60R16,235,P205/60R16,235,,,,,,,,,161.39423315543,6,9
2403931,52,42,1-52-2024-042-04,4,1,9999,9999,9999,9999999999,999,9999999999,999,,,,,,,,,253.578816658525,12,9
2403904,30,137,1-30-2024-137-05,5,1,2812,1433,1706,P245/70R16,180,P265/70R16,240,,,,,,,,,43.4171900907947,10,9
2403953,54,96,1-54-2024-096-04,4,2,2475,1200,1450,P245/60R18,240,P245/60R18,240,,,,,,,,,1191.31459945986,9,9
2403964,12,70,1-12-2024-070-02,2,2,3221,1724,1724,P275/60R20,220,P275/60R20,240,,,,,,,,,221.517683883591,9,9
2403969,69,87,1-69-2024-087-09,9,2,1805,1030,987,P195/65R15,240,P195/65R15,230,,,,,,,,,422.536777767683,8,9
2403982,19,52,1-19-2024-052-09,9,1,1952,1031,921,P215/60R16,210,P215/60R16,210,,,,,,,,,1740.58935077855,9,9
2403982,19,52,1-19-2024-052-09,9,2,2113,1004,1118,P225/55R17,230,P225/55R17,230,,,,,,,,,1740.58935077855,9,9
2403984,27,123,1-27-2024-123-02,2,2,2830,1580,1485,P265/70R17,210,P265/70R17,210,,,,,,,,,17.0270955559146,3,9
2404003,76,105,1-76-2024-105-03,3,1,1985,1025,1000,P225/60R17,230,P225/60R17,220,,,,,,,,,71.5495535595937,3,9
2404007,28,122,1-28-2024-122-08,8,1,2000,1043,957,P215/55R17,210,P215/55R17,210,,,,,,,,,48.0385140677194,3,9
2404014,81,97,1-81-2024-097-03,3,2,2123,1210,1070,P215/55R17,210,P215/55R17,210,,,,,,,,,444.901536143356,8,9
2403960,33,70,1-33-2024-070-08,8,2,3266,1701,1746,P275/65R18,240,P275/65R18,240,,,,,,,,,29.5346785988684,12,9
2404020,76,109,1-76-2024-109-04,4,1,1780,990,950,9999999999,999,9999999999,999,,,,,,,,,86.4714255045695,3,9
2404021,22,121,1-22-2024-121-08,8,1,1535,830,755,P195/55R16,230,P195/55R16,230,,,,,,,,,32.2342128751331,12,9
2404027,82,105,1-82-2024-105-03,3,1,9999,9999,9999,P215/55R16,200,P215/55R16,200,,,,,,,,,139.557521301747,1,9
2401654,17,54,1-17-2024-054-07,7,2,4037,2100,2400,LT225/75R16,450,LT225/75R16,550,,,,,,,,,364.699531711488,4,9
2400303,54,14,1-54-2024-014-07,7,2,9999,9999,9999,9999999999,999,9999999999,999,,,,,,,,,163.639088013261,9,9
2404880,31,103,1-31-2024-103-04,4,2,2023,1068,959,P235/50R17,230,P235/50R17,230,,,,,,,,,222.052598299916,6,9
2403907,18,106,1-18-2024-106-03,3,2,3243,1633,1882,P275/60R20,240,P275/60R20,240,,,,,,,,,71.1428090245742,6,9
2403174,77,109,1-77-2024-109-05,5,2,1892,957,872,P215/60R16,240,P215/60R16,240,,,,,,,,,90.6570748528622,9,9
2403074,30,106,1-30-2024-106-04,4,1,3311,1633,1905,P285/45R22,240,P285/45R22,240,,,,,,,,,814.395752762539,10,9
2402533,24,67,1-24-2024-067-03,3,1,1780,990,950,P195/65R15,250,P195/65R15,250,,,,,,,,,122.594712962901,1,9
2403051,48,100,1-48-2024-100-08,8,1,1789,966,832,P215/45R17,220,P215/45R17,200,,,,,,,,,180.20989511901,12,9
2402218,28,64,1-28-2024-064-10,10,1,2012,1034,978,P215/60R16,240,P215/60R16,240,,,,,,,,,161.136721809064,3,9
2405782,57,182,1-57-2024-182-03,3,2,2030,1188,1098,P235/40R19,240,P235/40R19,240,,,,,,,,,67.5142507477967,1,9
2401036,32,34,1-32-2024-034-NM1,21,2,3334,1769,1882,P275/60R20,240,P275/60R20,240,,,,,,,,,15.678814367208,7,9
2406045,12,120,1-12-2024-120-04,4,1,2650,1295,1425,P245/50R20,240,P245/50R20,240,,,,,,,,,331.530424264406,9,9
2401717,21,31,1-21-2024-031-01,1,1,2110,1100,1065,P255/35R19,240,P255/35R19,240,,,,,,,,,117.966202199051,11,9
2404717,28,143,1-28-2024-143-09,9,1,1712,895,9999,9999999999,999,9999999999,999,,,,,,,,,34.7771381559099,3,9
2404030,15,159,1-15-2024-159-03,3,1,9999,9999,9999,9999999999,999,9999999999,999,,,,,,,,,27.339293903016,1,9
2400535,77,16,1-77-2024-016-03,3,2,2081,1051,1029,P215/50R17,260,P215/50R17,260,,,,,,,,,116.650917615877,9,9
2405404,18,131,1-18-2024-131-05,5,2,2800,1450,1600,P255/55R20,999,P255/55R20,999,,,,,,,,,50.9427492020977,6,9
2401076,66,21,1-66-2024-021-10,10,2,2599,1495,1511,P265/70R16,240,P265/70R16,240,,,,,,,,,242.389498710963,6,9
2402424,73,72,1-73-2024-072-03,3,1,2030,1188,1098,P235/45R18,999,P235/45R18,999,,,,,,,,,23.5881329232141,3,9
2400787,54,22,1-54-2024-022-06,6,2,2386,1261,1198,P235/60R17,260,P235/60R17,260,,,,,,,,,431.29120176655,9,9
2400621,14,9,1-14-2024-009-04,4,1,1815,980,845,9999999999,999,9999999999,999,,,,,,,,,1430.40940723328,8,9
2403612,28,110,1-28-2024-110-03,3,1,2200,1250,1220,P225/60R18,240,P225/60R18,230,,,,,,,,,28.3089754479373,3,9
2404010,28,125,1-28-2024-125-03,3,1,3175,1565,1724,P275/65R18,240,P275/65R18,240,,,,,,,,,28.3089754479373,3,9
2406174,25,173,1-25-2024-173-05,5,2,1733,939,839,P205/55R16,220,P205/55R16,220,,,,,,,,,49.8833818457308,2,9
2400595,17,18,1-17-2024-018-03,3,1,2250,1175,1240,P225/65R17,240,P225/65R17,240,,,,,,,,,56.2627107467575,4,9
2404508,21,101,1-21-2024-101-02,2,1,2155,1075,1134,P275/35R19,220,P285/30R20,220,,,,,,,,,9.63819602034845,11,9
2403469,24,97,1-24-2024-097-08,8,1,3220,1810,1880,P275/55R20,999,P275/55R20,999,,,,,,,,,91.2848095767464,1,9
2405905,54,129,1-54-2024-129-03,3,1,2540,1335,1490,P265/65R17,221,P265/65R17,221,,,,,,,,,137.769563396817,9,9
2405364,10,105,1-10-2024-105-06,6,2,4037,2100,2400,LT225/75R16,450,LT225/75R16,550,,,,,,,,,607.531493687446,4,9
2404943,24,137,1-24-2024-137-NM2,22,1,9999,9999,9999,9999999999,999,9999999999,999,,,,,,,,,103.775968566411,1,9
2404302,73,116,1-73-2024-116-05,5,2,1800,990,910,P225/45R17,230,P225/45R17,230,,,,,,,,,34.7225186472303,3,9
2402716,25,64,1-25-2024-064-09,9,1,2733,1679,1770,P245/70R17,240,P245/70R17,240,,,,,,,,,732.639844334841,2,9
2402467,60,27,1-60-2024-027-03,3,1,2090,1150,1150,P225/65R17,240,P225/65R17,240,,,,,,,,,280.060454683104,8,9
2401056,21,26,1-21-2024-026-05,5,1,2190,1075,1125,P225/55R17,240,P225/55R17,240,,,,,,,,,13.223965808446,11,9
2400452,33,5,1-33-2024-005-08,8,1,9999,9999,9999,P205/60R16,220,P205/60R16,220,P215/50R17,220,P215/50R17,220,,,,,68.2200589003777,12,9
2405321,11,157,1-11-2024-157-02,2,2,9999,9999,9999,9999999999,999,9999999999,999,,,,,,,,,30.7614595081659,8,9
2402075,66,49,1-66-2024-049-01,1,2,1720,990,950,P225/45R17,230,P225/45R17,230,,,,,,,,,106.258770256521,6,9
2406068,24,167,1-24-2024-167-02,2,1,2095,1090,1055,P235/60R18,230,P235/60R18,210,,,,,,,,,24.2721053029394,1,9
2402865,16,86,1-16-2024-086-05,5,2,2100,1191,1191,P205/65R16,240,P205/65R16,240,,,,,,,,,49.9895265329744,5,9
2401199,30,40,1-30-2024-040-07,7,1,2270,1350,1395,P235/55R19,235,P235/55R19,235,,,,,,,,,1198.83468004154,10,9
2403555,10,57,1-10-2024-057-06,6,3,1940,1000,990,P999/99R99,999,P999/99R99,999,,,,,,,,,529.513381579315,4,9
2403804,19,47,1-19-2024-047-03,3,1,1780,1050,971,P205/55R16,240,P205/55R16,230,,,,,,,,,49.2099979334122,9,9
2404043,11,123,1-11-2024-123-04,4,1,2080,1200,1150,P225/60R17,240,P225/60R17,240,,,,,,,,,266.740512711128,8,9
2404055,23,42,1-23-2024-042-05,5,2,2223,1165,1130,P225/60R17,230,P225/60R17,220,,,,,,,,,106.980373929413,5,9
2404049,62,115,1-62-2024-115-08,8,2,3502,1678,1928,P275/65R18,240,P275/65R18,240,,,,,,,,,418.525437508354,7,9
2404071,48,130,1-48-2024-130-06,6,1,2092,1185,1185,P215/55R17,255,P215/55R17,255,,,,,,,,,420.915271729304,12,9
2404050,62,116,1-62-2024-116-01,1,4,1660,875,785,P205/55R17,220,P205/55R17,220,,,,,,,,,187.399481537113,7,9
2404072,18,111,1-18-2024-111-03,3,2,2380,1210,1300,P225/60R18,240,P225/60R18,240,,,,,,,,,71.973811785793,6,9
2404078,12,74,1-12-2024-074-03,3,1,2080,1200,1150,P225/60R17,240,P225/60R17,240,,,,,,,,,164.057323491007,9,9
2404092,17,132,1-17-2024-132-10,10,2,2908,1450,1600,P255/65R18,240,P255/65R18,240,,,,,,,,,2232.66190323907,4,9
2404101,24,113,1-24-2024-113-04,4,1,1800,960,840,P215/55R16,240,P215/55R16,230,,,,,,,,,205.60818699093,1,9
2404109,25,107,1-25-2024-107-06,6,2,1810,972,880,P195/65R15,240,P195/65R15,240,,,,,,,,,223.222186627092,2,9
2404119,14,73,1-14-2024-073-03,3,1,2663,1340,1450,P245/60R18,240,P245/60R18,240,,,,,,,,,228.411965931315,8,9
2404119,14,73,1-14-2024-073-03,3,3,3130,1565,1724,P255/65R17,240,P255/65R17,240,,,,,,,,,228.411965931315,8,9
2404122,27,125,1-27-2024-125-04,4,2,2268,1191,1105,P225/55R18,220,P225/55R18,220,,,,,,,,,18.7495302149441,3,9
2404126,82,107,1-82-2024-107-03,3,2,2690,1635,1635,P235/65R18,250,P235/65R18,250,,,,,,,,,146.023499594545,1,9
2404145,31,85,1-31-2024-085-05,5,1,1870,980,940,P205/55R17,250,P205/55R17,250,,,,,,,,,223.697137607501,6,9
2404164,59,122,1-59-2024-122-05,5,2,3175,1531,1724,P265/70R17,240,P265/70R17,240,,,,,,,,,64.5686342016191,6,9
2404191,76,117,1-76-2024-117-03,3,1,2110,1180,1080,P225/60R17,240,P225/60R17,220,,,,,,,,,71.5495535595937,3,9
2404156,62,119,1-62-2024-119-01,1,1,2700,1300,1430,P235/70R16,220,P235/70R16,220,,,,,,,,,49.559653818109,7,9
2404196,28,129,1-28-2024-129-04,4,3,3221,1565,1724,P265/70R17,240,P265/70R17,240,,,,,,,,,47.851485985308,3,9
2404211,32,129,1-32-2024-129-03,3,1,2025,1175,1200,P225/65R17,240,P225/65R17,240,,,,,,,,,349.213384549016,7,9
2404151,81,102,1-81-2024-102-02,2,1,2100,1089,1154,P225/40R18,250,P255/35R18,250,,,,,,,,,26.6902214863668,8,9
2404151,81,102,1-81-2024-102-02,2,3,2705,1350,1435,P255/50R20,240,P255/50R20,240,,,,,,,,,26.6902214863668,8,9
2404222,27,129,1-27-2024-129-04,4,1,1710,953,857,P205/55R17,230,P205/55R17,230,,,,,,,,,18.7495302149441,3,9
2404229,12,76,1-12-2024-076-09,9,1,2440,1297,1157,P245/50R20,240,P245/50R20,240,,,,,,,,,213.959774403008,9,9
2404226,69,95,1-69-2024-095-07,7,2,1780,990,910,P205/55R16,250,P205/55R16,250,,,,,,,,,993.965132071488,8,9
2404228,69,97,1-69-2024-097-02,2,1,2210,1350,1395,P235/65R17,235,P235/65R17,235,,,,,,,,,7.30201599951961,8,9
2404228,69,97,1-69-2024-097-02,2,2,2200,1260,1200,P235/55R19,240,P235/55R19,235,,,,,,,,,7.30201599951961,8,9
2404238,22,125,1-22-2024-125-07,7,2,3520,1678,1950,P275/65R18,240,P275/65R18,240,,,,,,,,,241.077756730755,12,9
2404255,33,79,1-33-2024-079-04,4,1,9999,9999,9999,9999999999,999,9999999999,999,,,,,,,,,386.762430553211,12,9
2404252,29,57,1-29-2024-057-09,9,1,1695,895,800,9999999999,999,9999999999,999,,,,,,,,,656.152415293416,2,9
2404257,10,75,1-10-2024-075-07,7,2,2007,1120,1102,P225/45R17,240,P245/45R17,260,,,,,,,,,2912.86139349855,4,9
2404262,60,62,1-60-2024-062-04,4,1,2120,1260,1200,P235/60R18,240,P235/60R18,240,,,,,,,,,795.683244945331,8,9
2404280,62,122,1-62-2024-122-02,2,1,2490,1350,1395,P235/65R17,235,P235/65R17,235,,,,,,,,,28.5234131836987,7,9
2404274,81,104,1-81-2024-104-05,5,2,1917,1010,940,P235/45R18,230,P235/45R18,230,,,,,,,,,127.116650862835,8,9
2404292,57,115,1-57-2024-115-01,1,2,1733,939,839,P205/55R16,220,P205/55R16,220,,,,,,,,,57.1661146630177,1,9
2404298,48,139,1-48-2024-139-09,9,1,2071,1209,1136,P215/55R17,220,P215/55R17,220,,,,,,,,,69.6007046591066,12,9
2404286,10,79,1-10-2024-079-04,4,2,1880,1060,1060,P225/55R18,240,P225/55R18,220,,,,,,,,,353.526720994783,4,9
2404307,69,98,1-69-2024-098-05,5,2,1971,1210,1070,P215/60R16,230,P215/60R16,230,,,,,,,,,24.1360940214581,8,9
2404321,11,131,1-11-2024-131-03,3,1,2030,1129,1098,P215/55R17,240,P215/55R17,240,,,,,,,,,76.6020094305717,8,9
2404330,14,79,1-14-2024-079-01,1,1,9999,9999,9999,9999999999,999,9999999999,999,,,,,,,,,73.3352740137857,8,9
2404348,60,65,1-60-2024-065-06,6,2,2100,1191,1191,P205/65R16,240,P205/65R16,240,,,,,,,,,1902.54330227895,8,9
2404351,66,87,1-66-2024-087-08,8,1,1925,1038,899,P185/70R14,235,P185/70R14,235,P195/65R14,235,P195/65R14,235,P205/60R15,214,P205/60R15,235,134.761595455619,6,9
2404340,27,134,1-27-2024-134-04,4,2,9999,9999,9999,9999999999,999,9999999999,999,,,,,,,,,41.9395991935004,3,9
2404356,12,81,1-12-2024-081-03,3,2,1660,875,785,P205/55R17,220,P205/55R17,220,,,,,,,,,188.310944180204,9,9
2404360,26,109,1-26-2024-109-05,5,2,1758,972,853,P205/55R16,230,P205/55R16,230,,,,,,,,,110.527705742068,10,9
2404364,82,114,1-82-2024-114-04,4,1,9999,9999,9999,P225/55R18,221,P225/55R18,221,,,,,,,,,154.217770459003,1,9
2404374,29,60,1-29-2024-060-NM1,21,1,1708,942,767,P195/65R15,260,P195/65R15,260,,,,,,,,,40.3751173333703,2,9
2404404,62,127,1-62-2024-127-02,2,2,2110,1180,1080,P225/60R17,240,P225/60R17,220,,,,,,,,,153.229271867661,7,9
2404413,77,142,1-77-2024-142-06,6,2,2032,1048,1093,P225/60R17,200,P225/60R17,200,,,,,,,,,430.995949103479,9,9
2404428,69,100,1-69-2024-100-09,9,2,2019,1100,941,P225/50R17,230,P225/50R17,230,,,,,,,,,781.066153737877,8,9
2404405,62,128,1-62-2024-128-02,2,2,2855,1360,1560,P245/60R20,999,P245/60R20,999,,,,,,,,,153.229271867661,7,9
2404434,17,141,1-17-2024-141-04,4,2,2092,1185,1185,P215/55R17,220,P215/55R17,220,,,,,,,,,259.044709099464,4,9
2404443,20,111,1-20-2024-111-06,6,3,9999,9999,9999,9999999999,999,9999999999,999,,,,,,,,,4054.83801603088,11,9
2404444,24,123,1-24-2024-123-05,5,3,1800,980,910,P215/45R17,230,P215/45R17,230,,,,,,,,,24.2721053029394,1,9
2404456,60,67,1-60-2024-067-05,5,1,1685,895,791,P195/60R15,220,P195/60R15,220,,,,,,,,,50.4726752605262,8,9
2404472,52,46,1-52-2024-046-03,3,1,9999,9999,9999,9999999999,999,9999999999,999,,,,,,,,,474.51953142531,12,9
2404472,52,46,1-52-2024-046-03,3,2,2449,1279,1198,P245/55R19,240,P245/55R19,240,,,,,,,,,474.51953142531,12,9
2404496,29,64,1-29-2024-064-05,5,1,2105,1130,990,P245/45R18,230,P245/45R18,230,,,,,,,,,613.711179069766,2,9
2404495,29,63,1-29-2024-063-02,2,1,2949,1452,1679,P265/50R20,230,P265/50R20,250,,,,,,,,,439.446667333394,2,9
2404492,21,100,1-21-2024-100-03,3,1,1750,1030,950,P205/55R16,235,P205/55R16,215,,,,,,,,,474.943084168885,11,9
2404505,76,132,1-76-2024-132-04,4,1,2165,1055,1180,9999999999,999,9999999999,999,,,,,,,,,192.634488866632,3,9
2404531,77,143,1-77-2024-143-06,6,1,2541,1248,1452,P235/60R18,228,P235/60R18,228,,,,,,,,,96.8505685869366,9,9
2404535,59,130,1-59-2024-130-09,9,1,2314,1275,1275,P225/60R18,210,P225/60R18,210,,,,,,,,,158.121741269223,6,9
2404554,48,149,1-48-2024-149-09,9,1,9999,9999,9999,9999999999,999,9999999999,999,,,,,,,,,69.6007046591066,12,9
2404557,57,129,1-57-2024-129-02,2,1,2710,1635,1635,P235/65R18,250,P235/65R18,250,,,,,,,,,13.8251120734564,1,9
2404556,57,128,1-57-2024-128-03,3,1,1970,1010,1000,P225/60R17,228,P225/60R17,221,,,,,,,,,55.5655067866032,1,9
2404573,17,145,1-17-2024-145-07,7,1,2230,1220,1220,P225/60R18,230,P225/60R18,230,,,,,,,,,440.785441843783,4,9
2404568,79,91,1-79-2024-091-09,9,2,2730,1360,1420,P255/50R20,241,P255/50R20,241,,,,,,,,,134.548153434236,8,9
2404587,25,122,1-25-2024-122-NM2,22,1,9999,9999,9999,9999999999,999,9999999999,999,,,,,,,,,117.391789482128,2,9
2404600,27,144,1-27-2024-144-03,3,1,2663,1340,1450,P245/50R20,240,P245/50R20,240,,,,,,,,,39.3017294904609,3,9
2404608,26,112,1-26-2024-112-02,2,1,9999,9999,9999,9999999999,999,9999999999,999,,,,,,,,,41.0018797266676,10,9
2404613,21,103,1-21-2024-103-03,3,1,1710,920,830,P215/55R16,220,P215/55R16,220,,,,,,,,,150.87827073382,11,9
2404622,28,142,1-28-2024-142-04,4,1,2185,1165,1130,P225/60R17,230,P225/60R17,220,,,,,,,,,47.851485985308,3,9
2404624,15,177,1-15-2024-177-09,9,2,9999,9999,9999,9999999999,999,9999999999,999,,,,,,,,,272.050476787728,1,9
2404643,81,113,1-81-2024-113-09,9,1,2225,1125,1150,P245/45R17,230,P245/45R17,240,,,,,,,,,1410.98036839115,8,9
2404654,20,114,1-20-2024-114-10,10,1,9999,9999,9999,9999999999,999,9999999999,999,,,,,,,,,12164.5210847793,11,9
2404668,73,122,1-73-2024-122-06,6,1,1410,790,710,P185/55R15,275,P185/55R15,275,,,,,,,,,82.6022392036631,3,9
2404680,67,38,1-67-2024-038-07,7,2,2715,1325,1415,P235/65R18,230,P235/65R18,230,,,,,,,,,200.794607269221,7,9
2404683,48,150,1-48-2024-150-03,3,1,1970,1060,985,P225/45R17,240,P225/45R17,240,,,,,,,,,115.82905818263,12,9
2404673,57,136,1-57-2024-136-03,3,1,2085,1150,1150,P235/55R18,220,P235/55R18,220,,,,,,,,,96.6707631790107,1,9
2404677,62,137,1-62-2024-137-04,4,2,2314,1275,1275,9999999999,999,9999999999,999,,,,,,,,,3101.50103629253,7,9
2404678,62,138,1-62-2024-138-02,2,1,9999,9999,9999,9999999999,999,9999999999,999,,,,,,,,,27.4104501869369,7,9
2404700,69,110,1-69-2024-110-NM1,21,1,2200,1160,1040,P235/60R18,240,P235/60R18,230,,,,,,,,,7.66811372485411,8,9
2404704,20,116,1-20-2024-116-02,2,1,2949,1452,1679,P245/70R17,230,P245/70R17,230,,,,,,,,,25.0067474296414,11,9
2404721,32,136,1-32-2024-136-02,2,1,9999,9999,9999,9999999999,999,9999999999,999,,,,,,,,,13.4701686395906,7,9
2404681,54,106,1-54-2024-106-08,8,1,2023,1102,921,P225/60R16,210,P225/60R16,210,,,,,,,,,161.994257211147,9,9
2404731,31,102,1-31-2024-102-03,3,3,2030,1050,1030,9999999999,999,9999999999,999,,,,,,,,,151.964719784207,6,9
2404744,21,109,1-21-2024-109-03,3,2,9999,9999,9999,9999999999,999,9999999999,999,,,,,,,,,210.450883320732,11,9
2404740,82,127,1-82-2024-127-05,5,1,2949,1452,1679,P265/50R20,248,P265/50R20,248,,,,,,,,,23.9814262485552,1,9
2404751,29,72,1-29-2024-072-02,2,2,1750,1030,950,P195/65R15,235,P195/65R15,215,,,,,,,,,47.2041781583424,2,9
2404746,17,150,1-17-2024-150-05,5,1,2495,1273,1273,P235/50R19,230,P235/50R19,230,,,,,,,,,65.2966472785888,4,9
2404637,62,134,1-62-2024-134-04,4,1,1890,990,950,P205/55R17,250,P205/55R17,250,,,,,,,,,1053.07668829567,7,9
2403114,60,36,1-60-2024-036-03,3,1,2540,1335,1490,P245/75R16,220,P245/75R16,220,,,,,,,,,156.995970867951,8,9
2400409,66,6,1-66-2024-006-10,10,2,2087,1180,1007,P225/55R17,220,P225/55R17,220,,,,,,,,,242.389498710963,6,9
2404737,82,128,1-82-2024-128-03,3,1,9999,9999,9999,P265/65R20,228,P265/65R20,248,,,,,,,,,123.253428375684,1,9
2402768,21,55,1-21-2024-055-09,9,1,1960,990,1020,P215/55R17,220,P215/55R17,210,,,,,,,,,8301.38758775643,11,9
2402791,81,57,1-81-2024-057-02,2,2,1881,882,999,P245/40R20,240,P245/40R20,240,,,,,,,,,22.2702980877148,8,9
2400561,18,19,1-18-2024-019-07,7,2,9999,9999,9999,9999999999,999,9999999999,999,,,,,,,,,950.591365303636,6,9
2403624,82,92,1-82-2024-092-06,6,2,1990,1055,945,P235/50R18,240,P235/50R18,200,,,,,,,,,333.226313697198,1,9
2403833,22,118,1-22-2024-118-04,4,2,1860,1020,920,P235/45R18,230,P235/45R18,230,,,,,,,,,63.7412272058456,12,9
2404165,59,123,1-59-2024-123-05,5,1,3221,1792,1792,P255/70R17,240,P255/70R17,240,,,,,,,,,64.5686342016191,6,9
2405825,31,123,1-31-2024-123-01,1,1,3265,1700,1746,LT275/65R18,275,LT275/65R18,275,,,,,,,,,190.536266122907,6,9
2405161,77,164,1-77-2024-164-05,5,1,2250,1350,1450,P235/65R17,230,P235/65R17,230,,,,,,,,,90.6570748528622,9,9
2405284,67,47,1-67-2024-047-03,3,2,9999,9999,9999,9999999999,999,9999999999,999,,,,,,,,,154.802313266031,7,9
2404852,15,184,1-15-2024-184-06,6,1,2300,1180,1170,P235/55R18,260,P235/55R18,260,,,,,,,,,104.28993970267,1,9
2403246,22,97,1-22-2024-097-10,10,1,3334,1701,1746,P265/70R17,240,P265/70R17,240,,,,,,,,,1151.09904512764,12,9
2400916,66,19,1-66-2024-019-10,10,1,1843,964,879,P215/60R16,240,P215/60R16,240,,,,,,,,,2078.08596894865,6,9
2406203,21,151,1-21-2024-151-03,3,1,2100,1175,1200,P225/65R17,240,P225/65R17,240,,,,,,,,,324.785475613736,11,9
2401580,15,59,1-15-2024-059-03,3,1,2143,1100,1043,P225/55R19,240,P225/55R19,240,,,,,,,,,43.1856179238068,1,9
2401039,28,25,1-28-2024-025-04,4,1,2000,1060,1060,P225/60R17,240,P225/60R17,240,,,,,,,,,77.9203950892058,3,9
2403223,25,83,1-25-2024-083-03,3,1,2041,1089,1016,P225/65R17,230,P225/65R17,230,,,,,,,,,218.616726460228,2,9
2406226,48,202,1-48-2024-202-03,3,1,2199,1133,1079,P225/65R17,250,P225/65R17,250,,,,,,,,,54.9604072040948,12,9
2405831,11,176,1-11-2024-176-05,5,4,1760,980,910,P195/65R15,230,P195/65R15,230,,,,,,,,,31.8812723055547,8,9
2403770,29,42,1-29-2024-042-07,7,1,2030,1200,1100,9999999999,999,9999999999,999,,,,,,,,,14223.1686392727,2,9
2400521,21,12,1-21-2024-012-03,3,2,9999,9999,9999,9999999999,999,9999999999,999,,,,,,,,,259.724843953535,11,9
2405015,81,128,1-81-2024-128-07,7,2,2730,1320,1515,P235/65R17,230,P235/65R17,230,,,,,,,,,11794.2038037789,8,9
2405785,30,195,1-30-2024-195-03,3,2,2030,1188,1098,P235/45R18,240,P235/45R18,240,,,,,,,,,303.201045290998,10,9
2404660,77,150,1-77-2024-150-04,4,1,9999,9999,9999,9999999999,999,9999999999,999,,,,,,,,,529.333481873324,9,9
2401457,18,53,1-18-2024-053-06,6,2,2130,1100,1075,P235/60R18,230,P235/60R18,210,,,,,,,,,55.9262763691806,6,9
2401125,73,37,1-73-2024-037-04,4,1,3221,1770,1860,P275/55R20,250,P275/55R20,250,,,,,,,,,77.4663849930113,3,9
2406389,29,113,1-29-2024-113-NM1,21,1,1742,948,839,P205/55R16,220,P205/55R16,220,,,,,,,,,107.444469820023,2,9
2404079,12,75,1-12-2024-075-07,7,1,2722,1350,1450,P235/55R20,250,P235/55R20,250,,,,,,,,,604.062221579509,9,9
2405702,20,134,1-20-2024-134-04,4,1,2178,1180,1080,P225/55R18,240,P225/55R18,220,,,,,,,,,213.877218745068,11,9
2402751,82,68,1-82-2024-068-06,6,1,2130,1100,1075,P235/60R18,230,P235/60R18,210,,,,,,,,,159.693073582709,1,9
2400584,79,17,1-79-2024-017-03,3,2,2855,1360,1560,P265/70R17,220,P265/70R17,220,,,,,,,,,135.026101730896,8,9
2405748,10,117,1-10-2024-117-03,3,3,1970,1030,1000,P225/55R18,999,P225/55R18,999,,,,,,,,,113.722882193099,4,9
2402204,24,54,1-24-2024-054-07,7,1,2440,1230,1325,P245/45R18,230,P245/45R18,230,,,,,,,,,182.048011268937,1,9
2406100,21,148,1-21-2024-148-01,1,1,9999,9999,9999,9999999999,999,9999999999,999,,,,,,,,,39.4711762734772,11,9
2405436,66,106,1-66-2024-106-07,7,1,2012,1080,1044,P205/70R16,240,P205/70R16,240,,,,,,,,,133.367571576148,6,9
2405602,15,214,1-15-2024-214-03,3,2,9999,9999,9999,9999999999,999,9999999999,999,,,,,,,,,21.6342736044969,1,9
2401855,66,44,1-66-2024-044-07,7,3,2490,1255,1410,P245/75R16,210,P245/75R16,210,,,,,,,,,133.367571576148,6,9
2401357,18,51,1-18-2024-051-08,8,1,9999,9999,9999,9999999999,999,9999999999,999,,,,,,,,,56.5663772378367,6,9
2402496,27,79,1-27-2024-079-04,4,1,2205,1260,9999,P235/65R17,240,P235/65R17,240,,,,,,,,,35.25547423971,3,9
2403599,60,43,1-60-2024-043-02,2,2,2130,1100,1040,P235/60R18,230,P235/60R18,210,,,,,,,,,98.7373875661215,8,9
2403762,25,99,1-25-2024-099-03,3,2,2510,1260,1355,P235/60R18,250,P255/55R18,270,,,,,,,,,75.1415122343651,2,9
2404263,31,86,1-31-2024-086-10,10,1,2908,1450,1600,P255/65R18,240,P255/65R18,240,,,,,,,,,419.593794787767,6,9
2403244,22,95,1-22-2024-095-06,6,1,2050,1150,1200,P225/50R18,230,P225/50R18,220,,,,,,,,,88.2065738868729,12,9
2404240,22,127,1-22-2024-127-05,5,3,2124,1157,967,P215/60R16,205,P215/60R16,205,,,,,,,,,25.2675524846257,12,9
2404449,11,136,1-11-2024-136-NM1,21,1,1810,976,845,P205/60R15,200,P205/60R15,200,,,,,,,,,37.1071357763572,8,9
2404804,79,95,1-79-2024-095-03,3,1,1785,1050,971,9999999999,999,9999999999,999,,,,,,,,,148.892604215715,8,9
2402219,28,65,1-28-2024-065-09,9,2,1990,1020,1030,P235/45R17,230,P235/45R17,220,,,,,,,,,34.7771381559099,3,9
2401893,18,67,1-18-2024-067-06,6,2,2722,1350,1545,P235/55R20,250,P235/55R20,250,,,,,,,,,256.576748444126,6,9
2401555,16,45,1-16-2024-045-03,3,1,1660,875,785,9999999999,999,9999999999,999,,,,,,,,,256.821744116867,5,9
2402534,24,68,1-24-2024-068-03,3,2,1840,1006,860,P205/50R17,230,P205/50R17,230,,,,,,,,,122.594712962901,1,9
2402511,15,94,1-15-2024-094-05,5,2,1710,920,830,9999999999,999,9999999999,999,,,,,,,,,13.6400789963135,1,9
2402265,73,67,1-73-2024-067-03,3,1,2205,1150,1250,P225/55R18,240,P225/55R18,240,,,,,,,,,23.5881329232141,3,9
2400914,27,30,1-27-2024-030-04,4,1,2030,1100,1015,P225/40R18,310,P225/40R18,290,,,,,,,,,23.5163223733446,3,9
2402365,82,57,1-82-2024-057-03,3,2,9999,9999,9999,9999999999,999,9999999999,999,,,,,,,,,157.899502135521,1,9
2403284,59,105,1-59-2024-105-04,4,2,4173,2177,2760,LT245/75R16,420,LT245/75R16,550,,,,,,,,,177.015010442225,6,9
2405405,18,132,1-18-2024-132-01,1,1,2386,1279,1143,P235/55R18,220,P235/55R18,220,,,,,,,,,63.8166126674341,6,9
2404409,48,144,1-48-2024-144-07,7,2,2622,1395,1241,P245/60R18,230,P245/60R18,230,,,,,,,,,320.637738411807,12,9
2404280,62,122,1-62-2024-122-02,2,5,2279,1200,1129,P235/50R19,230,P235/50R19,230,,,,,,,,,28.5234131836987,7,9
2400974,30,32,1-30-2024-032-03,3,2,1880,1060,1060,P245/45R19,240,P245/45R19,240,,,,,,,,,313.838331797314,10,9
2406138,67,56,1-67-2024-056-04,4,1,2300,1200,1150,P245/45R20,240,P245/45R20,240,,,,,,,,,332.534159645776,7,9
2402457,20,70,1-20-2024-070-06,6,1,1891,1059,1014,P215/45R17,230,P215/45R17,220,,,,,,,,,230.868654194168,11,9
2403814,60,48,1-60-2024-048-03,3,1,1980,1052,931,P215/55R18,250,P215/55R18,250,,,,,,,,,146.770890885321,8,9
2405706,24,159,1-24-2024-159-03,3,1,1695,900,810,9999999999,999,9999999999,999,,,,,,,,,101.740335176909,1,9
2405683,19,82,1-19-2024-082-04,4,1,2665,1545,1545,P235/55R20,250,P235/55R20,250,,,,,,,,,268.390724600306,9,9
2404455,60,66,1-60-2024-066-04,4,2,2000,1075,1040,P235/45R17,230,P235/45R17,220,,,,,,,,,1951.14087644172,8,9
2404564,57,132,1-57-2024-132-03,3,2,2660,1360,1460,P235/65R18,230,P235/65R18,230,,,,,,,,,55.5655067776891,1,9
2404315,17,140,1-17-2024-140-09,9,1,9999,9999,9999,9999999999,999,9999999999,999,,,,,,,,,230.682943628102,4,9
2402394,77,82,1-77-2024-082-03,3,1,2079,1051,1028,P215/50R17,260,P215/50R17,260,,,,,,,,,78.5516932728452,9,9
2401753,13,47,1-13-2024-047-02,2,2,2029,1102,928,P225/50R17,230,P225/50R17,230,,,,,,,,,16.3912096638119,7,9
2401421,28,36,1-28-2024-036-07,7,1,2032,1048,1093,P225/60R17,210,P225/60R17,200,,,,,,,,,44.330330715033,3,9
2403685,12,62,1-12-2024-062-03,3,1,2541,1293,1293,P215/65R16,248,P215/65R16,248,,,,,,,,,164.057323491007,9,9
2400047,32,1,1-32-2024-001-03,3,3,1975,1140,1050,P215/55R17,240,P215/55R17,240,,,,,,,,,320.638176083653,7,9
2400379,20,8,1-20-2024-008-07,7,1,2638,1495,1511,P265/60R18,240,P265/60R18,240,,,,,,,,,432.198032471815,11,9
2401707,27,56,1-27-2024-056-04,4,1,2355,1210,1365,P255/45R20,240,P255/45R20,240,,,,,,,,,54.7711555466727,3,9
2401375,30,49,1-30-2024-049-04,4,2,1720,990,950,P225/45R17,230,P225/45R17,230,,,,,,,,,1166.54245421628,10,9
2400233,69,6,1-69-2024-006-01,1,1,2908,1450,1600,P255/65R18,240,P255/65R18,240,,,,,,,,,9.75568259696968,8,9
2401567,24,36,1-24-2024-036-03,3,3,2650,1295,1425,P245/60R18,220,P245/60R18,220,,,,,,,,,174.327977699745,1,9
2405397,73,136,1-73-2024-136-09,9,1,2608,1338,1452,P245/65R17,210,P245/65R17,240,,,,,,,,,53.4194067200373,3,9
2404810,19,66,1-19-2024-066-03,3,1,2291,1273,1273,P225/60R17,250,P225/60R17,250,,,,,,,,,78.2738433732197,9,9
2401810,24,41,1-24-2024-041-09,9,2,2223,1270,1225,31X10.50R15LT,210,31X10.50R15LT,210,,,,,,,,,865.279919567885,1,9
2400333,20,7,1-20-2024-007-06,6,1,2515,1240,1325,P245/60R18,220,P245/60R18,220,,,,,,,,,119.111028080302,11,9
2404763,20,117,1-20-2024-117-03,3,2,1811,983,828,P205/50R17,220,P205/50R17,220,,,,,,,,,300.042686508319,11,9
2404787,57,142,1-57-2024-142-03,3,1,2400,1140,1260,P235/55R19,270,P235/55R19,320,,,,,,,,,103.572376621149,1,9
2404767,81,119,1-81-2024-119-NM1,21,1,2100,1200,1150,P225/55R18,241,P225/55R18,241,,,,,,,,,47.7030665360098,8,9
2404773,62,141,1-62-2024-141-03,3,1,2990,1450,1725,P265/60R18,220,P265/60R18,220,,,,,,,,,349.92167787248,7,9
2404773,62,141,1-62-2024-141-03,3,2,2040,1100,990,P225/45R18,240,P225/45R18,240,,,,,,,,,349.92167787248,7,9
2404770,77,154,1-77-2024-154-02,2,1,1980,975,1100,P225/40R18,260,P245/35R18,310,,,,,,,,,83.1566199866033,9,9
2404811,17,153,1-17-2024-153-04,4,1,2395,1271,1210,P235/55R20,240,P235/55R20,240,,,,,,,,,87.0390575319171,4,9
2404824,24,134,1-24-2024-134-06,6,2,1733,939,839,P205/55R16,220,P205/55R16,220,,,,,,,,,52.2007608551518,1,9
2404826,24,136,1-24-2024-136-09,9,2,9999,9999,9999,9999999999,999,9999999999,999,,,,,,,,,146.252474115792,1,9
2404843,28,150,1-28-2024-150-07,7,1,2949,1452,1679,P245/70R17,230,P245/70R17,230,,,,,,,,,44.330330715033,3,9
2404822,11,145,1-11-2024-145-03,3,1,9999,9999,9999,9999999999,999,9999999999,999,,,,,,,,,1695.08681338025,8,9
2404838,14,91,1-14-2024-091-03,3,1,1705,890,815,9999999999,999,9999999999,999,,,,,,,,,725.08269440311,8,9
2404850,27,152,1-27-2024-152-02,2,1,2030,1070,960,P235/40R19,225,P235/40R19,225,,,,,,,,,17.0270955559146,3,9
2404867,22,145,1-22-2024-145-03,3,1,2721,1370,1495,P245/50R20,230,P245/50R20,230,,,,,,,,,26.0912892801948,12,9
2404872,16,120,1-16-2024-120-01,1,1,2250,1175,1240,P225/65R17,240,P225/65R17,240,,,,,,,,,33.2407402789598,5,9
2404878,81,121,1-81-2024-121-02,2,1,2087,1040,1055,P225/65R17,230,P225/65R17,230,,,,,,,,,29.2612564861438,8,9
2404889,48,158,1-48-2024-158-09,9,1,9999,9999,9999,P225/50R17,210,P225/50R17,210,,,,,,,,,94.8892869895368,12,9
2404907,77,156,1-77-2024-156-04,4,1,1975,1140,1050,P235/45R18,240,P235/45R18,240,,,,,,,,,1586.45009650988,9,9
2404912,10,94,1-10-2024-094-05,5,1,9999,9999,9999,9999999999,999,9999999999,999,,,,,,,,,28.1401399399903,4,9
2404908,77,157,1-77-2024-157-04,4,2,2059,1093,971,P235/45R18,235,P235/45R18,235,,,,,,,,,1586.45009650988,9,9
2404938,69,117,1-69-2024-117-04,4,1,1963,1097,945,P215/55R17,230,P215/55R17,230,,,,,,,,,104.112066997676,8,9
2404935,19,68,1-19-2024-068-03,3,1,3266,1701,1746,P275/55R20,240,P275/55R20,240,,,,,,,,,122.471944732135,9,9
2404942,17,161,1-17-2024-161-06,6,2,2575,1320,1345,P245/55R19,240,P245/55R19,240,,,,,,,,,383.615973992306,4,9
2404948,60,74,1-60-2024-074-03,3,1,2517,1247,1270,P225/60R16,220,P225/60R16,240,,,,,,,,,707.484363933041,8,9
2404949,25,130,1-25-2024-130-03,3,2,1795,955,850,P235/40R18,240,P235/40R18,230,,,,,,,,,421.178032923036,2,9
2404958,14,95,1-14-2024-095-04,4,2,1770,1020,920,P205/60R16,230,P205/60R16,230,,,,,,,,,1497.44554492478,8,9
2404973,21,116,1-21-2024-116-01,1,1,9999,9999,9999,LT275/65R20,450,LT275/65R20,450,,,,,,,,,21.1221156250567,11,9
2404975,27,155,1-27-2024-155-03,3,1,2000,1060,1060,P225/60R17,240,P225/60R17,240,,,,,,,,,18.7327308831734,3,9
2404992,22,150,1-22-2024-150-03,3,1,2495,1245,1420,P255/40R21,240,P255/40R21,270,,,,,,,,,28.3765658017979,12,9
2405003,69,119,1-69-2024-119-03,3,2,2540,1385,1490,P265/70R16,210,P265/70R16,210,,,,,,,,,26.9832944416769,8,9
2405017,59,147,1-59-2024-147-05,5,1,1970,1010,1000,P225/55R17,230,P225/55R17,220,,,,,,,,,53.1907731759788,6,9
2405017,59,147,1-59-2024-147-05,5,2,2495,1259,1452,P255/70R18,240,P255/70R18,240,,,,,,,,,53.1907731759788,6,9
2405012,81,125,1-81-2024-125-02,2,1,9999,9999,9999,9999999999,999,9999999999,999,,,,,,,,,20.6727672091787,8,9
2405031,77,160,1-77-2024-160-03,3,1,1890,990,950,P205/60R16,250,P205/60R16,250,,,,,,,,,357.573245992982,9,9
2405013,81,126,1-81-2024-126-02,2,2,2575,1320,1345,P245/50R20,240,P245/50R20,240,,,,,,,,,20.6727672091787,8,9
2405051,69,121,1-69-2024-121-06,6,1,3311,1588,1905,P275/55R20,240,P275/55R20,240,,,,,,,,,112.076311829614,8,9
2405054,19,69,1-19-2024-069-06,6,1,2386,1279,1143,P235/55R18,220,P235/55R18,220,,,,,,,,,738.592711027733,9,9
2405052,69,122,1-69-2024-122-10,10,2,1968,1050,960,P215/70R16,230,P215/70R16,230,,,,,,,,,2512.83197227953,8,9
2405066,24,141,1-24-2024-141-06,6,1,2122,1072,1089,P225/60R18,230,P225/60R18,230,,,,,,,,,315.309333375426,1,9
2405067,24,142,1-24-2024-142-03,3,2,2270,1190,1100,P255/40R19,220,P255/40R19,220,,,,,,,,,101.332311537624,1,9
2405072,60,76,1-60-2024-076-01,1,1,3447,1678,1950,P275/50R22,250,P275/50R22,250,,,,,,,,,40.1207873048432,8,9
2405086,66,99,1-66-2024-099-06,6,1,2676,1451,1588,P255/65R17,240,P255/65R17,240,,,,,,,,,172.523827899835,6,9
2405086,66,99,1-66-2024-099-06,6,2,2715,1325,1415,P235/55R20,240,P235/55R20,240,,,,,,,,,172.523827899835,6,9
2405226,82,147,1-82-2024-147-03,3,1,1960,1070,950,9999999999,999,9999999999,999,,,,,,,,,235.638419441912,1,9
2405241,20,124,1-20-2024-124-04,4,1,9999,9999,9999,9999999999,999,9999999999,999,,,,,,,,,276.517940060555,11,9
2405252,29,88,1-29-2024-088-03,3,4,2694,1191,1554,P255/65R18,230,P255/65R18,230,,,,,,,,,148.249072371412,2,9
2405268,62,156,1-62-2024-156-06,6,2,2405,1248,1339,P225/65R17,250,P225/65R17,250,,,,,,,,,1435.74294690315,7,9
2405281,10,103,1-10-2024-103-03,3,1,2210,1300,1395,P235/65R17,241,P235/65R17,241,,,,,,,,,164.007398794594,4,9
2405262,81,134,1-81-2024-134-06,6,2,2760,1390,1390,P235/65R17,240,P235/65R17,240,,,,,,,,,2358.63059187213,8,9
2405306,30,182,1-30-2024-182-01,1,1,9999,9999,9999,P275/60R20,270,P275/60R20,270,,,,,,,,,70.0679338170937,10,9
2405324,25,141,1-25-2024-141-01,1,2,2050,1055,1015,P225/65R17,230,P225/65R17,230,,,,,,,,,144.250353463553,2,9
2405340,32,146,1-32-2024-146-05,5,2,9999,9999,9999,9999999999,999,9999999999,999,,,,,,,,,63.4459286609016,7,9
2405341,32,147,1-32-2024-147-03,3,2,2100,1089,1066,P225/65R17,230,P225/65R17,230,,,,,,,,,534.96996140373,7,9
2405349,15,205,1-15-2024-205-08,8,2,1840,960,910,P205/55R16,220,P205/55R16,220,,,,,,,,,34.8063116712962,1,9
2405345,82,151,1-82-2024-151-04,4,2,1944,1076,870,9999999999,999,9999999999,999,,,,,,,,,402.139070582484,1,9
2405366,15,208,1-15-2024-208-03,3,2,1605,890,755,P195/65R16,230,P195/65R16,230,,,,,,,,,40.5812806587973,1,9
2405373,82,154,1-82-2024-154-03,3,2,1660,900,790,9999999999,999,9999999999,999,,,,,,,,,106.689933259017,1,9
2405389,77,172,1-77-2024-172-05,5,1,9999,9999,9999,9999999999,999,9999999999,999,,,,,,,,,252.588010899409,9,9
2405391,59,158,1-59-2024-158-08,8,1,3175,1780,1814,P265/70R17,240,P265/70R17,240,,,,,,,,,76.4651261147065,6,9
2405402,48,177,1-48-2024-177-04,4,1,2722,1350,1450,P235/65R18,240,P235/65R18,240,,,,,,,,,85.7677087053401,12,9
2405527,48,179,1-48-2024-179-NM1,21,2,9999,9999,9999,9999999999,999,9999999999,999,,,,,,,,,85.8427679861707,12,9
2405519,77,176,1-77-2024-176-03,3,2,3221,1452,1770,P265/60R18,250,P265/60R18,250,,,,,,,,,116.854584560141,9,9
2405531,67,49,1-67-2024-049-05,5,2,1850,963,887,P225/55R17,230,P225/55R17,230,,,,,,,,,83.5824445569787,7,9
2405550,33,105,1-33-2024-105-06,6,1,9999,9999,9999,9999999999,999,9999999999,999,,,,,,,,,203.491050135008,12,9
2405541,19,77,1-19-2024-077-03,3,1,2098,1188,1098,P235/45R18,240,P235/45R18,240,,,,,,,,,54.6333187648771,9,9
2405453,11,164,1-11-2024-164-10,10,1,3062,1429,1724,P235/75R17,260,P235/75R17,260,,,,,,,,,15850.2205542814,8,9
2405562,24,153,1-24-2024-153-05,5,2,3311,1724,1820,P275/70R18,240,P275/70R18,240,,,,,,,,,24.2721053029394,1,9
2405576,11,167,1-11-2024-167-02,2,2,1710,920,830,P215/55R16,221,P215/55R16,221,,,,,,,,,30.7614595081659,8,9
2405578,32,150,1-32-2024-150-NM1,21,1,2010,1150,1150,P225/65R17,220,P225/65R17,220,,,,,,,,,61.8412176679644,7,9
2405592,27,172,1-27-2024-172-03,3,1,1850,1060,890,P205/55R16,230,P205/55R16,230,,,,,,,,,12.6103689545478,3,9
2405598,21,135,1-21-2024-135-03,3,1,9999,9999,9999,9999999999,999,9999999999,999,,,,,,,,,319.39289990617,11,9
2405616,15,216,1-15-2024-216-03,3,1,1870,980,940,9999999999,999,9999999999,999,,,,,,,,,21.6342736044969,1,9
2405645,14,111,1-14-2024-111-04,4,1,2040,1160,1140,P215/55R17,235,P215/55R17,235,,,,,,,,,1118.74769985658,8,9
2405645,14,111,1-14-2024-111-04,4,2,2540,1335,1490,P265/65R17,200,P265/65R17,200,,,,,,,,,1118.74769985658,8,9
2405644,32,152,1-32-2024-152-03,3,1,9999,9999,9999,9999999999,999,9999999999,999,,,,,,,,,1022.53770309295,7,9
2405646,14,112,1-14-2024-112-06,6,2,1710,920,830,P235/40R18,225,P235/40R18,220,,,,,,,,,1019.84921695672,8,9
2405652,10,116,1-10-2024-116-05,5,1,1851,1057,1016,9999999999,999,9999999999,999,,,,,,,,,74.0707603064399,4,9
2405690,12,110,1-12-2024-110-07,7,1,2908,1450,1600,P255/65R18,240,P255/65R18,240,,,,,,,,,531.105146229092,9,9
2405698,17,185,1-17-2024-185-10,10,2,2139,1143,996,P235/50R18,220,P235/50R18,220,,,,,,,,,2909.88678683442,4,9
2405395,10,108,1-10-2024-108-02,2,2,1600,850,840,P175/70R14,230,P175/70R14,230,,,,,,,,,22.3566511295402,4,9
2405413,57,167,1-57-2024-167-03,3,1,2495,1259,1452,P255/70R18,240,P255/70R18,240,,,,,,,,,200.397476159373,1,9
2405413,57,167,1-57-2024-167-03,3,3,2550,1350,1395,P235/55R19,234,P235/55R19,234,,,,,,,,,200.397476159373,1,9
2405423,12,103,1-12-2024-103-06,6,1,2480,1410,1300,P235/65R18,240,P235/65R18,240,,,,,,,,,284.683242233932,9,9
2405428,20,129,1-20-2024-129-NM1,21,2,3266,1792,1792,LT265/70R17,280,LT265/70R17,280,,,,,,,,,35.0220589332575,11,9
2405439,82,158,1-82-2024-158-05,5,2,1950,990,1000,9999999999,999,9999999999,999,,,,,,,,,23.9814262485552,1,9
2405446,24,150,1-24-2024-150-03,3,2,9999,9999,9999,9999999999,999,9999999999,999,,,,,,,,,75.8937035902886,1,9
2405458,25,146,1-25-2024-146-03,3,1,2100,1175,1200,P235/50R19,240,P235/50R19,240,,,,,,,,,50.2410261946928,2,9
2405442,17,178,1-17-2024-178-08,8,1,9999,9999,9999,9999999999,999,9999999999,999,,,,,,,,,98.1097831692489,4,9
2405480,28,171,1-28-2024-171-09,9,1,2903,1780,1701,P265/75R16,240,P265/75R16,240,,,,,,,,,446.363671492895,3,9
2405481,28,172,1-28-2024-172-03,3,2,3402,1678,1950,P275/60R20,240,P275/60R20,240,,,,,,,,,45.3225041425836,3,9
2405493,15,210,1-15-2024-210-05,5,1,2100,1191,1191,P205/65R16,240,P205/65R16,240,,,,,,,,,13.6400789963135,1,9
2405506,59,161,1-59-2024-161-06,6,1,1660,900,790,P195/65R15,210,P195/65R15,210,,,,,,,,,538.216570417831,6,9
2405515,81,140,1-81-2024-140-09,9,2,2700,9999,9999,P235/60R18,240,P235/60R18,240,,,,,,,,,2458.15811118751,8,9
2405512,62,164,1-62-2024-164-05,5,1,2318,1272,1300,P235/65R18,228,P235/65R18,228,,,,,,,,,108.299387000098,7,9
2405703,24,156,1-24-2024-156-04,4,2,2020,1140,1050,P235/45R18,240,P235/45R18,240,,,,,,,,,364.044206407486,1,9
2405705,24,158,1-24-2024-158-03,3,1,2908,1450,1600,P245/70R17,240,P245/70R17,240,,,,,,,,,101.740335153597,1,9
2405733,29,97,1-29-2024-097-03,3,1,2143,1100,1043,P225/65R17,230,P225/65R17,230,,,,,,,,,407.241161386995,2,9
2405721,11,173,1-11-2024-173-06,6,2,2400,1295,1425,P265/45R20,999,P265/45R20,999,,,,,,,,,328.738031158289,8,9
2405783,13,81,1-13-2024-081-04,4,1,2160,1120,1070,P235/60R18,240,P235/60R18,220,,,,,,,,,4266.40495495528,7,9
2405789,69,148,1-69-2024-148-06,6,1,2009,1066,966,P215/60R16,220,P215/60R16,220,,,,,,,,,151.099044748365,8,9
2405769,77,186,1-77-2024-186-02,2,1,1825,1050,950,P205/60R16,230,P205/60R16,230,,,,,,,,,83.1566199866033,9,9
2405793,10,118,1-10-2024-118-07,7,2,9999,9999,9999,9999999999,999,9999999999,999,,,,,,,,,1780.5340311051,4,9
2405814,25,158,1-25-2024-158-04,4,2,2090,1150,1150,P235/55R19,240,P235/55R19,240,,,,,,,,,124.17511459421,2,9
2405817,60,96,1-60-2024-096-06,6,1,2541,1248,1339,P225/65R17,250,P225/65R17,250,,,,,,,,,812.131135711044,8,9
2405820,16,127,1-16-2024-127-02,2,1,1800,1030,950,P225/40R18,240,P225/40R18,240,,,,,,,,,29.5041480295572,5,9
2405836,76,170,1-76-2024-170-03,3,2,2380,1300,1350,P235/60R18,241,P235/60R18,241,,,,,,,,,108.410126178506,3,9
2405837,28,177,1-28-2024-177-06,6,1,2170,1280,1150,P225/60R17,240,P225/60R17,240,,,,,,,,,91.6597961358167,3,9
2405835,32,154,1-32-2024-154-02,2,2,1792,1010,821,9999999999,999,9999999999,999,,,,,,,,,9.87749505515872,7,9
2405851,26,130,1-26-2024-130-03,3,1,9999,9999,9999,9999999999,999,9999999999,999,,,,,,,,,727.884719144814,10,9
2405830,11,175,1-11-2024-175-07,7,1,3175,1565,1724,P275/65R18,260,P275/65R18,260,,,,,,,,,874.79164024383,8,9
2405877,59,174,1-59-2024-174-04,4,1,2160,1260,1200,P235/55R19,240,P235/55R19,240,,,,,,,,,255.44828993305,6,9
2402909,31,59,1-31-2024-059-04,4,1,2030,1188,1098,P235/45R18,240,P235/45R18,240,,,,,,,,,222.052598299916,6,9
2401581,15,60,1-15-2024-060-03,3,2,2395,1271,1210,P235/55R20,240,P235/55R20,240,,,,,,,,,43.1856179301711,1,9
2402531,81,52,1-81-2024-052-02,2,2,1720,990,950,P205/55R16,230,P205/55R16,230,,,,,,,,,19.0849903848337,8,9
2405657,18,138,1-18-2024-138-02,2,1,1970,1010,1000,P225/60R17,230,P225/60R17,220,,,,,,,,,46.7280335632617,6,9
2403765,30,132,1-30-2024-132-04,4,2,1805,1030,987,P195/65R15,240,P195/65R15,230,,,,,,,,,2001.81661988202,10,9
2404947,60,73,1-60-2024-073-02,2,1,2150,1191,1100,P235/45R18,240,P235/45R18,240,,,,,,,,,34.2089348957855,8,9
2405070,11,152,1-11-2024-152-07,7,1,1868,966,902,P245/40R19,240,P245/40R19,240,,,,,,,,,5355.03564412817,8,9
2404406,62,129,1-62-2024-129-02,2,1,2903,1407,1611,LT285/70R17,255,LT285/70R17,255,,,,,,,,,41.3368831287418,7,9
2403888,24,111,1-24-2024-111-03,3,1,1975,1140,1050,P235/45R18,240,P235/45R18,240,,,,,,,,,99.0003902859414,1,9
2400888,16,29,1-16-2024-029-09,9,1,1642,839,816,P185/60R15,220,P185/60R15,220,,,,,,,,,1910.29204097108,5,9
2404469,28,140,1-28-2024-140-07,7,1,9999,9999,9999,9999999999,999,9999999999,999,,,,,,,,,44.330330715033,3,9
2406235,59,186,1-59-2024-186-06,6,1,2159,1125,1040,P235/55R17,240,P235/55R17,240,,,,,,,,,83.2990442714816,6,9
2400247,21,4,1-21-2024-004-03,3,2,2495,1273,1273,P225/65R17,250,P225/65R17,250,,,,,,,,,127.696919509624,11,9
2402786,59,86,1-59-2024-086-05,5,1,9999,9999,9999,9999999999,999,9999999999,999,,,,,,,,,53.1907731759788,6,9
2401907,12,34,1-12-2024-034-07,7,2,2040,1075,1125,P225/60R17,240,P225/60R17,240,,,,,,,,,576.109319146399,9,9
2405878,59,175,1-59-2024-175-03,3,1,1856,1029,839,P215/45R18,250,P215/45R18,250,,,,,,,,,43.7224027225616,6,9
2405888,10,122,1-10-2024-122-01,1,2,9999,9999,9999,9999999999,999,9999999999,999,,,,,,,,,59.5313973431497,4,9
2405870,81,152,1-81-2024-152-NM1,21,1,2259,1127,1152,P235/45R18,240,P235/45R18,240,,,,,,,,,20.2135532866767,8,9
2405906,66,116,1-66-2024-116-09,9,1,9999,9999,9999,P225/50R17,210,P225/50R17,210,,,,,,,,,176.458176590149,6,9
2405912,13,82,1-13-2024-082-02,2,2,2328,1219,1117,P235/65R18,228,P235/65R18,228,,,,,,,,,66.7757455815988,7,9
2405920,12,117,1-12-2024-117-03,3,1,1554,794,775,P185/65R15,230,P185/65R15,230,,,,,,,,,166.734048242703,9,9
2405914,17,193,1-17-2024-193-05,5,2,2850,1400,1600,P255/50R19,310,P255/50R19,330,,,,,,,,,73.9642155230616,4,9
2405957,31,127,1-31-2024-127-01,1,1,1801,948,871,9999999999,999,9999999999,999,,,,,,,,,190.536266122907,6,9
2405958,31,128,1-31-2024-128-04,4,1,2025,1175,1200,P225/65R17,240,P225/65R17,240,,,,,,,,,277.889964841913,6,9
2405959,31,129,1-31-2024-129-08,8,2,9999,9999,9999,P235/45R18,220,P235/45R18,220,,,,,,,,,222.937813489072,6,9
2405966,25,164,1-25-2024-164-06,6,1,1890,988,902,P215/55R17,220,P215/55R17,210,,,,,,,,,353.939350416704,2,9
2405981,22,179,1-22-2024-179-06,6,2,1712,949,763,P205/50R17,240,P205/50R17,240,,,,,,,,,104.526575629748,12,9
2405983,22,181,1-22-2024-181-01,1,2,2140,1145,1145,P225/65R17,220,P225/65R17,220,,,,,,,,,23.1353338048251,12,9
2405994,25,166,1-25-2024-166-04,4,1,1720,990,950,P205/55R16,230,P205/55R16,230,,,,,,,,,345.115336307189,2,9
2405995,82,166,1-82-2024-166-05,5,1,2130,1100,1075,P235/60R18,230,P235/60R18,210,,,,,,,,,31.9198775635953,1,9
2406004,60,104,1-60-2024-104-06,6,1,3901,2000,2722,LT245/75R16,340,LT245/75R16,550,,,,,,,,,1686.82934488612,8,9
2406006,59,179,1-59-2024-179-06,6,1,2549,1338,1220,P245/50R20,240,P245/50R20,240,,,,,,,,,422.426467796273,6,9
2406010,10,125,1-10-2024-125-03,3,1,2314,1275,1275,P245/45R20,220,P245/45R20,220,,,,,,,,,142.987817041245,4,9
2406031,62,178,1-62-2024-178-03,3,1,2100,1175,1200,P225/65R17,240,P225/65R17,240,,,,,,,,,536.96509215571,7,9
2406043,30,205,1-30-2024-205-02,2,1,1970,1040,980,P215/55R17,250,P215/55R17,250,,,,,,,,,19.1643554509332,10,9
2406032,62,179,1-62-2024-179-03,3,1,9999,9999,9999,9999999999,999,9999999999,999,,,,,,,,,536.96509215571,7,9
2400685,59,26,1-59-2024-026-04,4,2,1930,1120,1020,P205/60R16,220,P205/60R16,220,,,,,,,,,406.376487914372,6,9
2405594,27,174,1-27-2024-174-NM2,22,1,2794,1397,1497,P255/50R20,240,P255/50R20,240,,,,,,,,,41.6395308351094,3,9
2402262,15,90,1-15-2024-090-03,3,1,2605,1320,1380,P255/45R20,250,P255/45R20,250,,,,,,,,,15.1410745762649,1,9
2401266,19,22,1-19-2024-022-06,6,2,9999,9999,9999,9999999999,999,9999999999,999,,,,,,,,,291.019579336203,9,9
2401017,24,23,1-24-2024-023-05,5,1,2949,1452,1679,P265/50R20,230,P265/50R20,250,,,,,,,,,30.2115379575138,1,9
2400144,18,3,1-18-2024-003-06,6,2,2767,1339,1452,P245/65R17,228,P245/65R17,228,,,,,,,,,261.884069240543,6,9
2400825,10,13,1-10-2024-013-NM1,21,1,2608,1338,1452,P245/65R17,210,P245/65R17,240,,,,,,,,,60.5767032793963,4,9
2405694,77,182,1-77-2024-182-06,6,1,2395,1271,1210,P235/55R20,240,P235/55R20,240,,,,,,,,,1021.39406710871,9,9
2402700,33,45,1-33-2024-045-03,3,1,2223,1165,1130,P225/55R18,240,P225/55R18,230,,,,,,,,,57.6772024603387,12,9
2401366,13,38,1-13-2024-038-07,7,1,2041,982,1080,P235/50R18,320,P235/50R18,320,,,,,,,,,4101.1572958259,7,9
2404074,79,84,1-79-2024-084-09,9,2,1950,1100,960,9999999999,999,9999999999,999,,,,,,,,,325.337766812006,8,9
2400533,22,14,1-22-2024-014-10,10,1,2994,1437,1361,P245/75R16,241,P245/75R16,241,,,,,,,,,302.665477612854,12,9
2401664,11,43,1-11-2024-043-05,5,1,9999,9999,9999,9999999999,999,9999999999,999,,,,,,,,,31.8812723055547,8,9
2405156,10,100,1-10-2024-100-NM1,21,1,9999,9999,9999,9999999999,999,9999999999,999,,,,,,,,,31.3806248143146,4,9
2404369,22,128,1-22-2024-128-04,4,2,2041,1089,1007,P225/65R17,230,P225/65R17,230,,,,,,,,,33.3238497656853,12,9
2400811,29,14,1-29-2024-014-03,3,1,2750,1335,1530,P255/50R20,241,P255/50R20,241,,,,,,,,,169.206558242073,2,9
2406384,33,112,1-33-2024-112-03,3,2,1640,880,840,9999999999,999,9999999999,999,,,,,,,,,42.0497493010492,12,9
2402471,25,59,1-25-2024-059-03,3,3,9999,9999,9999,P205/55R16,999,P205/55R16,999,,,,,,,,,131.732067428066,2,9
2401973,28,58,1-28-2024-058-10,10,1,3311,1610,1905,P285/45R22,240,P285/45R22,240,,,,,,,,,463.268075201058,3,9
2405909,12,116,1-12-2024-116-03,3,2,2705,1635,1635,P235/65R18,250,P235/65R18,250,,,,,,,,,166.734048242703,9,9
2400456,19,9,1-19-2024-009-03,3,1,2480,1280,1500,P245/70R16,210,P245/70R16,210,,,,,,,,,77.5073834776398,9,9
2401002,69,18,1-69-2024-018-02,2,2,1760,980,910,P195/65R15,230,P195/65R15,230,,,,,,,,,17.6221452308209,8,9
2402897,21,59,1-21-2024-059-04,4,2,2870,1255,1710,P255/55R18,220,P255/55R18,240,,,,,,,,,924.169152788539,11,9
2402307,30,81,1-30-2024-081-NM1,21,1,2010,1090,935,P225/50R17,220,P225/50R17,220,,,,,,,,,70.0679338170937,10,9
2400292,48,13,1-48-2024-013-04,4,1,2360,1160,1250,P215/65R17,260,P215/65R17,260,,,,,,,,,85.7677087053401,12,9
2400624,25,14,1-25-2024-014-05,5,1,2495,1273,1273,P225/65R17,250,P225/65R17,250,,,,,,,,,39.3581661506128,2,9
2401288,14,18,1-14-2024-018-03,3,2,2903,1463,1542,P275/60R20,240,P275/60R20,240,,,,,,,,,227.574403402927,8,9
2405908,66,118,1-66-2024-118-06,6,1,3293,1497,1928,P275/65R18,255,P275/65R18,255,,,,,,,,,124.972344097308,6,9
2405977,26,132,1-26-2024-132-NM1,21,1,2758,1438,1393,LT315/70R17,270,LT315/70R17,270,,,,,,,,,29.2426811637843,10,9
2401480,77,49,1-77-2024-049-06,6,2,2350,1185,1250,P255/35R20,260,P255/35R20,280,,,,,,,,,445.668209705361,9,9
2400667,15,20,1-15-2024-020-10,10,2,1960,1080,966,P205/50R17,240,P205/50R17,240,,,,,,,,,466.557818558881,1,9
2405928,48,193,1-48-2024-193-09,9,1,1733,939,839,P205/55R16,220,P205/55R16,220,,,,,,,,,249.720671709397,12,9
2400106,67,2,1-67-2024-002-06,6,2,9999,9999,9999,P235/40R18,270,P235/40R18,270,,,,,,,,,555.780573943308,7,9
2400604,20,15,1-20-2024-015-04,4,2,2495,1293,1293,P225/60R18,240,P225/60R18,240,,,,,,,,,98.2982956547551,11,9
2403664,77,124,1-77-2024-124-01,1,2,2100,1191,1191,P215/55R17,240,P215/55R17,240,,,,,,,,,130.400038270356,9,9
2402974,24,80,1-24-2024-080-05,5,2,2122,1072,1089,P225/65R17,230,P225/65R17,230,,,,,,,,,24.2721053029394,1,9
2406057,69,156,1-69-2024-156-04,4,1,1970,1030,1000,P225/55R18,230,P225/55R18,230,,,,,,,,,119.132990921842,8,9
2403415,81,79,1-81-2024-079-02,2,2,2100,1191,1191,P215/55R17,240,P215/55R17,240,,,,,,,,,19.0849903848337,8,9
2403601,11,104,1-11-2024-104-09,9,1,2730,1320,1515,P235/60R18,240,P235/60R18,240,,,,,,,,,1153.64234519934,8,9
2406014,77,194,1-77-2024-194-06,6,2,1720,990,950,P205/55R16,230,P205/55R16,230,,,,,,,,,934.62982464716,9,9
2405765,73,147,1-73-2024-147-03,3,1,4536,2177,2767,LT275/65R20,450,LT275/65R20,450,,,,,,,,,30.3986890211754,3,9
2404640,69,105,1-69-2024-105-02,2,2,1917,1055,942,P195/65R15,220,P195/65R15,220,,,,,,,,,7.30201599951961,8,9
2406032,62,179,1-62-2024-179-03,3,2,1970,1010,1000,P225/60R17,230,P225/60R17,220,,,,,,,,,536.96509215571,7,9
2406054,69,153,1-69-2024-153-01,1,1,9999,9999,9999,9999999999,999,9999999999,999,,,,,,,,,7.66811372485411,8,9
2406055,69,154,1-69-2024-154-10,10,1,3175,1792,1792,P265/70R17,240,P265/70R17,240,,,,,,,,,2154.09297235182,8,9
2406039,48,197,1-48-2024-197-02,2,3,2004,954,1054,P215/65R16,240,P215/65R16,240,,,,,,,,,74.210049573419,12,9
2406064,20,144,1-20-2024-144-06,6,2,1917,1010,940,P215/60R16,220,P215/60R16,220,,,,,,,,,435.278661520356,11,9
2406085,27,184,1-27-2024-184-03,3,1,2160,1260,1200,P235/65R17,240,P235/65R17,240,,,,,,,,,19.1155268679266,3,9
2406094,82,167,1-82-2024-167-02,2,2,1875,1040,960,P215/55R17,228,P215/55R17,228,,,,,,,,,30.3741457251434,1,9
2406065,79,118,1-79-2024-118-NM1,21,1,2586,1293,1339,9999999999,999,9999999999,999,,,,,,,,,131.970085856043,8,9
2406089,11,182,1-11-2024-182-02,2,1,2440,1190,1300,P215/65R17,280,P215/65R17,280,,,,,,,,,30.7614595081659,8,9
2406114,11,185,1-11-2024-185-06,6,2,2000,1035,968,P225/65R17,230,P225/65R17,230,,,,,,,,,982.981326542976,8,9
2406119,62,181,1-62-2024-181-02,2,2,2750,1300,1500,P275/50R20,210,P275/50R20,270,,,,,,,,,143.712548638116,7,9
2400016,77,1,1-77-2024-001-06,6,1,2076,1080,1044,P225/60R17,240,P225/60R17,240,,,,,,,,,540.867295936179,9,9
2400030,48,2,1-48-2024-002-04,4,1,2650,1295,1425,P245/50R20,240,P245/50R20,240,,,,,,,,,202.369493090601,12,9
2400048,60,1,1-60-2024-001-NM2,22,1,9999,9999,9999,LT275/65R20,420,LT275/65R20,450,,,,,,,,,157.912873387776,8,9
2400056,22,1,1-22-2024-001-09,9,1,1626,855,780,P185/65R15,210,P185/65R15,210,,,,,,,,,55.0527044392151,12,9
2400057,81,3,1-81-2024-003-10,10,2,2030,1050,1030,P215/55R17,210,P215/55R17,210,,,,,,,,,23702.9226403574,8,9
2400074,77,2,1-77-2024-002-07,7,1,1695,900,810,P215/55R16,220,P215/55R16,220,,,,,,,,,7758.83172262348,9,9
2400086,48,4,1-48-2024-004-04,4,1,2835,1383,1477,P255/45R20,250,P255/45R20,250,,,,,,,,,144.051903745075,12,9
2400090,73,3,1-73-2024-003-03,3,1,2800,1450,1600,P255/55R20,240,P255/55R20,240,,,,,,,,,59.7233547597489,3,9
2400085,18,2,1-18-2024-002-02,2,1,2100,1175,1200,P225/65R17,240,P225/65R17,240,,,,,,,,,46.7280335632617,6,9
2400103,17,3,1-17-2024-003-07,7,1,2036,1040,1027,P225/65R17,230,P225/65R17,230,,,,,,,,,1461.1053822292,4,9
2400112,28,2,1-28-2024-002-NM2,22,1,9999,9999,9999,9999999999,999,9999999999,999,,,,,,,,,55.8454658150129,3,9
2400119,69,4,1-69-2024-004-05,5,2,1945,1029,921,P225/55R17,250,P225/55R17,250,,,,,,,,,22.4152869997207,8,9
2400130,27,3,1-27-2024-003-08,8,1,2727,1633,1727,P245/70R16,241,P245/70R16,241,,,,,,,,,27.4102566170998,3,9
2400132,27,5,1-27-2024-005-04,4,1,2510,1265,1315,P235/55R19,240,P235/55R19,240,,,,,,,,,116.835121519361,3,9
2400146,22,3,1-22-2024-003-06,6,2,3040,1770,1770,LT275/60R20,240,LT275/60R20,240,,,,,,,,,264.995949253924,12,9
2400144,18,3,1-18-2024-003-06,6,3,1890,1061,829,P195/75R14,210,P195/75R14,210,,,,,,,,,261.884069240543,6,9
2400148,79,6,1-79-2024-006-09,9,1,2105,1075,1200,P215/70R15,210,P215/70R15,230,,,,,,,,,134.548153434236,8,9
2400154,77,4,1-77-2024-004-05,5,1,2076,1080,1044,P225/60R17,240,P225/60R17,240,,,,,,,,,90.6570748528622,9,9
2400155,77,5,1-77-2024-005-04,4,1,2055,1145,1135,P225/65R17,220,P225/65R17,220,,,,,,,,,1319.74978076648,9,9
2405078,25,135,1-25-2024-135-09,9,1,2376,1250,1370,P225/70R16,210,P225/70R16,210,,,,,,,,,490.950273628023,2,9
2404537,59,132,1-59-2024-132-04,4,1,1785,1050,971,P205/55R16,240,P205/55R16,230,,,,,,,,,99.64038886362,6,9
2402373,26,66,1-26-2024-066-09,9,1,2043,1109,934,P225/60R16,210,P225/60R16,210,,,,,,,,,1299.91372162287,10,9
2400066,73,2,1-73-2024-002-09,9,1,2812,1433,1796,P265/70R16,179,P265/70R16,200,,,,,,,,,33.1279885103634,3,9
2405476,27,169,1-27-2024-169-03,3,1,2685,1402,1393,P255/70R18,240,P255/70R18,240,,,,,,,,,34.4708789566897,3,9
2401148,20,30,1-20-2024-030-04,4,1,2080,995,1160,P225/45R18,220,P225/45R18,260,,,,,,,,,402.679247328854,11,9
2402622,20,73,1-20-2024-073-06,6,2,2850,1300,1700,P255/65R16,220,P255/65R16,270,,,,,,,,,221.879376426078,11,9
2403716,25,98,1-25-2024-098-06,6,1,2122,1072,1089,P225/60R18,230,P225/60R18,230,,,,,,,,,278.34619352915,2,9
2404048,62,114,1-62-2024-114-06,6,1,3266,1792,1792,P285/45R22,240,P285/45R22,240,,,,,,,,,2242.08850291379,7,9
2400135,21,2,1-21-2024-002-07,7,1,1695,900,810,P215/55R16,220,P215/55R16,220,,,,,,,,,8974.81562110273,11,9
2405708,25,153,1-25-2024-153-05,5,1,9999,9999,9999,9999999999,999,9999999999,999,,,,,,,,,39.3581661506128,2,9
2403169,62,85,1-62-2024-085-02,2,2,1795,955,850,P235/40R18,240,P235/40R18,230,,,,,,,,,84.9091806236359,7,9
2406255,69,163,1-69-2024-163-03,3,1,2720,1345,1590,P245/60R18,220,P245/60R18,220,,,,,,,,,20.3132021948385,8,9
2405754,81,150,1-81-2024-150-02,2,1,9999,9999,9999,9999999999,999,9999999999,999,,,,,,,,,19.0849903848337,8,9
2401177,52,15,1-52-2024-015-09,9,1,3198,1497,1746,P235/75R17,260,P235/75R17,260,,,,,,,,,308.439233897572,12,9
2405568,25,149,1-25-2024-149-03,3,2,2035,1050,1095,P225/55R17,220,P225/55R17,210,,,,,,,,,129.841261636912,2,9
2401154,24,25,1-24-2024-025-06,6,1,1964,1050,1080,P225/50R18,230,P225/50R18,230,,,,,,,,,116.94575801916,1,9
2400962,81,21,1-81-2024-021-01,1,1,2550,1275,1275,P215/65R17,240,P215/65R17,240,,,,,,,,,66.9848935846813,8,9
2403647,11,108,1-11-2024-108-03,3,1,9999,9999,9999,9999999999,999,9999999999,999,,,,,,,,,114.198903719813,8,9
2404526,67,36,1-67-2024-036-06,6,1,1642,839,816,P185/60R15,220,P185/60R15,220,,,,,,,,,590.706487181805,7,9
2404357,24,121,1-24-2024-121-03,3,1,9999,9999,9999,9999999999,999,9999999999,999,,,,,,,,,207.581096674821,1,9
2400158,73,6,1-73-2024-006-06,6,1,2745,1339,1407,P225/65R17,250,P225/65R17,250,,,,,,,,,61.3505113045855,3,9
2400189,12,4,1-12-2024-004-02,2,1,1750,1030,950,P195/65R15,235,P195/65R15,215,,,,,,,,,221.517683883591,9,9
2400201,19,6,1-19-2024-006-05,5,1,2495,1259,1452,P255/70R18,240,P255/70R18,240,,,,,,,,,49.1552833588875,9,9
2400206,18,7,1-18-2024-007-06,6,2,2930,1450,1600,P255/65R18,240,P255/65R18,240,,,,,,,,,248.39335062653,6,9
2400218,76,1,1-76-2024-001-04,4,1,1815,980,845,P205/60R16,230,P205/60R16,230,,,,,,,,,361.810809583017,3,9
2400224,60,5,1-60-2024-005-03,3,2,2803,1483,1393,LT315/70R17,270,LT315/70R17,270,,,,,,,,,272.233086345417,8,9
2400239,57,6,1-57-2024-006-03,3,1,1635,865,780,P205/55R16,230,P205/55R16,230,,,,,,,,,40.3695381904975,1,9
2400247,21,4,1-21-2024-004-03,3,1,4491,1905,2948,LT265/75R16,340,LT265/75R16,520,,,,,,,,,127.696919509624,11,9
2400257,82,8,1-82-2024-008-06,6,1,2949,1452,1679,P265/60R18,250,P265/60R18,250,,,,,,,,,194.188153888718,1,9
2400261,15,10,1-15-2024-010-04,4,1,2165,1200,1150,P225/60R17,240,P225/60R17,240,,,,,,,,,69.9678441688079,1,9
2400264,16,7,1-16-2024-007-05,5,1,2200,1175,1200,P225/60R18,240,P225/60R18,240,,,,,,,,,76.4760312858943,5,9
2400279,77,9,1-77-2024-009-08,8,1,2495,1259,1452,P255/70R18,240,P255/70R18,240,,,,,,,,,102.349519441103,9,9
2400290,13,6,1-13-2024-006-02,2,1,9999,9999,9999,9999999999,999,9999999999,999,,,,,,,,,9.13287494953795,7,9
2400290,13,6,1-13-2024-006-02,2,2,2800,1590,1590,P235/65R17,240,P235/65R17,240,,,,,,,,,9.13287494953795,7,9
2400291,13,7,1-13-2024-007-09,9,1,9999,9999,9999,9999999999,999,9999999999,999,,,,,,,,,3966.28929239835,7,9
2400309,81,11,1-81-2024-011-03,3,1,2268,1105,1235,P235/60R18,270,P235/60R18,320,,,,,,,,,275.889085247726,8,9
2400317,59,14,1-59-2024-014-04,4,2,3085,1770,1770,P275/60R20,240,P275/60R20,240,,,,,,,,,133.446453331706,6,9
2400310,67,4,1-67-2024-004-05,5,1,1825,1010,815,9999999999,999,9999999999,999,,,,,,,,,96.9891704382482,7,9
2400334,77,11,1-77-2024-011-06,6,2,1733,939,839,P205/55R16,220,P205/55R16,220,,,,,,,,,329.081744532079,9,9
2400270,10,4,1-10-2024-004-06,6,3,2908,1450,1600,P255/55R20,240,P255/55R20,240,,,,,,,,,792.161065836576,4,9
2400338,24,5,1-24-2024-005-04,4,3,2090,1150,1150,P235/55R19,240,P235/55R19,240,,,,,,,,,265.224620418869,1,9
2400340,24,7,1-24-2024-007-08,8,1,2050,1140,970,P215/55R17,220,P215/55R17,220,,,,,,,,,59.5669287216797,1,9
2400349,16,10,1-16-2024-010-04,4,2,2722,1350,1450,P235/55R20,250,P235/55R20,250,,,,,,,,,437.74021765386,5,9
2400360,32,8,1-32-2024-008-03,3,2,3130,1670,1724,P265/70R17,999,P265/70R17,999,,,,,,,,,117.958565984753,7,9
2400369,57,8,1-57-2024-008-08,8,1,9999,9999,9999,P255/75R17,240,P255/75R17,240,,,,,,,,,73.1668973237709,1,9
2400368,57,7,1-57-2024-007-06,6,2,2720,1340,1585,P245/55R19,240,P245/55R19,240,,,,,,,,,292.912717603309,1,9
2400376,27,12,1-27-2024-012-03,3,1,1742,948,839,P195/65R15,210,P195/65R15,210,,,,,,,,,11.8514312322575,3,9
2400383,22,9,1-22-2024-009-07,7,1,2280,1350,1395,P235/65R17,234,P235/65R17,234,,,,,,,,,124.897930025658,12,9
2400391,26,7,1-26-2024-007-03,3,1,2460,1170,1420,P255/50R20,290,P255/50R20,290,,,,,,,,,452.994694882318,10,9
2400391,26,7,1-26-2024-007-03,3,3,1594,872,735,P185/55R16,230,P185/55R16,230,,,,,,,,,452.994694882318,10,9
2400390,26,6,1-26-2024-006-02,2,3,2510,1265,1315,P225/60R18,230,P225/60R18,230,,,,,,,,,21.1529220587709,10,9
2400335,11,6,1-11-2024-006-03,3,2,2070,1055,1035,P225/65R17,210,P225/65R17,210,,,,,,,,,84.2498727782102,8,9
2400406,29,6,1-29-2024-006-03,3,1,2684,1340,1450,P245/50R20,240,P245/50R20,240,,,,,,,,,841.96957708731,2,9
2400411,27,15,1-27-2024-015-06,6,2,2855,1360,1560,P245/60R20,220,P245/60R20,220,,,,,,,,,41.6891280851768,3,9
2400337,11,8,1-11-2024-008-04,4,1,2090,1150,1150,P225/65R17,240,P225/65R17,240,,,,,,,,,308.948683709192,8,9
2400423,77,15,1-77-2024-015-06,6,1,2395,1135,1260,P245/40R19,260,P245/40R19,300,,,,,,,,,589.423606928976,9,9
2403825,52,40,1-52-2024-040-04,4,2,2730,1420,1480,P245/60R18,240,P245/60R18,240,,,,,,,,,190.197325229234,12,9
2404864,82,134,1-82-2024-134-03,3,1,2100,1175,1200,P235/65R16,241,P235/65R16,241,,,,,,,,,70.8323981126082,1,9
2401764,59,55,1-59-2024-055-03,3,2,1770,955,830,P215/50R17,220,P215/50R17,220,,,,,,,,,58.6800668118589,6,9
2400828,59,29,1-59-2024-029-07,7,1,2125,1104,1025,P215/70R17,220,P215/70R17,220,,,,,,,,,694.065055232765,6,9
2406238,57,193,1-57-2024-193-09,9,2,2050,1140,970,P225/50R17,210,P225/50R17,210,,,,,,,,,2875.72570555649,1,9
2400429,59,15,1-59-2024-015-05,5,1,1944,1065,995,P215/55R18,240,P215/55R18,240,,,,,,,,,53.1907731759788,6,9
2400433,54,15,1-54-2024-015-02,2,1,2141,1089,1057,P255/40R19,220,P255/40R19,220,,,,,,,,,132.981711816027,9,9
2400427,62,14,1-62-2024-014-03,3,2,1870,980,940,P205/60R16,250,P205/60R16,250,,,,,,,,,402.933322817671,7,9
2400466,17,16,1-17-2024-016-07,7,1,1710,912,798,P195/65R15,240,P195/65R15,240,,,,,,,,,294.521780483511,4,9
2400457,19,10,1-19-2024-010-03,3,1,2300,1200,1150,P245/45R20,240,P245/45R20,240,,,,,,,,,77.5073834776398,9,9
2400485,16,15,1-16-2024-015-03,3,1,2600,1340,1450,P245/60R18,240,P245/60R18,240,,,,,,,,,112.722559097346,5,9
2400487,16,17,1-16-2024-017-08,8,3,2032,1048,1093,P225/60R17,210,P225/60R17,200,,,,,,,,,94.1778924135248,5,9
2400495,76,10,1-76-2024-010-04,4,1,2041,1065,1025,P225/60R18,230,P225/60R18,230,,,,,,,,,167.149097164829,3,9
2400507,76,14,1-76-2024-014-04,4,1,2580,1300,1350,P235/55R19,240,P235/55R19,240,,,,,,,,,167.149097164829,3,9
2400503,60,8,1-60-2024-008-03,3,2,2150,1050,1190,P225/40R19,250,P225/40R19,290,,,,,,,,,298.61564899349,8,9
2400513,15,17,1-15-2024-017-03,3,1,2190,1095,1220,P225/40R19,250,P255/35R19,250,,,,,,,,,20.3353299094226,1,9
2400520,21,11,1-21-2024-011-02,2,1,2160,1260,1200,P235/65R17,240,P235/65R17,240,,,,,,,,,22.3979516230092,11,9
2400521,21,12,1-21-2024-012-03,3,1,2030,1129,1098,P215/55R17,240,P215/55R17,240,,,,,,,,,259.724843953535,11,9
2400534,25,11,1-25-2024-011-08,8,1,1990,1020,1030,P235/45R17,230,P235/45R17,220,,,,,,,,,115.991726003141,2,9
2400519,21,10,1-21-2024-010-05,5,2,1970,1010,1000,P225/55R17,230,P225/55R17,220,,,,,,,,,25.7030855752346,11,9
2400539,31,8,1-31-2024-008-06,6,2,2040,1160,1140,P215/55R17,235,P215/55R17,235,,,,,,,,,238.979638420053,6,9
2400551,10,8,1-10-2024-008-01,1,2,9999,9999,9999,P235/50R17,230,P235/50R17,230,,,,,,,,,78.4498878232952,4,9
2400542,23,10,1-23-2024-010-02,2,2,1785,1050,971,9999999999,999,9999999999,999,,,,,,,,,62.9617318466021,5,9
2400569,73,17,1-73-2024-017-04,4,1,2715,1325,1415,P255/60R18,250,P255/60R18,250,,,,,,,,,42.0002530809935,3,9
2400559,62,18,1-62-2024-018-03,3,1,3539,1951,1906,LT325/65R18,260,LT325/65R18,260,,,,,,,,,666.028503256452,7,9
2400587,57,13,1-57-2024-013-04,4,2,3200,1490,1900,P255/60R20,320,P255/60R20,340,,,,,,,,,652.929188608722,1,9
2406070,25,167,1-25-2024-167-03,3,1,2185,1165,1130,P225/60R17,230,P225/60R17,220,,,,,,,,,83.1755492477527,2,9
2402134,31,42,1-31-2024-042-06,6,1,2450,1259,1452,P225/75R16,240,P225/75R16,240,,,,,,,,,238.979638420053,6,9
2401636,48,55,1-48-2024-055-03,3,1,2720,1635,1635,P235/65R18,250,P235/65R18,250,,,,,,,,,54.9604072040948,12,9
2405274,77,167,1-77-2024-167-03,3,1,9999,9999,9999,9999999999,999,9999999999,999,,,,,,,,,255.781191541611,9,9
2405025,10,96,1-10-2024-096-05,5,1,1944,1076,870,P205/55R16,260,P205/55R16,260,,,,,,,,,75.3748060493564,4,9
2404447,11,134,1-11-2024-134-02,2,1,2721,1270,1495,P230/50R20,230,P230/50R20,230,,,,,,,,,30.7614595081659,8,9
2400654,12,14,1-12-2024-014-06,6,1,2250,1175,1240,P235/55R18,240,P235/55R18,240,,,,,,,,,257.996460650317,9,9
2401152,11,28,1-11-2024-028-03,3,2,2180,1140,1040,P225/55R19,240,P225/55R19,240,,,,,,,,,136.762566507973,8,9
2400511,27,19,1-27-2024-019-04,4,1,2125,1115,1065,P235/55R19,230,P235/55R19,210,,,,,,,,,55.1587910094803,3,9
2401885,57,36,1-57-2024-036-02,2,1,3901,1860,2431,LT245/75R16,380,LT245/75R16,550,,,,,,,,,8.84567916097239,1,9
2402246,22,64,1-22-2024-064-06,6,2,1990,1065,995,P205/70R16,240,P205/70R16,240,,,,,,,,,25.2675524846257,12,9
2401914,69,34,1-69-2024-034-03,3,1,1945,1150,1060,P215/65R17,230,P215/65R17,200,,,,,,,,,43.5412991894678,8,9
2405140,59,150,1-59-2024-150-04,4,1,2230,1220,1220,P225/60R18,230,P225/60R18,230,,,,,,,,,619.324138047773,6,9
2400872,57,18,1-57-2024-018-02,2,3,9999,9999,9999,9999999999,999,9999999999,999,,,,,,,,,9.61567555511826,1,9
2400895,76,25,1-76-2024-025-07,7,1,2495,1273,1273,P225/65R17,250,P225/65R17,250,,,,,,,,,72.7960942583928,3,9
2400417,18,12,1-18-2024-012-06,6,2,2803,1397,1520,P245/60R18,240,P245/60R18,240,,,,,,,,,66.0930169005829,6,9
2400494,24,10,1-24-2024-010-03,3,2,9999,9999,9999,9999999999,999,9999999999,999,,,,,,,,,57.0773068448119,1,9
2402409,23,37,1-23-2024-037-03,3,1,9999,9999,9999,9999999999,999,9999999999,999,,,,,,,,,244.414257425424,5,9
2401722,20,50,1-20-2024-050-03,3,1,1785,1050,971,P205/55R16,240,P205/55R16,230,,,,,,,,,20.5664841454884,11,9
2400248,22,4,1-22-2024-004-NM2,22,1,2230,1220,1220,P225/60R18,230,P225/60R18,230,,,,,,,,,105.99041920132,12,9
2404576,17,148,1-17-2024-148-08,8,1,2025,960,1115,P225/45R17,220,P225/45R17,220,,,,,,,,,75.6421709357649,4,9
2402051,33,35,1-33-2024-035-09,9,2,1560,830,744,P185/65R14,210,P185/65R14,200,,,,,,,,,185.63642695444,12,9
2403239,76,91,1-76-2024-091-07,7,2,1900,970,980,9999999999,999,9999999999,999,,,,,,,,,107.278454695971,3,9
2401905,73,61,1-73-2024-061-05,5,1,2002,1085,940,P235/45R18,230,P235/45R18,230,,,,,,,,,34.7225186472303,3,9
2402552,62,68,1-62-2024-068-06,6,2,1776,1021,975,P215/45R17,230,P215/45R17,220,,,,,,,,,1202.67078844342,7,9
2402011,77,67,1-77-2024-067-09,9,1,2195,1000,1195,P225/55R16,193,P225/55R16,207,,,,,,,,,658.884544648382,9,9
2405941,11,180,1-11-2024-180-NM2,22,1,3175,1565,1724,P275/65R18,262,P275/65R18,262,,,,,,,,,2346.62012709175,8,9
2404713,16,117,1-16-2024-117-02,2,1,1951,1030,921,P215/60R16,210,P215/60R16,210,,,,,,,,,39.1670441583168,5,9
2404467,28,138,1-28-2024-138-10,10,1,1610,850,840,P175/70R14,220,P175/70R14,220,,,,,,,,,80.5683609045318,3,9
2402303,13,59,1-13-2024-059-02,2,2,2605,1320,1380,P255/45R20,269,P255/45R20,269,,,,,,,,,58.2530897040008,7,9
2400740,28,20,1-28-2024-020-08,8,1,2322,1292,1179,P245/75R16,205,P245/75R16,205,,,,,,,,,48.0385140677194,3,9
2404819,20,118,1-20-2024-118-10,10,1,1800,922,881,P245/40R19,240,P275/35R19,240,,,,,,,,,10261.0364593022,11,9
2403136,28,94,1-28-2024-094-10,10,1,2450,1248,1339,P225/75R16,227,P225/75R16,227,,,,,,,,,80.5683609045318,3,9
2401593,66,34,1-66-2024-034-03,3,3,2041,1089,1016,P225/55R19,250,P225/55R19,250,,,,,,,,,79.4686416678806,6,9
2402755,26,80,1-26-2024-080-NM1,21,1,9999,9999,9999,9999999999,999,9999999999,999,,,,,,,,,25.7030205312635,10,9
2402947,18,87,1-18-2024-087-06,6,2,1880,1010,900,P205/60R16,220,P205/60R16,210,,,,,,,,,774.577393805406,6,9
2401928,17,63,1-17-2024-063-08,8,2,1999,1043,956,P215/55R17,210,P215/55R17,210,,,,,,,,,66.7779698608357,4,9
2401215,57,24,1-57-2024-024-03,3,2,1860,980,845,P205/60R16,230,P205/60R16,230,,,,,,,,,150.626658568776,1,9
2404112,16,109,1-16-2024-109-05,5,1,2050,1070,1030,P235/40R19,240,P235/40R19,240,,,,,,,,,216.193332354544,5,9
2406027,67,55,1-67-2024-055-01,1,1,1944,1065,995,P215/55R18,240,P215/55R18,240,,,,,,,,,102.857050227779,7,9
2403422,77,118,1-77-2024-118-02,2,2,2165,1070,1135,P255/35R19,250,P285/30R19,290,,,,,,,,,83.1566199866033,9,9
2403153,73,91,1-73-2024-091-04,4,1,3221,1724,1724,P275/60R20,240,P275/60R20,240,,,,,,,,,63.6025610468281,3,9
2404372,22,131,1-22-2024-131-09,9,2,1742,948,839,P195/65R15,210,P195/65R15,210,,,,,,,,,68.5518901311532,12,9
2400187,17,7,1-17-2024-007-03,3,1,1750,1030,950,P195/65R15,235,P195/65R15,215,,,,,,,,,94.6581928917778,4,9
2403336,69,71,1-69-2024-071-05,5,1,1917,1010,940,P215/55R17,230,P215/55R17,230,,,,,,,,,7.30201599951961,8,9
2403585,69,76,1-69-2024-076-02,2,2,2903,1407,1611,LT285/70R17,255,LT285/70R17,255,,,,,,,,,7.30201599951961,8,9
2406124,59,183,1-59-2024-183-07,7,2,3901,1614,2760,LT235/85R16,379,LT235/85R16,552,,,,,,,,,581.300386874371,6,9
2405626,81,145,1-81-2024-145-02,2,1,1720,990,950,P205/55R16,230,P205/55R16,230,,,,,,,,,19.0849903848337,8,9
2404415,54,105,1-54-2024-105-06,6,2,2250,1175,1240,P225/65R17,240,P225/65R17,240,,,,,,,,,225.94769841535,9,9
2403184,18,91,1-18-2024-091-03,3,1,2041,1089,1016,P225/65R17,230,P225/65R17,230,,,,,,,,,87.3494376101513,6,9
2403207,66,69,1-66-2024-069-08,8,1,4490,2358,3098,LT265/75R16,379,LT265/75R16,552,,,,,,,,,136.694074174878,6,9
2405557,17,183,1-17-2024-183-10,10,2,2104,1106,1056,P235/70R16,205,P235/70R16,205,,,,,,,,,8976.37792012195,4,9
2401335,77,46,1-77-2024-046-09,9,1,1569,810,764,P185/70R14,210,P185/70R14,210,,,,,,,,,1115.38810302438,9,9
2403940,62,111,1-62-2024-111-01,1,1,9999,9999,9999,9999999999,999,9999999999,999,,,,,,,,,72.7909715141898,7,9
2402686,19,34,1-19-2024-034-01,1,2,2100,1191,1191,P205/65R16,240,P205/65R16,240,,,,,,,,,55.53584624788,9,9
2401355,18,49,1-18-2024-049-04,4,1,2100,1175,1200,P225/65R17,240,P225/65R17,240,,,,,,,,,70.6522327035531,6,9
2402045,48,67,1-48-2024-067-07,7,1,9999,9999,9999,9999999999,999,9999999999,999,,,,,,,,,165.9221415263,12,9
2400900,32,28,1-32-2024-028-02,2,1,9999,9999,9999,9999999999,999,9999999999,999,,,,,,,,,6.80938847594463,7,9
2406224,28,191,1-28-2024-191-04,4,3,2949,1452,1679,P265/50R20,250,P265/50R20,250,,,,,,,,,81.1581075737838,3,9
2400651,22,17,1-22-2024-017-04,4,2,3175,1724,1724,P265/65R18,240,P265/65R18,240,,,,,,,,,53.2870024901003,12,9
2405726,27,176,1-27-2024-176-07,7,2,2080,1070,1060,P225/60R17,220,P225/60R17,210,,,,,,,,,352.3606808973,3,9
2405477,27,170,1-27-2024-170-04,4,1,2720,1635,1635,P235/65R18,250,P235/65R18,250,,,,,,,,,201.717772631549,3,9
2402809,18,85,1-18-2024-085-06,6,2,2130,1150,1200,P225/65R17,240,P225/65R17,230,,,,,,,,,458.423668559883,6,9
2400862,17,29,1-17-2024-029-04,4,1,2200,1260,1200,P235/55R19,240,P235/55R19,240,,,,,,,,,69.0851041143821,4,9
2405147,48,168,1-48-2024-168-10,10,1,2096,1170,1150,P215/60R16,210,P215/60R16,210,P225/55R16,220,P225/55R16,220,,,,,234.818157575356,12,9
2405339,27,167,1-27-2024-167-09,9,1,1720,920,810,P205/55R16,220,P205/55R16,220,,,,,,,,,190.105427667502,3,9
2401260,17,41,1-17-2024-041-07,7,1,2291,1273,1273,P225/60R17,230,P225/60R17,230,,,,,,,,,243.718011272748,4,9
2400693,77,22,1-77-2024-022-NM2,22,1,2096,1098,1006,P235/55R17,240,P235/55R17,240,,,,,,,,,426.24158292944,9,9
2402963,69,57,1-69-2024-057-01,1,1,2085,1200,1150,P225/55R18,240,P225/55R18,240,,,,,,,,,8.82408354436594,8,9
2402963,69,57,1-69-2024-057-01,1,3,2856,1395,1202,P265/40R21,240,P265/40R21,240,,,,,,,,,8.82408354436594,8,9
2403212,24,88,1-24-2024-088-07,7,1,2260,1190,1080,P235/60R18,230,P235/60R18,230,,,,,,,,,914.887668097759,1,9
2403461,69,73,1-69-2024-073-01,1,1,2087,1134,1225,P205/75R15,240,P205/75R15,240,,,,,,,,,25.5510252230987,8,9
2403567,18,97,1-18-2024-097-07,7,1,2300,1175,1240,P225/65R17,240,P225/65R17,240,,,,,,,,,1159.74164093818,6,9
2400948,13,24,1-13-2024-024-01,1,1,9999,9999,9999,9999999999,999,9999999999,999,,,,,,,,,56.8234365067384,7,9
2404337,76,122,1-76-2024-122-03,3,1,2095,1090,1055,P235/60R18,228,P235/60R18,207,,,,,,,,,71.5495535595937,3,9
2402087,25,48,1-25-2024-048-03,3,1,1815,980,845,P205/60R16,230,P205/60R16,230,,,,,,,,,139.912654997625,2,9
2404045,81,98,1-81-2024-098-NM1,21,1,2170,1170,1020,P245/45R18,220,P245/45R18,220,,,,,,,,,74.6147978501919,8,9
2402528,77,86,1-77-2024-086-08,8,2,3175,1792,1792,P265/65R18,240,P265/65R18,240,,,,,,,,,921.984007928312,9,9
2400115,25,2,1-25-2024-002-01,1,2,2035,1050,1095,P225/55R17,220,P225/55R17,210,,,,,,,,,84.4595032082749,2,9
2405525,10,111,1-10-2024-111-05,5,1,2375,1237,1160,P235/65R18,228,P235/65R18,228,,,,,,,,,31.3260888817298,4,9
2401738,33,28,1-33-2024-028-04,4,2,1810,972,880,P215/55R16,240,P215/55R16,240,,,,,,,,,61.5448384435777,12,9
2403384,82,84,1-82-2024-084-03,3,1,2199,1133,1079,P225/65R17,250,P225/65R17,250,,,,,,,,,111.316539758788,1,9
2402079,11,52,1-11-2024-052-03,3,2,1810,1010,850,P235/45R18,220,P235/45R18,220,,,,,,,,,212.616287924737,8,9
2403430,62,91,1-62-2024-091-03,3,2,1975,1140,1050,P235/45R18,240,P235/45R18,240,,,,,,,,,349.88479232887,7,9
2400938,14,14,1-14-2024-014-03,3,2,1963,1097,945,9999999999,999,9999999999,999,,,,,,,,,240.559510739589,8,9
2400829,59,30,1-59-2024-030-01,1,1,2776,1397,1497,P255/50R20,240,P255/50R20,240,,,,,,,,,53.4084683471652,6,9
2404659,77,149,1-77-2024-149-01,1,1,1900,940,1010,P195/65R15,250,P195/65R15,250,,,,,,,,,96.927477716339,9,9
2404410,48,145,1-48-2024-145-09,9,1,2580,1290,1290,P215/65R16,240,P215/65R16,240,P225/65R16,240,P225/65R16,240,,,,,144.242810569893,12,9
2403640,29,38,1-29-2024-038-07,7,2,1760,980,910,P195/65R15,230,P195/65R15,230,,,,,,,,,2469.39309836559,2,9
2400142,12,2,1-12-2024-002-03,3,2,2803,1483,1393,LT315/70R17,270,LT315/70R17,270,,,,,,,,,164.057323491007,9,9
2406033,62,180,1-62-2024-180-02,2,2,1848,962,886,P225/55R17,230,P225/55R17,230,,,,,,,,,40.5230025519482,7,9
2405014,81,127,1-81-2024-127-02,2,2,1785,1050,971,P205/55R16,240,P205/55R16,230,,,,,,,,,20.6727672091787,8,9
2403826,32,125,1-32-2024-125-02,2,2,9999,9999,9999,9999999999,999,9999999999,999,,,,,,,,,37.259655830375,7,9
2401662,11,41,1-11-2024-041-03,3,1,2200,1250,1220,P225/65R17,240,P225/65R17,240,,,,,,,,,152.094599148101,8,9
2402890,26,82,1-26-2024-082-03,3,1,2926,1407,1611,P255/60R20,250,P255/60R20,250,,,,,,,,,344.417446330487,10,9
2400729,32,21,1-32-2024-021-NM1,21,1,9999,9999,9999,9999999999,999,9999999999,999,,,,,,,,,10.924164677076,7,9
2401811,24,42,1-24-2024-042-03,3,2,3311,1633,1860,P285/45R22,240,P285/45R22,240,,,,,,,,,99.2524783527311,1,9
2402495,27,78,1-27-2024-078-07,7,2,2165,1065,1125,P225/50R17,270,P225/50R17,310,,,,,,,,,137.676425410893,3,9
2401499,54,35,1-54-2024-035-10,10,2,2041,993,1066,P235/50R18,220,P235/50R18,220,,,,,,,,,297.406603751546,9,9
2402140,77,71,1-77-2024-071-NM1,21,1,1641,891,791,P195/60R15,220,P195/60R15,220,,,,,,,,,113.21347390618,9,9
2401642,18,63,1-18-2024-063-09,9,2,3266,1701,1837,P275/55R20,240,P275/55R20,240,,,,,,,,,95.1775471436952,6,9
2404204,48,134,1-48-2024-134-03,3,1,2146,1161,1052,P225/65R17,230,P225/65R17,230,,,,,,,,,54.9604072040948,12,9
2400809,13,18,1-13-2024-018-03,3,1,1825,1050,950,P205/60R15,230,P205/60R15,230,,,,,,,,,165.322256679905,7,9
2404559,30,155,1-30-2024-155-06,6,1,1579,843,751,P185/55R16,230,P185/55R16,220,,,,,,,,,514.164723405485,10,9
2401854,66,43,1-66-2024-043-10,10,2,2250,1175,1240,P225/65R17,240,P225/65R17,240,,,,,,,,,242.389498710963,6,9
2400592,33,8,1-33-2024-008-04,4,2,2030,1188,1098,P235/40R19,240,P235/40R19,240,,,,,,,,,415.349865952481,12,9
2400575,82,15,1-82-2024-015-02,2,2,2933,1383,1613,P255/60R18,248,P255/60R18,248,,,,,,,,,23.9814262485552,1,9
2400612,28,14,1-28-2024-014-09,9,1,4173,2177,2760,LT245/75R16,420,LT245/75R16,550,,,,,,,,,102.35859040919,3,9
2400614,28,16,1-28-2024-016-03,3,1,2175,1120,1120,P235/60R18,240,P235/60R18,220,,,,,,,,,28.3089754479373,3,9
2400615,28,17,1-28-2024-017-06,6,2,2159,1125,1040,P235/55R17,240,P235/55R17,240,,,,,,,,,52.5156468300851,3,9
2400627,76,16,1-76-2024-016-06,6,1,3266,1792,1792,P265/65R18,240,P265/65R18,240,,,,,,,,,69.290638741677,3,9
2400632,52,7,1-52-2024-007-06,6,2,1819,1010,809,P225/50R16,210,P225/50R16,210,,,,,,,,,65.0868095156168,12,9
2400639,18,22,1-18-2024-022-03,3,1,2722,1350,1450,P235/65R18,240,P235/65R18,240,,,,,,,,,34.6070615401308,6,9
2400631,69,12,1-69-2024-012-08,8,1,2461,1214,1258,9999999999,999,9999999999,999,,,,,,,,,148.766413435097,8,9
2400653,12,13,1-12-2024-013-09,9,1,2450,1248,1339,P225/75R16,227,P225/75R16,227,,,,,,,,,244.052569677692,9,9
2400650,22,16,1-22-2024-016-04,4,1,2641,1250,1427,P255/50R20,230,P255/50R20,230,,,,,,,,,53.2870024901003,12,9
2400656,21,14,1-21-2024-014-03,3,1,1815,980,845,P215/45R18,230,P215/45R18,230,,,,,,,,,177.853805962019,11,9
2400659,26,12,1-26-2024-012-05,5,2,4536,2359,2812,LT265/70R18,420,LT265/70R18,480,,,,,,,,,44.028673942891,10,9
2400608,11,15,1-11-2024-015-09,9,1,2903,1780,1701,LT245/75R16,340,LT245/75R16,340,,,,,,,,,1357.74178221116,8,9
2400543,57,11,1-57-2024-011-05,5,1,2703,9999,9999,9999999999,999,9999999999,999,,,,,,,,,10.3384940041349,1,9
2400679,24,14,1-24-2024-014-07,7,2,2082,1191,1134,P225/45R18,230,P225/45R18,230,,,,,,,,,456.632617918593,1,9
2400680,24,15,1-24-2024-015-06,6,2,1960,1050,930,P215/55R17,225,P215/55R17,225,,,,,,,,,119.681847498873,1,9
2400699,16,22,1-16-2024-022-02,2,3,2405,1248,1339,P225/65R17,250,P225/65R17,250,,,,,,,,,18.740072057542,5,9
2400714,73,23,1-73-2024-023-10,10,1,1810,972,880,P215/55R16,240,P215/55R16,240,,,,,,,,,2512.5488603596,3,9
2400715,73,24,1-73-2024-024-06,6,1,1733,939,839,P205/55R16,220,P205/55R16,220,,,,,,,,,62.7249966038343,3,9
2400742,76,19,1-76-2024-019-07,7,1,2409,1279,1197,P235/50R18,250,P235/50R18,250,,,,,,,,,80.4588410219785,3,9
2400725,48,26,1-48-2024-026-03,3,1,2030,1188,1098,P235/45R18,240,P235/45R18,240,,,,,,,,,54.9604072040948,12,9
2400726,48,27,1-48-2024-027-07,7,1,3250,1550,1800,P295/40R21,260,P295/40R21,340,,,,,,,,,569.085745084138,12,9
2400759,30,24,1-30-2024-024-02,2,1,4082,1873,2502,P235/65R16,360,P235/65R16,490,,,,,,,,,18.7124163743047,10,9
2400711,62,21,1-62-2024-021-02,2,2,2370,1270,1270,P235/60R18,999,P235/60R18,999,,,,,,,,,61.2648028245878,7,9
2400770,17,24,1-17-2024-024-09,9,2,2570,1285,1290,P225/60R16,250,P225/60R16,250,,,,,,,,,311.398354328333,4,9
2400750,27,26,1-27-2024-026-04,4,1,1825,1050,950,P205/60R16,230,P205/60R16,230,,,,,,,,,23.4030628879883,3,9
2400777,20,18,1-20-2024-018-06,6,1,1733,939,839,P205/55R16,220,P205/55R16,220,,,,,,,,,220.336429698362,11,9
2400802,77,26,1-77-2024-026-03,3,2,3017,1679,1770,P245/70R17,240,P245/70R17,240,,,,,,,,,122.494592247471,9,9
2400803,66,12,1-66-2024-012-09,9,1,2165,1157,1008,P235/55R17,210,P235/55R17,210,,,,,,,,,97.5596917228585,6,9
2400814,11,19,1-11-2024-019-05,5,1,2087,1180,1080,P215/65R16,240,P215/65R16,220,,,,,,,,,47.8296245732879,8,9
2400813,18,29,1-18-2024-029-03,3,1,2146,1177,1066,P225/65R17,230,P225/65R17,230,,,,,,,,,37.4691262436427,6,9
2400817,57,16,1-57-2024-016-05,5,1,2495,1273,1273,P225/60R18,230,P225/60R18,230,,,,,,,,,55.3733551294336,1,9
2400826,59,27,1-59-2024-027-06,6,1,1743,917,826,9999999999,999,9999999999,999,,,,,,,,,181.695806750984,6,9
2400827,59,28,1-59-2024-028-04,4,2,2427,1270,1225,P235/70R15,220,P235/70R15,220,,,,,,,,,210.089582417027,6,9
2400819,81,19,1-81-2024-019-01,1,1,2700,1150,1550,P225/50R18,260,P225/50R18,310,,,,,,,,,96.2081604062078,8,9
2400854,30,29,1-30-2024-029-02,2,2,2721,1370,1495,P245/50R20,230,P245/50R20,230,,,,,,,,,41.0620689400047,10,9
2400850,18,34,1-18-2024-034-04,4,1,1890,1040,960,P215/55R17,241,P215/55R17,228,,,,,,,,,102.380498112207,6,9
2400865,48,30,1-48-2024-030-07,7,1,2949,1452,1679,P265/50R20,250,P265/50R20,250,,,,,,,,,103.361334065564,12,9
2400800,22,23,1-22-2024-023-07,7,2,2122,1072,1089,P225/65R17,230,P225/65R17,230,,,,,,,,,98.6738695779625,12,9
2400882,60,11,1-60-2024-011-03,3,1,1707,941,766,P195/65R15,260,P195/65R15,260,,,,,,,,,329.229012511834,8,9
2400873,11,20,1-11-2024-020-03,3,2,2040,1160,1140,P205/65R16,235,P205/65R16,235,,,,,,,,,45.0595330598255,8,9
2400901,52,11,1-52-2024-011-03,3,2,9999,9999,9999,9999999999,999,9999999999,999,,,,,,,,,19.4411121960784,12,9
2400902,52,12,1-52-2024-012-06,6,2,2053,1077,985,P225/60R17,230,P225/60R17,230,,,,,,,,,98.2336933778546,12,9
2400911,66,18,1-66-2024-018-04,4,1,1836,955,881,P205/65R16,240,P205/65R16,240,,,,,,,,,114.973892842,6,9
2400456,19,9,1-19-2024-009-03,3,2,9999,9999,9999,9999999999,999,9999999999,999,,,,,,,,,77.5073834776398,9,9
2401830,27,57,1-27-2024-057-06,6,2,2000,1065,995,P215/55R18,240,P215/55R18,240,,,,,,,,,50.9387159232509,3,9
2403304,10,51,1-10-2024-051-02,2,1,9999,9999,9999,9999999999,999,9999999999,999,,,,,,,,,25.7733543604988,4,9
2400642,66,8,1-66-2024-008-10,10,1,2948,1542,1610,P255/70R16,200,P255/70R16,221,,,,,,,,,403.982497851604,6,9
2405219,66,101,1-66-2024-101-03,3,2,2638,1495,1511,P265/70R16,240,P265/70R16,240,,,,,,,,,79.4686416678806,6,9
2402142,77,73,1-77-2024-073-01,1,2,3266,1792,1792,P255/70R17,240,P255/70R17,240,,,,,,,,,96.927477716339,9,9
2402491,24,64,1-24-2024-064-03,3,2,9999,9999,9999,9999999999,999,9999999999,999,,,,,,,,,25.0633899458079,1,9
2403347,24,93,1-24-2024-093-05,5,1,2100,1160,1140,P235/45R18,235,P235/45R18,235,,,,,,,,,24.2721053029394,1,9
2404014,81,97,1-81-2024-097-03,3,1,2490,1250,1360,P235/55R19,230,P235/55R19,250,,,,,,,,,444.901536143356,8,9
2402683,79,57,1-79-2024-057-03,3,3,2041,982,1080,P235/50R18,220,P235/50R18,220,,,,,,,,,104.756877618907,8,9
2403324,33,55,1-33-2024-055-10,10,1,3130,1633,1814,P265/70R16,240,P265/70R16,240,,,,,,,,,58.854607771382,12,9
2400619,16,21,1-16-2024-021-NM1,21,1,9999,9999,9999,9999999999,999,9999999999,999,,,,,,,,,61.8147074429554,5,9
2403118,82,80,1-82-2024-080-06,6,2,1695,900,810,9999999999,999,9999999999,999,,,,,,,,,333.210787221201,1,9
2404243,17,134,1-17-2024-134-03,3,1,1917,1055,942,P205/55R16,240,P205/55R16,240,,,,,,,,,56.2627107467575,4,9
2402122,28,59,1-28-2024-059-07,7,1,2076,1080,1044,P225/60R17,240,P225/60R17,240,,,,,,,,,44.330330715033,3,9
2405680,81,146,1-81-2024-146-08,8,1,9999,9999,9999,9999999999,999,9999999999,999,,,,,,,,,280.699265939303,8,9
2402926,62,80,1-62-2024-080-05,5,1,2087,998,1111,P235/50R18,220,P235/50R18,220,,,,,,,,,40.9792470322256,7,9
2403553,77,122,1-77-2024-122-02,2,2,2895,1400,1540,P295/35R21,260,P295/35R21,300,,,,,,,,,83.1566199866033,9,9
2403802,17,119,1-17-2024-119-03,3,1,1740,919,825,P215/55R16,220,P215/55R16,220,,,,,,,,,84.9097725138934,4,9
2405972,21,146,1-21-2024-146-NM1,21,1,2185,1165,1130,P225/40R18,230,P225/40R18,220,,,,,,,,,9.08918343004306,11,9
2403659,62,102,1-62-2024-102-06,6,2,2130,1100,1040,P235/60R18,230,P235/60R18,210,,,,,,,,,1429.435218867,7,9
2402227,16,65,1-16-2024-065-05,5,2,1642,839,816,P185/60R15,220,P185/60R15,220,,,,,,,,,20.614517650874,5,9
2403458,20,93,1-20-2024-093-01,1,1,9999,9999,9999,9999999999,999,9999999999,999,,,,,,,,,35.0220589332575,11,9
2403266,26,96,1-26-2024-096-05,5,1,3311,1486,1872,P265/70R17,240,P265/70R17,240,,,,,,,,,39.670972526611,10,9
2402602,69,48,1-69-2024-048-05,5,1,1917,1010,940,9999999999,999,9999999999,999,,,,,,,,,20.2105701272305,8,9
2401938,60,20,1-60-2024-020-02,2,1,2100,1260,1200,P235/55R19,240,P235/55R19,240,,,,,,,,,98.7373875661215,8,9
2405496,26,126,1-26-2024-126-07,7,1,1997,1075,922,P215/50R17,250,P215/50R17,250,,,,,,,,,9428.18633706255,10,9
2404285,10,78,1-10-2024-078-01,1,2,2125,1145,1000,P245/40R19,230,P245/40R19,230,,,,,,,,,25.633900579513,4,9
2402625,21,52,1-21-2024-052-NM2,22,1,2470,1420,1420,P235/50R18,230,P235/50R18,230,,,,,,,,,1946.80039165077,11,9
2401228,73,39,1-73-2024-039-03,3,1,2200,1250,1220,P225/60R18,240,P225/60R18,230,,,,,,,,,23.5881329232141,3,9
2405018,59,148,1-59-2024-148-05,5,2,2080,1150,1000,P225/55R18,240,P225/55R18,240,,,,,,,,,53.1907731759788,6,9
2400418,10,6,1-10-2024-006-04,4,2,2395,1271,1210,P235/65R18,228,P235/65R18,228,,,,,,,,,615.9949585601,4,9
2400541,23,9,1-23-2024-009-03,3,2,3402,1633,1905,P285/45R22,240,P285/45R22,240,,,,,,,,,341.793285163894,5,9
2401082,59,37,1-59-2024-037-03,3,1,1825,1050,950,P205/60R16,230,P205/60R16,230,,,,,,,,,47.4858553951671,6,9
2404477,27,140,1-27-2024-140-NM2,22,1,1810,972,880,P215/55R16,240,P215/55R16,240,,,,,,,,,26.6993316813968,3,9
2405659,73,142,1-73-2024-142-06,6,1,1733,913,820,P205/55R16,240,P205/55R16,240,,,,,,,,,37.0946854309253,3,9
2405951,60,102,1-60-2024-102-06,6,2,1724,980,910,P205/55R16,230,P205/55R16,230,,,,,,,,,198.203515128736,8,9
2404955,16,122,1-16-2024-122-NM1,21,1,2518,1338,1452,P245/65R17,210,P245/65R17,210,,,,,,,,,20.5106500164933,5,9
2401955,32,69,1-32-2024-069-02,2,4,1964,1041,1041,9999999999,999,9999999999,999,,,,,,,,,7.09521986759074,7,9
2401314,29,16,1-29-2024-016-09,9,1,1800,922,881,P245/40R19,240,P275/35R19,240,,,,,,,,,2020.97759690055,2,9
2400046,28,1,1-28-2024-001-10,10,1,9999,9999,9999,9999999999,999,9999999999,999,,,,,,,,,80.5683609045318,3,9
2405788,69,147,1-69-2024-147-09,9,1,1871,1009,900,P205/60R16,220,P205/60R16,210,,,,,,,,,634.831339238048,8,9
2405618,73,141,1-73-2024-141-03,3,1,2200,1250,1220,P225/65R17,240,P225/65R17,230,,,,,,,,,39.6505655197374,3,9
2405369,22,164,1-22-2024-164-08,8,1,1626,855,780,P195/65R15,210,P195/65R15,210,,,,,,,,,29.5597025273187,12,9
2401041,28,27,1-28-2024-027-01,1,1,2058,1112,946,9999999999,210,9999999999,210,,,,,,,,,36.6185653494975,3,9
2400022,82,1,1-82-2024-001-03,3,1,1844,1050,971,P225/40R18,230,P225/40R18,210,,,,,,,,,28.1106156827631,1,9
2400022,82,1,1-82-2024-001-03,3,2,9999,9999,9999,9999999999,999,9999999999,999,,,,,,,,,28.1106156827631,1,9
2401104,48,40,1-48-2024-040-07,7,1,1770,955,830,P215/50R17,220,P215/50R17,220,,,,,,,,,606.894233071279,12,9
2405326,14,102,1-14-2024-102-03,3,1,3130,1678,1724,P275/60R20,240,P275/60R20,240,,,,,,,,,223.908382589018,8,9
2402913,59,90,1-59-2024-090-09,9,1,2087,1180,1007,P225/50R18,220,P225/50R18,220,,,,,,,,,296.857246688508,6,9
2403013,82,76,1-82-2024-076-09,9,1,1720,925,810,P205/55R16,220,P205/55R16,220,,,,,,,,,1663.40326174629,1,9
2403952,54,95,1-54-2024-095-05,5,2,2132,1191,1152,P215/55R17,230,P215/55R17,230,,,,,,,,,144.976226836895,9,9
2401098,10,16,1-10-2024-016-NM1,21,1,1975,1012,963,P215/60R16,240,P215/60R16,240,,,,,,,,,31.3806248143146,4,9
2402180,69,41,1-69-2024-041-04,4,1,2515,1240,1345,P245/60R18,220,P245/60R18,220,,,,,,,,,194.766719989576,8,9
2406325,77,204,1-77-2024-204-03,3,2,1971,1210,1070,P215/60R16,210,P215/60R16,210,,,,,,,,,265.544959638898,9,9
2402419,48,78,1-48-2024-078-06,6,2,2141,1072,1089,P225/65R17,230,P225/65R17,230,,,,,,,,,391.203701020578,12,9
2402966,20,82,1-20-2024-082-09,9,1,2427,1158,1281,P265/60R18,220,P265/60R18,220,,,,,,,,,339.011405955568,11,9
2403464,17,107,1-17-2024-107-04,4,1,1885,978,907,P245/40R19,240,P245/40R19,240,,,,,,,,,94.2888928293055,4,9
2400553,77,17,1-77-2024-017-05,5,1,2141,1072,1089,P225/60R18,230,P225/60R18,230,,,,,,,,,90.6570748528622,9,9
2405628,59,166,1-59-2024-166-02,2,1,1770,955,830,P215/50R17,220,P215/50R17,220,,,,,,,,,48.7900687173874,6,9
2405522,57,171,1-57-2024-171-06,6,3,2259,1202,1107,P235/50R18,250,P235/50R18,250,,,,,,,,,208.572736941216,1,9
2401692,52,24,1-52-2024-024-03,3,1,2800,1450,1600,P255/65R18,240,P255/65R18,240,,,,,,,,,14.3319114740878,12,9
2401692,52,24,1-52-2024-024-03,3,2,2541,1293,1339,P215/65R16,250,P215/65R16,250,,,,,,,,,14.3319114740878,12,9
2400582,30,19,1-30-2024-019-03,3,1,2125,1145,1000,P245/40R19,230,P245/40R19,230,,,,,,,,,421.925490231688,10,9
2406241,48,203,1-48-2024-203-06,6,1,9999,9999,9999,9999999999,999,9999999999,999,,,,,,,,,129.402457177988,12,9
2401120,33,17,1-33-2024-017-07,7,1,2085,990,1125,P225/50R17,270,P225/50R17,310,,,,,,,,,616.947043508982,12,9
2404844,32,139,1-32-2024-139-05,5,2,9999,9999,9999,9999999999,999,9999999999,999,,,,,,,,,139.445576643167,7,9
2405863,62,174,1-62-2024-174-05,5,2,2036,1040,1027,P225/65R17,228,P225/65R17,228,,,,,,,,,74.9338648234269,7,9
2404154,24,119,1-24-2024-119-01,1,1,9999,9999,9999,9999999999,999,9999999999,999,,,,,,,,,23.1726143074507,1,9
2400055,57,2,1-57-2024-002-03,3,2,2932,1383,1613,P255/60R18,248,P255/60R18,248,,,,,,,,,12.8224544609376,1,9
2405385,81,138,1-81-2024-138-09,9,1,9999,9999,9999,9999999999,999,9999999999,999,,,,,,,,,8187.28250226269,8,9
2403991,11,120,1-11-2024-120-02,2,1,2150,1191,1100,P235/45R18,240,P235/45R18,240,,,,,,,,,30.7614595081659,8,9
2404034,14,71,1-14-2024-071-01,1,1,9999,9999,9999,9999999999,999,9999999999,999,,,,,,,,,247.606686231623,8,9
2400665,29,11,1-29-2024-011-07,7,1,1825,1010,815,9999999999,999,9999999999,999,,,,,,,,,7341.26859271286,2,9
2403842,82,99,1-82-2024-099-03,3,1,1950,990,1000,P205/55R16,230,P205/55R16,220,,,,,,,,,165.718700862782,1,9
2405365,69,133,1-69-2024-133-06,6,1,2174,1124,1050,9999999999,999,9999999999,999,,,,,,,,,191.560610301499,8,9
2404160,25,110,1-25-2024-110-NM2,22,1,2200,1150,1200,P225/60R18,240,P225/60R18,230,,,,,,,,,217.706177804094,2,9
2401996,33,33,1-33-2024-033-03,3,2,2210,1145,1085,9999999999,999,9999999999,999,,,,,,,,,185.717209095167,12,9
2406012,10,127,1-10-2024-127-06,6,1,2112,1111,1001,9999999999,999,9999999999,999,,,,,,,,,529.668799856304,4,9
2402680,13,65,1-13-2024-065-03,3,1,1720,990,950,P205/55R16,230,P205/55R16,230,,,,,,,,,1410.16571018734,7,9
2403072,69,62,1-69-2024-062-03,3,3,3198,1633,1724,P275/65R18,240,P275/65R18,240,,,,,,,,,24.0868849457621,8,9
2402972,11,82,1-11-2024-082-NM1,21,1,2035,1150,1150,P225/65R17,230,P225/65R17,230,,,,,,,,,37.1071357763572,8,9
2400061,26,1,1-26-2024-001-03,3,1,2369,1363,1500,P255/40R20,290,P255/40R20,290,,,,,,,,,122.620839003631,10,9
2405136,81,132,1-81-2024-132-04,4,1,2369,1363,1500,P255/45R19,290,P255/45R19,290,,,,,,,,,3153.33434013987,8,9
2400957,73,31,1-73-2024-031-06,6,2,2130,1141,989,9999999999,999,9999999999,999,,,,,,,,,38.5374888665136,3,9
2405371,31,114,1-31-2024-114-09,9,2,2908,1450,1600,P255/65R18,240,P255/65R18,240,,,,,,,,,161.39423315543,6,9
2402039,73,62,1-73-2024-062-06,6,1,1734,910,835,9999999999,999,9999999999,999,,,,,,,,,71.5546863272977,3,9
2403897,28,118,1-28-2024-118-03,3,2,1844,1050,971,P225/40R18,230,P225/40R18,210,,,,,,,,,28.3089754479373,3,9
2400067,81,4,1-81-2024-004-07,7,2,2405,1248,1316,P225/65R17,248,P225/65R17,248,,,,,,,,,4178.10588447085,8,9
2401982,15,76,1-15-2024-076-04,4,2,2118,1089,1029,P225/55R19,240,P225/55R19,240,,,,,,,,,41.2444654462738,1,9
2400210,24,2,1-24-2024-002-04,4,1,3175,1724,1724,LT275/65R18,280,LT275/65R18,280,,,,,,,,,107.064222722261,1,9
2404538,59,133,1-59-2024-133-04,4,1,2090,1150,1150,P225/65R17,250,P225/65R17,250,,,,,,,,,99.64038886362,6,9
2403605,16,102,1-16-2024-102-03,3,2,2030,1188,1098,P235/45R18,240,P235/45R18,240,,,,,,,,,346.592119950096,5,9
2400359,52,4,1-52-2024-004-03,3,1,2400,1295,1425,P265/45R20,255,P265/45R20,255,,,,,,,,,68.9591235242687,12,9
2404936,69,115,1-69-2024-115-04,4,2,2300,1200,1150,P235/60R18,240,P235/60R18,240,,,,,,,,,104.112066997676,8,9
2401441,26,38,1-26-2024-038-07,7,2,2405,1275,1275,P245/45R20,220,P245/45R20,220,,,,,,,,,1735.79347772046,10,9
2402623,20,74,1-20-2024-074-08,8,1,1880,1010,900,P205/60R16,220,P205/60R16,210,,,,,,,,,60.8614872836384,11,9
2401000,79,24,1-79-2024-024-09,9,2,2150,975,1175,P225/55R16,179,P225/55R16,221,,,,,,,,,1745.97381842404,8,9
2403857,10,65,1-10-2024-065-08,8,1,9999,9999,9999,9999999999,999,9999999999,999,,,,,,,,,172.063505930727,4,9
2403170,62,86,1-62-2024-086-04,4,1,9999,9999,9999,9999999999,999,9999999999,999,,,,,,,,,11694.744081918,7,9
2405162,77,165,1-77-2024-165-02,2,2,2586,1451,1588,P265/60R18,240,P265/60R18,240,,,,,,,,,83.1566199866033,9,9
2400399,16,12,1-16-2024-012-05,5,2,2050,1055,1015,P215/70R16,220,P215/70R16,220,,,,,,,,,15.6592746300539,5,9
2403001,60,34,1-60-2024-034-05,5,1,1945,1029,921,P225/45R19,240,P225/45R19,240,,,,,,,,,159.277487034842,8,9
2404329,14,78,1-14-2024-078-02,2,1,3266,1770,1860,P275/55R20,250,P275/55R20,250,,,,,,,,,73.7387227230028,8,9
2403101,16,92,1-16-2024-092-04,4,1,1815,980,845,P205/60R16,230,P205/60R16,230,,,,,,,,,466.830413061627,5,9
2400917,15,29,1-15-2024-029-05,5,1,3130,1770,1860,9999999999,999,9999999999,999,,,,,,,,,13.6400789963135,1,9
2400905,27,28,1-27-2024-028-07,7,1,3266,1792,1792,P285/45R22,240,P285/45R22,240,,,,,,,,,91.8337725309603,3,9
2400933,32,29,1-32-2024-029-09,9,1,9999,9999,9999,9999999999,999,9999999999,999,,,,,,,,,3020.95563688852,7,9
2400934,32,30,1-32-2024-030-01,1,1,1742,948,839,P215/45R17,220,P215/45R17,220,,,,,,,,,68.3257663555808,7,9
2400942,21,23,1-21-2024-023-03,3,1,1815,980,845,P205/60R16,230,P205/60R16,230,,,,,,,,,77.564710588741,11,9
2400925,26,19,1-26-2024-019-05,5,1,2090,1055,1125,P225/60R17,240,P225/60R17,240,,,,,,,,,43.8292003608038,10,9
2400949,13,25,1-13-2024-025-02,2,2,2676,1335,1530,P255/50R20,240,P255/50R20,240,,,,,,,,,9.3110805778853,7,9
2400973,30,31,1-30-2024-031-02,2,1,2100,1191,1191,P205/65R16,240,P205/65R16,240,,,,,,,,,16.6145707079083,10,9
2400994,12,20,1-12-2024-020-04,4,2,2540,1320,1270,P255/50R20,250,P255/50R20,250,,,,,,,,,243.899610339648,9,9
2400987,18,37,1-18-2024-037-03,3,1,3198,1531,1724,P265/70R17,240,P265/70R17,240,,,,,,,,,34.6070615401308,6,9
2400943,21,24,1-21-2024-024-03,3,1,9999,9999,9999,9999999999,999,9999999999,999,,,,,,,,,77.5647105892145,11,9
2401001,69,17,1-69-2024-017-02,2,2,1785,1050,971,P205/55R16,240,P205/55R16,230,,,,,,,,,17.6221452227151,8,9
2401015,24,21,1-24-2024-021-05,5,2,2021,1075,962,P215/60R17,230,P215/60R17,230,,,,,,,,,30.2115379575138,1,9
2401017,24,23,1-24-2024-023-05,5,2,9999,9999,9999,9999999999,999,9999999999,999,,,,,,,,,30.2115379575138,1,9
2401030,31,21,1-31-2024-021-06,6,1,1970,1010,1000,P225/55R17,230,P225/55R17,230,,,,,,,,,238.979638420053,6,9
2401042,52,13,1-52-2024-013-NM1,21,1,9999,9999,9999,9999999999,999,9999999999,999,,,,,,,,,20.9023614233441,12,9
2401065,22,29,1-22-2024-029-07,7,1,2092,1185,1185,9999999999,999,9999999999,999,,,,,,,,,113.194619429454,12,9
2401072,15,38,1-15-2024-038-03,3,1,2790,1309,1560,P275/40R21,260,P275/40R21,260,,,,,,,,,16.4515804876236,1,9
2401014,11,25,1-11-2024-025-03,3,2,2030,1188,1098,P235/40R19,240,P235/40R19,240,,,,,,,,,85.9711922432037,8,9
2401079,59,34,1-59-2024-034-02,2,1,2125,1115,1065,P235/55R19,230,P235/55R19,210,,,,,,,,,48.7900687173874,6,9
2401083,77,36,1-77-2024-036-09,9,1,2087,1134,1225,P205/75R15,240,P205/75R15,240,,,,,,,,,825.00994640781,9,9
2401100,62,29,1-62-2024-029-05,5,2,2100,1191,1191,P215/55R17,240,P215/55R17,240,,,,,,,,,271.102583200318,7,9
2401105,48,41,1-48-2024-041-03,3,3,3879,2100,2400,LT225/75R16,450,LT225/75R16,550,,,,,,,,,54.9604072040948,12,9
2401144,69,19,1-69-2024-019-04,4,1,2100,1089,1154,P225/40R18,250,P225/40R18,250,,,,,,,,,290.299898225657,8,9
2401128,79,26,1-79-2024-026-03,3,1,1815,980,845,P215/45R18,230,P215/45R18,230,,,,,,,,,139.014214440248,8,9
2401138,17,35,1-17-2024-035-07,7,2,3334,1701,1746,LT245/75R17,379,LT245/75R17,414,,,,,,,,,1191.73874796029,4,9
2401159,16,36,1-16-2024-036-09,9,1,2608,1338,1452,P245/70R16,210,P245/70R16,240,,,,,,,,,1267.79203502257,5,9
2401189,76,32,1-76-2024-032-07,7,1,2722,1350,1545,P235/55R20,999,P235/55R20,999,,,,,,,,,72.7960942583928,3,9
2401196,22,36,1-22-2024-036-04,4,1,2855,1360,1560,P265/70R17,220,P265/70R17,220,,,,,,,,,36.8082711468397,12,9
2401203,54,31,1-54-2024-031-10,10,1,3130,1770,1770,P275/60R20,270,P275/60R20,270,,,,,,,,,594.813207503092,9,9
2401200,15,44,1-15-2024-044-03,3,2,9999,9999,9999,9999999999,999,9999999999,999,,,,,,,,,13.5934492145627,1,9
2401209,77,42,1-77-2024-042-03,3,4,9999,9999,9999,9999999999,999,9999999999,999,,,,,,,,,159.92267008186,9,9
2401218,59,39,1-59-2024-039-06,6,1,2268,1194,1314,P215/70R16,240,P215/70R16,240,,,,,,,,,101.680035710738,6,9
2401227,10,19,1-10-2024-019-06,6,2,2314,1275,1275,P215/65R17,240,P215/65R17,240,,,,,,,,,685.041478534248,4,9
2401237,48,44,1-48-2024-044-04,4,2,2010,1090,935,P225/50R17,220,P225/50R17,220,,,,,,,,,424.163340716026,12,9
2401233,62,32,1-62-2024-032-01,1,3,2790,1266,1583,P255/55R20,230,P255/55R20,230,,,,,,,,,188.971843846857,7,9
2401222,23,20,1-23-2024-020-02,2,2,9999,9999,9999,9999999999,999,9999999999,999,,,,,,,,,62.9617318466021,5,9
2401253,30,44,1-30-2024-044-02,2,1,3311,1633,1860,P265/70R17,220,P265/70R17,220,,,,,,,,,41.0620689400047,10,9
2401266,19,22,1-19-2024-022-06,6,1,9999,9999,9999,9999999999,999,9999999999,999,,,,,,,,,291.019579336203,9,9
2401263,20,33,1-20-2024-033-08,8,1,2035,965,1145,P225/45R17,220,P225/45R17,270,,,,,,,,,50.2674690140219,11,9
2401272,24,29,1-24-2024-029-04,4,1,2540,1335,1490,P245/75R16,220,P245/75R16,220,,,,,,,,,300.011267961684,1,9
2401275,16,39,1-16-2024-039-01,1,1,3402,1633,1996,P265/65R18,240,P265/65R18,240,,,,,,,,,44.4680085854866,5,9
2401273,60,14,1-60-2024-014-03,3,1,1975,1140,1050,P235/45R18,240,P235/45R18,240,,,,,,,,,623.203929289304,8,9
2401287,52,18,1-52-2024-018-06,6,1,9999,9999,9999,9999999999,999,9999999999,999,,,,,,,,,51.2449045834941,12,9
2401287,52,18,1-52-2024-018-06,6,2,3198,1633,1724,P275/65R18,240,P275/65R18,240,,,,,,,,,51.2449045834941,12,9
2401289,14,19,1-14-2024-019-04,4,2,2800,1450,1600,P255/55R20,240,P255/55R20,240,,,,,,,,,924.75131399512,8,9
2401279,11,31,1-11-2024-031-02,2,1,1944,1065,995,P205/70R16,240,P205/70R16,240,,,,,,,,,30.7614595081659,8,9
2401221,23,19,1-23-2024-019-04,4,2,9999,9999,9999,9999999999,999,9999999999,999,,,,,,,,,730.927295842337,5,9
2401320,30,45,1-30-2024-045-01,1,2,3175,1724,1724,P275/60R20,240,P275/60R20,240,,,,,,,,,103.130123271809,10,9
2401328,31,26,1-31-2024-026-04,4,1,9999,9999,9999,9999999999,999,9999999999,999,,,,,,,,,222.052598299916,6,9
2401332,13,34,1-13-2024-034-03,3,1,2949,1452,1770,P265/50R20,230,P265/50R20,230,,,,,,,,,335.706007364194,7,9
2401341,59,45,1-59-2024-045-08,8,1,1483,760,723,P175/70R14,210,P175/70R14,180,,,,,,,,,88.9173994035588,6,9
2401363,13,35,1-13-2024-035-05,5,2,1733,939,839,P205/55R16,220,P205/55R16,220,,,,,,,,,38.0193356006179,7,9
2401367,62,35,1-62-2024-035-04,4,2,1742,948,839,P195/65R15,210,P195/65R15,210,,,,,,,,,814.399144757816,7,9
2401373,30,47,1-30-2024-047-03,3,2,9999,9999,9999,9999999999,999,9999999999,999,,,,,,,,,249.652206693651,10,9
2401406,14,20,1-14-2024-020-04,4,1,2030,1070,960,9999999999,999,9999999999,999,,,,,,,,,450.741350654507,8,9
2401408,60,15,1-60-2024-015-03,3,1,2087,1134,1225,P205/75R15,240,P205/75R15,240,,,,,,,,,394.462238361686,8,9
2401431,76,36,1-76-2024-036-10,10,1,1810,972,880,P215/55R16,240,P215/55R16,240,,,,,,,,,254.03695808766,3,9
2401430,52,20,1-52-2024-020-08,8,2,2541,1248,1316,P225/55R19,250,P225/55R19,250,,,,,,,,,137.42346763645,12,9
2401437,12,26,1-12-2024-026-04,4,1,3266,1724,1724,P275/60R20,240,P275/60R20,240,,,,,,,,,578.80653797021,9,9
2401439,26,36,1-26-2024-036-06,6,1,2100,1160,1140,P235/45R18,235,P235/45R18,235,,,,,,,,,468.146518591354,10,9
2401453,22,45,1-22-2024-045-NM2,22,1,2715,1325,1415,P255/60R18,250,P255/60R18,250,,,,,,,,,29.8393033504253,12,9
2401455,82,35,1-82-2024-035-05,5,1,2450,1248,1339,P225/75R16,227,P225/75R16,227,,,,,,,,,25.4700204073912,1,9
2401462,31,29,1-31-2024-029-07,7,1,2165,1116,1049,P235/50R18,240,P235/50R18,240,,,,,,,,,230.868935151332,6,9
2401469,20,40,1-20-2024-040-04,4,3,2395,1271,1210,P235/55R20,240,P235/55R20,240,,,,,,,,,37.925684160105,11,9
2401482,77,51,1-77-2024-051-03,3,1,2930,1450,1600,P255/65R18,240,P255/65R18,240,,,,,,,,,88.2007524015232,9,9
2401483,77,52,1-77-2024-052-03,3,2,2730,1320,1515,P235/65R17,230,P235/65R17,230,,,,,,,,,88.2007524015232,9,9
2401486,59,46,1-59-2024-046-04,4,1,2405,1248,1316,P225/65R17,250,P225/65R17,250,,,,,,,,,188.953461767209,6,9
2401496,57,29,1-57-2024-029-03,3,2,2132,1180,1080,P215/65R17,240,P215/65R17,220,,,,,,,,,119.858768977002,1,9
2401502,48,50,1-48-2024-050-02,2,2,1760,1116,910,P205/55R16,230,P205/55R16,230,,,,,,,,,74.210049573419,12,9
2401490,81,29,1-81-2024-029-04,4,1,2160,1120,1070,P235/60R18,240,P235/60R18,220,,,,,,,,,3479.41374986717,8,9
2401523,30,52,1-30-2024-052-03,3,2,2090,1150,1150,P225/65R17,240,P225/65R17,240,,,,,,,,,249.635031514874,10,9
2401524,30,53,1-30-2024-053-06,6,1,3266,1792,1792,P275/55R20,240,P275/55R20,240,,,,,,,,,776.773510770729,10,9
2401536,20,42,1-20-2024-042-03,3,1,2030,1188,1098,P235/45R18,240,P235/45R18,240,,,,,,,,,27.1320616706374,11,9
2401535,12,28,1-12-2024-028-NM2,22,1,2903,1780,1701,P265/75R16,240,P265/75R16,240,,,,,,,,,249.68170357321,9,9
2401549,25,37,1-25-2024-037-06,6,2,2301,1074,1227,P245/40R20,220,P245/40R20,240,,,,,,,,,135.065796752148,2,9
2401548,25,36,1-25-2024-036-06,6,1,2040,1160,1140,P215/55R17,235,P215/55R17,235,,,,,,,,,135.065796727433,2,9
2401568,32,55,1-32-2024-055-02,2,1,2220,1075,1200,P215/70R15,210,P215/70R15,210,,,,,,,,,5.39420777852474,7,9
2401574,32,58,1-32-2024-058-05,5,1,9999,9999,9999,9999999999,999,9999999999,999,,,,,,,,,32.1941835787257,7,9
2401584,21,30,1-21-2024-030-02,2,2,2369,1363,1500,P245/35R19,290,P245/35R19,290,,,,,,,,,9.63819602034845,11,9
2401587,22,48,1-22-2024-048-10,10,1,1772,925,855,P205/60R16,250,P205/60R16,250,,,,,,,,,520.337693702736,12,9
2401566,82,37,1-82-2024-037-03,3,2,2070,1055,1035,P225/65R17,230,P225/65R17,230,,,,,,,,,106.104530062029,1,9
2401603,82,38,1-82-2024-038-03,3,1,2320,1220,1200,P235/50R19,260,P235/50R19,260,,,,,,,,,106.104530068342,1,9
2401611,77,54,1-77-2024-054-09,9,1,2020,1045,1000,P215/70R16,230,P215/70R16,240,,,,,,,,,751.894343952246,9,9
2401614,59,50,1-59-2024-050-03,3,2,3901,1860,2431,LT245/75R16,380,LT245/75R16,550,,,,,,,,,45.7235198932283,6,9
2401624,13,42,1-13-2024-042-02,2,2,2025,1175,1200,P225/65R17,240,P225/65R17,240,,,,,,,,,12.4259730918703,7,9
2401626,13,44,1-13-2024-044-02,2,1,1978,1061,975,P225/65R17,250,P225/65R17,250,,,,,,,,,16.539360702524,7,9
2401643,73,52,1-73-2024-052-04,4,1,2949,1452,1679,P265/50R20,230,P265/50R20,250,,,,,,,,,150.08691079434,3,9
2401629,30,56,1-30-2024-056-03,3,1,2512,1292,1360,P255/70R16,207,P255/70R16,207,,,,,,,,,520.816161472832,10,9
2401633,62,41,1-62-2024-041-02,2,1,2230,1220,1220,P225/60R18,230,P225/60R18,230,,,,,,,,,40.5230025519482,7,9
2401647,12,30,1-12-2024-030-06,6,1,1858,961,897,P225/55R17,230,P225/55R17,230,,,,,,,,,1644.10935042381,9,9
2401655,17,55,1-17-2024-055-07,7,1,1795,955,850,P215/50R17,220,P215/50R17,220,,,,,,,,,364.699531685358,4,9
2401668,24,40,1-24-2024-040-03,3,2,2000,1095,925,P225/50R17,220,P225/50R17,220,,,,,,,,,33.2458613397881,1,9
2401697,66,40,1-66-2024-040-10,10,2,4536,2609,2722,LT275/70R18,415,LT275/70R18,550,,,,,,,,,242.389498710963,6,9
2401708,54,39,1-54-2024-039-10,10,1,3084,1565,1724,P255/65R17,240,P255/65R17,240,,,,,,,,,297.406603751546,9,9
2401718,21,32,1-21-2024-032-NM2,22,1,9999,9999,9999,9999999999,999,9999999999,999,,,,,,,,,2513.96756463306,11,9
2401661,11,40,1-11-2024-040-02,2,1,2440,1250,1250,9999999999,999,9999999999,999,,,,,,,,,30.7614595081659,8,9
2401726,15,67,1-15-2024-067-04,4,1,9999,9999,9999,9999999999,999,9999999999,999,,,,,,,,,88.2658451567982,1,9
2400618,16,20,1-16-2024-020-NM1,21,1,1388,780,750,P185/55R15,240,P185/55R15,240,,,,,,,,,19.3635256654646,5,9
2401735,82,40,1-82-2024-040-05,5,1,2495,1259,1452,P255/70R18,240,P255/70R18,240,,,,,,,,,28.440342171533,1,9
2401741,77,58,1-77-2024-058-06,6,2,2020,1045,1000,P215/70R16,220,P215/70R16,235,,,,,,,,,216.01935162615,9,9
2401743,77,60,1-77-2024-060-04,4,1,2721,1370,1495,P245/50R20,230,P245/50R20,230,,,,,,,,,239.003429563678,9,9
2401766,73,55,1-73-2024-055-03,3,1,2150,1200,1150,P225/60R17,241,P225/60R17,241,,,,,,,,,23.5881329232141,3,9
2401753,13,47,1-13-2024-047-02,2,1,2050,1016,1061,P235/50R18,220,P235/50R18,220,,,,,,,,,16.3912096638119,7,9
2401751,57,34,1-57-2024-034-01,1,2,9999,9999,9999,P215/55R16,260,P215/55R16,260,,,,,,,,,152.225504336235,1,9
2401771,48,61,1-48-2024-061-09,9,1,9999,9999,9999,9999999999,999,9999999999,999,,,,,,,,,358.379999658213,12,9
2401770,48,60,1-48-2024-060-03,3,1,1750,1030,950,P205/55R16,235,P205/55R16,215,,,,,,,,,54.9604072040948,12,9
2401749,23,27,1-23-2024-027-03,3,1,2025,1175,1200,P225/65R17,999,P225/65R17,999,,,,,,,,,556.156366737895,5,9
2401806,16,50,1-16-2024-050-10,10,1,9999,9999,9999,9999999999,999,9999999999,999,,,,,,,,,14369.5040655811,5,9
2401807,16,51,1-16-2024-051-09,9,1,1950,1060,915,P215/60R16,240,P215/60R16,240,,,,,,,,,1530.01312543752,5,9
2401809,16,53,1-16-2024-053-03,3,2,2540,1335,1490,P265/70R16,210,P265/70R16,210,,,,,,,,,144.969974195399,5,9
2401797,11,44,1-11-2024-044-03,3,3,2090,1150,1150,P225/65R17,250,P225/65R17,250,,,,,,,,,91.405838766837,8,9
2401815,28,51,1-28-2024-051-09,9,1,1941,1017,993,P215/60R16,220,P215/60R16,220,,,,,,,,,35.1195291082184,3,9
2401827,76,51,1-76-2024-051-03,3,2,2730,1320,1450,P235/60R18,240,P235/60R18,240,,,,,,,,,71.5495535595937,3,9
2402036,48,70,1-48-2024-070-07,7,1,2495,1273,1273,P225/60R18,230,P225/60R18,230,,,,,,,,,165.9221415263,12,9
2402428,57,50,1-57-2024-050-05,5,2,3150,1500,1800,P275/50R20,220,P275/50R20,260,,,,,,,,,36.8561902184078,1,9
2402179,69,40,1-69-2024-040-02,2,2,1996,1076,928,P225/55R18,240,P225/55R18,220,,,,,,,,,7.30201599951961,8,9
2403951,48,128,1-48-2024-128-06,6,2,2715,1405,1405,P235/60R17,240,P235/60R17,240,,,,,,,,,226.137614831187,12,9
2406115,20,145,1-20-2024-145-03,3,1,9999,9999,9999,9999999999,999,9999999999,999,,,,,,,,,139.88736858082,11,9
2400728,32,20,1-32-2024-020-01,1,2,2394,1152,1360,P235/75R15,179,P235/75R15,179,,,,,,,,,35.2552566821877,7,9
2405852,20,137,1-20-2024-137-01,1,1,4173,2177,2760,LT245/75R16,420,LT245/75R16,550,,,,,,,,,35.0220589332575,11,9
2402248,22,66,1-22-2024-066-06,6,2,2260,1190,1080,P235/60R18,240,P235/60R18,230,,,,,,,,,25.2675524846257,12,9
2405806,54,126,1-54-2024-126-08,8,1,2427,1270,1315,P235/70R15,221,P235/70R15,221,,,,,,,,,161.994257211147,9,9
2405142,59,152,1-59-2024-152-05,5,1,2835,1429,1497,P275/55R20,240,P275/55R20,240,,,,,,,,,53.1907731759788,6,9
2402812,57,63,1-57-2024-063-02,2,1,1710,920,830,P235/40R18,225,P235/40R18,220,,,,,,,,,12.4176324747354,1,9
2403791,79,80,1-79-2024-080-04,4,2,1744,917,827,P205/55R16,240,P205/55R16,240,,,,,,,,,110.415883367985,8,9
2405537,54,122,1-54-2024-122-06,6,1,1642,839,816,P195/50R16,240,P195/50R16,240,,,,,,,,,154.880686626287,9,9
2405952,27,182,1-27-2024-182-03,3,1,2495,1273,1273,P225/60R18,230,P225/60R18,230,,,,,,,,,34.4736258672475,3,9
2405251,17,172,1-17-2024-172-07,7,1,2096,1098,1006,P235/55R17,240,P235/55R17,240,,,,,,,,,377.569473228924,4,9
2402998,28,90,1-28-2024-090-03,3,1,2200,1250,1220,P225/65R17,240,P225/65R17,230,,,,,,,,,28.3089754479373,3,9
2403144,15,121,1-15-2024-121-03,3,2,2143,1100,1043,9999999999,999,9999999999,999,,,,,,,,,8.49612670451469,1,9
2402400,59,77,1-59-2024-077-06,6,1,2730,1320,1515,P235/65R17,230,P235/65R17,230,,,,,,,,,109.268934732202,6,9
2405434,66,104,1-66-2024-104-09,9,2,1992,1041,951,P225/50R17,210,P225/50R17,210,,,,,,,,,97.5596917228585,6,9
2404438,66,89,1-66-2024-089-03,3,2,2100,1089,1066,P225/65R17,230,P225/65R17,230,,,,,,,,,90.2108501600037,6,9
2400502,69,10,1-69-2024-010-03,3,1,2540,1335,1490,P245/75R16,220,P245/75R16,220,,,,,,,,,53.1458448007769,8,9
2401547,25,35,1-25-2024-035-07,7,2,1900,970,980,P195/65R15,250,P195/65R15,250,,,,,,,,,531.122940469494,2,9
2402878,82,71,1-82-2024-071-04,4,1,2400,1320,1420,P235/60R18,207,P235/60R18,207,,,,,,,,,406.439017898255,1,9
2406104,15,236,1-15-2024-236-05,5,1,2300,1350,1395,P235/65R17,234,P235/65R17,234,,,,,,,,,13.6400789963135,1,9
2405414,13,77,1-13-2024-077-03,3,2,4536,2495,2899,LT285/60R20,450,LT285/60R20,480,,,,,,,,,4056.64491983968,7,9
2401504,48,52,1-48-2024-052-03,3,2,1660,900,790,P195/65R15,210,P195/65R15,210,,,,,,,,,54.9604072040948,12,9
2404730,31,101,1-31-2024-101-04,4,2,2631,1588,1633,P255/65R17,260,P255/65R17,260,,,,,,,,,386.371521041855,6,9
2404481,82,120,1-82-2024-120-03,3,2,3221,1792,1792,P265/65R18,240,P265/65R18,240,,,,,,,,,166.73577046287,1,9
2402417,18,77,1-18-2024-077-06,6,1,2560,1360,1385,P235/60R18,220,P235/60R18,220,,,,,,,,,172.994115439281,6,9
2403107,14,50,1-14-2024-050-04,4,2,2855,1360,1560,P265/70R17,220,P265/70R17,220,,,,,,,,,351.094729548175,8,9
2403107,14,50,1-14-2024-050-04,4,3,9999,9999,9999,9999999999,999,9999999999,999,,,,,,,,,351.094729548175,8,9
2403356,60,39,1-60-2024-039-09,9,1,1594,823,780,9999999999,999,9999999999,999,,,,,,,,,1137.75214806216,8,9
2401843,77,61,1-77-2024-061-06,6,1,3130,1770,1770,P275/60R20,270,P275/60R20,270,,,,,,,,,216.01935162615,9,9
2401850,29,19,1-29-2024-019-03,3,2,1910,1060,1060,P225/55R18,240,P225/55R18,240,,,,,,,,,104.719093140208,2,9
2401817,52,26,1-52-2024-026-03,3,1,2785,1461,1393,LT315/70R17,270,LT315/70R17,270,,,,,,,,,24.5452841772009,12,9
2401835,15,69,1-15-2024-069-03,3,1,1780,990,950,P195/65R15,250,P195/65R15,250,,,,,,,,,17.7674654778176,1,9
2401852,15,74,1-15-2024-074-03,3,2,2990,1450,1795,9999999999,999,9999999999,999,,,,,,,,,17.7674654778176,1,9
2401858,21,35,1-21-2024-035-05,5,1,1528,794,775,P185/65R15,230,P185/65R15,230,,,,,,,,,24.0451985663992,11,9
2401799,11,46,1-11-2024-046-06,6,2,2840,1345,1590,P245/55R19,250,P245/55R19,250,,,,,,,,,338.59402790186,8,9
2401887,10,24,1-10-2024-024-02,2,1,1926,1040,960,P235/45R18,230,P235/45R18,230,,,,,,,,,22.3566511295402,4,9
2401876,59,60,1-59-2024-060-04,4,1,2120,1260,1200,P235/60R18,240,P235/60R18,240,,,,,,,,,262.707658473992,6,9
2401895,48,63,1-48-2024-063-06,6,1,9999,9999,9999,9999999999,999,9999999999,999,,,,,,,,,304.60247073674,12,9
2401896,48,64,1-48-2024-064-07,7,1,1780,990,910,P195/65R15,250,P195/65R15,250,,,,,,,,,1360.45275911138,12,9
2401889,13,49,1-13-2024-049-02,2,1,2064,1008,1056,P245/40R20,240,P245/40R20,240,,,,,,,,,10.2488631638442,7,9
2401898,48,66,1-48-2024-066-01,1,1,2745,1339,1407,P225/65R16,250,P225/65R16,250,,,,,,,,,73.4941053746274,12,9
2401903,73,59,1-73-2024-059-02,2,1,2100,1175,1200,P225/65R17,999,P225/65R17,999,,,,,,,,,31.8497733664116,3,9
2401908,33,31,1-33-2024-031-01,1,1,3109,1273,1651,P275/45R21,250,P275/45R21,250,,,,,,,,,40.9514113335778,12,9
2401915,69,35,1-69-2024-035-04,4,3,2300,1193,1150,P235/55R19,230,P235/55R19,230,,,,,,,,,167.99930298274,8,9
2401917,19,27,1-19-2024-027-09,9,2,2040,1100,990,P225/45R18,240,P225/45R18,240,,,,,,,,,701.520150030231,9,9
2401933,24,44,1-24-2024-044-03,3,2,1944,1065,995,P215/55R18,240,P215/55R18,240,,,,,,,,,261.920098591793,1,9
2401936,24,47,1-24-2024-047-03,3,2,1755,1010,950,P195/65R15,220,P195/65R15,220,,,,,,,,,32.3570562743358,1,9
2401948,28,55,1-28-2024-055-04,4,1,2495,1293,1293,P225/60R18,240,P225/60R18,240,,,,,,,,,47.851485985308,3,9
2401952,52,29,1-52-2024-029-08,8,1,2222,1097,1251,P235/75R15,179,P235/75R15,179,,,,,,,,,56.4756093246108,12,9
2401943,16,55,1-16-2024-055-02,2,1,2030,1050,1030,P215/55R17,210,P215/55R17,210,,,,,,,,,15.1092509057653,5,9
2401967,81,39,1-81-2024-039-08,8,1,9999,9999,9999,9999999999,999,9999999999,999,,,,,,,,,235.193251994868,8,9
2401972,82,47,1-82-2024-047-06,6,2,2050,1079,1038,P235/70R16,205,P235/70R16,205,,,,,,,,,435.792217139692,1,9
2401965,27,63,1-27-2024-063-09,9,2,2143,1120,1023,P235/50R17,240,P235/50R17,240,,,,,,,,,41.2487504471852,3,9
2401983,15,77,1-15-2024-077-06,6,2,1660,900,790,P195/65R15,210,P195/65R15,210,,,,,,,,,40.1954516492076,1,9
2401999,31,35,1-31-2024-035-04,4,1,3221,1724,1724,LT275/65R18,280,LT275/65R18,280,,,,,,,,,222.052598299916,6,9
2402005,66,46,1-66-2024-046-09,9,1,9999,9999,9999,9999999999,999,9999999999,999,,,,,,,,,97.5596917228585,6,9
2402007,21,40,1-21-2024-040-01,1,2,2100,1191,1191,P215/55R17,240,P215/55R17,240,,,,,,,,,24.9428514164702,11,9
2402009,30,67,1-30-2024-067-03,3,3,2030,1188,1098,P235/45R18,240,P235/45R18,240,,,,,,,,,502.051585863858,10,9
2402006,17,64,1-17-2024-064-07,7,1,2300,1175,1240,P225/65R17,240,P225/65R17,240,,,,,,,,,178.74407922116,4,9
2402016,59,63,1-59-2024-063-05,5,2,2715,1405,1405,P235/60R17,240,P235/60R17,240,,,,,,,,,53.1907731759788,6,9
2402042,57,39,1-57-2024-039-06,6,1,1733,939,839,P215/45R17,220,P215/45R17,220,,,,,,,,,428.153726159814,1,9
2402035,48,69,1-48-2024-069-06,6,1,9999,9999,9999,9999999999,999,9999999999,999,,,,,,,,,86.4307074675267,12,9
2402036,48,70,1-48-2024-070-07,7,2,2472,1249,1410,P245/75R16,200,P245/75R16,200,,,,,,,,,165.9221415263,12,9
2402058,17,67,1-17-2024-067-03,3,2,2131,1140,1000,P245/45R18,230,P245/45R18,230,,,,,,,,,56.2627107467575,4,9
2402077,18,71,1-18-2024-071-04,4,1,1963,1097,945,P215/60R16,220,P215/60R16,220,,,,,,,,,305.022831662752,6,9
2402082,24,49,1-24-2024-049-05,5,1,2570,1315,1300,9999999999,999,9999999999,999,,,,,,,,,29.2580280079194,1,9
2402093,14,33,1-14-2024-033-02,2,1,2790,1339,1452,P245/60R18,228,P245/60R18,228,,,,,,,,,73.7387227230028,8,9
2402095,25,50,1-25-2024-050-04,4,1,3175,1724,1724,P275/60R20,220,P275/60R20,240,,,,,,,,,505.35639159941,2,9
2402101,27,66,1-27-2024-066-06,6,1,2122,1072,1089,P225/65R17,230,P225/65R17,230,,,,,,,,,22.8219831356438,3,9
2402110,15,82,1-15-2024-082-05,5,1,2460,1190,1320,P215/65R17,280,P215/65R17,280,,,,,,,,,12.7957875926179,1,9
2402096,32,74,1-32-2024-074-05,5,1,2949,1452,1679,P265/50R20,230,P265/50R20,230,,,,,,,,,34.8659199592484,7,9
2402115,27,69,1-27-2024-069-07,7,1,2130,1150,1200,P225/60R18,240,P225/60R18,230,,,,,,,,,103.214055110448,3,9
2403356,60,39,1-60-2024-039-09,9,2,2812,1633,1672,P235/15R76,240,P235/15R76,240,,,,,,,,,1137.75214806216,8,9
2400024,62,1,1-62-2024-001-06,6,1,1965,1040,925,P225/45R17,270,P225/45R17,270,,,,,,,,,63.0744733826381,7,9
2403748,15,148,1-15-2024-148-08,8,1,1905,1020,910,P205/65R16,230,P205/65R16,220,,,,,,,,,24.1312824272688,1,9
2401006,17,30,1-17-2024-030-07,7,1,2096,1098,1006,P235/55R17,240,P235/55R17,240,,,,,,,,,405.540149208172,4,9
2404644,22,139,1-22-2024-139-04,4,2,2053,9999,1051,P235/70R16,207,P235/70R16,207,,,,,,,,,44.7156258434739,12,9
2406161,30,209,1-30-2024-209-02,2,2,1785,1050,971,P205/55R16,240,P205/55R16,230,,,,,,,,,19.7146598979445,10,9
2406167,60,105,1-60-2024-105-03,3,1,1724,896,830,P195/60R15,220,P195/60R15,220,,,,,,,,,187.260455402182,8,9
2401833,27,60,1-27-2024-060-04,4,1,2570,1280,1370,P255/45R20,235,P255/45R20,235,,,,,,,,,41.9395991935004,3,9
2401541,11,37,1-11-2024-037-04,4,1,3345,1850,1750,P265/60R20,240,P265/60R20,240,,,,,,,,,267.838588479671,8,9
2403147,21,65,1-21-2024-065-01,1,1,2041,998,1134,P215/70R14,200,P215/70R14,200,,,,,,,,,33.6427215456226,11,9
2404807,33,93,1-33-2024-093-03,3,3,9999,9999,9999,9999999999,999,9999999999,999,,,,,,,,,33.6168445424995,12,9
2404120,52,44,1-52-2024-044-06,6,1,2040,1160,1140,P205/65R16,235,P205/65R16,235,,,,,,,,,76.0256623348529,12,9
2400585,79,18,1-79-2024-018-08,8,1,2029,1102,928,P225/45R18,240,P225/45R18,240,,,,,,,,,96.4912561292005,8,9
2402123,28,60,1-28-2024-060-06,6,1,2130,1150,1200,P225/65R17,240,P225/65R17,230,,,,,,,,,44.5186799027896,3,9
2402135,30,73,1-30-2024-073-01,1,1,2715,1405,1405,P235/60R17,240,P235/60R17,240,,,,,,,,,78.0176264802272,10,9
2402080,11,53,1-11-2024-053-NM1,21,1,2080,1150,1000,P215/60R17,240,P215/60R17,240,,,,,,,,,37.1071357763572,8,9
2402081,11,54,1-11-2024-054-02,2,2,3311,1724,1820,P265/70R18,270,P265/70R18,270,,,,,,,,,30.7614595081659,8,9
2402163,10,29,1-10-2024-029-08,8,1,2057,1117,940,P225/60R16,210,P225/60R16,210,,,,,,,,,309.187676526689,4,9
2402177,12,37,1-12-2024-037-03,3,1,3402,1678,1950,P275/50R22,250,P275/50R22,250,,,,,,,,,233.637776041798,9,9
2402175,33,36,1-33-2024-036-08,8,1,1744,914,839,P205/55R16,220,P205/55R16,220,,,,,,,,,67.4774847162324,12,9
2402182,30,74,1-30-2024-074-06,6,1,2060,1130,940,P215/55R17,225,P215/55R17,225,,,,,,,,,771.048231235537,10,9
2402184,30,76,1-30-2024-076-05,5,1,2765,1270,1515,P265/70R17,220,P265/70R17,220,,,,,,,,,41.0620689400047,10,9
2402190,19,31,1-19-2024-031-03,3,1,2030,1070,960,P235/40R19,225,P235/40R19,225,,,,,,,,,109.751530405425,9,9
2402181,69,42,1-69-2024-042-03,3,3,1750,1030,950,P205/55R16,235,P205/55R16,215,,,,,,,,,50.4787572129909,8,9
2402188,17,73,1-17-2024-073-06,6,2,2122,1072,1089,P225/65R17,230,P225/65R17,230,,,,,,,,,219.648098632459,4,9
2402198,11,55,1-11-2024-055-NM1,21,1,9999,9999,9999,9999999999,999,9999999999,999,,,,,,,,,37.1071357763572,8,9
2402216,24,56,1-24-2024-056-06,6,1,3878,1873,2300,P235/65R16,338,P235/65R16,490,,,,,,,,,47.7141611573377,1,9
2402214,16,64,1-16-2024-064-05,5,2,1770,955,820,P215/50R17,220,P215/50R17,220,,,,,,,,,20.614517656908,5,9
2402226,32,81,1-32-2024-081-06,6,1,3175,1746,1792,P275/55R20,220,P275/55R20,220,,,,,,,,,1363.47012881423,7,9
2402235,76,62,1-76-2024-062-05,5,2,2087,1180,1080,P225/60R17,240,P225/60R17,220,,,,,,,,,127.614650714474,3,9
2402233,52,34,1-52-2024-034-09,9,3,2500,1245,1355,LT265/70R16,220,LT265/70R16,220,,,,,,,,,80.32651370133,12,9
2402248,22,66,1-22-2024-066-06,6,1,2150,1150,1200,P235/75R15,240,P235/75R15,240,31X10.50R15LT,200,31X10.50R15LT,200,,,,,25.2675524846257,12,9
2402237,82,52,1-82-2024-052-02,2,2,9999,9999,9999,9999999999,999,9999999999,999,,,,,,,,,23.9814262485552,1,9
2402266,13,57,1-13-2024-057-02,2,1,1910,1005,940,P215/60R16,220,P215/60R16,220,,,,,,,,,18.6467959659871,7,9
2402270,66,52,1-66-2024-052-10,10,1,2050,1079,1038,P235/70R16,205,P235/70R16,205,,,,,,,,,242.389498710963,6,9
2402271,66,53,1-66-2024-053-07,7,3,2540,9999,9999,9999999999,999,9999999999,999,,,,,,,,,133.367571576148,6,9
2402288,81,46,1-81-2024-046-NM2,22,1,9999,9999,9999,P245/45R18,240,P245/45R18,240,,,,,,,,,2408.08347527868,8,9
2402291,57,48,1-57-2024-048-03,3,3,2032,1048,1093,P225/60R17,210,P225/60R17,200,,,,,,,,,110.52437398961,1,9
2402289,81,47,1-81-2024-047-NM1,21,2,2023,1068,959,P215/60R16,220,P215/60R16,220,,,,,,,,,30.4851567966787,8,9
2402309,73,69,1-73-2024-069-03,3,2,2495,1273,1273,P245/65R17,250,P245/65R17,250,,,,,,,,,23.5881329232141,3,9
2402320,69,44,1-69-2024-044-02,2,1,1850,1030,950,P195/65R15,250,P195/65R15,250,,,,,,,,,7.30201599951961,8,9
2402315,79,49,1-79-2024-049-07,7,1,2315,1200,1270,P225/75R15,180,P225/75R15,200,P265/70R16,180,P265/70R16,180,,,,,127.333087924962,8,9
2402334,11,61,1-11-2024-061-05,5,1,1733,939,839,P215/45R17,220,P215/45R17,220,,,,,,,,,31.8812723055547,8,9
2402384,60,26,1-60-2024-026-03,3,3,2705,1350,1435,P255/50R20,240,P255/50R20,240,,,,,,,,,267.027731709782,8,9
2402385,28,71,1-28-2024-071-10,10,1,9999,9999,9999,9999999999,999,9999999999,999,,,,,,,,,80.5683609045318,3,9
2402320,69,44,1-69-2024-044-02,2,3,2100,1191,1191,P215/55R17,240,P215/55R17,240,,,,,,,,,7.30201599951961,8,9
2402392,21,49,1-21-2024-049-03,3,2,1840,980,870,9999999999,999,9999999999,999,,,,,,,,,176.256889010131,11,9
2402399,59,76,1-59-2024-076-07,7,1,2427,1275,1275,P235/55R19,210,P235/55R19,210,,,,,,,,,417.399556854223,6,9
2402400,59,77,1-59-2024-077-06,6,2,2040,1160,1140,P205/65R16,235,P205/65R16,235,,,,,,,,,109.268934732202,6,9
2402403,81,50,1-81-2024-050-04,4,2,9999,9999,9999,9999999999,999,9999999999,999,,,,,,,,,4194.66055709095,8,9
2402421,48,80,1-48-2024-080-09,9,2,2029,1102,920,P225/50R17,230,P225/50R17,230,,,,,,,,,786.01808447299,12,9
2401069,32,35,1-32-2024-035-05,5,1,1600,850,840,P175/70R14,230,P175/70R14,230,,,,,,,,,24.5654666372372,7,9
2403339,17,104,1-17-2024-104-07,7,2,2745,1339,1407,P225/65R16,250,P225/65R16,250,,,,,,,,,401.185010036677,4,9
2403780,10,63,1-10-2024-063-03,3,1,2023,1068,959,P235/50R17,230,P235/50R17,230,,,,,,,,,1732.95029492939,4,9
2402944,48,97,1-48-2024-097-09,9,1,2580,1290,1290,P215/65R16,240,P215/65R16,240,P225/60R17,240,P225/60R17,240,,,,,72.1214052849462,12,9
2404713,16,117,1-16-2024-117-02,2,2,2090,1150,1150,P225/65R17,250,P225/65R17,250,,,,,,,,,39.1670441583168,5,9
2405294,18,130,1-18-2024-130-03,3,2,3175,1724,1724,LT275/65R18,280,LT275/65R18,280,,,,,,,,,415.437196175479,6,9
2404830,16,118,1-16-2024-118-04,4,2,2314,1275,1275,P215/65R17,240,P215/65R17,240,,,,,,,,,1051.44737889773,5,9
2402978,60,33,1-60-2024-033-02,2,1,2480,1300,1350,P255/45R20,240,P255/45R20,240,,,,,,,,,98.7373875661215,8,9
2404976,27,156,1-27-2024-156-03,3,2,2230,1220,1220,P225/60R18,230,P225/60R18,230,,,,,,,,,18.7327308831734,3,9
2404312,17,137,1-17-2024-137-03,3,1,2800,1450,1600,P255/65R18,240,P255/65R18,240,,,,,,,,,63.7311016265517,4,9
2402314,79,48,1-79-2024-048-09,9,1,2129,1144,985,P215/70R15,230,P215/70R15,230,,,,,,,,,117.957752270952,8,9
2402314,79,48,1-79-2024-048-09,9,2,9999,9999,9999,9999999999,999,9999999999,999,,,,,,,,,117.957752270952,8,9
2405540,18,136,1-18-2024-136-08,8,1,9999,9999,9999,9999999999,999,9999999999,999,,,,,,,,,114.15342035176,6,9
2404876,17,157,1-17-2024-157-04,4,2,2149,1109,1040,P235/50R18,240,P235/50R18,240,,,,,,,,,87.0390575659239,4,9
2404335,28,136,1-28-2024-136-10,10,1,2270,1130,1243,P205/70R15,275,P205/70R15,340,,,,,,,,,241.705082713595,3,9
2402337,24,58,1-24-2024-058-01,1,1,9999,9999,9999,9999999999,999,9999999999,999,,,,,,,,,23.1726143074507,1,9
2401109,18,42,1-18-2024-042-03,3,2,2247,1212,1035,9999999999,999,9999999999,999,,,,,,,,,34.6070615401308,6,9
2400422,77,14,1-77-2024-014-08,8,1,2525,1150,1385,P265/65R17,220,P265/65R17,220,,,,,,,,,157.408312207112,9,9
2400236,27,8,1-27-2024-008-07,7,1,2186,1182,1059,P235/45R18,260,P235/45R18,260,,,,,,,,,196.612062550326,3,9
2403579,30,129,1-30-2024-129-03,3,2,2230,1280,1140,P255/45R20,228,P255/45R20,228,,,,,,,,,205.548230199915,10,9
2405016,59,146,1-59-2024-146-10,10,1,1984,1088,903,9999999999,999,9999999999,999,,,,,,,,,20322.5451158339,6,9
2404266,15,170,1-15-2024-170-03,3,2,9999,9999,9999,9999999999,999,9999999999,999,,,,,,,,,11.752943697986,1,9
2402938,10,43,1-10-2024-043-05,5,2,2495,1248,1339,9999999999,999,9999999999,999,,,,,,,,,46.5643531239171,4,9
2405703,24,156,1-24-2024-156-04,4,1,1819,1030,987,P195/65R15,240,P195/65R15,230,,,,,,,,,364.044206407486,1,9
2403725,14,65,1-14-2024-065-03,3,2,2760,1390,1390,P235/65R17,240,P235/65R17,240,,,,,,,,,407.413518981047,8,9
2405895,48,192,1-48-2024-192-08,8,2,1805,1030,987,P215/45R17,230,P215/45R17,220,,,,,,,,,96.1411607504999,12,9
2400339,24,6,1-24-2024-006-08,8,2,2580,1290,1290,P215/65R16,240,P215/65R16,240,,,,,,,,,59.5669287216797,1,9
2404796,54,109,1-54-2024-109-07,7,1,2314,1275,1275,P245/45R20,220,P245/45R20,220,,,,,,,,,449.749114529077,9,9
2403110,27,100,1-27-2024-100-06,6,2,2050,1070,1030,P215/60R16,240,P215/60R16,240,,,,,,,,,42.4506543066445,3,9
2403588,19,43,1-19-2024-043-08,8,1,9999,9999,9999,P245/70R17,240,P245/70R17,240,,,,,,,,,104.734055269602,9,9
2402048,12,36,1-12-2024-036-07,7,2,2639,1262,1393,P235/55R18,240,P235/55R18,240,,,,,,,,,2650.77373773183,9,9
2400840,62,23,1-62-2024-023-02,2,2,2120,1260,1200,P235/60R18,240,P235/60R18,240,,,,,,,,,27.4104501869369,7,9
2401381,79,30,1-79-2024-030-03,3,2,2800,1450,1600,P255/55R20,240,P255/55R20,240,,,,,,,,,134.621776940086,8,9
2401991,22,57,1-22-2024-057-04,4,1,2405,1225,1304,P215/55R16,290,P215/55R16,300,,,,,,,,,32.0683092145635,12,9
2401636,48,55,1-48-2024-055-03,3,2,2727,1633,1633,P245/70R16,240,P245/70R16,240,,,,,,,,,54.9604072040948,12,9
2403365,31,70,1-31-2024-070-09,9,1,9999,9999,9999,9999999999,999,9999999999,999,,,,,,,,,161.39423315543,6,9
2400697,52,9,1-52-2024-009-03,3,1,2109,1157,975,P305/30R20,220,P315/30R20,220,,,,,,,,,14.3319114740878,12,9
2402028,10,27,1-10-2024-027-03,3,2,2150,1200,1150,P225/60R17,240,P225/60R17,240,,,,,,,,,200.267688395763,4,9
2400760,30,25,1-30-2024-025-02,2,1,3130,1678,1724,P265/65R18,240,P265/65R18,240,,,,,,,,,16.2875943881497,10,9
2405629,59,167,1-59-2024-167-03,3,1,2468,1279,1198,P245/55R19,240,P245/55R19,240,,,,,,,,,101.944980762035,6,9
2400554,77,18,1-77-2024-018-06,6,1,3175,1531,1724,P275/65R18,240,P275/65R18,240,,,,,,,,,578.824092897886,9,9
2402718,25,66,1-25-2024-066-02,2,1,2098,1129,1098,P205/65R16,240,P205/65R16,240,,,,,,,,,37.9757314185607,2,9
2405280,57,162,1-57-2024-162-03,3,1,2070,1050,1040,P245/40R19,230,P245/40R19,230,,,,,,,,,95.2943451063575,1,9
2404441,54,104,1-54-2024-104-04,4,1,2404,1275,1129,P235/65R17,240,P235/65R17,240,,,,,,,,,256.948260971925,9,9
2402277,59,70,1-59-2024-070-03,3,1,2125,1115,1065,P235/60R18,230,P235/60R18,210,,,,,,,,,59.722887639445,6,9
2403508,82,88,1-82-2024-088-07,7,1,1917,1010,940,P235/45R18,230,P235/45R18,230,,,,,,,,,1072.05307048859,1,9
2405131,62,151,1-62-2024-151-04,4,1,1965,1010,975,P215/70R16,220,P215/70R16,220,,,,,,,,,1765.71659697756,7,9
2405472,31,119,1-31-2024-119-03,3,1,2041,1089,975,P235/45R18,240,P235/45R18,240,,,,,,,,,151.964719784207,6,9
2402933,77,98,1-77-2024-098-NM1,21,1,2580,1290,1290,P225/60R17,240,P225/60R17,240,,,,,,,,,113.21347390618,9,9
2406182,31,133,1-31-2024-133-10,10,1,2069,1065,1004,P225/55R17,240,P225/55R17,240,,,,,,,,,419.593794787767,6,9
2403789,18,102,1-18-2024-102-03,3,2,2175,1120,1120,P235/60R18,240,P235/60R18,220,,,,,,,,,136.169258980303,6,9
2400371,28,7,1-28-2024-007-03,3,1,2721,1370,1495,P245/50R20,230,P245/50R20,230,,,,,,,,,28.3089754479373,3,9
2404453,25,118,1-25-2024-118-07,7,1,2715,1405,1405,P235/55R18,240,P235/55R18,240,,,,,,,,,859.169234778133,2,9
2403102,16,93,1-16-2024-093-NM2,22,1,1985,1025,1000,P225/55R18,230,P225/55R18,220,,,,,,,,,346.176563309069,5,9
2403248,77,110,1-77-2024-110-03,3,1,9999,9999,9999,9999999999,999,9999999999,999,,,,,,,,,238.464999357268,9,9
2405157,10,101,1-10-2024-101-05,5,1,9999,9999,9999,9999999999,999,9999999999,999,,,,,,,,,38.2025072340182,4,9
2404161,25,111,1-25-2024-111-04,4,1,2650,1295,1425,P245/60R18,220,P245/60R18,220,,,,,,,,,281.471324802443,2,9
2405100,60,78,1-60-2024-078-03,3,2,9999,9999,9999,9999999999,999,9999999999,999,,,,,,,,,321.683073030639,8,9
2402346,28,67,1-28-2024-067-04,4,1,1810,940,883,P195/65R15,240,P195/65R15,240,,,,,,,,,47.851485985308,3,9
2403388,15,131,1-15-2024-131-03,3,2,2300,1180,1170,P235/55R18,269,P235/55R18,269,,,,,,,,,18.2895686681908,1,9
2405890,23,48,1-23-2024-048-03,3,4,2000,1060,1060,P225/60R17,240,P225/60R17,240,,,,,,,,,1120.10542309425,5,9
2403039,59,96,1-59-2024-096-04,4,1,2090,1150,1150,P235/55R19,240,P235/55R19,240,,,,,,,,,297.05076806373,6,9
2404616,76,134,1-76-2024-134-03,3,1,2200,1175,1200,P225/60R18,999,P225/60R18,999,,,,,,,,,71.5495535595937,3,9
2404367,82,117,1-82-2024-117-04,4,1,2722,1350,1450,P235/65R18,240,P235/65R18,240,,,,,,,,,154.217770459003,1,9
2401121,12,21,1-12-2024-021-03,3,2,9999,9999,9999,9999999999,999,9999999999,999,,,,,,,,,213.260129545021,9,9
2405057,17,162,1-17-2024-162-04,4,2,2041,1065,1025,P225/60R18,230,P225/60R18,230,,,,,,,,,397.570667842794,4,9
2401333,26,35,1-26-2024-035-01,1,3,2550,1350,1300,P225/60R17,240,P225/60R17,240,,,,,,,,,37.8344754262411,10,9
2400812,20,21,1-20-2024-021-03,3,1,9999,9999,9999,9999999999,999,9999999999,999,,,,,,,,,70.8104625329888,11,9
2406265,17,203,1-17-2024-203-02,2,1,1750,1030,950,P205/55R16,235,P205/55R16,215,,,,,,,,,71.3662616428737,4,9
2400314,17,9,1-17-2024-009-03,3,1,2160,1170,990,P235/50R18,220,P235/50R18,220,,,,,,,,,60.7880401010966,4,9
2401808,16,52,1-16-2024-052-05,5,2,1554,794,775,P185/65R15,230,P185/65R15,230,,,,,,,,,17.1930300888655,5,9
2400786,26,17,1-26-2024-017-03,3,3,2030,1070,960,P235/40R19,225,P235/40R19,225,,,,,,,,,381.076602666498,10,9
2405532,67,50,1-67-2024-050-05,5,2,2436,1288,1148,P245/60R18,240,P245/60R18,240,,,,,,,,,83.5824445569787,7,9
2401619,57,32,1-57-2024-032-03,3,1,2721,1370,1495,P245/50R20,230,P245/50R20,230,,,,,,,,,507.864905147841,1,9
2403182,48,106,1-48-2024-106-04,4,3,9999,9999,9999,9999999999,999,9999999999,999,,,,,,,,,85.7677087053401,12,9
2400600,77,21,1-77-2024-021-09,9,1,2000,940,1100,P205/55R16,200,P205/55R16,240,,,,,,,,,1104.88867750072,9,9
2405220,66,102,1-66-2024-102-04,4,1,1963,1097,945,P215/55R17,230,P215/55R17,230,,,,,,,,,137.356870033823,6,9
2404181,60,61,1-60-2024-061-01,1,2,3160,1425,1800,P275/40R21,260,P315/35R21,300,,,,,,,,,35.3078303623944,8,9
2403866,66,78,1-66-2024-078-09,9,1,2449,1229,1315,P255/70R16,207,P255/70R16,228,,,,,,,,,97.5596917228585,6,9
2401874,59,58,1-59-2024-058-07,7,2,9999,9999,9999,9999999999,999,9999999999,999,,,,,,,,,867.897414955515,6,9
2402546,25,63,1-25-2024-063-03,3,1,9999,9999,9999,9999999999,999,9999999999,999,,,,,,,,,215.935567447783,2,9
2401667,24,39,1-24-2024-039-04,4,1,1971,1044,930,P215/55R18,250,P215/55R18,250,,,,,,,,,118.9593408305,1,9
2403894,25,102,1-25-2024-102-03,3,1,2400,1266,1204,P255/45R20,240,P255/45R20,240,,,,,,,,,266.279947571518,2,9
2402732,52,37,1-52-2024-037-03,3,1,3502,1610,1987,LT275/65R18,240,LT275/65R18,240,,,,,,,,,90.2633842119784,12,9
2405792,19,85,1-19-2024-085-04,4,2,2030,1188,1098,P235/45R18,240,P235/45R18,240,,,,,,,,,208.983956902809,9,9
2403871,12,68,1-12-2024-068-06,6,1,1810,972,880,P195/65R15,240,P195/65R15,240,,,,,,,,,257.996460650317,9,9
2406121,81,160,1-81-2024-160-02,2,1,1780,1071,898,P225/45R17,235,P225/45R17,215,,,,,,,,,46.0552869114928,8,9
2406244,14,129,1-14-2024-129-03,3,2,2025,1175,1200,P235/50R19,999,P235/50R19,999,,,,,,,,,505.471874028717,8,9
2405125,76,150,1-76-2024-150-04,4,2,2949,1452,1679,P265/50R20,230,P265/50R20,250,,,,,,,,,123.773905250371,3,9
2400648,27,23,1-27-2024-023-03,3,1,3220,1815,1880,P275/65R18,210,P275/65R18,230,,,,,,,,,12.590621175417,3,9
2404727,27,149,1-27-2024-149-04,4,2,1785,1050,971,P205/55R16,240,P205/55R16,230,,,,,,,,,18.7495302149441,3,9
2401401,24,34,1-24-2024-034-03,3,2,1870,980,940,P205/55R17,250,P205/55R17,250,,,,,,,,,45.4386068459632,1,9
2404206,48,136,1-48-2024-136-07,7,1,9999,9999,9999,9999999999,999,9999999999,999,,,,,,,,,525.837186883021,12,9
2402706,30,96,1-30-2024-096-02,2,1,1844,1050,971,P225/40R18,230,P225/40R18,210,,,,,,,,,41.0620689400047,10,9
2402706,30,96,1-30-2024-096-02,2,3,1720,990,950,P205/55R16,230,P205/55R16,230,,,,,,,,,41.0620689400047,10,9
2403496,48,113,1-48-2024-113-03,3,1,2223,1165,1130,P225/55R18,240,P225/55R18,230,,,,,,,,,54.9604072040948,12,9
2404848,27,150,1-27-2024-150-03,3,2,2207,1110,1257,P235/45R18,290,P235/45R18,290,,,,,,,,,28.3860348414799,3,9
2400414,16,13,1-16-2024-013-06,6,2,1950,1070,960,P225/50R17,220,P225/50R17,220,,,,,,,,,405.229056944154,5,9
2404599,27,143,1-27-2024-143-07,7,1,3198,1599,1724,P275/55R20,240,P275/55R20,240,,,,,,,,,91.7247462162503,3,9
2404636,21,106,1-21-2024-106-09,9,3,2177,998,1247,P205/75R14,241,P205/75R14,241,,,,,,,,,960.079408494373,11,9
2401041,28,27,1-28-2024-027-01,1,2,1970,1010,1000,P225/55R17,230,P225/55R17,220,,,,,,,,,36.6185653494975,3,9
2403305,10,52,1-10-2024-052-NM1,21,2,2495,1293,1293,P225/60R18,240,P225/60R18,240,,,,,,,,,48.5486424740169,4,9
2403411,11,99,1-11-2024-099-03,3,1,2175,1120,1120,P235/60R18,240,P235/60R18,220,,,,,,,,,74.3356188554781,8,9
2400749,27,25,1-27-2024-025-06,6,2,2575,1320,1345,P245/50R20,240,P245/50R20,240,,,,,,,,,20.2078569673904,3,9
2405326,14,102,1-14-2024-102-03,3,2,4536,2722,2740,LT285/60R20,450,LT285/60R20,450,,,,,,,,,223.908382589018,8,9
2405183,77,163,1-77-2024-163-03,3,1,2540,1335,1490,P255/70R16,210,P255/70R16,210,,,,,,,,,568.911465081433,9,9
2403952,54,95,1-54-2024-095-05,5,1,1780,990,910,P225/45R17,230,P225/45R17,230,,,,,,,,,144.976226836895,9,9
2405475,27,168,1-27-2024-168-03,3,2,2130,1120,1060,P225/50R18,240,P225/50R18,240,,,,,,,,,34.4708789597874,3,9
2404885,76,143,1-76-2024-143-04,4,1,1880,1060,1060,P225/60R17,240,P225/60R17,240,,,,,,,,,86.4714255045695,3,9
2402180,69,41,1-69-2024-041-04,4,2,2145,1162,983,P225/55R17,210,P225/55R17,210,,,,,,,,,194.766719989576,8,9
2401748,23,26,1-23-2024-026-01,1,1,2150,1200,1150,P225/60R17,240,P225/60R17,240,,,,,,,,,65.7022791512024,5,9
2403763,22,117,1-22-2024-117-09,9,2,2835,1338,1477,P255/45R20,250,P255/45R20,250,,,,,,,,,97.7343067247537,12,9
2402936,19,38,1-19-2024-038-04,4,2,2600,1340,1450,P245/50R20,240,P245/50R20,240,,,,,,,,,248.799467698468,9,9
2400182,23,3,1-23-2024-003-02,2,2,2525,1280,1350,P235/55R19,220,P235/55R19,220,,,,,,,,,62.9617318466021,5,9
2401579,15,58,1-15-2024-058-02,2,1,2160,1085,1085,9999999999,999,9999999999,999,,,,,,,,,13.160978448786,1,9
2403222,25,82,1-25-2024-082-03,3,2,1846,1021,975,P195/65R15,250,P195/65R15,240,,,,,,,,,218.616726516573,2,9
2403886,24,109,1-24-2024-109-NM1,21,2,2150,1170,1043,P215/50R17,260,P215/50R17,260,,,,,,,,,23.1726143074507,1,9
2406307,26,137,1-26-2024-137-05,5,1,1733,939,839,P205/55R16,220,P205/55R16,220,,,,,,,,,81.3263153382772,10,9
2400568,73,16,1-73-2024-016-06,6,2,1795,955,850,P215/55R16,220,P215/55R16,220,,,,,,,,,37.0946854309253,3,9
2404896,62,145,1-62-2024-145-03,3,1,2908,1450,1600,P255/55R20,240,P255/55R20,240,,,,,,,,,233.006833497191,7,9
2401730,15,68,1-15-2024-068-03,3,2,1594,872,735,9999999999,999,9999999999,999,,,,,,,,,23.2219434054944,1,9
2402726,14,44,1-14-2024-044-02,2,2,1840,1030,950,P225/40R18,230,P225/40R18,230,,,,,,,,,73.7387227230028,8,9
2401979,26,52,1-26-2024-052-06,6,1,1917,1010,940,P215/55R17,230,P215/55R17,230,,,,,,,,,383.903476267962,10,9
2400462,20,11,1-20-2024-011-05,5,1,2314,1275,1275,P245/45R20,220,P245/45R20,220,,,,,,,,,19.9171728154044,11,9
2405417,79,102,1-79-2024-102-04,4,1,2933,1383,1613,P255/60R18,250,P255/60R18,250,,,,,,,,,103.687310341295,8,9
2404292,57,115,1-57-2024-115-01,1,1,1465,830,830,P185/60R15,220,P185/60R15,220,,,,,,,,,57.1661146630177,1,9
2401089,57,22,1-57-2024-022-02,2,1,2100,1175,1200,P225/65R17,220,P225/65R17,220,,,,,,,,,13.1815107490417,1,9
2406021,14,122,1-14-2024-122-03,3,1,2720,1360,1460,P235/55R20,230,P235/55R20,230,,,,,,,,,136.771072739086,8,9
2400021,54,2,1-54-2024-002-09,9,1,9999,9999,9999,9999999999,999,9999999999,999,,,,,,,,,339.94783934237,9,9
2400107,48,8,1-48-2024-008-07,7,1,1733,939,839,P205/55R16,220,P205/55R16,220,,,,,,,,,563.199589112615,12,9
2400270,10,4,1-10-2024-004-06,6,2,1917,1010,940,9999999999,999,9999999999,999,,,,,,,,,792.161065836576,4,9
2402961,81,63,1-81-2024-063-02,2,1,1900,1060,840,P225/60R17,240,P225/60R17,240,,,,,,,,,19.0849903848337,8,9
2405374,66,103,1-66-2024-103-10,10,1,1923,980,979,P215/55R16,210,P215/55R16,210,,,,,,,,,242.389498710963,6,9
2406015,77,195,1-77-2024-195-08,8,2,2600,1310,1335,P235/65R17,220,P235/65R17,220,,,,,,,,,249.597236192587,9,9
2405182,67,45,1-67-2024-045-08,8,1,2055,1120,1120,P245/40R18,230,P245/40R18,230,,,,,,,,,85.9268951316915,7,9
2404000,25,105,1-25-2024-105-04,4,2,2185,1165,1130,P225/60R17,230,P225/60R17,220,,,,,,,,,459.794085497368,2,9
2401295,27,41,1-27-2024-041-03,3,2,1821,897,924,P195/65R15,210,P195/65R15,210,,,,,,,,,16.1061450800047,3,9
2401507,18,55,1-18-2024-055-04,4,1,3311,1724,1882,P275/60R20,240,P275/60R20,240,,,,,,,,,244.763672868508,6,9
2400228,32,7,1-32-2024-007-02,2,1,9999,9999,9999,9999999999,999,9999999999,999,,,,,,,,,18.5720544399223,7,9
2401556,16,46,1-16-2024-046-07,7,2,2800,1450,1600,P255/55R20,240,P255/55R20,240,,,,,,,,,3239.15555206761,5,9
2402535,24,69,1-24-2024-069-NM1,21,1,9999,9999,9999,9999999999,999,9999999999,999,,,,,,,,,23.1726143074507,1,9
2401871,62,47,1-62-2024-047-03,3,1,2400,1240,1345,P245/50R20,240,P245/50R20,240,,,,,,,,,488.113465600307,7,9
2406348,27,193,1-27-2024-193-01,1,1,9999,9999,9999,9999999999,999,9999999999,999,,,,,,,,,42.5243537061726,3,9
2405046,73,130,1-73-2024-130-09,9,1,2581,1495,1511,P265/70R16,240,P265/70R16,240,,,,,,,,,120.415752203677,3,9
2404754,22,142,1-22-2024-142-06,6,1,2745,1339,1407,P225/65R16,250,P225/65R16,250,,,,,,,,,88.2065738868729,12,9
2402252,26,60,1-26-2024-060-08,8,1,1940,935,1040,P225/45R17,220,P225/45R17,240,,,,,,,,,287.588806783916,10,9
2404127,82,108,1-82-2024-108-04,4,1,1815,980,845,P215/45R18,230,P215/45R18,230,,,,,,,,,550.39639272474,1,9
2404459,76,127,1-76-2024-127-08,8,1,2250,1175,1240,P235/60R17,240,P235/60R17,240,,,,,,,,,75.1501837907099,3,9
2403085,17,97,1-17-2024-097-04,4,2,2100,1175,1200,P225/65R17,240,P225/65R17,240,,,,,,,,,183.019292109299,4,9
2403042,77,103,1-77-2024-103-04,4,1,1825,1050,950,P205/60R16,230,P205/60R16,230,,,,,,,,,1313.43764510397,9,9
2402793,81,59,1-81-2024-059-02,2,1,1844,1050,971,P225/40R18,230,P225/40R18,210,,,,,,,,,22.2702980877148,8,9
2404250,21,90,1-21-2024-090-04,4,2,1695,900,810,P215/55R16,220,P215/55R16,220,,,,,,,,,291.806377579817,11,9
2402590,33,43,1-33-2024-043-05,5,1,2745,1339,1407,P225/65R17,250,P225/65R17,250,,,,,,,,,25.3427821602115,12,9
2402209,25,52,1-25-2024-052-03,3,1,2545,1320,1490,LT245/75R16,220,LT245/75R16,220,,,,,,,,,72.4488725969622,2,9
2403231,32,112,1-32-2024-112-04,4,2,2025,1030,1015,P215/70R16,220,P215/70R16,220,,,,,,,,,1708.50129629089,7,9
2402000,31,36,1-31-2024-036-08,8,1,2608,1338,1452,P245/65R17,210,P245/65R17,240,,,,,,,,,222.937813489072,6,9
2401900,79,39,1-79-2024-039-09,9,2,2490,1255,1410,P245/75R16,210,P245/75R16,210,,,,,,,,,285.188995996857,8,9
2401359,48,46,1-48-2024-046-03,3,2,1594,823,780,9999999999,999,9999999999,999,,,,,,,,,54.9604072040948,12,9
2406128,77,198,1-77-2024-198-03,3,2,2230,1220,1220,P225/60R18,230,P225/60R18,230,,,,,,,,,193.93919154216,9,9
2405461,14,106,1-14-2024-106-03,3,1,1825,1050,950,P205/60R16,228,P205/60R16,228,,,,,,,,,307.187128515067,8,9
2401382,33,22,1-33-2024-022-08,8,1,9999,9999,9999,9999999999,999,9999999999,999,,,,,,,,,52.1863466296815,12,9
2405979,28,181,1-28-2024-181-04,4,1,2223,1165,1130,P225/60R17,230,P225/60R17,220,,,,,,,,,126.672395736145,3,9
2402192,20,61,1-20-2024-061-06,6,2,2250,1220,1220,P225/65R17,230,P225/65R17,230,,,,,,,,,166.545037793419,11,9
2405418,79,103,1-79-2024-103-04,4,2,2087,1134,1225,P205/75R15,240,P205/75R15,240,,,,,,,,,103.687310341295,8,9
2402335,11,62,1-11-2024-062-09,9,1,9999,9999,9999,9999999999,999,9999999999,999,,,,,,,,,1226.69659083428,8,9
2401837,15,71,1-15-2024-071-03,3,1,2160,1260,1200,P235/65R17,241,P235/65R17,241,,,,,,,,,17.7674654785444,1,9
2401445,22,41,1-22-2024-041-09,9,1,1805,1030,987,P195/65R15,240,P195/65R15,230,,,,,,,,,110.953032166063,12,9
2403795,54,93,1-54-2024-093-10,10,1,2745,1339,1407,P225/65R17,250,P225/65R17,250,,,,,,,,,1189.62641500618,9,9
2400463,17,13,1-17-2024-013-03,3,1,2030,1129,1098,P215/55R17,240,P215/55R17,240,,,,,,,,,60.1064786597745,4,9
2405040,12,98,1-12-2024-098-04,4,2,2800,1450,1600,P255/55R20,240,P255/55R20,240,,,,,,,,,402.727163211704,9,9
2400071,62,4,1-62-2024-004-02,2,2,2095,1100,1050,P235/40R18,248,P235/40R18,248,,,,,,,,,61.2648028245878,7,9
2403062,57,70,1-57-2024-070-10,10,1,2084,984,1159,9999999999,999,9999999999,999,,,,,,,,,3923.14728653786,1,9
2404685,48,152,1-48-2024-152-09,9,2,1665,880,785,P205/55R16,220,P205/55R16,220,,,,,,,,,1175.94355118661,12,9
2404293,57,116,1-57-2024-116-03,3,1,2990,1450,1725,P265/60R18,220,P265/60R18,220,,,,,,,,,62.0965406792908,1,9
2404442,20,110,1-20-2024-110-02,2,2,2109,1150,1150,P225/50R18,230,P225/50R18,230,,,,,,,,,22.3941902557774,11,9
2402229,27,71,1-27-2024-071-04,4,1,2200,1250,1220,P225/60R18,240,P225/60R18,230,,,,,,,,,47.5169504868394,3,9
2403337,17,102,1-17-2024-102-04,4,1,2090,1150,1150,P225/65R17,250,P225/65R17,250,,,,,,,,,130.494376369957,4,9
2402650,59,82,1-59-2024-082-03,3,1,2080,1150,1000,P215/60R17,240,P215/60R17,240,,,,,,,,,65.6670720122915,6,9
2401130,30,37,1-30-2024-037-03,3,1,2200,1250,1220,P225/65R17,240,P225/65R17,230,,,,,,,,,107.342152836678,10,9
2402295,62,58,1-62-2024-058-03,3,1,2715,1325,1415,P235/65R18,230,P235/65R18,230,,,,,,,,,418.15320145516,7,9
2402458,62,65,1-62-2024-065-06,6,2,1760,980,910,P205/55R16,230,P205/55R16,230,,,,,,,,,2487.66746138712,7,9
2405730,26,128,1-26-2024-128-NM1,21,1,2132,1191,1152,P215/55R17,230,P215/55R17,230,,,,,,,,,26.5232523906936,10,9
2403792,12,65,1-12-2024-065-10,10,2,1970,1030,1000,P225/55R18,230,P225/55R18,230,,,,,,,,,22003.0893968835,9,9
2403692,17,113,1-17-2024-113-08,8,2,2700,1310,1440,P255/55R18,999,P255/55R18,999,,,,,,,,,129.915935315377,4,9
2404233,30,147,1-30-2024-147-05,5,2,2715,1325,1415,P235/65R18,230,P235/65R18,230,,,,,,,,,25.0922001598244,10,9
2405999,17,196,1-17-2024-196-04,4,1,9999,9999,9999,9999999999,999,9999999999,999,,,,,,,,,183.119661822585,4,9
2400675,82,17,1-82-2024-017-06,6,2,9999,9999,9999,9999999999,999,9999999999,999,,,,,,,,,683.552932832882,1,9
2401422,28,37,1-28-2024-037-10,10,1,2085,1150,1150,P225/65R17,230,P225/65R17,230,,,,,,,,,80.5683609045318,3,9
2405607,22,171,1-22-2024-171-09,9,1,1603,855,780,P195/65R15,210,P195/65R15,210,,,,,,,,,173.791313469466,12,9
2405498,21,132,1-21-2024-132-03,3,2,2721,1370,1495,P245/50R20,230,P245/50R20,230,,,,,,,,,130.663052129996,11,9
2402881,76,79,1-76-2024-079-09,9,2,2140,1145,1145,P225/65R17,220,P225/65R17,220,,,,,,,,,299.042628750875,3,9
2402463,24,60,1-24-2024-060-05,5,1,2948,1565,1497,P275/55R20,240,P275/55R20,240,,,,,,,,,24.2721053029394,1,9
2401012,11,23,1-11-2024-023-06,6,2,1666,908,758,P195/65R15,260,P195/65R15,260,,,,,,,,,318.462503685406,8,9
2402655,62,71,1-62-2024-071-02,2,1,3175,1724,1724,LT275/65R18,280,LT275/65R18,280,,,,,,,,,27.4104501869369,7,9
2402300,48,75,1-48-2024-075-10,10,1,2030,1050,1040,P245/40R18,230,P245/40R18,230,,,,,,,,,1080.16352484664,12,9
2405689,12,109,1-12-2024-109-06,6,1,1950,867,1083,P225/45R17,220,P225/45R17,240,,,,,,,,,257.996460650317,9,9
2405606,22,170,1-22-2024-170-04,4,2,3266,1724,1724,LT275/65R18,280,LT275/65R18,280,,,,,,,,,84.481924707802,12,9
2401029,31,20,1-31-2024-020-09,9,1,1623,907,739,P185/60R15,221,P185/60R15,221,,,,,,,,,161.39423315543,6,9
2404278,59,125,1-59-2024-125-06,6,1,1760,980,910,P205/55R16,230,P205/55R16,230,,,,,,,,,277.513998546443,6,9
2403969,69,87,1-69-2024-087-09,9,1,2328,1219,1117,P235/55R20,230,P235/55R20,230,,,,,,,,,422.536777767683,8,9
2405297,33,100,1-33-2024-100-02,2,2,2100,1089,1066,P225/60R18,230,P225/60R18,230,,,,,,,,,23.2460633538017,12,9
2400488,57,9,1-57-2024-009-NM1,21,1,1960,1050,930,P225/50R17,999,P225/50R17,999,,,,,,,,,15.1868109907281,1,9
2406044,12,119,1-12-2024-119-03,3,3,2160,1260,1200,P235/65R17,240,P235/65R17,240,,,,,,,,,164.057323491007,9,9
2404716,14,89,1-14-2024-089-05,5,2,1910,1005,940,9999999999,999,9999999999,999,,,,,,,,,76.4230415651045,8,9
2404419,57,124,1-57-2024-124-03,3,1,2690,1260,1430,P245/45R19,240,P245/45R19,240,,,,,,,,,74.219148340463,1,9
2400529,27,18,1-27-2024-018-06,6,1,2495,1273,1273,P225/65R17,250,P225/65R17,250,,,,,,,,,47.6279948664491,3,9
2402896,11,81,1-11-2024-081-03,3,1,9999,9999,9999,9999999999,999,9999999999,999,,,,,,,,,171.808727202705,8,9
2406039,48,197,1-48-2024-197-02,2,2,9999,9999,9999,9999999999,999,9999999999,999,,,,,,,,,74.210049573419,12,9
2400629,76,18,1-76-2024-018-06,6,1,1970,1010,1000,P225/55R17,230,P225/55R17,220,,,,,,,,,69.290638741677,3,9
2405352,29,89,1-29-2024-089-NM1,21,1,2903,1792,1701,LT245/70R17,310,LT245/70R17,310,,,,,,,,,37.5008426016573,2,9
2400881,25,22,1-25-2024-022-06,6,1,2429,1154,1275,P245/40R20,220,P245/40R20,240,,,,,,,,,166.243093495036,2,9
2401877,59,61,1-59-2024-061-01,1,1,1640,870,770,P205/55R17,220,P205/55R17,220,,,,,,,,,53.4084683471652,6,9
2405813,25,157,1-25-2024-157-10,10,1,2035,1050,1095,P225/55R17,220,P225/55R17,210,,,,,,,,,3935.61438961131,2,9
2404276,81,106,1-81-2024-106-NM1,21,1,2190,1075,1125,P245/40R19,240,P245/40R19,240,,,,,,,,,34.7221032435964,8,9
2401336,77,47,1-77-2024-047-03,3,1,1795,960,840,P205/60R16,230,P205/60R16,230,,,,,,,,,115.641766815117,9,9
2403400,57,80,1-57-2024-080-03,3,1,2745,1271,1520,P265/50R20,250,P265/50R20,250,,,,,,,,,104.056045530934,1,9
2406125,59,184,1-59-2024-184-06,6,2,1851,965,885,P215/60R16,240,P215/60R16,240,,,,,,,,,152.175710276001,6,9
2405956,14,119,1-14-2024-119-03,3,2,3130,1678,1724,P275/60R20,240,P275/60R20,240,,,,,,,,,210.830854559569,8,9
2402046,10,26,1-10-2024-026-03,3,2,9999,9999,9999,9999999999,999,9999999999,999,,,,,,,,,200.267688383572,4,9
2401528,17,48,1-17-2024-048-04,4,1,2100,1175,1200,P225/65R17,240,P225/65R17,240,,,,,,,,,97.3687234598479,4,9
2404837,14,90,1-14-2024-090-05,5,1,2080,995,1160,P225/45R18,220,P225/45R18,260,,,,,,,,,85.9927626247339,8,9
2400795,29,12,1-29-2024-012-09,9,1,9999,9999,9999,9999999999,999,9999999999,999,,,,,,,,,1200.43767350335,2,9
2404290,67,31,1-67-2024-031-05,5,1,3266,1792,1792,P265/65R18,260,P265/65R18,260,,,,,,,,,70.7745535355824,7,9
2401044,15,34,1-15-2024-034-03,3,1,2240,1075,1165,P225/55R16,190,P225/55R16,230,,,,,,,,,16.4515804834085,1,9
2403108,14,51,1-14-2024-051-06,6,2,4536,1996,2876,LT275/65R18,420,LT275/65R18,520,,,,,,,,,320.057583182733,8,9
2402449,17,80,1-17-2024-080-06,6,1,2241,1197,1044,P235/55R17,210,P235/55R17,210,,,,,,,,,207.386851098491,4,9
2400926,26,20,1-26-2024-020-03,3,2,1963,1097,945,9999999999,999,9999999999,999,,,,,,,,,442.885823564136,10,9
2402549,60,29,1-60-2024-029-03,3,1,1750,1030,950,P205/55R16,235,P205/55R16,215,,,,,,,,,470.926036174307,8,9
2400906,27,29,1-27-2024-029-07,7,2,4309,2359,2812,LT265/70R18,420,LT265/70R18,480,,,,,,,,,91.833772569866,3,9
2404985,82,138,1-82-2024-138-06,6,1,2223,1259,1452,P255/75R17,240,P255/75R17,240,,,,,,,,,296.453213622496,1,9
2401570,27,49,1-27-2024-049-06,6,2,2545,1320,1490,P245/75R16,220,P245/75R16,220,,,,,,,,,40.7043990647032,3,9
2402970,17,92,1-17-2024-092-04,4,2,2684,1340,1450,P245/50R20,240,P245/50R20,240,,,,,,,,,99.0401622155757,4,9
2404132,21,87,1-21-2024-087-07,7,1,2055,1150,1150,P225/65R17,230,P225/65R17,230,,,,,,,,,1127.20484840089,11,9
2402423,10,33,1-10-2024-033-02,2,2,1963,1097,945,P215/60R16,220,P215/60R16,220,,,,,,,,,72.727305924336,4,9
2402615,26,74,1-26-2024-074-01,1,3,2304,1188,1252,P225/65R17,240,P225/65R17,240,,,,,,,,,32.4753608539726,10,9
2401596,66,37,1-66-2024-037-03,3,1,2300,1200,1150,P235/60R18,240,P235/60R18,240,,,,,,,,,79.4686416678806,6,9
2405148,18,128,1-18-2024-128-04,4,1,1880,1060,1060,P225/60R17,240,P225/60R17,240,,,,,,,,,503.789562761101,6,9
2402735,32,95,1-32-2024-095-03,3,1,2090,1150,1150,P225/65R17,240,P225/65R17,240,,,,,,,,,522.145708532268,7,9
2402901,12,47,1-12-2024-047-02,2,1,9999,9999,9999,9999999999,999,9999999999,999,,,,,,,,,228.584675358371,9,9
2406173,25,172,1-25-2024-172-03,3,1,1890,988,902,P215/55R17,220,P215/55R17,210,,,,,,,,,420.611872511558,2,9
2404109,25,107,1-25-2024-107-06,6,1,9999,9999,9999,P245/40R19,999,P245/40R19,999,,,,,,,,,223.222186627092,2,9
2400694,77,23,1-77-2024-023-05,5,1,2050,1070,1030,P215/55R17,240,P215/55R17,240,,,,,,,,,90.6570748528622,9,9
2404799,12,93,1-12-2024-093-03,3,1,2182,1154,1034,P245/45R18,235,P245/45R18,235,,,,,,,,,164.057323491007,9,9
2403462,69,74,1-69-2024-074-02,2,2,3221,1675,1546,P265/65R18,240,P265/65R18,240,,,,,,,,,7.30201599951961,8,9
2404942,17,161,1-17-2024-161-06,6,1,2130,1100,1075,P235/60R18,999,P235/60R18,999,,,,,,,,,383.615973992306,4,9
2402715,11,76,1-11-2024-076-05,5,1,2260,1190,1180,P235/60R18,999,P235/60R18,999,,,,,,,,,31.8812723055547,8,9
2401706,27,55,1-27-2024-055-03,3,1,2000,1060,1060,P225/55R18,240,P225/55R18,240,,,,,,,,,12.6103689545478,3,9
2403684,57,90,1-57-2024-090-10,10,1,1730,980,820,P205/55R16,207,P205/55R16,207,,,,,,,,,8871.51422447324,1,9
2402848,60,32,1-60-2024-032-04,4,2,1760,940,835,P235/40R18,225,P235/40R18,220,,,,,,,,,1790.24671665072,8,9
2402356,14,38,1-14-2024-038-02,2,3,2426,1249,1410,P245/75R16,210,P245/75R16,210,,,,,,,,,77.0447891691359,8,9
2401520,19,26,1-19-2024-026-05,5,1,2515,1240,1325,P245/60R18,220,P245/60R18,220,,,,,,,,,49.1552833588875,9,9
2402207,60,24,1-60-2024-024-06,6,3,2205,1150,1250,P225/55R18,240,P225/55R18,240,,,,,,,,,255.395501854437,8,9
2403727,52,39,1-52-2024-039-04,4,2,2301,1110,1257,P235/40R19,290,P235/40R19,290,,,,,,,,,275.049511587146,12,9
2404909,77,158,1-77-2024-158-03,3,1,1929,995,940,P205/60R16,240,P205/60R16,240,,,,,,,,,283.775942342132,9,9
2404368,15,172,1-15-2024-172-02,2,2,2722,1350,1545,P235/65R18,240,P235/65R18,240,,,,,,,,,17.2701587054084,1,9
2403847,81,94,1-81-2024-094-NM1,21,1,3175,1792,1792,P265/70R17,240,P265/70R17,240,,,,,,,,,39.6531790525059,8,9
2402851,11,79,1-11-2024-079-08,8,2,2123,1210,1070,P215/55R17,210,P215/55R17,210,,,,,,,,,137.396448535388,8,9
2401975,32,70,1-32-2024-070-09,9,1,2091,1122,969,P225/50R18,210,P225/50R18,210,,,,,,,,,3147.76349296009,7,9
2404016,21,85,1-21-2024-085-02,2,1,2540,1335,1490,P265/70R16,210,P265/70R16,210,,,,,,,,,10.5328526507938,11,9
2404580,24,127,1-24-2024-127-03,3,1,9999,9999,9999,9999999999,999,9999999999,999,,,,,,,,,95.9250634567464,1,9
2402808,18,84,1-18-2024-084-03,3,1,2030,1188,1098,P235/45R18,241,P235/45R18,241,,,,,,,,,90.7251439638903,6,9
2401185,26,27,1-26-2024-027-09,9,1,1497,835,826,P185/60R15,220,P185/60R15,220,,,,,,,,,1278.42089527898,10,9
2405513,62,165,1-62-2024-165-02,2,2,2400,1240,1345,P245/50R20,240,P245/50R20,240,,,,,,,,,40.5230025519482,7,9
2406117,76,184,1-76-2024-184-04,4,1,1970,1010,1000,P225/60R17,230,P225/60R17,220,,,,,,,,,165.951066705846,3,9
2405121,22,155,1-22-2024-155-NM2,22,1,2404,1275,1129,P235/65R16,240,P235/65R16,240,,,,,,,,,64.1408737687855,12,9
2406060,17,199,1-17-2024-199-06,6,2,2858,1452,1520,P255/50R20,240,P255/50R20,240,,,,,,,,,94.6332628692639,4,9
2405370,31,113,1-31-2024-113-04,4,1,2040,1160,1140,P205/65R16,235,P205/65R16,235,,,,,,,,,222.052598299916,6,9
2402723,16,80,1-16-2024-080-06,6,2,2092,1185,1185,P215/55R17,220,P215/55R17,220,,,,,,,,,1779.89514082299,5,9
2400161,62,8,1-62-2024-008-09,9,2,1921,1210,1210,P205/65R15,200,P205/65R15,200,,,,,,,,,3480.57935768494,7,9
2404097,66,83,1-66-2024-083-06,6,2,1976,1049,932,P225/45R19,240,P225/45R19,240,,,,,,,,,182.104571303011,6,9
2406361,30,217,1-30-2024-217-03,3,3,1986,1060,1008,P225/70R15,205,P225/70R15,205,P215/70R16,205,P215/70R16,205,P235/70R16,205,P235/70R16,205,76.3040184677385,10,9
2405279,57,161,1-57-2024-161-09,9,1,2225,1170,1105,P235/45R17,240,P235/45R17,240,,,,,,,,,803.517520327763,1,9
2404197,28,130,1-28-2024-130-03,3,2,1906,1020,893,9999999999,999,9999999999,999,,,,,,,,,28.3089754479373,3,9
2406135,14,126,1-14-2024-126-04,4,1,1987,1050,940,P215/55R18,250,P215/55R18,250,,,,,,,,,347.585660015654,8,9
2401226,10,18,1-10-2024-018-02,2,1,9999,9999,9999,9999999999,999,9999999999,999,,,,,,,,,22.3566511295402,4,9
2400848,79,21,1-79-2024-021-03,3,1,2730,1310,1465,P235/55R19,230,P235/55R19,230,,,,,,,,,104.756877618907,8,9
2400871,33,13,1-33-2024-013-04,4,1,1985,1038,947,P215/55R17,210,P215/55R17,210,,,,,,,,,111.292117176714,12,9
2406158,30,206,1-30-2024-206-03,3,1,2065,1110,1015,P225/45R18,270,P225/45R18,270,,,,,,,,,339.574625265226,10,9
2400207,67,3,1-67-2024-003-05,5,2,2495,1273,1273,P245/40R19,240,P245/40R19,240,,,,,,,,,85.727763543455,7,9
2405634,62,169,1-62-2024-169-02,2,2,1539,814,738,P185/60R16,250,P185/60R16,230,,,,,,,,,27.4104501869369,7,9
2404970,20,120,1-20-2024-120-NM1,21,1,4536,2359,2876,LT275/65R18,420,LT275/65R18,520,,,,,,,,,42.5846152120555,11,9
2404306,33,82,1-33-2024-082-03,3,1,1963,1097,945,P235/40R19,230,P235/40R19,230,,,,,,,,,18.8602680088243,12,9
2400370,28,6,1-28-2024-006-09,9,1,9999,9999,9999,P235/75R17,260,P235/75R17,260,,,,,,,,,112.3042323572,3,9
2403078,33,51,1-33-2024-051-01,1,1,9999,9999,9999,9999999999,999,9999999999,999,,,,,,,,,35.1791324819626,12,9
2405611,22,173,1-22-2024-173-04,4,1,9999,9999,9999,9999999999,999,9999999999,999,,,,,,,,,84.481924707802,12,9
2404801,69,112,1-69-2024-112-02,2,1,1785,1050,971,P205/55R16,240,P205/55R16,230,,,,,,,,,7.30201599951961,8,9
2404220,79,86,1-79-2024-086-01,1,3,2007,1120,1102,P225/40R28,240,P225/40R28,240,,,,,,,,,107.802444352875,8,9
2403783,48,123,1-48-2024-123-04,4,1,9999,9999,9999,9999999999,999,9999999999,999,,,,,,,,,197.972576161515,12,9
2404115,28,127,1-28-2024-127-03,3,2,1991,1063,928,P225/45R18,240,P225/45R18,240,,,,,,,,,41.3435203712902,3,9
2406282,32,162,1-32-2024-162-03,3,1,1840,947,893,P205/65R16,241,P205/65R16,241,,,,,,,,,389.952264846681,7,9
2401622,81,31,1-81-2024-031-03,3,2,2495,1273,1273,P225/55R18,230,P225/55R18,230,,,,,,,,,1518.38116385716,8,9
2401373,30,47,1-30-2024-047-03,3,1,2405,1275,1275,P245/45R20,220,P245/45R20,220,,,,,,,,,249.652206693651,10,9
2402787,59,87,1-59-2024-087-06,6,2,2745,1339,1407,P225/65R17,250,P225/65R17,250,,,,,,,,,519.269681478557,6,9
2400772,81,18,1-81-2024-018-03,3,2,2722,1370,1495,P245/50R20,228,P245/50R20,228,,,,,,,,,554.676008048992,8,9
2402014,77,70,1-77-2024-070-03,3,2,2730,1320,1450,P235/65R16,240,P235/65R16,240,,,,,,,,,68.3121620749861,9,9
2400832,77,29,1-77-2024-029-NM1,21,1,4536,2540,2898,LT265/70R17,450,LT265/70R17,550,,,,,,,,,113.21347390618,9,9
2405890,23,48,1-23-2024-048-03,3,3,1985,1025,1000,P225/55R18,230,P225/55R18,220,,,,,,,,,1120.10542309425,5,9
2402060,19,29,1-19-2024-029-05,5,2,2025,1175,1200,P225/60R18,240,P225/60R18,240,,,,,,,,,98.7930647556001,9,9
2401519,19,25,1-19-2024-025-03,3,1,2320,1320,1420,P235/70R16,210,P235/70R16,210,,,,,,,,,190.877805911702,9,9
2400039,20,1,1-20-2024-001-03,3,1,1660,875,785,P205/55R17,220,P205/55R17,220,,,,,,,,,48.9011133058566,11,9
2400039,20,1,1-20-2024-001-03,3,2,9999,9999,9999,9999999999,999,9999999999,999,,,,,,,,,48.9011133058566,11,9
2404762,66,94,1-66-2024-094-10,10,1,2903,1452,1542,P245/65R17,210,P245/65R17,240,,,,,,,,,242.389498710963,6,9
2403325,33,56,1-33-2024-056-10,10,1,2313,1202,1270,P225/55R17,179,P225/55R17,200,,,,,,,,,58.854607771382,12,9
2403491,14,59,1-14-2024-059-04,4,1,2080,995,1160,P225/40R19,241,P225/40R19,283,,,,,,,,,894.026417553178,8,9
2402827,57,64,1-57-2024-064-06,6,1,2030,1050,1030,P215/55R17,210,P215/55R17,210,,,,,,,,,721.306737429465,1,9
2401333,26,35,1-26-2024-035-01,1,2,1576,830,830,P175/65R15,260,P175/65R15,230,,,,,,,,,37.8344754262411,10,9
2400978,54,25,1-54-2024-025-09,9,1,2676,9999,9999,9999999999,228,9999999999,228,,,,,,,,,117.274582131211,9,9
2403182,48,106,1-48-2024-106-04,4,2,1846,961,885,P225/55R17,230,P225/55R17,230,,,,,,,,,85.7677087053401,12,9
2400486,16,16,1-16-2024-016-03,3,2,2710,1360,1385,P235/55R19,230,P235/55R19,230,,,,,,,,,112.722559063275,5,9
2402607,17,85,1-17-2024-085-07,7,1,2405,1275,1275,P245/45R20,220,P245/45R20,220,,,,,,,,,199.170885189555,4,9
2400131,27,4,1-27-2024-004-03,3,2,2700,1300,1430,P235/70R16,220,P235/70R16,220,,,,,,,,,19.9655651519629,3,9
2402298,48,73,1-48-2024-073-04,4,1,2730,1350,1430,P255/50R20,250,P255/50R20,250,,,,,,,,,85.7677087053401,12,9
2404708,24,130,1-24-2024-130-03,3,1,3221,1724,1724,P275/60R20,240,P275/60R20,240,,,,,,,,,53.0684303957817,1,9
2402985,25,74,1-25-2024-074-08,8,1,3017,1770,1770,P265/70R17,240,P265/70R17,240,,,,,,,,,139.634325521896,2,9
2403981,19,51,1-19-2024-051-01,1,2,4536,2177,2767,LT245/75R17,520,LT245/75R17,550,,,,,,,,,49.8247383260155,9,9
2400981,48,32,1-48-2024-032-08,8,1,9999,1030,855,9999999999,999,9999999999,999,,,,,,,,,96.1411607504999,12,9
2401757,62,43,1-62-2024-043-05,5,2,2730,1320,1515,P235/65R17,230,P235/65R17,230,,,,,,,,,36.6153826086227,7,9
2401419,27,47,1-27-2024-047-03,3,2,3050,1500,1775,P255/55R20,250,P255/55R20,300,P235/65R19,260,P235/65R19,310,P275/45R21,250,P275/45R21,300,11.8514312322575,3,9
2405896,67,53,1-67-2024-053-03,3,1,9999,9999,9999,9999999999,999,9999999999,999,,,,,,,,,336.61498686744,7,9
2402693,69,51,1-69-2024-051-06,6,2,3175,1792,1792,P265/70R17,240,P265/70R17,240,,,,,,,,,307.380238667037,8,9
2402398,59,75,1-59-2024-075-07,7,2,2040,1160,1140,P205/65R16,265,P205/65R16,265,,,,,,,,,417.399556854223,6,9
2401027,16,33,1-16-2024-033-NM2,22,1,2250,1175,1240,P225/65R17,240,P225/65R17,240,,,,,,,,,439.019791611487,5,9
2404960,32,141,1-32-2024-141-02,2,1,1847,960,887,P225/55R17,230,P225/55R17,230,,,,,,,,,4.13903443658647,7,9
2403188,73,92,1-73-2024-092-05,5,1,2210,1300,1395,P235/65R17,240,P235/65R17,240,,,,,,,,,37.4388018482199,3,9
2403729,31,74,1-31-2024-074-06,6,2,1932,1020,1081,P225/70R14,241,P225/70R14,241,,,,,,,,,308.176861795721,6,9
2403254,15,127,1-15-2024-127-05,5,1,2765,1325,1475,9999999999,999,9999999999,999,,,,,,,,,13.6400789963135,1,9
2405269,62,157,1-62-2024-157-04,4,2,2730,1310,1465,P235/55R19,250,P235/55R19,250,,,,,,,,,1438.83646958712,7,9
2405126,15,199,1-15-2024-199-06,6,2,2141,1072,1089,P225/65R17,230,P225/65R17,230,,,,,,,,,108.78223753879,1,9
2400403,31,6,1-31-2024-006-08,8,1,2212,1161,1051,P235/50R18,230,P235/50R18,230,,,,,,,,,222.937813489072,6,9
2403506,26,100,1-26-2024-100-04,4,1,2600,1300,1380,P245/35R20,290,P275/30R20,300,,,,,,,,,4774.58117313973,10,9
2406162,17,201,1-17-2024-201-09,9,1,1850,995,890,P195/65R15,220,P195/65R15,210,,,,,,,,,483.356586005974,4,9
2405913,17,192,1-17-2024-192-08,8,1,9999,9999,9999,9999999999,999,9999999999,999,,,,,,,,,66.7779698608357,4,9
2401591,28,41,1-28-2024-041-08,8,2,2404,1225,1315,P235/70R15,220,P235/70R15,220,,,,,,,,,48.0385140677194,3,9
2403855,18,105,1-18-2024-105-04,4,1,2949,1293,1679,P265/60R18,250,P265/60R18,250,,,,,,,,,454.130176673616,6,9
2403898,28,119,1-28-2024-119-10,10,1,2300,1175,1240,P225/65R17,240,P225/65R17,240,,,,,,,,,80.5683609045318,3,9
2404396,10,81,1-10-2024-081-03,3,3,2722,1350,1545,P235/55R20,250,P235/55R20,250,,,,,,,,,150.759541912822,4,9
2405129,22,158,1-22-2024-158-04,4,2,1971,1210,1070,9999999999,999,9999999999,999,,,,,,,,,115.936744622161,12,9
2404539,23,43,1-23-2024-043-08,8,1,9999,9999,9999,P245/45R18,260,P245/45R18,280,,,,,,,,,321.815573903179,5,9
2400901,52,11,1-52-2024-011-03,3,1,2858,1452,1520,P255/50R20,240,P255/50R20,240,,,,,,,,,19.4411121960784,12,9
2401442,26,39,1-26-2024-039-NM1,21,1,3221,1724,1724,LT275/65R18,999,LT275/65R18,999,,,,,,,,,25.7030205312635,10,9
2400183,23,4,1-23-2024-004-03,3,1,2230,1220,1220,P225/65R17,999,P225/65R17,999,,,,,,,,,558.578019018061,5,9
2404760,32,138,1-32-2024-138-NM1,21,1,9999,9999,9999,9999999999,999,9999999999,999,,,,,,,,,41.8806863445024,7,9
2406111,21,150,1-21-2024-150-05,5,1,9999,1275,1275,P245/45R20,230,P245/45R20,230,,,,,,,,,39.6357289991185,11,9
2401156,60,13,1-60-2024-013-03,3,1,2125,1056,1084,P205/55R16,240,P205/55R16,240,,,,,,,,,228.262148598629,8,9
2403881,33,69,1-33-2024-069-08,8,1,1744,914,839,P205/55R16,220,P205/55R16,220,,,,,,,,,110.532062129554,12,9
2405470,31,117,1-31-2024-117-05,5,2,9999,9999,9999,P275/55R20,220,P275/55R20,220,,,,,,,,,223.697137607501,6,9
2402885,15,111,1-15-2024-111-09,9,2,9999,9999,9999,9999999999,999,9999999999,999,,,,,,,,,163.26387101491,1,9
2406280,52,62,1-52-2024-062-06,6,1,1554,794,775,P185/65R15,230,P185/65R15,230,,,,,,,,,145.127195997832,12,9
2402530,81,51,1-81-2024-051-06,6,1,3266,1792,1792,P275/55R20,220,P275/55R20,220,,,,,,,,,3112.81222309498,8,9
2403054,54,80,1-54-2024-080-05,5,1,9999,9999,9999,9999999999,999,9999999999,999,,,,,,,,,144.976226836895,9,9
2403887,24,110,1-24-2024-110-01,1,3,1815,980,845,P205/60R16,230,P205/60R16,230,,,,,,,,,23.1726143074507,1,9
2404969,66,98,1-66-2024-098-01,1,2,9999,9999,9999,9999999999,999,9999999999,999,,,,,,,,,106.258770256521,6,9
2406274,28,192,1-28-2024-192-06,6,1,3311,1633,1951,P275/55R20,240,P275/55R20,240,,,,,,,,,44.5186799027896,3,9
2404528,81,110,1-81-2024-110-06,6,3,2087,998,1111,P235/50R18,220,P235/50R18,220,,,,,,,,,698.232216368687,8,9
2403426,67,16,1-67-2024-016-04,4,3,1971,1210,1070,P215/60R16,220,P215/60R16,220,,,,,,,,,612.985375623985,7,9
2402098,32,76,1-32-2024-076-02,2,2,2495,1273,1273,P225/60R17,250,P225/60R17,250,,,,,,,,,5.84186321476011,7,9
2405656,18,137,1-18-2024-137-03,3,1,2200,1260,1200,P235/55R19,240,P235/55R19,240,,,,,,,,,194.042863004502,6,9
2402785,59,85,1-59-2024-085-05,5,1,9999,9999,9999,P275/55R20,240,P275/55R20,240,,,,,,,,,53.1907731759788,6,9
2402490,32,89,1-32-2024-089-08,8,1,3175,1792,1792,P275/55R20,210,P275/55R20,210,,,,,,,,,231.943348479395,7,9
2402158,62,53,1-62-2024-053-01,1,1,2615,1360,1385,P235/55R19,230,P235/55R19,230,,,,,,,,,71.1932947835798,7,9
2400638,19,13,1-19-2024-013-07,7,1,1733,939,839,P205/55R16,220,P205/55R16,220,,,,,,,,,907.714709607439,9,9
2402052,81,43,1-81-2024-043-04,4,1,2024,1016,1011,P225/55R19,250,P225/55R19,250,,,,,,,,,1903.54654592811,8,9
2401471,11,36,1-11-2024-036-03,3,1,2949,1452,1770,P265/50R20,230,P265/50R20,250,,,,,,,,,125.31173575998,8,9
2402112,15,84,1-15-2024-084-04,4,2,9999,9999,9999,9999999999,999,9999999999,999,,,,,,,,,60.6794590064128,1,9
2402593,57,54,1-57-2024-054-NM2,22,1,9999,9999,9999,9999999999,999,9999999999,999,,,,,,,,,570.311860030331,1,9
2401906,12,33,1-12-2024-033-10,10,1,2070,1119,951,9999999999,999,9999999999,999,,,,,,,,,4973.4993690477,9,9
2403386,82,86,1-82-2024-086-06,6,1,2070,1055,1035,P225/65R17,999,P225/65R17,999,,,,,,,,,346.376623734345,1,9
2404468,28,139,1-28-2024-139-10,10,1,2105,1107,1057,P235/70R16,205,P235/70R16,205,,,,,,,,,80.5683609045318,3,9
2405155,12,100,1-12-2024-100-04,4,2,9999,9999,9999,9999999999,999,9999999999,999,,,,,,,,,492.705702133242,9,9
2406171,24,171,1-24-2024-171-03,3,1,2100,1191,1191,P205/65R16,240,P205/65R16,240,,,,,,,,,128.24108545593,1,9
2400598,17,21,1-17-2024-021-03,3,1,4173,2118,2760,LT245/75R16,380,LT245/75R16,550,,,,,,,,,60.1064786597745,4,9
2401594,66,35,1-66-2024-035-10,10,1,2198,1099,1126,P225/55R17,230,P225/55R17,230,,,,,,,,,484.778997421925,6,9
2403111,27,101,1-27-2024-101-07,7,2,1720,920,810,P205/55R16,220,P205/55R16,220,,,,,,,,,191.986127824905,3,9
2403658,62,101,1-62-2024-101-03,3,2,2722,1350,1545,P235/55R20,250,P235/55R20,250,,,,,,,,,385.886088874745,7,9
2400953,59,31,1-59-2024-031-01,1,1,2427,1270,1315,P235/75R15,220,P235/75R15,220,,,,,,,,,53.4084683471652,6,9
2404820,20,119,1-20-2024-119-01,1,1,2315,1200,1270,P225/75R15,180,P225/75R15,200,P265/70R16,180,P265/70R16,200,,,,,35.0220589332575,11,9
2402284,54,57,1-54-2024-057-08,8,1,2129,1157,972,P215/70R15,230,P215/70R15,230,,,,,,,,,161.994257211147,9,9
2401259,17,40,1-17-2024-040-06,6,1,1944,1065,995,P205/70R16,240,P205/70R16,240,,,,,,,,,69.0724294993801,4,9
2403472,25,88,1-25-2024-088-03,3,2,2745,1339,1407,P235/60R16,250,P235/60R16,250,,,,,,,,,78.8459476035381,2,9
2406051,19,89,1-19-2024-089-04,4,2,1780,1050,971,P205/55R16,240,P205/55R16,230,,,,,,,,,1024.94428001786,9,9
2400718,79,20,1-79-2024-020-03,3,2,9999,9999,9999,9999999999,999,9999999999,999,,,,,,,,,104.756877618907,8,9
2405218,28,164,1-28-2024-164-NM2,22,1,9999,9999,9999,9999999999,999,9999999999,999,,,,,,,,,142.962485684357,3,9
2402805,19,36,1-19-2024-036-06,6,1,2040,1160,1140,P215/55R17,235,P215/55R17,235,,,,,,,,,325.145378458925,9,9
2406028,18,150,1-18-2024-150-09,9,1,2608,1338,1452,P245/65R17,210,P245/65R17,240,,,,,,,,,776.571629127203,6,9
2403011,82,74,1-82-2024-074-03,3,1,1863,961,902,P245/45R18,240,P245/45R18,240,,,,,,,,,147.436886414065,1,9
2403154,25,79,1-25-2024-079-07,7,1,1758,972,853,P205/50R17,230,P205/50R17,230,,,,,,,,,582.419978646894,2,9
2403615,14,62,1-14-2024-062-05,5,2,2903,1452,1701,P245/70R17,240,P245/70R17,240,,,,,,,,,76.4230415651045,8,9
2405822,27,179,1-27-2024-179-03,3,2,1960,1070,950,P225/50R17,230,P225/50R17,220,,,,,,,,,11.8514312322575,3,9
2404385,11,133,1-11-2024-133-04,4,2,9999,9999,9999,9999999999,999,9999999999,999,,,,,,,,,280.90356937815,8,9
2401388,69,24,1-69-2024-024-03,3,2,2147,1095,1154,P225/40R18,250,P255/35R18,250,,,,,,,,,31.9575332623976,8,9
2401053,27,34,1-27-2024-034-NM2,22,1,2730,1420,1460,P245/60R18,240,P245/60R18,240,,,,,,,,,32.7871735473087,3,9
2403366,28,98,1-28-2024-098-04,4,1,2041,1065,1025,P225/65R17,230,P225/65R17,230,,,,,,,,,96.1935972000564,3,9
2404989,15,191,1-15-2024-191-06,6,2,2200,1150,1200,9999999999,999,9999999999,999,,,,,,,,,74.9369173708052,1,9
2400263,21,5,1-21-2024-005-08,8,2,9999,9999,9999,9999999999,999,9999999999,999,,,,,,,,,74.902781366511,11,9
2404199,28,132,1-28-2024-132-07,7,1,2300,1175,1240,P225/65R17,240,P225/65R17,240,,,,,,,,,77.5080834922841,3,9
2402570,32,93,1-32-2024-093-05,5,2,2186,1160,1020,P225/50R17,230,P225/50R17,225,,,,,,,,,52.966553872157,7,9
2404050,62,116,1-62-2024-116-01,1,1,3175,1792,1792,P265/65R18,240,P265/65R18,240,,,,,,,,,187.399481537113,7,9
2401886,57,37,1-57-2024-037-03,3,1,2930,1450,1600,P255/65R18,240,P255/65R18,240,,,,,,,,,168.570265700135,1,9
2403409,29,34,1-29-2024-034-06,6,2,2223,1165,1130,P225/60R17,230,P225/60R17,220,,,,,,,,,1206.28017519006,2,9
2403950,48,127,1-48-2024-127-09,9,1,2213,1150,1247,P225/70R14,242,P225/70R14,242,,,,,,,,,454.362406013,12,9
2400114,14,2,1-14-2024-002-07,7,1,9999,9999,9999,9999999999,999,9999999999,999,,,,,,,,,1752.86120972687,8,9
2400704,81,17,1-81-2024-017-06,6,1,2023,1068,959,P235/45R18,235,P235/45R18,235,,,,,,,,,2054.68257038709,8,9
2401245,79,28,1-79-2024-028-04,4,2,2794,1397,1497,P255/50R20,240,P255/50R20,240,,,,,,,,,222.177481341307,8,9
2405573,14,110,1-14-2024-110-02,2,2,2885,1429,1520,P275/55R20,260,P275/55R20,260,,,,,,,,,73.7387227230028,8,9
2402327,20,65,1-20-2024-065-04,4,1,1645,950,765,P205/45R17,250,P205/45R17,220,,,,,,,,,167.519556813425,11,9
2401786,18,66,1-18-2024-066-04,4,1,2722,1350,1450,P265/45R21,250,P265/45R21,250,,,,,,,,,655.073704482614,6,9
2401013,11,24,1-11-2024-024-03,3,1,2370,1270,1270,P235/60R18,230,P235/60R18,230,,,,,,,,,85.9711922432037,8,9
2404594,14,85,1-14-2024-085-05,5,1,1917,1010,940,P215/60R16,220,P215/60R16,220,,,,,,,,,76.4230415651045,8,9
2402341,25,57,1-25-2024-057-03,3,1,2420,1260,1200,P235/55R19,240,P235/55R19,240,,,,,,,,,193.7608674537,2,9
2400326,12,9,1-12-2024-009-09,9,1,1594,823,780,9999999999,999,9999999999,999,,,,,,,,,517.295150771829,9,9
2404548,62,133,1-62-2024-133-03,3,1,2096,1098,1006,P235/55R17,250,P235/55R17,250,,,,,,,,,283.674238531916,7,9
2403654,59,114,1-59-2024-114-05,5,2,9999,9999,9999,9999999999,999,9999999999,999,,,,,,,,,53.1907731759788,6,9
2401839,22,53,1-22-2024-053-04,4,2,3266,1724,1724,LT275/65R18,280,LT275/65R18,280,,,,,,,,,35.2314390008151,12,9
2401882,54,46,1-54-2024-046-07,7,1,2722,1350,1545,P235/55R20,250,P235/55R20,250,,,,,,,,,163.639088013261,9,9
2403113,60,35,1-60-2024-035-04,4,2,2030,1095,950,P225/50R17,230,P225/50R17,230,,,,,,,,,719.772369658448,8,9
2400949,13,25,1-13-2024-025-02,2,1,2314,1275,1275,P215/65R17,240,P215/65R17,240,,,,,,,,,9.3110805778853,7,9
2400116,32,2,1-32-2024-002-02,2,2,3402,1678,1950,P275/60R20,240,P275/60R20,240,,,,,,,,,5.912189285169,7,9
2405377,11,161,1-11-2024-161-06,6,1,1910,1005,940,P215/60R16,220,P215/60R16,220,,,,,,,,,499.728045002681,8,9
2404404,62,127,1-62-2024-127-02,2,1,1730,980,820,P195/65R15,220,P195/65R15,220,,,,,,,,,153.229271867661,7,9
2405778,48,186,1-48-2024-186-04,4,1,9999,9999,9999,9999999999,999,9999999999,999,,,,,,,,,179.531498408301,12,9
2402838,24,76,1-24-2024-076-04,4,1,2949,1452,1770,P265/50R20,265,P265/50R20,250,,,,,,,,,219.729744189396,1,9
2402506,82,62,1-82-2024-062-04,4,2,1750,1030,950,P205/55R16,235,P205/55R16,215,,,,,,,,,518.664931190454,1,9
2402174,73,66,1-73-2024-066-08,8,1,2972,1770,1770,P265/70R17,240,P265/70R17,240,,,,,,,,,40.1180243892693,3,9
2405214,23,45,1-23-2024-045-02,2,2,2223,1165,1130,P225/55R18,240,P225/55R18,230,,,,,,,,,87.6936737284278,5,9
2404550,73,121,1-73-2024-121-09,9,1,1742,948,839,P195/65R15,210,P195/65R15,210,,,,,,,,,71.1373514066558,3,9
2401009,17,33,1-17-2024-033-04,4,2,2230,1220,1220,P225/65R17,250,P225/65R17,250,,,,,,,,,131.910982492372,4,9
2405191,69,128,1-69-2024-128-05,5,1,3311,1633,1905,P285/45R22,999,P285/45R22,999,,,,,,,,,7.9251901367342,8,9
2404281,62,123,1-62-2024-123-02,2,2,2065,1095,1025,P235/55R19,230,P235/55R19,210,,,,,,,,,28.5234131836987,7,9
2403053,48,102,1-48-2024-102-05,5,1,2730,1320,1515,P235/65R17,230,P235/65R17,230,,,,,,,,,80.9035530796695,12,9
2403176,10,49,1-10-2024-049-08,8,1,2090,1124,966,P225/60R16,210,P225/60R16,210,,,,,,,,,215.380273252509,4,9
2403594,79,77,1-79-2024-077-06,6,2,1960,1050,930,P215/55R17,225,P215/55R17,225,,,,,,,,,261.967918056657,8,9
2404922,48,161,1-48-2024-161-06,6,1,2040,1160,1140,P205/65R16,235,P205/65R16,235,,,,,,,,,86.4307074675267,12,9
2403243,54,82,1-54-2024-082-03,3,1,2035,1041,994,P225/55R17,240,P225/55R17,240,,,,,,,,,98.4870522809125,9,9
2403907,18,106,1-18-2024-106-03,3,1,1849,1016,836,P215/45R18,250,P215/45R18,250,,,,,,,,,71.1428090245742,6,9
2404571,12,86,1-12-2024-086-06,6,1,2745,1338,1406,P225/65R17,250,P225/65R17,250,,,,,,,,,257.996460650317,9,9
2404571,12,86,1-12-2024-086-06,6,2,2120,1110,1060,P235/45R18,240,P235/45R18,240,,,,,,,,,257.996460650317,9,9
2400180,59,8,1-59-2024-008-08,8,1,2397,1223,1174,P245/40R20,240,P245/40R20,240,,,,,,,,,157.411754942879,6,9
2403197,33,53,1-33-2024-053-02,2,1,2070,1050,1040,P225/65R17,210,P225/65R17,210,,,,,,,,,23.2460633538017,12,9
2401531,17,51,1-17-2024-051-06,6,1,2270,1145,1140,P225/55R17,240,P225/55R17,240,,,,,,,,,84.8378168091199,4,9
2404402,57,123,1-57-2024-123-02,2,1,1880,1060,1060,P245/45R19,999,P245/45R19,999,,,,,,,,,9.69650235592079,1,9
2402533,24,67,1-24-2024-067-03,3,2,2541,1248,1452,P225/75R16,228,P225/75R16,228,,,,,,,,,122.594712962901,1,9
2405636,60,92,1-60-2024-092-03,3,1,1803,977,826,P205/55R16,250,P205/55R16,250,,,,,,,,,225.387841771132,8,9
2401723,22,50,1-22-2024-050-07,7,1,1900,1210,1210,P205/65R15,200,P205/65R15,200,,,,,,,,,172.502323958184,12,9
2406323,14,132,1-14-2024-132-NM2,22,1,9999,9999,9999,9999999999,999,9999999999,999,,,,,,,,,464.271661627575,8,9
2401823,32,68,1-32-2024-068-05,5,1,3260,1724,1860,P275/55R20,220,P275/55R20,220,,,,,,,,,47.373478183051,7,9
2400781,23,12,1-23-2024-012-05,5,2,1710,920,830,P215/55R16,220,P215/55R16,220,,,,,,,,,97.8753376757072,5,9
2405490,22,167,1-22-2024-167-10,10,1,9999,9999,9999,9999999999,999,9999999999,999,,,,,,,,,1980.08536507205,12,9
2402656,62,72,1-62-2024-072-07,7,1,2948,1531,1497,P275/55R20,240,P275/55R20,240,,,,,,,,,9477.86502709377,7,9
2402656,62,72,1-62-2024-072-07,7,2,1950,990,1000,P205/55R16,240,P205/55R16,230,,,,,,,,,9477.86502709377,7,9
2401660,18,64,1-18-2024-064-09,9,1,2140,1145,1145,P225/65R17,220,P225/65R17,220,,,,,,,,,95.1775471436952,6,9
2400389,26,5,1-26-2024-005-02,2,2,2090,1150,1150,P225/65R17,240,P225/65R17,240,,,,,,,,,21.1529220587709,10,9
2405049,30,174,1-30-2024-174-NM1,21,1,1590,865,725,P195/70R14,210,P195/70R14,210,,,,,,,,,35.2170995864478,10,9
2404030,15,159,1-15-2024-159-03,3,2,1963,1097,945,9999999999,999,9999999999,999,,,,,,,,,27.339293903016,1,9
2404116,28,128,1-28-2024-128-03,3,1,2650,1295,1425,P245/60R18,240,P245/60R18,240,,,,,,,,,41.3435203712902,3,9
2404757,21,110,1-21-2024-110-03,3,1,2012,1080,1044,P205/70R16,240,P205/70R16,240,,,,,,,,,210.450883320732,11,9
2401763,17,59,1-17-2024-059-07,7,1,2427,1270,1315,P235/70R15,220,P235/70R15,220,,,,,,,,,606.147022253054,4,9
2406191,52,61,1-52-2024-061-06,6,1,2570,1285,1290,P225/60R16,250,P225/60R16,250,,,,,,,,,252.857744755917,12,9
2405404,18,131,1-18-2024-131-05,5,3,9999,9999,9999,9999999999,999,9999999999,999,,,,,,,,,50.9427492020977,6,9
2403137,28,95,1-28-2024-095-09,9,1,1765,990,880,P205/60R16,230,P205/60R16,230,,,,,,,,,34.7771381559099,3,9
2401468,25,34,1-25-2024-034-06,6,1,9999,9999,9999,9999999999,999,9999999999,999,,,,,,,,,52.7353531300239,2,9
2400764,12,15,1-12-2024-015-05,5,2,3058,1679,1770,P275/60R20,240,P275/60R20,240,,,,,,,,,241.497853716308,9,9
2403824,14,68,1-14-2024-068-03,3,3,2855,1360,1560,P265/70R17,220,P265/70R17,220,,,,,,,,,364.189516222934,8,9
2403967,10,68,1-10-2024-068-04,4,2,1720,990,950,P205/55R16,230,P205/55R16,230,,,,,,,,,501.477407680457,4,9
2404258,82,109,1-82-2024-109-03,3,3,1950,1100,960,P215/55R17,225,P215/55R17,225,,,,,,,,,114.338725365373,1,9
2400923,21,22,1-21-2024-022-NM1,21,1,1569,826,746,P185/65R14,210,P185/65R14,200,,,,,,,,,12.4076963253184,11,9
2401610,77,53,1-77-2024-053-08,8,1,2700,1325,1450,P245/65R17,220,P245/65R17,220,,,,,,,,,105.1925616478,9,9
2401032,14,16,1-14-2024-016-04,4,1,1644,864,780,P205/55R16,230,P205/55R16,230,,,,,,,,,677.371691967794,8,9
2403379,16,99,1-16-2024-099-01,1,1,1950,1070,960,P225/50R17,220,P225/50R17,220,,,,,,,,,75.8360340917396,5,9
2401965,27,63,1-27-2024-063-09,9,1,1665,880,785,P205/55R16,220,P205/55R16,220,,,,,,,,,41.2487504471852,3,9
2401324,66,26,1-66-2024-026-NM2,22,1,2586,1293,1339,P215/65R16,248,P215/65R16,248,,,,,,,,,110.074249285118,6,9
2404859,29,74,1-29-2024-074-06,6,2,2155,1170,995,P225/50R18,220,P225/50R18,220,,,,,,,,,1928.26533178592,2,9
2405254,30,178,1-30-2024-178-03,3,1,1710,920,830,P235/40R18,225,P235/40R18,220,,,,,,,,,228.715099700349,10,9
2404172,10,74,1-10-2024-074-01,1,1,3493,1610,1928,P275/55R20,240,P275/55R20,240,,,,,,,,,28.7027141180818,4,9
2400076,59,2,1-59-2024-002-02,2,1,1780,990,950,P195/65R15,250,P195/65R15,250,,,,,,,,,48.7900687173874,6,9
2405815,14,115,1-14-2024-115-03,3,1,2949,1452,1770,P265/50R20,230,P265/50R20,250,,,,,,,,,285.585717007059,8,9
2401736,31,33,1-31-2024-033-08,8,1,3901,9999,9999,LT245/75R16,999,LT245/75R16,999,,,,,,,,,222.937813489072,6,9
2405317,60,82,1-60-2024-082-03,3,2,2571,1363,1500,P255/40R20,290,P255/40R20,290,,,,,,,,,194.402864300273,8,9
2401238,48,45,1-48-2024-045-02,2,1,2580,1300,1330,P255/50R20,250,P255/50R20,250,,,,,,,,,74.210049573419,12,9
2402091,16,60,1-16-2024-060-03,3,2,2767,1470,1611,LT315/70R17,255,LT315/70R17,255,,,,,,,,,493.068595429479,5,9
2404962,28,153,1-28-2024-153-06,6,1,1990,1065,995,P205/70R16,240,P205/70R16,240,,,,,,,,,44.5186799027896,3,9
2406193,82,168,1-82-2024-168-07,7,2,2165,1065,1125,P225/45R18,270,P245/40R18,310,,,,,,,,,1697.47710151414,1,9
2402283,54,56,1-54-2024-056-09,9,2,1941,1017,993,P215/60R16,220,P215/60R16,220,,,,,,,,,118.814051563781,9,9
2401045,15,35,1-15-2024-035-03,3,1,1835,1015,820,P225/40R18,230,P225/40R18,220,,,,,,,,,22.844722638109,1,9
2400063,29,1,1-29-2024-001-04,4,2,2710,1635,1635,P235/65R18,250,P235/65R18,250,,,,,,,,,398.469602501026,2,9
2401450,15,53,1-15-2024-053-03,3,2,3198,1565,1724,P275/55R20,240,P275/55R20,240,,,,,,,,,26.3875727991169,1,9
2401635,48,54,1-48-2024-054-03,3,2,3901,1769,2431,8.75R16.5LT,345,8.75R16.5LT,355,,,,,,,,,54.9604072040948,12,9
2401840,22,54,1-22-2024-054-07,7,1,2141,1072,1089,P225/65R17,230,P225/65R17,230,,,,,,,,,109.652025727266,12,9
2401929,11,47,1-11-2024-047-06,6,2,1939,1209,1209,P205/65R15,220,P205/65R15,220,,,,,,,,,214.849720047451,8,9
2404525,67,35,1-67-2024-035-02,2,1,1640,880,840,P185/65R15,230,P185/65R15,230,,,,,,,,,59.4086040705367,7,9
2404705,11,141,1-11-2024-141-05,5,3,1960,1050,930,P235/40R19,230,P235/40R19,220,,,,,,,,,86.5730951129539,8,9
2404893,81,124,1-81-2024-124-02,2,1,3221,1770,1860,P275/55R20,270,P275/55R20,270,,,,,,,,,39.0463602579067,8,9
2405271,62,159,1-62-2024-159-05,5,2,1900,970,980,P205/55R16,250,P205/55R16,250,,,,,,,,,45.9669509477848,7,9
2405443,17,179,1-17-2024-179-03,3,2,2200,1250,1220,P225/65R17,240,P225/65R17,230,,,,,,,,,82.6986545849291,4,9
2406127,77,197,1-77-2024-197-03,3,1,3402,1678,1950,P265/65R18,240,P265/65R18,240,,,,,,,,,193.93919154216,9,9
2402165,18,72,1-18-2024-072-04,4,1,2100,1175,1200,P225/65R17,240,P225/65R17,240,,,,,,,,,684.781671220701,6,9
2402304,30,78,1-30-2024-078-NM1,21,1,2160,1120,1070,P235/60R18,240,P235/60R18,220,,,,,,,,,42.5560416047343,10,9
2404201,67,30,1-67-2024-030-01,1,1,9999,9999,9999,9999999999,999,9999999999,999,,,,,,,,,66.8119266347119,7,9
2402420,48,79,1-48-2024-079-NM1,21,1,2570,1360,1410,P235/55R20,230,P235/55R20,230,,,,,,,,,85.8427679861707,12,9
2403528,29,35,1-29-2024-035-03,3,1,9999,9999,9999,9999999999,999,9999999999,999,,,,,,,,,161.57799517971,2,9
2404926,12,96,1-12-2024-096-07,7,1,2908,1450,1600,P255/60R19,240,P255/60R19,240,,,,,,,,,321.458377980766,9,9
2405189,69,126,1-69-2024-126-02,2,1,1750,1030,950,P205/55R16,228,P205/55R16,228,,,,,,,,,7.30201599951961,8,9
2405396,73,135,1-73-2024-135-10,10,1,2070,1050,1040,P215/65R17,210,P215/65R17,210,,,,,,,,,83.7590892864022,3,9
2405486,21,129,1-21-2024-129-02,2,2,9999,9999,9999,9999999999,999,9999999999,999,,,,,,,,,9.63819602034845,11,9
2405760,59,170,1-59-2024-170-03,3,2,2400,1295,1425,P265/45R20,255,P265/45R20,255,,,,,,,,,53.2551797406929,6,9
2405844,15,223,1-15-2024-223-04,4,2,2259,1127,1152,P225/50R17,240,P225/50R17,240,,,,,,,,,51.3259001381716,1,9
2400515,15,19,1-15-2024-019-06,6,1,2012,1080,1044,P205/70R16,240,P205/70R16,240,,,,,,,,,75.3280244914705,1,9
2402198,11,55,1-11-2024-055-NM1,21,2,1742,948,839,P195/65R15,207,P195/65R15,207,,,,,,,,,37.1071357763572,8,9
2400346,60,7,1-60-2024-007-03,3,2,2858,1599,1672,P235/75R15,220,P235/75R15,240,,,,,,,,,345.48704437529,8,9
2403695,17,116,1-17-2024-116-02,2,1,1844,1050,971,P225/40R18,230,P225/40R18,210,,,,,,,,,95.1292066667208,4,9
2401697,66,40,1-66-2024-040-10,10,1,2531,1329,1207,P245/60R18,240,P245/60R18,240,,,,,,,,,242.389498710963,6,9
2401703,26,41,1-26-2024-041-03,3,1,1789,1021,975,9999999999,999,9999999999,999,,,,,,,,,128.240497755438,10,9
2403718,16,105,1-16-2024-105-03,3,2,2100,1120,1027,P225/55R19,250,P225/55R19,250,,,,,,,,,454.252099899615,5,9
2405633,62,168,1-62-2024-168-02,2,2,1720,990,950,P205/55R16,230,P205/55R16,230,,,,,,,,,27.4104501869369,7,9
2403177,13,71,1-13-2024-071-NM1,21,1,2730,1320,1515,P235/60R18,240,P235/60R18,240,,,,,,,,,64.2373320511644,7,9
2405656,18,137,1-18-2024-137-03,3,3,2300,1175,1240,P225/65R17,240,P225/65R17,240,,,,,,,,,194.042863004502,6,9
2401162,25,27,1-25-2024-027-07,7,2,2715,1325,1415,P235/65R18,230,P235/65R18,230,,,,,,,,,447.529918693012,2,9
2406048,57,189,1-57-2024-189-06,6,2,2531,1329,1207,P245/60R18,240,P245/60R18,240,,,,,,,,,362.476168425867,1,9
2401803,25,41,1-25-2024-041-07,7,1,1970,1010,1000,P225/60R17,230,P225/60R17,220,,,,,,,,,202.901831517933,2,9
2403240,32,113,1-32-2024-113-02,2,2,2151,1042,1119,P215/55R17,210,P215/55R17,210,,,,,,,,,9.15925905441749,7,9
2406234,77,202,1-77-2024-202-05,5,1,2340,1200,1155,P225/55R17,240,P225/55R17,240,,,,,,,,,90.6570748528622,9,9
2404906,77,155,1-77-2024-155-NM1,21,1,1969,1043,980,P205/50R17,240,P205/50R17,240,,,,,,,,,113.21347390618,9,9
2403632,22,111,1-22-2024-111-04,4,1,2200,1250,1220,P225/60R18,240,P225/60R18,230,,,,,,,,,34.2880494154418,12,9
2400386,15,12,1-15-2024-012-05,5,1,9999,9999,9999,9999999999,999,9999999999,999,,,,,,,,,6.82003949815675,1,9
2405796,79,111,1-79-2024-111-06,6,1,2280,1350,1395,P235/65R17,234,P235/65R17,234,,,,,,,,,120.772111910736,8,9
2400532,22,13,1-22-2024-013-09,9,1,2359,1237,1237,P205/70R15,241,P205/70R15,241,,,,,,,,,36.2059290664589,12,9
2402258,54,55,1-54-2024-055-10,10,1,9999,9999,9999,P255/55R20,240,P255/55R20,240,,,,,,,,,297.406603751546,9,9
2406378,16,134,1-16-2024-134-07,7,1,2130,1100,1075,P235/65R17,220,P235/65R17,210,,,,,,,,,109.940533649153,5,9
2403733,76,101,1-76-2024-101-07,7,1,2170,9999,9999,9999999999,241,9999999999,241,,,,,,,,,72.7960942583928,3,9
2405940,60,101,1-60-2024-101-03,3,1,2200,1065,1220,P225/45R18,250,P225/45R18,280,,,,,,,,,53.5064326418914,8,9
2400235,27,7,1-27-2024-007-06,6,1,1860,1020,920,P215/55R17,230,P215/55R17,230,,,,,,,,,61.805879129382,3,9
2401114,13,29,1-13-2024-029-04,4,2,2095,9999,9999,P235/60R18,240,P235/60R18,240,,,,,,,,,1687.8283781712,7,9
2401672,60,17,1-60-2024-017-03,3,1,9999,9999,9999,9999999999,999,9999999999,999,,,,,,,,,837.497473917714,8,9
2403879,17,124,1-17-2024-124-03,3,1,2531,1329,1207,P245/60R18,240,P245/60R18,240,,,,,,,,,60.1064786597745,4,9
2400630,69,11,1-69-2024-011-NM1,21,1,9999,9999,9999,9999999999,999,9999999999,999,,,,,,,,,7.66811372485411,8,9
2401964,27,62,1-27-2024-062-04,4,1,1760,940,835,P235/40R18,225,P235/40R18,220,,,,,,,,,24.5979731675322,3,9
2401323,27,44,1-27-2024-044-09,9,1,2080,1070,1060,P225/60R17,220,P225/60R17,210,,,,,,,,,158.05014073623,3,9
2401323,27,44,1-27-2024-044-09,9,2,3266,1701,1746,P275/65R18,240,P275/65R18,240,,,,,,,,,158.05014073623,3,9
2403779,77,127,1-77-2024-127-03,3,2,2035,1065,1005,P235/65R17,250,P235/65R17,230,,,,,,,,,673.926895573774,9,9
2405293,18,129,1-18-2024-129-05,5,1,4536,2359,2812,LT265/60R20,420,LT265/60R20,520,,,,,,,,,62.4923941887035,6,9
2400573,13,12,1-13-2024-012-05,5,1,2012,1080,1044,P205/70R16,240,P205/70R16,240,,,,,,,,,51.7064900609408,7,9
2402946,18,86,1-18-2024-086-03,3,1,1900,1060,1060,P225/60R17,240,P225/60R17,240,,,,,,,,,153.294104087016,6,9
2403587,69,78,1-69-2024-078-05,5,1,3221,1452,1905,P285/45R22,240,P285/45R22,240,,,,,,,,,8.16798412113843,8,9
2403919,30,138,1-30-2024-138-06,6,1,2630,1340,1530,P245/55R19,210,P245/55R19,210,,,,,,,,,1365.14512173886,10,9
2402090,16,59,1-16-2024-059-NM1,21,2,2139,1145,994,P235/50R18,220,P235/50R18,220,,,,,,,,,19.3635256654646,5,9
2401927,17,62,1-17-2024-062-07,7,1,2395,1288,1107,P265/40R22,240,P265/40R22,240,,,,,,,,,178.744079138108,4,9
2401094,54,29,1-54-2024-029-04,4,1,2849,1429,1520,P245/70R17,250,P245/70R17,250,,,,,,,,,152.997399597271,9,9
2400859,17,26,1-17-2024-026-04,4,2,2162,1112,1050,P235/50R18,240,P235/50R18,240,,,,,,,,,73.2511684159124,4,9
2404683,48,150,1-48-2024-150-03,3,2,2280,1250,1220,P225/60R18,240,P225/60R18,230,,,,,,,,,115.82905818263,12,9
2405287,54,115,1-54-2024-115-09,9,2,9999,9999,9999,9999999999,999,9999999999,999,,,,,,,,,401.306692440556,9,9
2402974,24,80,1-24-2024-080-05,5,1,2019,998,1203,P215/75R15,228,P215/75R15,228,,,,,,,,,24.2721053029394,1,9
2405038,54,112,1-54-2024-112-03,3,1,3270,1815,1885,P275/65R18,210,P275/65R18,230,,,,,,,,,165.751981145753,9,9
2405075,25,132,1-25-2024-132-04,4,1,2090,1150,1150,P225/65R17,250,P225/65R17,250,,,,,,,,,203.916836761992,2,9
2403850,62,107,1-62-2024-107-03,3,1,2570,1130,1490,P235/55R19,290,P255/50R19,290,,,,,,,,,533.882324250421,7,9
2405871,81,153,1-81-2024-153-02,2,3,2164,1014,1150,P245/45R18,210,P245/45R18,230,,,,,,,,,19.0849903848337,8,9
2403309,48,110,1-48-2024-110-10,10,1,9999,1325,1198,P245/60R18,240,P245/60R18,240,,,,,,,,,3595.0659924787,12,9
2403598,24,103,1-24-2024-103-08,8,1,9999,9999,9999,9999999999,999,9999999999,999,,,,,,,,,78.1789949150618,1,9
2404832,25,129,1-25-2024-129-05,5,2,2313,1249,1360,P245/75R16,210,P245/75R16,210,,,,,,,,,72.2095218934614,2,9
2401251,30,42,1-30-2024-042-05,5,1,1758,972,853,P205/55R16,230,P205/55R16,230,,,,,,,,,57.232530512796,10,9
2400441,48,19,1-48-2024-019-06,6,1,2130,1100,1075,P235/65R17,220,P235/65R17,220,,,,,,,,,331.155309276651,12,9
2405018,59,148,1-59-2024-148-05,5,1,2268,1229,1179,P235/75R15,240,P235/75R15,240,,,,,,,,,53.1907731759788,6,9
2405705,24,158,1-24-2024-158-03,3,3,9999,9999,9999,9999999999,999,9999999999,999,,,,,,,,,101.740335153597,1,9
2401746,59,56,1-59-2024-056-08,8,1,1864,1009,875,P215/45R18,220,P215/45R18,220,,,,,,,,,76.1156511324638,6,9
2405264,59,153,1-59-2024-153-04,4,2,2420,1350,1395,P235/65R17,235,P235/65R17,235,,,,,,,,,407.870337563103,6,9
2404849,27,151,1-27-2024-151-02,2,1,2100,1175,1200,P225/65R17,240,P225/65R17,240,,,,,,,,,35.7945960703371,3,9
2401955,32,69,1-32-2024-069-02,2,3,2230,1220,1220,P225/60R18,230,P225/60R18,230,,,,,,,,,7.09521986759074,7,9
2403143,15,120,1-15-2024-120-06,6,2,2041,1080,1021,P235/70R16,205,P235/70R16,205,,,,,,,,,31.4721444537059,1,9
2402310,73,70,1-73-2024-070-06,6,2,2100,1191,1191,P205/65R16,240,P205/65R16,240,,,,,,,,,89.1819804751388,3,9
2402001,31,37,1-31-2024-037-10,10,2,1039,599,449,P165/65R14,260,P165/65R14,240,,,,,,,,,419.593794787767,6,9
2406217,18,153,1-18-2024-153-03,3,1,3266,1701,1837,P275/55R20,240,P275/55R20,240,,,,,,,,,90.4428231986945,6,9
2402138,17,69,1-17-2024-069-06,6,1,9999,9999,9999,9999999999,999,9999999999,999,,,,,,,,,118.409975247929,4,9
2405862,15,227,1-15-2024-227-04,4,1,9999,9999,9999,9999999999,999,9999999999,999,,,,,,,,,51.3259001381716,1,9
2403300,30,118,1-30-2024-118-03,3,2,2361,1218,1256,P225/65R17,240,P225/65R17,240,,,,,,,,,125.586126540136,10,9
2404823,24,133,1-24-2024-133-06,6,2,1917,1010,940,P235/45R18,230,P235/45R18,230,,,,,,,,,52.2007608551518,1,9
2404651,29,69,1-29-2024-069-06,6,1,1700,915,795,P195/65R15,210,P195/65R15,210,,,,,,,,,1794.02253682017,2,9
2402118,26,55,1-26-2024-055-03,3,2,1890,1040,960,P215/55R17,240,P215/55R17,230,,,,,,,,,180.748765092808,10,9
2401405,11,35,1-11-2024-035-04,4,1,1815,980,845,P205/60R16,230,P205/60R16,230,,,,,,,,,459.524679856525,8,9
2403449,33,58,1-33-2024-058-06,6,2,1921,907,1014,P245/40R20,240,P245/40R20,240,,,,,,,,,79.5055031070853,12,9
2404053,10,70,1-10-2024-070-NM1,21,1,1890,1020,920,P235/45R18,240,P235/45R18,240,,,,,,,,,31.3806248143146,4,9
2405962,32,157,1-32-2024-157-02,2,2,3084,1429,1724,P245/70R17,250,P245/70R17,250,,,,,,,,,20.8819245275317,7,9
2405135,81,131,1-81-2024-131-02,2,1,1870,980,940,P205/55R17,250,P205/55R17,250,,,,,,,,,19.8489853441235,8,9
2404694,79,93,1-79-2024-093-04,4,2,2405,1248,1338,P225/65R17,250,P225/65R17,250,,,,,,,,,103.687310341295,8,9
2405427,20,128,1-20-2024-128-01,1,1,2050,1016,1061,P235/50R18,220,P235/50R18,220,,,,,,,,,86.5244909798919,11,9
2402473,16,71,1-16-2024-071-08,8,1,2427,1407,1409,P245/70R16,241,P245/70R16,241,,,,,,,,,141.159951518595,5,9
2403100,25,76,1-25-2024-076-04,4,1,2150,1200,1150,P225/60R17,240,P225/60R17,240,,,,,,,,,144.418223406391,2,9
2402436,30,85,1-30-2024-085-07,7,1,1776,1021,975,P215/45R17,230,P215/45R17,220,,,,,,,,,1606.47008983315,10,9
2404998,28,157,1-28-2024-157-04,4,2,1990,1065,995,P205/70R16,999,P205/70R16,999,,,,,,,,,47.851485985308,3,9
2406303,13,87,1-13-2024-087-04,4,1,9999,9999,9999,9999999999,999,9999999999,999,,,,,,,,,4743.1737256046,7,9
2405971,21,145,1-21-2024-145-04,4,3,2744,1329,1588,P255/65R17,240,P255/65R17,240,,,,,,,,,659.443638639548,11,9
2400229,52,2,1-52-2024-002-03,3,2,1644,864,780,P205/55R16,230,P205/55R16,230,,,,,,,,,28.0226584874927,12,9
2404311,19,58,1-19-2024-058-NM1,21,1,2599,1260,1338,P225/60R17,220,P225/60R17,240,,,,,,,,,58.1964149408969,9,9
2405161,77,164,1-77-2024-164-05,5,2,1574,847,773,P185/65R15,230,P185/65R15,230,,,,,,,,,90.6570748528622,9,9
2400939,13,22,1-13-2024-022-09,9,1,1802,940,800,P205/55R16,220,P205/55R16,220,,,,,,,,,1432.19031127233,7,9
2404852,15,184,1-15-2024-184-06,6,2,1720,990,950,P205/55R16,230,P205/55R16,230,,,,,,,,,104.28993970267,1,9
2402605,17,83,1-17-2024-083-06,6,2,1698,885,813,P195/65R15,260,P195/65R15,260,,,,,,,,,73.4743141718764,4,9
2400252,28,5,1-28-2024-005-10,10,1,2260,1300,1240,P225/70R16,210,P225/70R16,210,,,,,,,,,80.5683609045318,3,9
2401580,15,59,1-15-2024-059-03,3,2,2087,1180,1007,9999999999,999,9999999999,999,,,,,,,,,43.1856179238068,1,9
2402977,24,83,1-24-2024-083-03,3,1,9999,9999,9999,9999999999,999,9999999999,999,,,,,,,,,99.9526603677952,1,9
2403618,81,85,1-81-2024-085-05,5,2,2318,1272,1300,P235/65R18,230,P235/65R18,230,,,,,,,,,27.4895135360166,8,9
2402290,57,47,1-57-2024-047-04,4,1,2230,1220,1220,P225/65R17,250,P225/65R17,250,,,,,,,,,690.778219058365,1,9
2400753,19,15,1-19-2024-015-06,6,2,2314,1275,1275,P245/45R20,220,P245/45R20,220,,,,,,,,,694.278924469739,9,9
2401294,27,40,1-27-2024-040-04,4,1,3175,1724,1724,P275/60R20,240,P275/60R20,240,,,,,,,,,94.2504458585864,3,9
2406183,32,159,1-32-2024-159-02,2,1,1825,1050,950,P235/45R18,230,P235/45R18,230,,,,,,,,,33.6745556127473,7,9
2403953,54,96,1-54-2024-096-04,4,1,2195,1134,1067,P235/45R19,250,P235/45R19,250,,,,,,,,,1191.31459945986,9,9
2406160,30,208,1-30-2024-208-04,4,1,1939,1056,883,P205/65R15,210,P205/65R15,210,P205/60R16,210,P205/60R16,210,,,,,1586.72027088641,10,9
2405828,31,126,1-31-2024-126-08,8,1,1810,972,880,P215/55R16,240,P215/55R16,240,,,,,,,,,222.937813489072,6,9
2401560,52,22,1-52-2024-022-03,3,1,2112,999,1113,P245/45R20,250,P245/45R20,250,,,,,,,,,18.6968585475994,12,9
2401560,52,22,1-52-2024-022-03,3,2,2679,1186,1540,P255/55R20,230,P255/55R20,230,,,,,,,,,18.6968585475994,12,9
2402247,22,65,1-22-2024-065-09,9,1,3311,1678,1950,P275/60R20,240,P275/60R20,240,,,,,,,,,54.4981168618849,12,9
2403103,32,107,1-32-2024-107-02,2,2,1851,958,893,P225/55R17,230,P225/55R17,230,,,,,,,,,8.16907752895326,7,9
2402439,79,53,1-79-2024-053-09,9,1,9999,9999,9999,9999999999,240,9999999999,240,,,,,,,,,117.957752270952,8,9
2400226,32,5,1-32-2024-005-02,2,2,9999,9999,9999,9999999999,999,9999999999,999,,,,,,,,,18.5720544399223,7,9
2405596,26,127,1-26-2024-127-05,5,1,9999,9999,9999,9999999999,999,9999999999,999,,,,,,,,,286.970812403274,10,9
2405158,10,102,1-10-2024-102-03,3,2,2858,1452,1452,P235/60R18,250,P235/60R18,250,,,,,,,,,322.119862535837,4,9
2402642,15,104,1-15-2024-104-04,4,2,2010,1040,1060,9999999999,999,9999999999,999,,,,,,,,,60.8903261931205,1,9
2402147,59,66,1-59-2024-066-07,7,1,1770,955,820,P215/50R17,220,P215/50R17,220,,,,,,,,,373.564191154545,6,9
2402456,20,69,1-20-2024-069-03,3,2,1776,910,990,P215/70R16,193,P215/70R16,179,,,,,,,,,74.1952486487952,11,9
2401460,14,22,1-14-2024-022-04,4,2,9999,9999,9999,9999999999,999,9999999999,999,,,,,,,,,450.741350654507,8,9
2403435,18,96,1-18-2024-096-01,1,2,2794,1397,1497,P245/60R18,240,P245/60R18,240,,,,,,,,,63.8166126674341,6,9
2405101,10,99,1-10-2024-099-08,8,2,9999,9999,9999,9999999999,999,9999999999,999,,,,,,,,,92.0132231095475,4,9
2404763,20,117,1-20-2024-117-03,3,1,1776,1050,971,9999999999,999,9999999999,999,,,,,,,,,300.042686508319,11,9
2405150,62,153,1-62-2024-153-06,6,1,2246,1275,1275,P245/45R20,220,P245/45R20,220,,,,,,,,,1749.72999838321,7,9
2402568,32,91,1-32-2024-091-02,2,2,2098,1129,1098,9999999999,999,9999999999,999,,,,,,,,,8.87466508682347,7,9
2401904,73,60,1-73-2024-060-03,3,2,2722,1350,1545,P235/55R20,250,P235/55R20,250,,,,,,,,,68.2979904850395,3,9
2401572,27,51,1-27-2024-051-04,4,2,2085,1120,1025,P225/45R18,270,P225/45R18,270,,,,,,,,,47.1404569184189,3,9
2406126,59,185,1-59-2024-185-04,4,1,1785,1050,971,P205/55R16,240,P205/55R16,230,,,,,,,,,175.956352530004,6,9
2406026,67,54,1-67-2024-054-02,2,1,2449,1279,1197,P245/60R18,240,P245/60R18,240,,,,,,,,,59.4086040705367,7,9
2403421,77,117,1-77-2024-117-05,5,1,3311,1633,1905,P285/45R22,240,P285/45R22,240,,,,,,,,,143.029350117903,9,9
2402588,12,44,1-12-2024-044-03,3,2,1910,1020,925,P215/60R17,230,P215/60R17,220,,,,,,,,,164.057323491007,9,9
2401257,17,38,1-17-2024-038-04,4,1,2098,1141,1098,P235/40R19,240,P235/40R19,240,,,,,,,,,79.274721302653,4,9
2405193,24,143,1-24-2024-143-04,4,2,9999,9999,9999,9999999999,999,9999999999,999,,,,,,,,,128.114979093499,1,9
2404775,59,138,1-59-2024-138-03,3,1,2268,1259,1452,P255/70R18,240,P255/70R18,240,,,,,,,,,42.3023913828698,6,9
2403793,12,66,1-12-2024-066-03,3,1,2131,1140,1000,P245/45R18,230,P245/45R18,230,,,,,,,,,164.057323491007,9,9
2402382,27,76,1-27-2024-076-04,4,1,2205,1160,1205,P225/65R17,220,P225/65R17,220,,,,,,,,,91.1489486547192,3,9
2402133,31,41,1-31-2024-041-07,7,1,1388,780,750,P185/55R15,240,P185/55R15,240,,,,,,,,,230.868935151332,6,9
2402276,77,79,1-77-2024-079-02,2,1,9999,9999,9999,9999999999,999,9999999999,999,,,,,,,,,83.1566199866033,9,9
2401778,79,37,1-79-2024-037-09,9,2,2675,1360,1390,P225/70R16,241,P225/70R16,241,,,,,,,,,1088.66212433472,8,9
2403258,21,67,1-21-2024-067-03,3,2,2063,1035,1027,P215/50R17,260,P215/50R17,260,,,,,,,,,317.13900450633,11,9
2405336,27,164,1-27-2024-164-03,3,1,2474,1200,1450,P255/45R19,290,P285/40R19,290,,,,,,,,,32.3914110115022,3,9
2400196,30,5,1-30-2024-005-03,3,2,1710,920,930,P215/55R16,220,P215/55R16,220,,,,,,,,,118.941169354752,10,9
2404275,81,105,1-81-2024-105-05,5,1,2030,1188,1098,P235/45R18,240,P235/45R18,240,,,,,,,,,127.116650862835,8,9
2400720,10,11,1-10-2024-011-08,8,2,1846,966,880,9999999999,999,9999999999,999,,,,,,,,,287.61039403465,4,9
2403903,27,122,1-27-2024-122-04,4,1,1497,835,826,P185/60R15,220,P185/60R15,220,,,,,,,,,280.886166758973,3,9
2406067,79,120,1-79-2024-120-09,9,1,2260,1349,1395,P235/65R17,228,P235/65R19,228,,,,,,,,,696.13323281141,8,9
2405569,25,150,1-25-2024-150-03,3,1,3810,1787,2177,P275/60R20,250,P275/60R20,250,,,,,,,,,129.841261681797,2,9
2404052,10,69,1-10-2024-069-05,5,1,2794,1397,1497,P245/60R18,240,P245/60R18,240,,,,,,,,,59.1173447825401,4,9
2406216,76,191,1-76-2024-191-07,7,1,2360,1270,1270,P225/60R18,999,P225/60R18,999,,,,,,,,,492.536455086335,3,9
2405675,77,181,1-77-2024-181-07,7,2,1905,1020,910,P205/65R16,230,P205/65R16,220,,,,,,,,,3726.87470771091,9,9
2403754,21,79,1-21-2024-079-NM1,21,1,2012,1080,1044,P215/60R17,220,P215/60R17,220,,,,,,,,,15.3205421761938,11,9
2401049,76,29,1-76-2024-029-06,6,1,2040,1160,1140,P205/65R16,235,P205/65R16,235,,,,,,,,,69.290638741677,3,9
2401155,24,26,1-24-2024-026-03,3,2,2560,1360,1385,P235/55R19,220,P235/55R19,220,,,,,,,,,37.5833593561642,1,9
2403525,21,73,1-21-2024-073-03,3,1,2030,1188,1098,P235/45R18,240,P235/45R18,240,,,,,,,,,389.264030585975,11,9
2401865,77,64,1-77-2024-064-07,7,1,1917,1010,940,P235/45R18,230,P235/45R18,230,,,,,,,,,2827.15580820604,9,9
2403571,62,97,1-62-2024-097-05,5,2,2715,1405,1405,P235/60R17,240,P235/60R17,240,,,,,,,,,89.0565791857548,7,9
2401673,16,47,1-16-2024-047-03,3,2,2136,1153,983,P225/60R16,210,P225/60R16,210,,,,,,,,,434.848487710843,5,9
2406273,16,132,1-16-2024-132-03,3,2,2727,1633,1727,P245/70R16,240,P245/70R16,240,,,,,,,,,132.869057586672,5,9
2404358,24,122,1-24-2024-122-03,3,2,3085,1792,1792,P265/70R17,240,P265/70R17,240,,,,,,,,,207.581096722383,1,9
2403817,25,100,1-25-2024-100-06,6,1,2122,1072,1089,P225/65R17,230,P225/65R17,230,,,,,,,,,3541.55496377637,2,9
2405300,69,130,1-69-2024-130-05,5,2,3130,1463,1724,P265/60R18,240,P265/60R18,240,,,,,,,,,7.30201599951961,8,9
2401802,14,30,1-14-2024-030-04,4,1,1975,910,1115,P225/50R17,220,P225/50R17,220,,,,,,,,,929.985578247642,8,9
2400282,59,11,1-59-2024-011-02,2,2,1990,1065,995,P205/70R16,240,P205/70R16,240,,,,,,,,,48.7900687173874,6,9
2400428,62,15,1-62-2024-015-03,3,2,2855,1360,1560,P265/70R17,220,P265/70R17,220,,,,,,,,,402.933322814975,7,9
2402051,33,35,1-33-2024-035-09,9,1,2087,1043,1066,P235/50R18,220,P235/50R18,220,,,,,,,,,185.63642695444,12,9
2400508,27,16,1-27-2024-016-09,9,1,1930,1120,1020,P205/60R16,220,P205/60R16,220,,,,,,,,,92.4966943327305,3,9
2404295,57,118,1-57-2024-118-03,3,1,2143,1100,1043,P225/65R17,230,P225/65R17,230,,,,,,,,,62.0965406952052,1,9
2404295,57,118,1-57-2024-118-03,3,2,3100,1500,1775,P255/55R20,300,P255/55R20,300,,,,,,,,,62.0965406952052,1,9
2406064,20,144,1-20-2024-144-06,6,1,9999,9999,9999,9999999999,999,9999999999,999,,,,,,,,,435.278661520356,11,9
2405732,29,96,1-29-2024-096-NM1,21,1,3266,1792,1792,P285/45R22,240,P285/45R22,240,,,,,,,,,151.12126186189,2,9
2405446,24,150,1-24-2024-150-03,3,1,1795,955,850,P235/40R18,240,P235/40R18,230,,,,,,,,,75.8937035902886,1,9
2402529,77,87,1-77-2024-087-05,5,1,1960,1000,1010,P205/55R16,280,P205/55R16,280,,,,,,,,,102.779303519387,9,9
2406133,10,130,1-10-2024-130-03,3,5,9999,9999,9999,9999999999,999,9999999999,999,,,,,,,,,302.334296505622,4,9
2406256,69,164,1-69-2024-164-07,7,1,1733,939,839,P205/55R16,220,P205/55R16,220,,,,,,,,,256.481300292613,8,9
2401510,13,39,1-13-2024-039-02,2,3,2129,1110,1257,P235/40R19,290,P235/40R19,290,,,,,,,,,23.3376752291307,7,9
2405901,77,191,1-77-2024-191-03,3,2,1847,960,887,P225/55R17,230,P225/55R17,230,,,,,,,,,288.445335679694,9,9
2404235,26,108,1-26-2024-108-NM1,21,1,2250,1150,1130,P235/55R19,230,P235/55R19,230,,,,,,,,,41.696402482386,10,9
2403007,22,86,1-22-2024-086-06,6,2,1992,1047,952,P215/70R16,230,P215/70R16,230,,,,,,,,,25.2675524846257,12,9
2402343,16,68,1-16-2024-068-04,4,2,2985,1470,1725,P285/45R20,250,P285/45R20,270,,,,,,,,,771.44724650232,5,9
2404527,81,109,1-81-2024-109-03,3,1,1710,920,838,P215/55R16,220,P215/55R16,220,,,,,,,,,188.492696657089,8,9
2400299,18,11,1-18-2024-011-04,4,1,2100,1250,1220,P225/55R17,230,P225/55R17,220,,,,,,,,,83.4959792301343,6,9
2405586,12,107,1-12-2024-107-03,3,2,1644,864,787,P205/50R17,230,P205/50R17,230,,,,,,,,,164.057323491007,9,9
2404504,76,131,1-76-2024-131-04,4,1,9999,9999,9999,9999999999,999,9999999999,999,,,,,,,,,192.634488830863,3,9
2404381,76,125,1-76-2024-125-10,10,1,2020,1000,1040,P215/65R16,999,P215/65R16,999,,,,,,,,,84.6789860292199,3,9
2402512,15,95,1-15-2024-095-06,6,2,2021,1075,962,9999999999,999,9999999999,999,,,,,,,,,43.2610064423603,1,9
2402489,32,88,1-32-2024-088-03,3,1,1825,1050,950,P205/60R16,230,P205/60R16,230,,,,,,,,,332.353332078875,7,9
2404423,33,85,1-33-2024-085-03,3,2,2449,1279,1198,P245/60R18,240,P245/60R18,240,,,,,,,,,39.2891207375412,12,9
2405937,24,166,1-24-2024-166-03,3,1,2908,1450,1600,P255/65R18,240,P255/65R18,240,,,,,,,,,70.1335209887082,1,9
2403381,79,72,1-79-2024-072-07,7,1,2949,1452,1679,P265/60R18,250,P265/60R18,250,,,,,,,,,105.188203068447,8,9
2400879,25,20,1-25-2024-020-09,9,1,9999,9999,9999,9999999999,999,9999999999,999,,,,,,,,,390.268448646161,2,9
2401466,66,32,1-66-2024-032-10,10,2,2124,1157,967,P215/60R16,205,P215/60R16,205,,,,,,,,,242.389498710963,6,9
2406189,28,190,1-28-2024-190-04,4,1,2000,1065,995,P215/55R18,240,P215/55R18,240,,,,,,,,,81.1581075737838,3,9
2402402,81,49,1-81-2024-049-01,1,1,2240,1229,1179,P235/75R15,241,P235/75R15,241,,,,,,,,,138.916580021244,8,9
2403965,12,71,1-12-2024-071-03,3,1,2722,1350,1545,P235/55R20,250,P235/55R20,250,,,,,,,,,164.057323491007,9,9
2405104,27,159,1-27-2024-159-04,4,2,1846,1021,975,P195/65R15,250,P195/65R15,240,,,,,,,,,54.2607504864428,3,9
2405104,27,159,1-27-2024-159-04,4,3,2320,1220,1200,P235/55R18,260,P235/55R18,260,,,,,,,,,54.2607504864428,3,9
2403099,11,87,1-11-2024-087-10,10,1,1505,755,760,P185/60R15,200,P185/60R15,200,,,,,,,,,10761.65260512,8,9
2403431,62,92,1-62-2024-092-05,5,1,9999,9999,9999,9999999999,999,9999999999,999,,,,,,,,,148.944132369298,7,9
2404095,57,107,1-57-2024-107-03,3,1,1785,1050,971,P205/55R16,240,P205/55R16,230,,,,,,,,,100.647927826823,1,9
2404642,33,90,1-33-2024-090-03,3,2,9999,9999,9999,9999999999,999,9999999999,999,,,,,,,,,58.9276403435907,12,9
2404782,10,90,1-10-2024-090-03,3,1,1642,839,816,P185/60R15,220,P185/60R15,220,,,,,,,,,195.471427219272,4,9
2403268,26,98,1-26-2024-098-06,6,1,9999,9999,9999,9999999999,999,9999999999,999,,,,,,,,,1247.35466560634,10,9
2400182,23,3,1-23-2024-003-02,2,1,2030,1070,960,9999999999,999,9999999999,999,,,,,,,,,62.9617318466021,5,9
2405801,66,114,1-66-2024-114-03,3,2,3107,1463,1724,P275/60R20,240,P275/60R20,240,,,,,,,,,79.4686416678806,6,9
2400915,66,16,1-66-2024-016-07,7,1,1944,1076,870,P225/45R17,235,P225/45R17,235,,,,,,,,,240.716767785159,6,9
2400251,28,4,1-28-2024-004-06,6,1,2087,1180,1080,P225/60R17,240,P225/60R17,220,,,,,,,,,44.5186799027896,3,9
2401556,16,46,1-16-2024-046-07,7,1,1810,972,880,P215/50R17,240,P215/50R17,240,,,,,,,,,3239.15555206761,5,9
2400438,13,9,1-13-2024-009-06,6,1,1810,972,880,P215/50R17,240,P215/50R17,240,,,,,,,,,1232.50475036611,7,9
2404766,81,118,1-81-2024-118-02,2,1,2450,1225,1361,P255/70R18,260,P255/70R18,260,,,,,,,,,29.2612564861438,8,9
2404125,27,128,1-27-2024-128-10,10,1,2290,1100,1250,P235/55R17,220,P235/55R17,260,,,,,,,,,108.682282011543,3,9
2403724,14,64,1-14-2024-064-06,6,1,2096,1098,1006,P235/55R17,240,P235/55R17,240,,,,,,,,,1509.17913203935,8,9
2404411,67,33,1-67-2024-033-04,4,1,2449,1279,1197,P245/60R18,240,P245/60R18,240,,,,,,,,,422.997153962446,7,9
2400584,79,17,1-79-2024-017-03,3,1,2525,1280,1350,P235/55R19,230,P235/55R19,230,,,,,,,,,135.026101730896,8,9
2405748,10,117,1-10-2024-117-03,3,1,2714,1240,1508,P245/65R17,240,P245/65R17,240,,,,,,,,,113.722882193099,4,9
2406140,19,92,1-19-2024-092-04,4,1,1574,847,773,P185/65R15,230,P185/65R15,230,,,,,,,,,263.790946458572,9,9
2405894,48,191,1-48-2024-191-06,6,1,2745,1339,1407,P225/65R17,250,P225/65R17,250,,,,,,,,,124.286772688647,12,9
2403286,81,74,1-81-2024-074-02,2,1,1930,1060,1060,P225/60R17,240,P225/60R17,240,,,,,,,,,19.0849903848337,8,9
2403515,15,140,1-15-2024-140-03,3,1,1870,980,940,P205/60R16,250,P205/60R16,250,,,,,,,,,31.6293357429148,1,9
2402021,57,40,1-57-2024-040-06,6,1,2520,1360,1385,P235/60R18,230,P235/60R18,230,,,,,,,,,428.153726027629,1,9
2400504,76,12,1-76-2024-012-04,4,1,1795,955,850,P215/50R17,220,P215/50R17,220,,,,,,,,,167.149097164829,3,9
2400647,27,22,1-27-2024-022-07,7,2,2105,1095,1010,P225/50R17,275,P225/50R17,275,,,,,,,,,159.739203959613,3,9
2400624,25,14,1-25-2024-014-05,5,2,2130,1100,1075,P235/60R18,230,P235/60R18,210,,,,,,,,,39.3581661506128,2,9
2405579,32,151,1-32-2024-151-06,6,1,2405,1248,1339,P225/65R17,250,P225/65R17,250,,,,,,,,,3707.81463334251,7,9
2402874,27,92,1-27-2024-092-07,7,1,2141,1116,1030,P235/45R18,235,P235/45R18,235,,,,,,,,,245.700858614342,3,9
2401165,28,29,1-28-2024-029-10,10,1,2100,1070,1060,P225/50R17,230,P225/50R17,220,,,,,,,,,80.5683609045318,3,9
2403352,25,86,1-25-2024-086-01,1,1,9999,9999,9999,9999999999,999,9999999999,999,,,,,,,,,41.5279732703215,2,9
2400524,28,11,1-28-2024-011-10,10,1,2123,1116,1061,P225/65R17,205,P225/65R17,205,,,,,,,,,80.5683609045318,3,9
2405267,59,156,1-59-2024-156-02,2,1,1388,780,750,P185/55R15,240,P185/55R15,240,,,,,,,,,48.7900687173874,6,9
2406037,48,195,1-48-2024-195-06,6,1,1970,1010,1000,P225/55R17,230,P225/55R17,220,,,,,,,,,224.310584656422,12,9
2402207,60,24,1-60-2024-024-06,6,4,2449,1214,1344,P265/70R16,240,P265/70R16,240,,,,,,,,,255.395501854437,8,9
2401809,16,53,1-16-2024-053-03,3,1,1642,839,816,P185/60R15,220,P185/60R15,220,,,,,,,,,144.969974195399,5,9
2403276,30,116,1-30-2024-116-06,6,2,2631,1452,1588,P255/65R17,240,P255/65R17,240,,,,,,,,,830.871465576524,10,9
2401527,17,47,1-17-2024-047-03,3,1,2030,1188,1098,P235/40R19,240,P235/40R19,240,,,,,,,,,82.6608290635667,4,9
2403299,30,117,1-30-2024-117-09,9,2,3266,1701,1746,P275/65R18,240,P275/65R18,240,,,,,,,,,1242.65584941796,10,9
2402758,22,80,1-22-2024-080-09,9,2,1988,1064,924,P235/45R18,220,P235/45R18,220,,,,,,,,,30.4373816922877,12,9
2403319,67,14,1-67-2024-014-03,3,1,2120,1260,1200,P235/65R17,241,P235/65R17,241,,,,,,,,,127.968795400111,7,9
2403568,18,98,1-18-2024-098-05,5,2,2747,1339,1452,P235/65R17,250,P235/65R17,250,P235/65R17,248,P235/65R17,248,,,,,50.9427492020977,6,9
2402074,66,48,1-66-2024-048-03,3,1,2100,1188,1098,P215/55R17,250,P215/55R17,250,,,,,,,,,79.4686416678806,6,9
2403462,69,74,1-69-2024-074-02,2,1,3085,1678,1724,P255/70R17,240,P255/70R17,240,,,,,,,,,7.30201599951961,8,9
2403697,33,63,1-33-2024-063-01,1,2,9999,9999,9999,9999999999,999,9999999999,999,,,,,,,,,35.1791324819626,12,9
2403946,18,108,1-18-2024-108-06,6,1,3130,1770,1770,P275/60R20,270,P275/60R20,270,,,,,,,,,263.0958563588,6,9
2404779,59,139,1-59-2024-139-07,7,2,2319,1116,1203,P245/45R19,210,P245/45R19,220,,,,,,,,,816.506337233632,6,9
2402678,54,71,1-54-2024-071-10,10,1,2812,1406,1542,P245/65R17,210,P245/65R17,240,,,,,,,,,446.109905627319,9,9
2404122,27,125,1-27-2024-125-04,4,1,2150,1191,1134,P205/65R16,240,P205/65R16,240,,,,,,,,,18.7495302149441,3,9
2404663,59,134,1-59-2024-134-07,7,1,1930,1120,1020,P205/60R16,220,P205/60R16,220,,,,,,,,,1904.3147389407,6,9
2406266,17,204,1-17-2024-204-03,3,1,1944,1065,995,P215/55R18,240,P215/55R18,240,,,,,,,,,108.458713278135,4,9
2405768,77,185,1-77-2024-185-08,8,1,1626,855,780,P195/65R15,210,P195/65R15,210,,,,,,,,,248.46730916172,9,9
2402685,79,59,1-79-2024-059-04,4,2,1963,1097,954,P215/60R16,220,P215/60R16,220,,,,,,,,,122.392743355493,8,9
2402353,32,84,1-32-2024-084-02,2,2,9999,9999,9999,9999999999,999,9999999999,999,,,,,,,,,8.40925917720626,7,9
2402187,17,72,1-17-2024-072-04,4,1,1785,1050,971,P205/55R16,240,P205/55R16,230,,,,,,,,,252.09105770205,4,9
2400123,66,1,1-66-2024-001-10,10,1,1987,953,1157,P225/70R15,205,P225/70R15,205,,,,,,,,,484.778997421925,6,9
2400670,15,23,1-15-2024-023-06,6,1,1733,939,839,P205/55R16,220,P205/55R16,220,,,,,,,,,10.1571644211931,1,9
2401168,27,36,1-27-2024-036-03,3,1,1880,980,950,P205/55R17,250,P205/55R17,250,,,,,,,,,32.3914110115022,3,9
2400146,22,3,1-22-2024-003-06,6,1,1950,990,1000,P205/55R16,230,P205/55R16,220,,,,,,,,,264.995949253924,12,9
2405556,17,182,1-17-2024-182-07,7,1,3266,1792,1792,P265/65R18,240,P265/65R18,240,,,,,,,,,1142.187556136,4,9
2402210,25,53,1-25-2024-053-NM2,22,1,9999,9999,9999,P245/55R19,999,P245/55R19,999,,,,,,,,,202.399293704263,2,9
2405931,30,197,1-30-2024-197-07,7,1,1733,939,839,P215/45R17,220,P215/45R17,220,,,,,,,,,2060.56491408519,10,9
2405931,30,197,1-30-2024-197-07,7,3,1610,850,840,P175/70R14,220,P175/70R14,220,,,,,,,,,2060.56491408519,10,9
2404846,57,144,1-57-2024-144-06,6,1,1950,990,1000,P225/40R18,230,P225/40R18,220,,,,,,,,,322.279601873712,1,9
2404205,48,135,1-48-2024-135-07,7,2,2020,1040,1030,P235/40R19,240,P235/40R19,240,,,,,,,,,525.837186883021,12,9
2402705,30,95,1-30-2024-095-10,10,1,1778,1010,821,9999999999,999,9999999999,999,,,,,,,,,24230.4540548434,10,9
2404726,27,148,1-27-2024-148-09,9,1,1960,1040,1060,P205/55R16,220,P205/55R16,210,,,,,,,,,27.6410568548522,3,9
2402141,77,72,1-77-2024-072-08,8,1,2070,1055,1035,P225/65R17,210,P225/65R17,210,,,,,,,,,641.186205980175,9,9
2404036,21,86,1-21-2024-086-08,8,1,2332,1251,1081,P235/55R17,210,P235/55R17,210,,,,,,,,,359.511512233548,11,9
2405679,69,145,1-69-2024-145-03,3,1,2025,1175,1200,P225/60R18,240,P225/60R18,240,,,,,,,,,44.3563118625314,8,9
2404932,33,95,1-33-2024-095-04,4,1,2359,1293,1293,P265/65R17,241,P265/65R17,241,,,,,,,,,365.73788033529,12,9
2404434,17,141,1-17-2024-141-04,4,1,2663,1340,1450,P245/50R20,240,P245/50R20,240,,,,,,,,,259.044709099464,4,9
2403664,77,124,1-77-2024-124-01,1,1,2549,1338,1220,P245/50R20,240,P245/50R20,240,,,,,,,,,130.400038270356,9,9
2402121,26,58,1-26-2024-058-06,6,2,1780,960,830,P225/40R18,230,P225/40R18,230,,,,,,,,,562.424480129101,10,9
2403060,13,70,1-13-2024-070-09,9,1,1970,1060,960,P205/55R16,230,P205/55R16,230,,,,,,,,,8362.98940411762,7,9
2406306,30,214,1-30-2024-214-06,6,2,2495,1259,1452,P255/70R18,240,P255/70R18,240,,,,,,,,,1754.61481084793,10,9
2401978,26,51,1-26-2024-051-02,2,2,3198,1678,1701,LT315/70R17,260,LT315/70R17,260,,,,,,,,,21.1529220587709,10,9
2401729,28,48,1-28-2024-048-06,6,1,3130,1770,1770,P275/60R20,270,P275/60R20,270,,,,,,,,,46.0829401699488,3,9
2403415,81,79,1-81-2024-079-02,2,1,1760,930,840,P235/40R18,225,P235/40R18,220,,,,,,,,,19.0849903848337,8,9
2406120,62,182,1-62-2024-182-03,3,1,1750,1030,950,P195/65R15,235,P195/65R15,215,,,,,,,,,1379.57484418993,7,9
2405124,76,149,1-76-2024-149-04,4,1,2405,1185,1250,P245/40R19,240,P245/40R19,260,,,,,,,,,123.773905250371,3,9
2403601,11,104,1-11-2024-104-09,9,2,1962,1001,964,P225/65R17,230,P225/65R17,230,,,,,,,,,1153.64234519934,8,9
2404099,20,106,1-20-2024-106-03,3,1,1963,1097,945,P215/55R17,230,P215/55R17,230,,,,,,,,,952.346735015898,11,9
2400020,54,1,1-54-2024-001-08,8,1,1971,1210,1070,P215/60R16,207,P215/60R16,207,,,,,,,,,161.994257211147,9,9
2401686,14,26,1-14-2024-026-08,8,2,2405,1248,1316,P225/70R16,250,P225/70R16,250,,,,,,,,,128.530640298038,8,9
2406163,17,202,1-17-2024-202-03,3,1,2380,1300,1350,P235/60R18,240,P235/60R18,240,,,,,,,,,56.2627107467575,4,9
2400212,24,4,1-24-2024-004-04,4,1,2722,1350,1545,P235/55R20,250,P235/55R20,250,,,,,,,,,107.064222722261,1,9
2402917,81,60,1-81-2024-060-04,4,2,2747,1338,1452,P235/65R17,250,P235/65R17,250,,,,,,,,,1581.17356728117,8,9
2402376,15,92,1-15-2024-092-NM2,22,1,9999,9999,9999,9999999999,999,9999999999,999,,,,,,,,,172.627983004139,1,9
2403266,26,96,1-26-2024-096-05,5,2,9999,9999,9999,P225/65R17,250,P225/65R17,250,,,,,,,,,39.670972526611,10,9
2402293,18,74,1-18-2024-074-09,9,1,2908,1450,1600,P245/70R17,240,P245/70R17,240,,,,,,,,,1826.71775201781,6,9
2401892,13,52,1-13-2024-052-03,3,1,1750,1030,950,P225/45R17,235,P225/45R17,235,,,,,,,,,515.764062852312,7,9
2401892,13,52,1-13-2024-052-03,3,3,2085,1100,1030,P225/50R18,220,P225/50R18,220,,,,,,,,,515.764062852312,7,9
2400919,15,31,1-15-2024-031-04,4,2,1990,1065,995,P205/70R16,240,P205/70R16,240,,,,,,,,,78.6733014995686,1,9
2401915,69,35,1-69-2024-035-04,4,1,3221,1724,1724,P265/65R18,240,P265/65R18,240,,,,,,,,,167.99930298274,8,9
2401105,48,41,1-48-2024-041-03,3,1,2515,1240,1345,P245/60R18,220,P245/60R18,220,,,,,,,,,54.9604072040948,12,9
2403744,30,131,1-30-2024-131-04,4,1,1720,990,950,P205/55R16,230,P205/55R16,230,,,,,,,,,2001.8166210988,10,9
2404995,31,106,1-31-2024-106-10,10,1,1721,1059,1021,P185/65R15,240,P185/65R15,230,,,,,,,,,419.593794787767,6,9
2405951,60,102,1-60-2024-102-06,6,3,1991,1081,916,P225/50R17,230,P225/50R17,230,,,,,,,,,198.203515128736,8,9
2400332,20,6,1-20-2024-006-04,4,1,2030,1188,1098,P235/45R18,240,P235/45R18,240,,,,,,,,,136.860096301972,11,9
2402456,20,69,1-20-2024-069-03,3,1,9999,9999,9999,9999999999,999,9999999999,999,,,,,,,,,74.1952486487952,11,9
2401706,27,55,1-27-2024-055-03,3,2,1750,1030,950,P225/45R17,235,P225/45R17,215,,,,,,,,,12.6103689545478,3,9
2404076,19,54,1-19-2024-054-02,2,1,4536,2539,2876,LT275/65R20,420,LT275/65R20,450,,,,,,,,,45.0884525586451,9,9
2400873,11,20,1-11-2024-020-03,3,1,2515,1240,1325,P245/60R18,221,P245/60R18,221,,,,,,,,,45.0595330598255,8,9
2401414,76,34,1-76-2024-034-03,3,1,2000,1060,1060,P225/60R17,240,P225/60R17,240,,,,,,,,,71.5495535595937,3,9
2405745,22,175,1-22-2024-175-NM2,22,1,2715,1405,1405,P235/55R18,240,P235/55R18,240,,,,,,,,,38.9781737548834,12,9
2404663,59,134,1-59-2024-134-07,7,2,2250,1175,1240,P225/65R17,240,P225/65R17,240,,,,,,,,,1904.3147389407,6,9
2401122,12,22,1-12-2024-022-03,3,1,3266,1769,1837,P275/55R20,240,P275/55R20,240,,,,,,,,,213.260129545021,9,9
2401832,27,59,1-27-2024-059-04,4,1,2773,1279,1588,P265/65R17,240,P265/65R17,240,,,,,,,,,20.2740569148603,3,9
2400979,54,26,1-54-2024-026-04,4,1,4309,2100,2608,P235/65R16,390,P235/65R16,520,,,,,,,,,152.997399597271,9,9
2405888,10,122,1-10-2024-122-01,1,1,1685,895,830,P195/60R15,220,P195/60R15,220,,,,,,,,,59.5313973431497,4,9
2400478,11,12,1-11-2024-012-02,2,2,2025,1175,1200,P225/65R17,240,P225/65R17,240,,,,,,,,,30.7614595081659,8,9
2401311,33,21,1-33-2024-021-09,9,2,2314,1275,1275,9999999999,999,9999999999,999,,,,,,,,,285.100622993936,12,9
2404680,67,38,1-67-2024-038-07,7,1,2025,1030,1015,P225/65R17,210,P225/65R17,210,,,,,,,,,200.794607269221,7,9
2400985,18,35,1-18-2024-035-10,10,2,1946,1050,929,P205/65R15,240,P205/65R15,240,P225/55R16,207,P225/55R16,207,P245/45R17,207,P245/45R17,207,3169.43297739792,6,9
2401077,26,26,1-26-2024-026-09,9,1,2315,1200,1270,P225/75R15,180,P225/75R15,200,P265/70R16,180,P265/70R16,180,P265/70R16,180,P265/70R16,200,1221.82366657134,10,9
2402581,23,38,1-23-2024-038-05,5,1,3050,1500,1775,P235/65R19,260,P235/65R19,310,P255/55R20,250,P255/55R20,300,P275/45R21,250,P275/45R21,300,90.2911220733979,5,9
2403835,29,43,1-29-2024-043-06,6,2,2350,1300,1145,P235/60R18,240,P235/60R18,210,P235/55R19,250,P235/55R19,220,P245/45R20,250,P245/45R20,220,280.671944583498,2,9
2404637,62,134,1-62-2024-134-04,4,3,2095,995,1100,P255/45R17,179,P255/45R17,200,P255/40R18,179,P285/35R18,200,P255/40R18,179,P255/40R18,200,1053.07668829567,7,9
2404673,57,136,1-57-2024-136-03,3,2,3220,1520,1900,P255/60R20,290,P255/60R20,290,P275/55R20,290,P275/55R20,290,P285/45R22,290,P285/45R22,290,96.6707631790107,1,9
2406033,62,180,1-62-2024-180-02,2,1,3050,1500,1775,P235/65R19,260,P235/65R19,310,P255/55R20,250,P255/55R20,300,P275/45R21,250,P275/45R21,300,40.5230025519482,7,9
2400351,69,7,1-69-2024-007-05,5,1,2040,1160,1140,P215/55R17,235,P215/55R17,235,,,,,,,,,9.01516669072706,8,9
2400538,20,12,1-20-2024-012-03,3,2,1720,920,810,P205/55R16,220,P205/55R16,220,,,,,,,,,71.8583094019882,11,9
2401651,69,30,1-69-2024-030-06,6,2,2061,1069,992,P225/55R19,240,P225/55R19,240,,,,,,,,,115.993326241037,8,9
2402028,10,27,1-10-2024-027-03,3,1,2450,1248,1339,P235/65R17,227,P235/65R17,227,,,,,,,,,200.267688395763,4,9
2402203,24,53,1-24-2024-053-03,3,2,1980,1040,990,P205/55R16,234,P205/55R16,234,,,,,,,,,25.0633899458079,1,9
2402393,77,81,1-77-2024-081-06,6,2,2040,1160,1140,P215/55R17,235,P215/55R17,235,,,,,,,,,396.912628940669,9,9
2403995,60,54,1-60-2024-054-03,3,1,3266,1640,1970,P275/50R22,240,P275/50R22,240,,,,,,,,,252.351417933937,8,9
2404894,62,143,1-62-2024-143-03,3,2,1800,1030,950,P225/40R18,240,P225/40R18,240,,,,,,,,,233.006833495632,7,9
2405063,79,97,1-79-2024-097-06,6,1,1990,1040,1000,9999999999,999,9999999999,999,,,,,,,,,138.57476538574,8,9
2401063,22,30,1-22-2024-030-09,9,1,3040,1770,1770,P275/60R20,240,P275/60R20,240,,,,,,,,,74.8175999070324,12,9
2401245,79,28,1-79-2024-028-04,4,1,3198,1565,1724,P265/70R17,240,P265/70R17,240,,,,,,,,,222.177481341307,8,9
2402018,59,65,1-59-2024-065-04,4,2,2009,1066,956,P235/50R17,230,P235/50R17,230,,,,,,,,,305.300892260132,6,9
2401354,10,21,1-10-2024-021-02,2,2,2120,1260,1200,P235/60R18,240,P235/60R18,240,,,,,,,,,22.3566511295402,4,9
2403541,81,84,1-81-2024-084-09,9,1,2198,1099,1126,P225/55R17,230,P225/55R17,230,,,,,,,,,1735.07853290752,8,9
2402144,57,42,1-57-2024-042-03,3,1,2749,1309,1488,P275/45R20,230,P275/45R20,230,,,,,,,,,63.3514075932671,1,9
2404749,29,70,1-29-2024-070-09,9,1,1941,1017,993,P215/60R16,220,P215/60R16,220,,,,,,,,,324.836898794881,2,9
2404208,76,119,1-76-2024-119-07,7,1,3402,1633,1905,P285/45R22,240,P285/45R22,240,,,,,,,,,93.2300856279546,3,9
2402585,30,89,1-30-2024-089-06,6,2,1710,920,830,P215/55R16,220,P215/55R16,220,,,,,,,,,596.170650700589,10,9
2403355,60,38,1-60-2024-038-06,6,1,2365,1110,1255,P235/60R18,240,P235/60R18,290,,,,,,,,,504.487771668491,8,9
2405762,59,172,1-59-2024-172-04,4,1,1642,839,816,P185/60R15,220,P185/60R15,220,,,,,,,,,311.143572807752,6,9
2401434,16,41,1-16-2024-041-03,3,2,1870,980,940,P205/55R17,250,P205/55R17,250,,,,,,,,,209.342329809814,5,9
2406117,76,184,1-76-2024-184-04,4,2,9999,9999,9999,9999999999,999,9999999999,999,,,,,,,,,165.951066705846,3,9
2401852,15,74,1-15-2024-074-03,3,1,2018,1097,969,P215/55R17,230,P215/55R17,230,,,,,,,,,17.7674654778176,1,9
2404039,33,73,1-33-2024-073-09,9,1,9999,9999,9999,9999999999,999,9999999999,999,,,,,,,,,112.064497820463,12,9
2406074,16,129,1-16-2024-129-02,2,1,2390,1300,1300,P235/55R18,210,P235/55R18,210,,,,,,,,,71.2953653784722,5,9
2401211,77,44,1-77-2024-044-08,8,1,2903,1780,1701,LT245/70R17,340,LT245/70R17,340,,,,,,,,,215.799053241345,9,9
2404059,67,28,1-67-2024-028-04,4,1,1963,1097,945,P215/60R16,220,P215/60R16,220,,,,,,,,,420.22869156482,7,9
2405954,14,117,1-14-2024-117-02,2,1,1710,920,830,P235/40R18,225,P235/40R18,220,,,,,,,,,73.7387227230028,8,9
2402585,30,89,1-30-2024-089-06,6,1,3197,1632,1723,P265/60R18,240,P265/60R18,240,,,,,,,,,596.170650700589,10,9
2404102,24,114,1-24-2024-114-09,9,2,9999,9999,9999,9999999999,999,9999999999,999,,,,,,,,,500.950378279668,1,9
2405762,59,172,1-59-2024-172-04,4,2,2025,1175,1200,P235/50R19,240,P235/50R19,240,,,,,,,,,311.143572807752,6,9
2401683,32,64,1-32-2024-064-05,5,2,2130,1100,1040,P235/60R18,230,P235/60R18,210,,,,,,,,,17.9817909745579,7,9
2403498,32,121,1-32-2024-121-05,5,1,2333,1178,1198,P245/50R18,230,P245/50R18,230,,,,,,,,,27.6803878502634,7,9
2403306,48,107,1-48-2024-107-06,6,2,2722,1350,1546,P235/55R20,250,P235/55R20,250,,,,,,,,,93.2394399188157,12,9
2400415,17,12,1-17-2024-012-06,6,2,4309,2359,2812,LT265/60R20,420,LT265/60R20,520,,,,,,,,,225.176724198035,4,9
2404686,48,153,1-48-2024-153-06,6,1,1970,1010,1000,P225/55R17,220,P225/55R17,210,,,,,,,,,585.270846184065,12,9
2404437,17,144,1-17-2024-144-04,4,2,2747,1339,1452,P235/65R17,250,P235/65R17,250,,,,,,,,,259.044709221254,4,9
2405576,11,167,1-11-2024-167-02,2,1,2098,1129,1098,P205/65R16,241,P205/65R16,241,,,,,,,,,30.7614595081659,8,9
2404394,77,141,1-77-2024-141-06,6,1,2100,1191,1191,P215/55R17,240,P215/55R17,240,,,,,,,,,430.995949103479,9,9
2405868,79,114,1-79-2024-114-09,9,1,1716,905,835,9999999999,999,9999999999,999,,,,,,,,,146.078482242718,8,9
2404786,57,141,1-57-2024-141-05,5,2,2040,1060,1030,P235/45R18,240,P235/45R18,240,,,,,,,,,34.9847026100621,1,9
2401540,69,28,1-69-2024-028-10,10,1,2495,1275,1275,P235/55R19,210,P235/55R19,210,,,,,,,,,7550.06141425054,8,9
2402446,18,78,1-18-2024-078-04,4,2,2087,1180,1080,P235/45R19,240,P235/45R19,220,,,,,,,,,218.545222279394,6,9
2403920,15,154,1-15-2024-154-06,6,1,1911,1040,920,9999999999,999,9999999999,999,,,,,,,,,74.7951999128499,1,9
2403322,12,56,1-12-2024-056-09,9,1,3175,1792,1792,P275/55R20,210,P275/55R20,210,,,,,,,,,223.589468890907,9,9
2403820,14,66,1-14-2024-066-02,2,2,3357,1588,1950,P275/60R20,240,P275/60R20,240,,,,,,,,,73.7387227230028,8,9
2403986,79,81,1-79-2024-081-03,3,2,2603,1195,1451,P245/65R17,240,P245/65R17,240,,,,,,,,,177.82939435799,8,9
2403843,33,67,1-33-2024-067-09,9,1,1810,1010,824,P195/70R14,210,P195/70R14,210,P195/65R15,210,P195/65R15,210,,,,,498.087824339282,12,9
2405337,27,165,1-27-2024-165-03,3,2,2100,1175,1200,P225/65R17,240,P225/65R17,240,,,,,,,,,19.3727483205413,3,9
2402214,16,64,1-16-2024-064-05,5,1,2009,1066,966,P235/50R17,230,P235/50R17,230,,,,,,,,,20.614517656908,5,9
2403445,30,124,1-30-2024-124-02,2,1,2485,1275,1275,P305/35R20,220,P305/35R20,220,,,,,,,,,16.6145707079083,10,9
2406027,67,55,1-67-2024-055-01,1,2,2903,1780,1701,P265/75R16,240,P265/75R16,240,,,,,,,,,102.857050227779,7,9
2405858,22,177,1-22-2024-177-09,9,2,9999,9999,9999,9999999999,999,9999999999,999,,,,,,,,,137.263300510642,12,9
2401922,20,55,1-20-2024-055-01,1,2,1563,851,720,P195/55R15,220,P195/55R15,220,,,,,,,,,35.0220589332575,11,9
2401971,82,46,1-82-2024-046-06,6,1,3266,1792,1792,P285/45R22,240,P285/45R22,240,,,,,,,,,435.792217139692,1,9
2403651,81,89,1-81-2024-089-07,7,2,2080,1200,1150,P225/60R17,240,P225/60R17,240,,,,,,,,,3786.99425238413,8,9
2400070,13,2,1-13-2024-002-01,1,2,3198,1599,1724,P275/65R18,240,P275/65R18,240,,,,,,,,,148.493580370567,7,9
2401742,77,59,1-77-2024-059-04,4,1,2041,1065,1025,P225/60R18,230,P225/60R18,230,,,,,,,,,239.003429563678,9,9
2402028,10,27,1-10-2024-027-03,3,3,2581,1495,1511,P265/70R16,240,P265/70R16,240,,,,,,,,,200.267688395763,4,9
2405629,59,167,1-59-2024-167-03,3,2,2520,1410,1300,P235/65R18,240,P235/65R18,240,,,,,,,,,101.944980762035,6,9
2403067,12,51,1-12-2024-051-06,6,1,2210,1350,1395,P235/65R17,235,P235/65R17,235,,,,,,,,,353.109022806635,9,9
2401052,27,33,1-27-2024-033-04,4,1,3221,1770,1860,LT275/70R18,380,LT275/70R18,310,,,,,,,,,50.8014521302521,3,9
2400166,48,9,1-48-2024-009-01,1,1,2200,1250,1220,P225/65R17,240,P225/65R17,240,,,,,,,,,73.4941053746274,12,9
2400664,29,10,1-29-2024-010-03,3,1,3221,1770,1860,P275/65R18,248,P275/65R18,248,,,,,,,,,612.448165622638,2,9
2401291,12,23,1-12-2024-023-08,8,1,3175,1792,1792,P265/70R17,240,P265/70R17,240,,,,,,,,,357.730823345316,9,9
2404139,15,163,1-15-2024-163-09,9,1,1665,880,785,P205/55R16,220,P205/55R16,220,,,,,,,,,121.052898121903,1,9
2400060,21,1,1-21-2024-001-03,3,1,3085,1678,1724,P275/60R20,240,P275/60R20,240,,,,,,,,,54.9367577389877,11,9
2405725,27,175,1-27-2024-175-04,4,1,1789,966,832,P215/45R17,220,P215/45R17,200,,,,,,,,,90.2307194288076,3,9
2400209,11,5,1-11-2024-005-07,7,1,2130,1170,1020,P245/40R19,220,P245/40R19,220,,,,,,,,,657.057558003413,8,9
2404537,59,132,1-59-2024-132-04,4,2,1896,971,1081,P215/70R14,241,P215/70R14,241,,,,,,,,,99.64038886362,6,9
2402914,59,91,1-59-2024-091-08,8,1,2170,1013,1157,P235/55R17,240,P235/55R17,240,,,,,,,,,57.7250441257383,6,9
2403063,57,71,1-57-2024-071-09,9,2,2066,1210,1070,P215/55R17,220,P215/55R17,220,,,,,,,,,532.481589221364,1,9
2402230,27,72,1-27-2024-072-03,3,1,2175,1120,1120,P235/65R17,230,P235/65R17,220,,,,,,,,,39.3017294904609,3,9
2403163,81,71,1-81-2024-071-03,3,1,2608,1338,1452,P245/65R17,220,P245/65R17,220,,,,,,,,,379.516553503678,8,9
2402622,20,73,1-20-2024-073-06,6,3,3153,1770,1770,P275/60R20,270,P275/60R20,270,,,,,,,,,221.879376426078,11,9
2405708,25,153,1-25-2024-153-05,5,2,9999,9999,1185,9999999999,999,9999999999,999,,,,,,,,,39.3581661506128,2,9
2404403,62,126,1-62-2024-126-02,2,1,2141,1072,1089,P225/65R17,230,P225/65R17,230,,,,,,,,,41.3368831287418,7,9
2401108,18,41,1-18-2024-041-07,7,1,2150,1200,1150,P225/60R17,240,P225/60R17,240,,,,,,,,,726.729956937561,6,9
2406255,69,163,1-69-2024-163-03,3,2,2540,1335,1490,P245/75R16,220,P245/75R16,220,,,,,,,,,20.3132021948385,8,9
2401177,52,15,1-52-2024-015-09,9,2,1569,823,746,P185/65R14,210,P185/65R14,200,,,,,,,,,308.439233897572,12,9
2405900,18,149,1-18-2024-149-03,3,2,1910,1020,940,P215/60R17,230,P215/60R17,230,,,,,,,,,132.618133574143,6,9
2405568,25,149,1-25-2024-149-03,3,1,1970,1010,1000,P225/60R17,230,P225/60R17,220,,,,,,,,,129.841261636912,2,9
2403547,62,96,1-62-2024-096-02,2,1,2430,1300,1350,P255/45R20,240,P255/45R20,240,,,,,,,,,27.4104501869369,7,9
2403524,21,72,1-21-2024-072-NM1,21,2,2675,1360,1460,P235/55R20,230,P235/55R20,230,,,,,,,,,9.710167648307,11,9
2405190,69,127,1-69-2024-127-04,4,1,2722,1350,1450,P235/65R18,240,P235/65R18,240,,,,,,,,,308.98971131769,8,9
2402319,69,43,1-69-2024-043-03,3,2,9999,9999,9999,9999999999,999,9999999999,999,,,,,,,,,51.0270559627138,8,9
2401649,33,27,1-33-2024-027-03,3,1,3221,1770,1860,LT275/55R20,250,LT275/55R20,250,,,,,,,,,17.2161737549189,12,9
2403029,22,92,1-22-2024-092-09,9,1,2715,1405,1405,P235/60R17,240,P235/60R17,240,,,,,,,,,45.7773654331265,12,9
2403816,16,106,1-16-2024-106-02,2,1,1890,1040,960,P215/55R17,241,P215/55R17,228,,,,,,,,,143.697759026414,5,9
2405021,62,148,1-62-2024-148-02,2,1,3402,1678,1950,P275/50R22,250,P275/50R22,250,,,,,,,,,40.5230025519482,7,9
2406378,16,134,1-16-2024-134-07,7,2,9999,9999,9999,9999999999,999,9999999999,999,,,,,,,,,109.940533649153,5,9
2402797,77,95,1-77-2024-095-05,5,2,3402,1633,1951,P275/55R20,240,P275/55R20,240,,,,,,,,,90.6570748528622,9,9
2402405,62,62,1-62-2024-062-05,5,1,1642,839,816,P185/60R15,220,P185/60R15,220,,,,,,,,,79.6455162566525,7,9
2406000,81,157,1-81-2024-157-09,9,1,2085,974,1111,P245/55R18,240,P245/55R18,240,,,,,,,,,4875.21511446398,8,9
2403879,17,124,1-17-2024-124-03,3,2,2230,1220,1220,P225/60R18,230,P225/60R18,230,,,,,,,,,60.1064786597745,4,9
2400381,22,7,1-22-2024-007-10,10,1,2427,1200,1600,P255/70R16,180,P255/70R16,180,,,,,,,,,690.106980890975,12,9
2405545,79,106,1-79-2024-106-10,10,1,9999,9999,9999,9999999999,999,9999999999,999,,,,,,,,,174.035213758045,8,9
2404958,14,95,1-14-2024-095-04,4,1,1900,1060,1060,P225/60R17,240,P225/60R17,240,,,,,,,,,1497.44554492478,8,9
2400530,22,11,1-22-2024-011-09,9,1,3130,1633,1814,P265/70R17,220,P265/70R17,220,,,,,,,,,36.2059290664589,12,9
2404858,29,73,1-29-2024-073-09,9,2,2070,1055,1035,P225/65R17,210,P225/65R17,210,,,,,,,,,4396.4318039197,2,9
2401317,28,34,1-28-2024-034-09,9,1,9999,9999,9999,P265/60R18,250,P265/60R18,250,,,,,,,,,34.7771381559099,3,9
2401025,16,31,1-16-2024-031-05,5,2,2480,1310,1300,P235/65R18,240,P235/65R18,240,,,,,,,,,17.5468318569652,5,9
2400716,60,10,1-60-2024-010-03,3,2,1660,875,785,P205/60R16,220,P205/60R16,220,,,,,,,,,127.604666833159,8,9
2405791,19,84,1-19-2024-084-03,3,1,1920,1060,1060,P225/55R18,240,P225/55R18,240,,,,,,,,,38.6828970730761,9,9
2401214,13,33,1-13-2024-033-02,2,1,2355,1210,1365,9999999999,999,9999999999,999,,,,,,,,,9.13287494953795,7,9
2405459,16,125,1-16-2024-125-03,3,1,1640,880,840,P185/65R15,230,P185/65R15,230,,,,,,,,,626.460170602389,5,9
2405293,18,129,1-18-2024-129-05,5,2,1758,972,853,P205/55R16,230,P205/55R16,230,,,,,,,,,62.4923941887035,6,9
2403942,77,132,1-77-2024-132-04,4,1,1785,1050,971,P205/55R16,240,P205/55R16,230,,,,,,,,,1162.45981650652,9,9
2402731,31,57,1-31-2024-057-04,4,1,9999,9999,9999,9999999999,999,9999999999,999,,,,,,,,,222.052598299916,6,9
2401237,48,44,1-48-2024-044-04,4,1,1700,990,820,P225/40R18,230,P225/40R18,230,,,,,,,,,424.163340716026,12,9
2403919,30,138,1-30-2024-138-06,6,2,2600,1276,1500,P245/45R19,310,P245/45R19,310,,,,,,,,,1365.14512173886,10,9
2401927,17,62,1-17-2024-062-07,7,2,1733,939,839,P215/45R17,220,P215/45R17,220,,,,,,,,,178.744079138108,4,9
2406126,59,185,1-59-2024-185-04,4,2,2130,1100,1075,P235/60R18,230,P235/60R18,210,,,,,,,,,175.956352530004,6,9
2400049,60,2,1-60-2024-002-09,9,1,2005,965,1145,P225/40R18,230,P255/35R18,280,,,,,,,,,461.937193690162,8,9
2404632,22,138,1-22-2024-138-09,9,1,3006,1633,1770,P265/60R18,228,P265/60R18,228,,,,,,,,,91.986390873844,12,9
2404632,22,138,1-22-2024-138-09,9,2,1810,972,880,P215/55R16,240,P215/55R16,240,,,,,,,,,91.986390873844,12,9
2404483,82,122,1-82-2024-122-03,3,2,1950,1060,915,9999999999,999,9999999999,999,,,,,,,,,166.73577046287,1,9
2404085,69,92,1-69-2024-092-04,4,2,1770,955,830,P215/50R17,220,P215/50R17,220,,,,,,,,,142.178174403685,8,9
2405316,24,148,1-24-2024-148-NM1,21,1,9999,9999,9999,9999999999,999,9999999999,999,,,,,,,,,23.1726143074507,1,9
2402382,27,76,1-27-2024-076-04,4,2,2230,1220,1220,P225/60R18,230,P225/60R18,230,,,,,,,,,91.1489486547192,3,9
2400069,10,2,1-10-2024-002-06,6,1,1760,980,910,P205/55R16,230,P205/55R16,230,,,,,,,,,1275.29137392333,4,9
2405336,27,164,1-27-2024-164-03,3,2,1594,872,735,P175/65R15,220,P175/65R15,220,,,,,,,,,32.3914110115022,3,9
2401337,77,48,1-77-2024-048-05,5,1,1950,990,1000,P205/55R16,230,P205/55R16,220,,,,,,,,,90.6570748528622,9,9
2401008,17,32,1-17-2024-032-04,4,1,2241,1170,1109,P235/40R19,260,P235/40R19,260,,,,,,,,,131.910982492372,4,9
2401300,22,39,1-22-2024-039-05,5,1,2277,1198,1089,P255/40R20,240,P255/40R20,240,,,,,,,,,25.2675524846257,12,9
2403315,18,93,1-18-2024-093-05,5,1,1998,1210,1070,P215/60R16,230,P215/60R16,230,,,,,,,,,50.9427492020977,6,9
2403358,14,55,1-14-2024-055-03,3,5,3221,1770,1860,LT275/65R18,260,LT275/65R18,260,,,,,,,,,351.984208481669,8,9
2401194,26,30,1-26-2024-030-06,6,1,1917,1010,940,P215/55R17,230,P215/55R17,230,,,,,,,,,464.201709285297,10,9
2402425,73,73,1-73-2024-073-09,9,2,2035,1050,1095,P225/55R17,220,P225/55R17,210,,,,,,,,,86.2205940175703,3,9
2406312,29,111,1-29-2024-111-05,5,1,3901,1873,2300,P235/65R16,340,P235/65R16,440,,,,,,,,,71.2280640115455,2,9
2404148,30,145,1-30-2024-145-03,3,2,1850,1060,890,P225/45R17,230,P225/45R17,220,,,,,,,,,311.062136927439,10,9
2400633,52,8,1-52-2024-008-09,9,2,9999,9999,9999,9999999999,999,9999999999,999,,,,,,,,,113.161757099385,12,9
2404901,59,145,1-59-2024-145-03,3,2,3334,1701,1746,P275/65R18,240,P275/65R18,240,,,,,,,,,36.1342171260839,6,9
2403608,25,94,1-25-2024-094-06,6,2,1706,940,766,P195/65R15,260,P195/65R15,260,,,,,,,,,673.073242125667,2,9
2405523,57,172,1-57-2024-172-04,4,2,1626,855,780,P185/65R15,210,P185/65R15,210,,,,,,,,,418.937498619678,1,9
2402277,59,70,1-59-2024-070-03,3,2,1810,972,880,P215/50R17,240,P215/50R17,240,,,,,,,,,59.722887639445,6,9
2400262,79,10,1-79-2024-010-06,6,2,2141,1055,1107,255/40ZR19 96W,220,255/40ZR19 96W,220,,,,,,,,,146.574045627854,8,9
2401250,30,41,1-30-2024-041-NM1,21,1,9999,9999,9999,P245/45R20,250,P275/40R20,250,,,,,,,,,28.3509494483113,10,9
2402269,66,51,1-66-2024-051-05,5,1,3130,1770,1770,P275/60R20,270,P275/60R20,270,,,,,,,,,116.980491892491,6,9
2400872,57,18,1-57-2024-018-02,2,2,2540,1335,1490,P245/75R16,220,P245/75R16,220,,,,,,,,,9.61567555511826,1,9
2403743,76,104,1-76-2024-104-07,7,1,2300,1175,1240,P225/65R17,240,P225/65R17,240,,,,,,,,,72.7960942583928,3,9
2406345,16,133,1-16-2024-133-02,2,1,1738,934,804,P205/50R17,240,P205/50R17,240,,,,,,,,,18.8490264824169,5,9
2405781,67,52,1-67-2024-052-06,6,1,2908,1450,1600,P255/65R18,240,P255/65R18,240,,,,,,,,,906.798069186286,7,9
2405117,29,81,1-29-2024-081-05,5,1,1851,958,893,P225/55R17,230,P225/55R17,230,,,,,,,,,439.446667333394,2,9
2400225,60,6,1-60-2024-006-03,3,1,1815,965,850,P215/55R17,220,P215/55R17,210,,,,,,,,,272.233086345417,8,9
2405635,23,47,1-23-2024-047-03,3,2,2450,1225,1361,P245/75R17,250,P245/75R17,250,,,,,,,,,233.109925396627,5,9
2404307,69,98,1-69-2024-098-05,5,1,1733,939,839,P215/45R17,220,P215/45R17,220,,,,,,,,,24.1360940214581,8,9
2403829,26,104,1-26-2024-104-02,2,1,3150,1500,1800,P265/60R18,220,P265/60R18,260,,,,,,,,,58.2516012726861,10,9
2402508,21,51,1-21-2024-051-01,1,1,2127,1120,1154,P235/45R18,240,P235/45R18,240,,,,,,,,,27.0964164405186,11,9
2402176,33,37,1-33-2024-037-03,3,2,2586,1452,1588,P265/70R16,240,P265/70R16,240,,,,,,,,,48.442386450573,12,9
2403527,22,107,1-22-2024-107-10,10,1,2077,1118,959,P225/50R18,210,P225/50R18,210,,,,,,,,,71.5732728614493,12,9
2403859,77,130,1-77-2024-130-01,1,1,1645,880,775,P205/55R16,220,P205/55R16,220,,,,,,,,,141.400970265386,9,9
2403859,77,130,1-77-2024-130-01,1,2,2090,1150,1150,P235/55R19,240,P235/55R19,240,,,,,,,,,141.400970265386,9,9
2401798,11,45,1-11-2024-045-04,4,2,2160,1100,1120,P215/55R17,250,P215/55R17,250,,,,,,,,,335.189984733753,8,9
2400842,73,25,1-73-2024-025-06,6,1,9999,9999,9999,9999999999,999,9999999999,999,,,,,,,,,37.0946854309253,3,9
2402339,25,55,1-25-2024-055-06,6,2,2455,1245,1250,P255/40R19,260,P255/40R19,280,,,,,,,,,717.747065771386,2,9
2401652,17,52,1-17-2024-052-07,7,1,2085,990,1125,P225/45R18,270,P245/40R18,310,,,,,,,,,364.699531711488,4,9
2403295,77,111,1-77-2024-111-05,5,1,2930,1450,1600,P255/55R20,240,P255/55R20,240,,,,,,,,,90.6570748528622,9,9
2402548,59,80,1-59-2024-080-07,7,2,1847,967,880,P215/60R16,240,P215/60R16,240,,,,,,,,,3264.31231301046,6,9
2403341,11,94,1-11-2024-094-03,3,2,2090,1070,1070,P225/50R18,250,P225/50R18,250,,,,,,,,,74.3356188554781,8,9
2405751,81,147,1-81-2024-147-06,6,2,2105,1130,990,P245/40R19,230,P245/40R19,230,,,,,,,,,1382.90599512492,8,9
2405937,24,166,1-24-2024-166-03,3,2,9999,9999,9999,9999999999,999,9999999999,999,,,,,,,,,70.1335209887082,1,9
2406292,22,191,1-22-2024-191-NM2,22,1,9999,9999,9999,9999999999,999,9999999999,999,,,,,,,,,24.4305122731702,12,9
2404715,14,88,1-14-2024-088-09,9,1,2250,1175,1240,P225/65R17,240,P225/65R17,240,,,,,,,,,3235.99988181783,8,9
2400092,23,2,1-23-2024-002-10,10,1,2715,1325,1415,P235/65R18,228,P235/65R18,228,,,,,,,,,18788.0442802386,5,9
2405502,17,181,1-17-2024-181-07,7,1,2130,1100,1075,P235/60R18,999,P235/60R18,999,,,,,,,,,1080.9029286815,4,9
2405648,14,114,1-14-2024-114-NM1,21,1,2749,1461,1393,P255/70R18,240,P255/70R18,240,,,,,,,,,89.7759087557985,8,9
2400550,59,22,1-59-2024-022-07,7,1,2760,1390,1390,P235/65R17,240,P235/65R17,240,,,,,,,,,347.96042207525,6,9
2405625,81,144,1-81-2024-144-06,6,1,2949,1452,1679,P265/60R18,250,P265/60R18,250,,,,,,,,,1754.68497049156,8,9
2401546,14,24,1-14-2024-024-02,2,2,2255,1120,1255,P245/40R19,220,P255/40R19,240,,,,,,,,,73.7387227230028,8,9
2404772,62,140,1-62-2024-140-03,3,2,2722,1350,1450,P235/65R18,240,P235/65R18,240,,,,,,,,,349.921677874821,7,9
2402565,79,54,1-79-2024-054-09,9,2,2268,1194,1314,P215/70R16,240,P215/70R16,240,,,,,,,,,134.548153434236,8,9
2406172,24,172,1-24-2024-172-09,9,2,9999,9999,9999,9999999999,999,9999999999,999,,,,,,,,,1118.00166555289,1,9
2400082,54,5,1-54-2024-005-07,7,2,2023,1068,959,P235/50R17,230,P235/50R17,230,,,,,,,,,163.639088013261,9,9
2401078,48,37,1-48-2024-037-06,6,1,1980,1100,960,P215/55R17,235,P215/55R17,235,,,,,,,,,157.161135633244,12,9
2401161,25,26,1-25-2024-026-06,6,1,2122,1072,1089,P225/65R17,228,P225/65R17,228,,,,,,,,,113.807897238659,2,9
2403972,17,126,1-17-2024-126-03,3,1,2040,1160,1140,P205/65R16,235,P205/65R16,235,,,,,,,,,56.2627107467575,4,9
2400769,17,23,1-17-2024-023-10,10,1,2540,1270,1406,P215/70R16,260,P215/70R16,260,,,,,,,,,2627.47744766494,4,9
2400437,13,8,1-13-2024-008-01,1,1,9999,9999,9999,9999999999,999,9999999999,999,,,,,,,,,40.3492319807666,7,9
2401765,73,54,1-73-2024-054-06,6,1,2340,1400,1270,P245/55R19,220,P245/55R19,220,,,,,,,,,57.2521131397256,3,9
2404968,66,97,1-66-2024-097-09,9,1,1880,1010,900,P205/60R16,220,P205/60R16,210,,,,,,,,,138.72411861014,6,9
2402644,10,37,1-10-2024-037-03,3,2,2100,1089,1066,P225/65R17,230,P225/65R17,230,,,,,,,,,150.425980586893,4,9
2403826,32,125,1-32-2024-125-02,2,4,2178,1180,1080,P225/60R17,250,P225/60R17,250,,,,,,,,,37.259655830375,7,9
2400577,54,19,1-54-2024-019-05,5,1,3130,9999,9999,9999999999,999,9999999999,999,,,,,,,,,144.976226836895,9,9
2405552,69,138,1-69-2024-138-03,3,1,1750,1030,950,P195/65R15,235,P195/65R15,235,,,,,,,,,60.7451522520683,8,9
2401997,24,48,1-24-2024-048-03,3,2,2041,1065,1025,P225/60R18,230,P225/60R18,230,,,,,,,,,32.3570562743358,1,9
2401665,24,37,1-24-2024-037-NM2,22,1,2059,1093,971,P235/45R18,235,P235/45R18,235,,,,,,,,,87.1884768897586,1,9
2400646,27,21,1-27-2024-021-03,3,2,2030,1120,930,P205/60R16,220,P205/60R16,220,,,,,,,,,11.8514312322575,3,9
2400623,25,13,1-25-2024-013-03,3,2,1780,990,950,P205/55R16,230,P205/55R16,230,,,,,,,,,91.2305084010372,2,9
2403514,15,139,1-15-2024-139-03,3,1,2090,1150,1150,P225/65R17,250,P225/65R17,250,,,,,,,,,31.6293357429148,1,9
2400809,13,18,1-13-2024-018-03,3,2,1780,990,910,P195/65R15,250,P195/65R15,250,,,,,,,,,165.322256679905,7,9
2400932,22,27,1-22-2024-027-07,7,2,4536,2359,2812,LT265/70R18,420,LT265/70R18,480,,,,,,,,,57.686594357798,12,9
2403494,48,111,1-48-2024-111-06,6,1,2760,1390,1390,P235/65R17,240,P235/65R17,240,,,,,,,,,103.750953524294,12,9
2405409,54,119,1-54-2024-119-04,4,2,3221,1770,1860,P275/55R20,250,P275/55R20,250,,,,,,,,,152.997399597271,9,9
2401330,31,28,1-31-2024-028-03,3,1,4536,2540,2767,LT275/65R20,450,LT275/65R20,450,,,,,,,,,151.964719784207,6,9
2402853,59,89,1-59-2024-089-08,8,1,1710,904,814,P185/65R15,230,P185/65R15,230,,,,,,,,,133.30209263851,6,9
2405535,54,120,1-54-2024-120-04,4,1,2120,1260,1200,P235/60R18,240,P235/60R18,240,,,,,,,,,152.997399597271,9,9
2402538,11,71,1-11-2024-071-06,6,3,1720,940,800,P205/55R16,220,P205/55R16,220,,,,,,,,,486.399762010129,8,9
2404725,27,147,1-27-2024-147-07,7,2,1970,1010,1000,P225/55R17,230,P225/55R17,220,,,,,,,,,64.368915386855,3,9
2403165,59,98,1-59-2024-098-03,3,1,1810,972,880,P215/55R16,240,P215/55R16,240,,,,,,,,,40.2896520955836,6,9
2403912,21,82,1-21-2024-082-01,1,1,2650,1295,1405,P245/50R20,240,P245/50R20,240,,,,,,,,,117.649349567078,11,9
2405323,11,159,1-11-2024-159-09,9,1,2186,1220,1030,9999999999,999,9999999999,999,,,,,,,,,1362.81724767285,8,9
2401244,79,27,1-79-2024-027-03,3,2,2250,1220,1080,P215/60R17,240,P215/60R17,240,,,,,,,,,104.756877618907,8,9
2405927,79,117,1-79-2024-117-02,2,1,2834,1474,1587,P255/70R16,200,P255/70R16,221,,,,,,,,,117.307037635243,8,9
2404304,33,80,1-33-2024-080-09,9,1,2580,1290,1290,P215/65R16,240,P215/65R16,240,,,,,,,,,187.781585730197,12,9
2400709,62,19,1-62-2024-019-04,4,1,3085,1678,1724,P275/60R20,999,P275/60R20,999,,,,,,,,,4409.67367710073,7,9
2402618,31,50,1-31-2024-050-07,7,1,4309,1873,2502,LT235/65R16,360,LT235/65R16,490,,,,,,,,,247.070263933881,6,9
2402724,16,81,1-16-2024-081-03,3,2,3266,1792,1792,P265/65R18,260,P265/65R18,260,,,,,,,,,480.495209180413,5,9
2404198,28,131,1-28-2024-131-09,9,1,2220,1155,1080,P235/55R18,220,P235/55R18,220,,,,,,,,,40.6222408417484,3,9
2402867,32,100,1-32-2024-100-03,3,2,2050,1075,1030,P215/55R17,210,P215/55R17,210,,,,,,,,,349.52042604562,7,9
2400852,30,27,1-30-2024-027-05,5,2,1539,814,738,P185/60R16,230,P185/60R16,230,,,,,,,,,31.7722666149377,10,9
2400918,15,30,1-15-2024-030-06,6,2,3266,1792,1792,P275/55R20,240,P275/55R20,240,,,,,,,,,76.6723208142616,1,9
2402507,21,50,1-21-2024-050-04,4,1,1750,1030,950,P225/45R17,235,P225/45R17,215,,,,,,,,,741.235651123892,11,9
2403480,60,40,1-60-2024-040-03,3,2,1760,940,835,P235/40R18,225,P235/40R18,220,,,,,,,,,126.258854490513,8,9
2400941,30,30,1-30-2024-030-04,4,2,1719,950,819,P205/55R15,220,P205/55R15,220,,,,,,,,,1500.1737776518,10,9
2400277,77,7,1-77-2024-007-03,3,1,3221,1770,1860,P285/45R22,250,P285/45R22,250,,,,,,,,,65.1275025618817,9,9
2400609,24,11,1-24-2024-011-03,3,2,4037,2100,2400,LT225/75R16,450,LT225/75R16,500,,,,,,,,,56.1071654769514,1,9
2405850,18,145,1-18-2024-145-04,4,1,2300,1180,1170,P215/65R17,280,P215/65R17,280,,,,,,,,,244.569892745898,6,9
2405000,15,193,1-15-2024-193-03,3,3,2200,1260,1200,P235/55R19,240,P235/55R19,240,,,,,,,,,20.2297477833914,1,9
2402361,77,80,1-77-2024-080-03,3,1,2114,1034,1102,P235/50R18,220,P235/50R18,220,,,,,,,,,253.416782188654,9,9
2402591,30,88,1-30-2024-088-04,4,2,2125,1158,967,P215/60R16,205,P215/60R16,205,,,,,,,,,895.255206028748,10,9
2402236,11,56,1-11-2024-056-03,3,2,2715,1325,1415,P235/55R20,240,P235/55R20,240,,,,,,,,,89.3897343071386,8,9
2403796,57,94,1-57-2024-094-09,9,1,2080,1070,1060,P225/60R17,240,P225/60R17,240,,,,,,,,,1764.95964462726,1,9
2404798,12,92,1-12-2024-092-07,7,1,2246,1275,1275,P235/55R18,220,P235/55R18,220,,,,,,,,,321.458377980766,9,9
2405811,25,155,1-25-2024-155-09,9,1,9999,1780,1701,9999999999,240,9999999999,240,,,,,,,,,298.964065352905,2,9
2406003,60,103,1-60-2024-103-09,9,1,1941,1017,993,P215/60R16,220,P215/60R16,220,,,,,,,,,3804.24227967137,8,9
2400593,48,24,1-48-2024-024-09,9,1,4173,2118,2118,LT245/75R16,380,LT245/75R16,550,,,,,,,,,283.62368724658,12,9
2405170,17,167,1-17-2024-167-04,4,1,1750,1030,950,P195/65R15,235,P195/65R15,215,,,,,,,,,122.812896011279,4,9
2403275,20,88,1-20-2024-088-NM2,22,1,1600,850,840,9999999999,999,9999999999,999,,,,,,,,,204.607683671141,11,9
2406103,15,235,1-15-2024-235-03,3,1,2030,1064,1030,P195/60R17,250,P195/60R17,240,,,,,,,,,77.4280708363723,1,9
2403461,69,73,1-69-2024-073-01,1,2,1789,966,832,P215/45R17,220,P215/45R17,200,,,,,,,,,25.5510252230987,8,9
2403710,60,45,1-60-2024-045-06,6,1,2093,1168,1150,P225/45R17,240,P225/45R17,260,,,,,,,,,415.191984429728,8,9
2405880,77,187,1-77-2024-187-05,5,1,4355,1951,2760,LT245/75R16,340,LT245/75R16,550,,,,,,,,,90.6570748528622,9,9
2402714,11,75,1-11-2024-075-03,3,2,2025,1175,1200,P225/65R17,240,P225/65R17,240,,,,,,,,,109.934722303221,8,9
2400258,29,5,1-29-2024-005-04,4,1,2040,1140,1050,P235/45R18,241,P235/45R18,241,,,,,,,,,701.385085277064,2,9
2402336,24,57,1-24-2024-057-03,3,1,3311,1724,1820,P275/60R20,250,P275/60R20,250,,,,,,,,,93.2665902000933,1,9
2402087,25,48,1-25-2024-048-03,3,2,2119,1141,978,P225/50R18,210,P225/50R18,210,,,,,,,,,139.912654997625,2,9
2400072,62,5,1-62-2024-005-06,6,2,1960,1050,930,P215/55R17,225,P215/55R17,225,,,,,,,,,2580.51563805831,7,9
2401881,54,45,1-54-2024-045-09,9,1,1776,971,821,P185/70R14,220,P185/70R14,220,,,,,,,,,117.274582131211,9,9
2405084,14,97,1-14-2024-097-04,4,2,1844,1050,971,P225/40R18,230,P225/40R18,210,,,,,,,,,1991.79011632565,8,9
2401589,30,54,1-30-2024-054-03,3,2,2420,1270,1270,P225/60R18,220,P225/60R18,220,,,,,,,,,249.635031598929,10,9
2404443,20,111,1-20-2024-111-06,6,1,2495,1248,1339,P225/75R15,248,P225/75R15,248,,,,,,,,,4054.83801603088,11,9
2403052,48,101,1-48-2024-101-08,8,2,2025,1030,1015,P225/65R17,230,P225/65R17,230,,,,,,,,,180.20989511901,12,9
2402388,22,70,1-22-2024-070-10,10,1,2351,1180,1220,P235/45R17,280,P235/45R17,280,,,,,,,,,178.933182153623,12,9
2406278,11,189,1-11-2024-189-03,3,1,9999,9999,9999,9999999999,999,9999999999,999,,,,,,,,,337.618780570381,8,9
2405923,69,151,1-69-2024-151-04,4,1,2490,1250,1360,P235/55R19,230,P235/55R19,250,,,,,,,,,345.260079079098,8,9
2405591,27,171,1-27-2024-171-07,7,1,2803,1397,1520,P245/60R18,240,P245/60R18,240,,,,,,,,,251.94804629152,3,9
2400931,22,26,1-22-2024-026-09,9,1,2404,1179,1361,P225/75R15,179,P225/75R15,241,,,,,,,,,38.1287781911826,12,9
2405840,12,114,1-12-2024-114-04,4,2,3130,1770,1770,P265/70R17,276,P265/70R17,276,,,,,,,,,243.899610339648,9,9
2404154,24,119,1-24-2024-119-01,1,2,9999,9999,9999,9999999999,999,9999999999,999,,,,,,,,,23.1726143074507,1,9
2402162,10,28,1-10-2024-028-02,2,2,2586,1361,1361,P255/70R18,240,P255/70R18,240,,,,,,,,,43.1569552808062,4,9
2403470,24,98,1-24-2024-098-10,10,1,2700,1300,1430,P235/70R16,220,P235/70R16,220,,,,,,,,,7451.34865268735,1,9
2404134,29,54,1-29-2024-054-06,6,1,2385,1135,1250,P245/45R18,260,P245/45R18,300,,,,,,,,,899.856995568908,2,9
2406049,52,59,1-52-2024-059-07,7,1,2803,1397,1520,P255/50R20,240,P255/50R20,240,,,,,,,,,1413.17311042341,12,9
2401976,32,73,1-32-2024-073-09,9,1,1805,1030,987,P195/65R15,240,P195/65R15,230,,,,,,,,,3147.76349296009,7,9
2402829,20,80,1-20-2024-080-03,3,1,9999,9999,9999,9999999999,999,9999999999,999,,,,,,,,,81.8606256970461,11,9
2404011,52,43,1-52-2024-043-02,2,1,1785,1050,971,P205/55R16,240,P205/55R16,230,,,,,,,,,21.737445977484,12,9
2403058,18,89,1-18-2024-089-01,1,1,2521,1240,1360,P235/70R16,241,P235/70R16,241,,,,,,,,,63.8166126674341,6,9
2403805,19,48,1-19-2024-048-04,4,1,2800,1450,1600,P255/65R18,240,P255/65R18,240,,,,,,,,,265.856512039886,9,9
2404552,48,147,1-48-2024-147-07,7,1,1905,1020,910,P205/65R16,230,P205/65R16,220,,,,,,,,,103.361334065564,12,9
2403911,82,102,1-82-2024-102-03,3,1,9999,9999,9999,9999999999,999,9999999999,999,,,,,,,,,185.911346608321,1,9
2406069,24,168,1-24-2024-168-06,6,1,9999,9999,9999,9999999999,999,9999999999,999,,,,,,,,,289.44553984424,1,9
2400745,76,22,1-76-2024-022-06,6,1,3221,1792,1792,P265/65R18,240,P265/65R18,240,,,,,,,,,69.290638741677,3,9
2406012,10,127,1-10-2024-127-06,6,3,1944,1085,995,P215/55R18,240,P215/55R18,240,,,,,,,,,529.668799856304,4,9
2405677,69,143,1-69-2024-143-NM1,21,1,1965,1050,930,P225/40R18,270,P225/40R18,270,,,,,,,,,7.66811372485411,8,9
2406367,62,188,1-62-2024-188-03,3,1,2040,1090,950,P235/40R19,225,P235/40R19,225,,,,,,,,,60.0506100648321,7,9
2405285,79,100,1-79-2024-100-03,3,1,9999,1406,9999,LT285/70R17,255,LT285/70R17,255,,,,,,,,,228.177020013603,8,9
2404695,30,160,1-30-2024-160-02,2,1,2045,1025,1065,P225/40R19,270,P255/35R19,310,,,,,,,,,19.7146598979445,10,9
2400808,13,17,1-13-2024-017-03,3,1,2510,1260,1355,P265/40R21,250,P295/35R21,270,,,,,,,,,165.322256679905,7,9
2402225,32,80,1-32-2024-080-03,3,2,2280,1250,1220,P225/65R17,241,P225/65R17,228,,,,,,,,,368.078348959878,7,9
2400851,30,26,1-30-2024-026-09,9,1,2010,1090,935,P225/50R17,220,P225/50R17,220,,,,,,,,,3176.76897626647,10,9
2403656,62,99,1-62-2024-099-05,5,1,1985,893,1093,P225/40R18,240,P225/40R18,280,,,,,,,,,45.7650018362521,7,9
2406361,30,217,1-30-2024-217-03,3,1,2405,1275,1275,P245/45R20,220,P245/45R20,220,,,,,,,,,76.3040184677385,10,9
2400410,21,9,1-21-2024-009-08,8,1,1805,1030,987,P195/65R15,240,P195/65R15,240,,,,,,,,,70.3079544036467,11,9
2400894,76,24,1-76-2024-024-04,4,1,2150,1200,1150,P225/60R17,240,P225/60R17,240,,,,,,,,,86.4714255045695,3,9
2405780,48,188,1-48-2024-188-06,6,1,1819,1030,987,P195/65R15,240,P195/65R15,230,,,,,,,,,157.157075566189,12,9
2400184,33,1,1-33-2024-001-10,10,1,1750,910,835,P205/50R17,230,P205/50R17,230,,,,,,,,,6973.09392875334,12,9
2401844,26,46,1-26-2024-046-NM1,21,2,1750,1030,950,P205/55R16,235,P205/55R16,215,,,,,,,,,25.7030205312635,10,9
2401512,13,41,1-13-2024-041-01,1,1,9999,9999,9999,9999999999,999,9999999999,999,,,,,,,,,142.42459784573,7,9
2406158,30,206,1-30-2024-206-03,3,2,1815,980,845,P215/50R17,230,P215/50R17,230,,,,,,,,,339.574625265226,10,9
2405826,31,124,1-31-2024-124-04,4,1,2143,1100,1043,P225/65R17,230,P225/65R17,230,,,,,,,,,379.18975498133,6,9
2406304,62,185,1-62-2024-185-06,6,1,1950,990,1000,P195/65R15,240,P195/65R15,230,,,,,,,,,2701.18789542651,7,9
2400393,21,7,1-21-2024-007-06,6,1,1510,830,830,P175/65R15,230,P175/65R15,230,,,,,,,,,372.971644380709,11,9
2403078,33,51,1-33-2024-051-01,1,2,9999,9999,9999,9999999999,999,9999999999,999,,,,,,,,,35.1791324819626,12,9
2403742,30,133,1-30-2024-133-01,1,1,9999,9999,9999,9999999999,999,9999999999,999,,,,,,,,,76.3965079085296,10,9
2405611,22,173,1-22-2024-173-04,4,2,2495,1259,1452,P255/75R17,240,P255/75R17,240,,,,,,,,,84.481924707802,12,9
2403141,22,93,1-22-2024-093-07,7,1,2250,1220,1220,P235/55R18,220,P235/55R18,220,,,,,,,,,606.719973233017,12,9
2400971,10,14,1-10-2024-014-09,9,2,1851,996,889,9999999999,999,9999999999,999,,,,,,,,,2016.1478848675,4,9
2401220,59,41,1-59-2024-041-04,4,2,1641,899,765,P185/60R15,220,P185/60R15,220,P185/65R14,220,P185/65R14,220,,,,,117.569671114612,6,9
2403782,73,106,1-73-2024-106-01,1,1,2949,1452,1770,P265/60R18,250,P265/60R18,250,,,,,,,,,29.6045947385831,3,9
2404114,76,113,1-76-2024-113-10,10,1,1600,850,840,9999999999,999,9999999999,999,,,,,,,,,84.6789860292199,3,9
2402454,20,71,1-20-2024-071-04,4,1,1780,1050,971,P205/55R16,240,P205/55R16,230,,,,,,,,,265.271039595249,11,9
2400685,59,26,1-59-2024-026-04,4,1,2100,1089,1066,P225/60R18,230,P225/60R18,230,,,,,,,,,406.376487914372,6,9
2402099,32,77,1-32-2024-077-04,4,1,9999,9999,9999,9999999999,999,9999999999,999,,,,,,,,,1089.69850207101,7,9
2402740,28,81,1-28-2024-081-03,3,1,2660,1360,1460,P235/65R18,230,P235/65R18,230,,,,,,,,,28.3089754479373,3,9
2401621,23,25,1-23-2024-025-06,6,1,2250,1175,1240,P225/65R17,240,P225/65R17,240,,,,,,,,,520.636713394511,5,9
2401326,66,28,1-66-2024-028-10,10,2,1944,1076,901,P225/45R17,235,P225/45R17,235,,,,,,,,,727.168496132888,6,9
2400138,15,3,1-15-2024-003-06,6,2,2660,1360,1460,P235/55R20,230,P235/55R20,230,,,,,,,,,70.1346927021324,1,9
2400038,17,1,1-17-2024-001-07,7,1,1685,895,796,P205/50R16,235,P205/50R16,235,,,,,,,,,1125.89793451176,4,9
2402351,32,82,1-32-2024-082-02,2,1,2600,1340,1450,P245/50R20,241,P245/50R20,241,,,,,,,,,8.40925917720626,7,9
2401518,18,58,1-18-2024-058-08,8,1,1805,1030,987,P195/65R15,240,P195/65R15,230,,,,,,,,,56.5663772378367,6,9
2402992,48,98,1-48-2024-098-07,7,1,1733,939,839,P205/55R16,220,P205/55R16,220,,,,,,,,,160.318869205903,12,9
2401664,11,43,1-11-2024-043-05,5,2,2030,1140,910,P235/45R18,225,P235/45R18,220,,,,,,,,,31.8812723055547,8,9
2402205,24,55,1-24-2024-055-03,3,1,2143,1100,1043,P225/55R19,240,P225/55R19,240,,,,,,,,,25.0633899458079,1,9
2406052,19,90,1-19-2024-090-02,2,1,1789,1021,975,P215/45R17,230,P215/45R17,220,,,,,,,,,45.0884525586451,9,9
2405388,62,161,1-62-2024-161-04,4,2,2090,1150,1150,P235/55R19,230,P235/55R19,230,,,,,,,,,2979.10677058962,7,9
2402471,25,59,1-25-2024-059-03,3,1,2720,1345,1590,P245/60R18,250,P245/60R18,250,,,,,,,,,131.732067428066,2,9
2401618,57,31,1-57-2024-031-03,3,2,2030,1064,1030,P195/50R19,240,P195/50R19,230,,,,,,,,,507.864905147841,1,9
2401452,15,55,1-15-2024-055-03,3,2,2230,1220,1220,P225/60R18,230,P225/60R18,230,,,,,,,,,26.3875727951593,1,9
2400785,26,16,1-26-2024-016-05,5,1,2930,1450,1600,P255/55R20,240,P255/55R20,240,,,,,,,,,37.7123897005153,10,9
2400121,60,4,1-60-2024-004-03,3,1,1600,835,770,P195/60R15,210,P195/60R15,210,,,,,,,,,151.148648275766,8,9
2400244,15,7,1-15-2024-007-08,8,1,9999,9999,9999,9999999999,999,9999999999,999,,,,,,,,,15.788345713656,1,9
2401830,27,57,1-27-2024-057-06,6,1,1733,939,839,P215/45R17,220,P215/45R17,220,,,,,,,,,50.9387159232509,3,9
2401117,66,24,1-66-2024-024-06,6,1,2480,1410,1300,P235/65R18,240,P235/65R18,240,,,,,,,,,124.972344097308,6,9
2405219,66,101,1-66-2024-101-03,3,1,4536,2359,2876,LT275/70R18,420,LT275/70R18,450,,,,,,,,,79.4686416678806,6,9
2402850,11,78,1-11-2024-078-03,3,3,1795,960,840,9999999999,999,9999999999,999,,,,,,,,,171.808727202705,8,9
2400500,52,6,1-52-2024-006-03,3,2,2650,1295,1425,P245/50R20,240,P245/50R20,240,,,,,,,,,23.1510657715199,12,9
2402664,77,90,1-77-2024-090-02,2,1,2040,1160,1140,P205/65R16,235,P205/65R16,235,,,,,,,,,83.1566199866033,9,9
2402166,18,73,1-18-2024-073-07,7,1,2040,1160,1140,P215/55R17,235,P215/55R17,235,,,,,,,,,2970.64644247884,6,9
2402166,18,73,1-18-2024-073-07,7,2,9999,9999,9999,P225/75R16,227,P225/75R16,227,P235/65R17,227,P235/65R17,227,,,,,2970.64644247884,6,9
2404679,67,37,1-67-2024-037-04,4,1,2132,1180,1080,P215/65R17,240,P215/65R17,220,,,,,,,,,67.040607413014,7,9
2404699,69,109,1-69-2024-109-04,4,2,2070,1140,1050,P245/40R19,240,P245/40R19,240,,,,,,,,,202.550243262675,8,9
2406053,19,91,1-19-2024-091-05,5,2,2105,1130,990,P245/45R18,230,P245/45R18,230,,,,,,,,,49.1552833588875,9,9
2402807,62,76,1-62-2024-076-09,9,1,9999,9999,9999,9999999999,999,9999999999,999,,,,,,,,,12242.3665920591,7,9
2403995,60,54,1-60-2024-054-03,3,2,2095,1090,1055,P235/60R18,228,P235/60R18,207,,,,,,,,,252.351417933937,8,9
2404742,21,107,1-21-2024-107-05,5,1,1900,970,980,P205/55R16,250,P205/55R16,250,,,,,,,,,25.3232269794903,11,9
2400806,66,15,1-66-2024-015-06,6,2,2025,1175,1200,P225/60R18,240,P225/60R18,240,,,,,,,,,124.972344097308,6,9
2403119,76,80,1-76-2024-080-07,7,1,2150,1200,1150,P225/60R17,241,P225/60R17,241,,,,,,,,,72.7960942583928,3,9
2402727,14,45,1-14-2024-045-05,5,1,2025,1030,1015,P225/65R17,230,P225/65R17,230,,,,,,,,,128.898032008524,8,9
2403155,30,110,1-30-2024-110-06,6,1,3311,1633,1905,P285/45R22,240,P285/45R22,240,,,,,,,,,542.324515473092,10,9
2403204,17,101,1-17-2024-101-06,6,2,2495,1203,1452,LT255/75R17,260,LT255/75R17,260,,,,,,,,,349.164684359284,4,9
2405196,24,146,1-24-2024-146-09,9,1,2730,1320,1515,P235/65R17,230,P235/65R17,230,,,,,,,,,312.143442317107,1,9
2404698,69,108,1-69-2024-108-04,4,2,2650,1295,1425,P245/60R18,220,P245/60R18,220,,,,,,,,,202.550243262675,8,9
2404157,62,120,1-62-2024-120-03,3,1,3085,1678,1724,P275/60R20,999,P275/60R20,999,,,,,,,,,171.954393200497,7,9
2405511,62,163,1-62-2024-163-02,2,1,2380,1300,1300,P235/55R18,210,P235/55R18,210,,,,,,,,,27.4104501869369,7,9
2404847,28,151,1-28-2024-151-07,7,1,1736,914,822,P205/55R16,240,P205/55R16,240,,,,,,,,,44.330330715033,3,9
2400078,59,4,1-59-2024-004-08,8,1,2745,1339,1407,P225/65R17,250,P225/65R17,250,,,,,,,,,111.392066987082,6,9
2403224,76,85,1-76-2024-085-04,4,1,1710,920,830,P235/40R18,225,P235/40R18,220,,,,,,,,,159.257021770113,3,9
2405382,30,184,1-30-2024-184-03,3,2,1633,863,770,P205/55R17,220,P205/55R17,220,,,,,,,,,200.251916151604,10,9
2404635,21,105,1-21-2024-105-06,6,1,2370,1150,1310,P235/45R20,260,P235/45R20,310,,,,,,,,,469.478355320595,11,9
2404386,14,81,1-14-2024-081-04,4,1,9999,9999,9999,P275/45R22,234,P275/45R22,234,,,,,,,,,1546.38474208403,8,9
2400413,15,15,1-15-2024-015-03,3,1,2819,1349,1650,P275/45R21,260,P315/40R21,300,,,,,,,,,14.5436393843836,1,9
2404243,17,134,1-17-2024-134-03,3,2,2380,1300,1350,P235/60R18,240,P235/60R18,240,,,,,,,,,56.2627107467575,4,9
2401681,32,62,1-32-2024-062-04,4,1,2075,1075,1000,P225/65R17,230,P225/65R17,230,,,,,,,,,562.002399856569,7,9
2402285,54,58,1-54-2024-058-07,7,2,2150,1179,1179,P225/70R15,207,P225/70R15,207,,,,,,,,,248.157241541513,9,9
2404200,67,29,1-67-2024-029-04,4,5,1537,794,758,P185/65R15,230,P185/65R15,230,,,,,,,,,955.458116107281,7,9
2400997,19,16,1-19-2024-016-03,3,1,1810,1050,920,P235/40R18,230,P235/40R18,230,,,,,,,,,69.7381806387851,9,9
2405425,12,105,1-12-2024-105-03,3,2,3175,1633,1792,P255/70R17,240,P255/70R17,240,,,,,,,,,164.057323491007,9,9
2402179,69,40,1-69-2024-040-02,2,1,9999,9999,9999,9999999999,999,9999999999,999,,,,,,,,,7.30201599951961,8,9
2405574,16,126,1-16-2024-126-NM1,21,1,2000,1075,1040,P235/45R17,230,P235/45R17,220,,,,,,,,,196.102077456907,5,9
2404641,69,106,1-69-2024-106-05,5,1,1944,1065,995,P215/55R18,240,P215/55R18,240,,,,,,,,,16.0056300586408,8,9
2400442,18,13,1-18-2024-013-04,4,2,2125,1115,1065,P235/55R19,230,P235/55R19,210,,,,,,,,,151.429476813471,6,9
2405188,69,125,1-69-2024-125-04,4,2,1710,953,857,P205/55R17,230,P205/55R17,230,,,,,,,,,308.98971131769,8,9
2401939,25,44,1-25-2024-044-03,3,1,2100,1175,1200,P225/65R17,999,P225/65R17,999,,,,,,,,,180.703200158329,2,9
2402603,69,49,1-69-2024-049-02,2,2,1760,930,840,P235/40R18,225,P235/40R18,220,,,,,,,,,7.30201599951961,8,9
2400465,17,15,1-17-2024-015-09,9,2,2065,1113,952,P225/55R17,210,P225/55R17,210,,,,,,,,,274.320609978229,4,9
2403476,11,100,1-11-2024-100-02,2,1,1388,780,750,P185/55R18,241,P185/55R18,241,,,,,,,,,30.7614595081659,8,9
2403814,60,48,1-60-2024-048-03,3,2,1978,1061,975,P225/65R17,230,P225/65R17,230,,,,,,,,,146.770890885321,8,9
2404478,27,141,1-27-2024-141-03,3,1,3175,1792,1792,P265/65R18,240,P265/65R18,240,,,,,,,,,26.5096922457315,3,9
2402812,57,63,1-57-2024-063-02,2,2,2160,1170,1010,P225/50R18,220,P225/50R18,220,,,,,,,,,12.4176324747354,1,9
2400273,23,6,1-23-2024-006-02,2,1,9999,9999,9999,9999999999,999,9999999999,999,,,,,,,,,62.9617318466021,5,9
2404355,12,80,1-12-2024-080-06,6,1,2030,1070,960,P235/40R19,225,P235/40R19,225,,,,,,,,,951.513440369114,9,9
2402440,57,52,1-57-2024-052-03,3,3,1826,947,879,P215/60R16,240,P215/60R16,240,,,,,,,,,205.855825695291,1,9
2401776,10,23,1-10-2024-023-07,7,1,1944,1076,870,P225/45R17,235,P225/45R17,235,,,,,,,,,3048.3182593189,4,9
2400250,22,6,1-22-2024-006-03,3,1,3130,1770,1770,P275/60R20,270,P275/60R20,270,,,,,,,,,42.1405403497324,12,9
2404332,28,133,1-28-2024-133-09,9,1,2773,1279,1588,P265/60R18,240,P265/60R18,240,,,,,,,,,34.7771381559099,3,9
2404996,31,107,1-31-2024-107-10,10,1,1810,972,880,P215/55R16,240,P215/55R16,240,,,,,,,,,419.593794787767,6,9
2402062,20,59,1-20-2024-059-07,7,3,4083,2359,2722,LT265/70R17,413,LT265/70R17,482,,,,,,,,,1371.4721415387,11,9
2400296,18,8,1-18-2024-008-06,6,2,2745,1339,1407,P225/65R17,250,P225/65R17,250,,,,,,,,,66.0930169005829,6,9
2404956,14,93,1-14-2024-093-02,2,1,9999,9999,9999,9999999999,999,9999999999,999,,,,,,,,,73.7387227230028,8,9
2403685,12,62,1-12-2024-062-03,3,2,2340,1105,1235,P235/55R19,270,P235/55R19,320,,,,,,,,,164.057323491007,9,9
2401707,27,56,1-27-2024-056-04,4,2,9999,9999,9999,9999999999,999,9999999999,999,,,,,,,,,54.7711555466727,3,9
2403482,60,42,1-60-2024-042-07,7,2,2011,1060,960,P205/65R15,230,P205/65R15,230,,,,,,,,,1532.63624546784,8,9
2406144,12,123,1-12-2024-123-06,6,1,2291,1184,1184,P225/60R17,230,P225/60R17,230,,,,,,,,,427.642949572862,9,9
2400333,20,7,1-20-2024-007-06,6,2,2735,1433,1706,P245/70R16,180,P245/70R16,340,,,,,,,,,119.111028080302,11,9
2405105,27,160,1-27-2024-160-NM2,22,1,1626,855,780,P195/65R15,210,P195/65R15,210,,,,,,,,,35.0197990149152,3,9
2405205,25,139,1-25-2024-139-03,3,1,2663,1340,1450,P245/50R20,240,P245/50R20,240,,,,,,,,,86.4115838760651,2,9
2404418,77,140,1-77-2024-140-04,4,2,2090,1150,1150,P225/65R17,250,P225/65R17,250,,,,,,,,,476.853157776602,9,9
2404226,69,95,1-69-2024-095-07,7,1,1940,1050,900,P215/65R16,240,P215/65R16,240,,,,,,,,,993.965132071488,8,9
2402566,79,55,1-79-2024-055-03,3,1,2730,1310,1465,P235/60R18,240,P235/60R18,240,,,,,,,,,104.756877618907,8,9
2401645,79,35,1-79-2024-035-06,6,1,2141,1072,1089,P225/65R17,230,P225/65R17,230,,,,,,,,,448.844720308613,8,9
2405724,18,140,1-18-2024-140-05,5,1,9999,9999,9999,9999999999,999,9999999999,999,,,,,,,,,50.9427492020977,6,9
2401539,69,27,1-69-2024-027-02,2,1,2790,1266,1583,P275/45R21,230,P275/45R21,230,,,,,,,,,7.30201599951961,8,9
2406016,77,196,1-77-2024-196-09,9,1,4082,1724,2504,LT245/75R16,420,LT245/75R16,550,,,,,,,,,1784.0686377395,9,9
2400557,62,16,1-62-2024-016-04,4,1,1733,939,839,P215/45R17,220,P215/45R17,220,,,,,,,,,2472.48073760357,7,9
2404581,24,128,1-24-2024-128-07,7,1,1990,1065,995,P205/70R16,240,P205/70R16,240,,,,,,,,,1138.83188436001,1,9
2405912,13,82,1-13-2024-082-02,2,1,2313,1275,1275,P245/45R20,221,P245/45R20,221,,,,,,,,,66.7757455815988,7,9
2403542,59,108,1-59-2024-108-03,3,1,1710,920,830,P235/40R18,225,P235/40R18,220,,,,,,,,,55.2187891713604,6,9
2400104,17,4,1-17-2024-004-07,7,1,2080,1150,1000,P225/55R18,240,P225/55R18,240,,,,,,,,,1461.10538290808,4,9
2405265,59,154,1-59-2024-154-04,4,1,2340,1140,1250,P235/55R18,250,P235/55R18,250,,,,,,,,,407.870337563103,6,9
2400545,81,14,1-81-2024-014-02,2,1,9999,9999,9999,P215/65R17,240,P215/65R17,240,,,,,,,,,28.5268950366683,8,9
2405414,13,77,1-13-2024-077-03,3,1,2018,1097,969,P235/40R19,345,P235/40R19,345,,,,,,,,,4056.64491983968,7,9
2400402,31,5,1-31-2024-005-07,7,1,3520,1678,1950,P275/55R20,240,P275/55R20,240,,,,,,,,,230.868935151332,6,9
2404352,30,151,1-30-2024-151-07,7,1,3016,1610,1610,LT315/70R17,260,LT315/70R17,260,,,,,,,,,4176.39915810018,10,9
2403711,60,46,1-60-2024-046-03,3,1,1870,980,940,P205/55R17,250,P205/55R17,250,,,,,,,,,112.083995755137,8,9
2405334,28,166,1-28-2024-166-09,9,1,1690,889,830,P205/55R16,220,P205/55R16,220,,,,,,,,,97.1901174624373,3,9
2400316,17,11,1-17-2024-011-07,7,1,2360,1250,1240,P235/55R18,240,P235/55R18,240,,,,,,,,,794.522848000315,4,9
2400167,48,10,1-48-2024-010-04,4,1,1660,875,785,P205/55R17,220,P205/55R17,220,,,,,,,,,482.621928241557,12,9
2405869,11,179,1-11-2024-179-03,3,2,2030,1188,1098,9999999999,999,9999999999,999,,,,,,,,,50.959088452492,8,9
2400562,18,20,1-18-2024-020-06,6,1,2722,1350,1545,P235/55R20,250,P235/55R20,250,,,,,,,,,173.45428776267,6,9
2404807,33,93,1-33-2024-093-03,3,2,2835,1588,1633,P265/65R18,240,P265/65R18,240,,,,,,,,,33.6168445424995,12,9
2403456,12,60,1-12-2024-060-04,4,1,2050,1016,1061,P235/50R18,220,P235/50R18,220,,,,,,,,,523.991116135277,9,9
2402460,11,65,1-11-2024-065-02,2,1,1600,880,840,P185/65R15,230,P185/65R15,230,,,,,,,,,30.7614595081659,8,9
2401796,20,52,1-20-2024-052-09,9,1,1850,995,890,P205/65R15,210,P205/65R15,200,,,,,,,,,618.131065443623,11,9
2405185,54,113,1-54-2024-113-02,2,1,2540,1335,1490,P265/70R16,210,P265/70R16,210,,,,,,,,,132.981711816027,9,9
2405162,77,165,1-77-2024-165-02,2,3,2730,1310,1465,P235/60R18,240,P235/60R18,240,,,,,,,,,83.1566199866033,9,9
2406227,30,210,1-30-2024-210-03,3,1,2025,1175,1200,P225/65R17,240,P225/65R17,240,,,,,,,,,339.574625310413,10,9
2405640,77,177,1-77-2024-177-06,6,1,9999,9999,9999,P235/70R16,220,P235/70R16,220,,,,,,,,,1021.39406710871,9,9
2404312,17,137,1-17-2024-137-03,3,2,2382,1293,1293,P225/60R18,240,P225/60R18,240,,,,,,,,,63.7311016265517,4,9
2406204,21,152,1-21-2024-152-03,3,2,2665,1635,1635,P235/65R18,250,P235/65R18,250,,,,,,,,,324.785475546463,11,9
2400940,13,23,1-13-2024-023-08,8,1,1643,887,756,P195/65R15,260,P195/65R15,260,,,,,,,,,113.376165364455,7,9
2405686,66,111,1-66-2024-111-06,6,1,2159,1125,1040,P235/55R17,240,P235/55R17,240,,,,,,,,,166.747203200861,6,9
2405855,20,138,1-20-2024-138-03,3,1,9999,9999,9999,9999999999,999,9999999999,999,,,,,,,,,129.05694282056,11,9
2402437,79,51,1-79-2024-051-07,7,2,2122,1072,1089,P225/65R17,228,P225/65R17,228,,,,,,,,,149.477972781477,8,9
2406250,54,131,1-54-2024-131-03,3,2,1905,1134,1043,P205/75R14,241,P205/75R14,241,,,,,,,,,125.113113257208,9,9
2401750,57,33,1-57-2024-033-NM1,21,1,9999,9999,9999,9999999999,999,9999999999,999,,,,,,,,,38.5305215581579,1,9
2405394,10,107,1-10-2024-107-NM1,21,1,2092,1185,1185,P215/55R17,255,P215/55R17,255,,,,,,,,,36.1764362071444,4,9
2406081,76,181,1-76-2024-181-03,3,1,1896,1050,971,P205/55R16,240,P205/55R16,230,,,,,,,,,71.5495535595937,3,9
2401126,73,38,1-73-2024-038-03,3,1,2663,1340,1450,P245/65R18,240,P245/65R18,240,,,,,,,,,23.5881329232141,3,9
2403688,54,90,1-54-2024-090-09,9,1,1835,946,889,P215/60R16,240,P215/60R16,240,,,,,,,,,117.274582131211,9,9
2403293,73,94,1-73-2024-094-07,7,1,3220,1815,1880,P275/65R18,210,P275/65R18,230,,,,,,,,,46.0859335695799,3,9
2403625,82,93,1-82-2024-093-06,6,1,1733,939,839,P205/55R16,220,P205/55R16,220,,,,,,,,,333.226313807327,1,9
2404953,11,148,1-11-2024-148-02,2,2,2040,1090,960,P235/45R17,240,P235/45R17,220,,,,,,,,,30.7614595081659,8,9
2401710,54,41,1-54-2024-041-10,10,1,2246,1275,1275,P215/65R17,210,P215/65R17,210,,,,,,,,,297.406603751546,9,9
2404272,21,92,1-21-2024-092-03,3,2,3402,1633,1905,9999999999,999,9999999999,999,,,,,,,,,108.239393853195,11,9
2402354,32,85,1-32-2024-085-02,2,1,2065,1095,1025,P235/60R18,228,P235/60R18,228,,,,,,,,,8.40925917459616,7,9
2401026,16,32,1-16-2024-032-09,9,1,2700,1300,1430,P235/70R16,220,P235/70R16,220,,,,,,,,,1561.49805505811,5,9
2403041,77,102,1-77-2024-102-02,2,1,2630,1340,1340,P255/50R20,250,P255/50R20,250,,,,,,,,,83.1566199866033,9,9
2404392,77,139,1-77-2024-139-03,3,1,2220,1150,1109,P235/50R19,230,P235/50R19,230,,,,,,,,,85.2970128115426,9,9
2402898,20,81,1-20-2024-081-03,3,1,9999,9999,9999,9999999999,999,9999999999,999,,,,,,,,,81.8606256970461,11,9
2403087,30,109,1-30-2024-109-01,1,2,1800,1040,935,P215/55R17,228,P215/55R17,228,,,,,,,,,31.9306938476085,10,9
2405102,76,148,1-76-2024-148-06,6,1,2350,1350,1395,P235/55R19,235,P235/55R19,235,,,,,,,,,86.1549159902945,3,9
2400499,52,5,1-52-2024-005-09,9,2,1805,1030,987,P195/65R15,240,P195/65R15,230,,,,,,,,,203.384126194142,12,9
2404206,48,136,1-48-2024-136-07,7,2,9999,9999,9999,9999999999,999,9999999999,999,,,,,,,,,525.837186883021,12,9
2402712,11,73,1-11-2024-073-06,6,1,2268,1188,1089,P245/25R19,240,P245/25R19,240,,,,,,,,,407.230445375279,8,9
2403937,59,120,1-59-2024-120-05,5,1,2490,1255,1410,P265/65R17,200,P265/65R17,200,,,,,,,,,100.475910570053,6,9
2406101,21,149,1-21-2024-149-02,2,1,2631,1407,1701,P255/70R18,260,P255/70R18,260,,,,,,,,,9.63819602034845,11,9
2405437,82,156,1-82-2024-156-03,3,1,2440,1216,1261,9999999999,999,9999999999,999,,,,,,,,,149.786835379749,1,9
2404037,62,112,1-62-2024-112-04,4,3,4536,2132,2767,LT245/75R17,450,LT245/75R17,550,,,,,,,,,1828.44209322658,7,9
2404086,69,93,1-69-2024-093-07,7,1,1823,975,856,P205/60R16,250,P205/60R16,250,,,,,,,,,465.269037606198,8,9
2405809,24,162,1-24-2024-162-03,3,2,2540,1335,1490,P265/65R17,200,P265/65R17,200,,,,,,,,,50.1091915477943,1,9
2402726,14,44,1-14-2024-044-02,2,1,2495,1273,1273,P225/60R17,230,P225/60R17,230,,,,,,,,,73.7387227230028,8,9
2402477,76,64,1-76-2024-064-04,4,1,2949,1452,1679,P265/50R20,230,P265/50R20,250,,,,,,,,,139.059394351881,3,9
2405915,17,194,1-17-2024-194-07,7,1,2908,1450,1600,P255/60R19,240,P255/60R19,240,,,,,,,,,562.973405099887,4,9
2404435,17,142,1-17-2024-142-03,3,2,3175,1724,1724,P275/60R20,999,P275/60R20,999,,,,,,,,,60.9311505045675,4,9
2402775,62,73,1-62-2024-073-09,9,2,2080,1070,1060,P225/60R17,220,P225/60R17,210,,,,,,,,,6595.93532166569,7,9
2400711,62,21,1-62-2024-021-02,2,1,3175,1610,1814,P265/70R17,220,P265/70R17,220,,,,,,,,,61.2648028245878,7,9
2400897,32,25,1-32-2024-025-02,2,1,1844,1050,971,P225/40R18,230,P225/40R18,210,,,,,,,,,6.82324656710563,7,9
2401544,60,16,1-60-2024-016-06,6,2,1825,1005,820,P215/45R17,241,P215/45R17,228,,,,,,,,,1248.1545482148,8,9
2406164,20,146,1-20-2024-146-04,4,2,2812,1542,1452,P265/65R17,240,P265/65R17,240,,,,,,,,,304.330370561349,11,9
2400213,14,3,1-14-2024-003-03,3,2,1915,1040,960,P235/45R18,230,P235/45R18,230,,,,,,,,,1131.22927972053,8,9
2405082,76,147,1-76-2024-147-03,3,2,1720,990,950,P205/55R16,230,P205/55R16,230,,,,,,,,,71.5495535595937,3,9
2400989,82,24,1-82-2024-024-06,6,1,2745,1339,1407,P225/65R17,250,P225/65R17,250,,,,,,,,,296.299852754582,1,9
2400657,21,15,1-21-2024-015-03,3,1,2405,1275,1275,P275/40R20,220,P275/40R20,220,,,,,,,,,177.85380592518,11,9
2405566,60,91,1-60-2024-091-03,3,2,2087,1180,1080,P225/60R17,240,P225/60R17,220,,,,,,,,,292.287630968549,8,9
2400966,77,33,1-77-2024-033-09,9,2,1645,880,775,P205/55R16,220,P205/55R16,220,,,,,,,,,1062.90660730513,9,9
2405921,69,149,1-69-2024-149-01,1,1,2214,1160,1064,P235/50R18,230,P235/50R18,230,,,,,,,,,9.82023560759747,8,9
2400634,32,16,1-32-2024-016-04,4,2,3175,1656,1792,P265/65R18,240,P265/65R18,240,,,,,,,,,1682.09877420889,7,9
2402864,16,85,1-16-2024-085-09,9,1,2093,1123,970,P225/50R18,210,P225/50R18,210,,,,,,,,,4161.34407721317,5,9
2405211,27,162,1-27-2024-162-04,4,1,2949,1452,1679,P265/60R18,250,P265/60R18,250,,,,,,,,,267.868710988368,3,9
2402386,82,58,1-82-2024-058-04,4,2,2082,1140,943,P235/45R18,221,P235/45R18,221,,,,,,,,,595.159797221277,1,9
2401845,26,47,1-26-2024-047-07,7,2,1847,970,877,P215/60R16,240,P215/60R16,240,,,,,,,,,4189.99064745265,10,9
2405612,29,95,1-29-2024-095-04,4,2,2200,1250,1220,P225/65R17,240,P225/65R17,230,,,,,,,,,1186.81687143117,2,9
2402194,20,63,1-20-2024-063-04,4,1,2540,1335,1490,P245/75R16,220,P245/75R16,220,,,,,,,,,191.36238078355,11,9
2400348,16,9,1-16-2024-009-01,1,2,9999,9999,9999,9999999999,999,9999999999,999,,,,,,,,,15.8174891263142,5,9
2401135,82,28,1-82-2024-028-04,4,2,1795,955,850,P215/55R16,200,P215/55R16,200,,,,,,,,,204.821008822142,1,9
2405426,57,168,1-57-2024-168-03,3,2,1790,960,860,9999999999,999,9999999999,999,,,,,,,,,200.397476127225,1,9
2405475,27,168,1-27-2024-168-03,3,1,2799,1243,1628,P275/40R20,250,P315/35R20,280,,,,,,,,,34.4708789597874,3,9
2404934,19,67,1-19-2024-067-03,3,1,1760,980,910,P195/65R15,230,P195/65R15,230,,,,,,,,,122.471944698346,9,9
2405638,60,94,1-60-2024-094-03,3,3,2270,1190,1100,P255/40R19,220,P255/40R19,220,,,,,,,,,225.387841771132,8,9
2404974,27,154,1-27-2024-154-09,9,1,2053,1076,1020,P225/55R18,260,P225/55R18,260,,,,,,,,,183.824915190575,3,9
2403623,17,112,1-17-2024-112-09,9,2,2094,1165,929,P255/45R18,210,P225/50R18,210,,,,,,,,,124.444730519243,4,9
2403786,62,104,1-62-2024-104-03,3,1,2715,1325,1415,P235/65R18,230,P235/65R18,230,,,,,,,,,737.04148814888,7,9
2400869,20,24,1-20-2024-024-01,1,1,1871,1009,900,9999999999,999,9999999999,999,,,,,,,,,35.0220589332575,11,9
2404782,10,90,1-10-2024-090-03,3,2,2090,1150,1150,P225/65R17,999,P225/65R17,999,,,,,,,,,195.471427219272,4,9
2404450,11,137,1-11-2024-137-01,1,1,3175,1792,1792,P265/70R17,240,P265/70R17,240,,,,,,,,,46.5272035437193,8,9
2403477,11,101,1-11-2024-101-07,7,1,3085,1770,1770,P265/70R17,276,P265/70R17,276,,,,,,,,,2789.72309945544,8,9
2404164,59,122,1-59-2024-122-05,5,1,9999,9999,9999,P225/65R15,210,P225/65R15,210,,,,,,,,,64.5686342016191,6,9
2401894,18,68,1-18-2024-068-03,3,1,2380,1248,1300,P235/50R19,240,P235/50R19,240,,,,,,,,,50.7782735422604,6,9
2406202,26,134,1-26-2024-134-NM1,21,1,2540,1280,1370,P235/55R19,250,P235/55R19,255,,,,,,,,,112.32218986867,10,9
2404919,73,128,1-73-2024-128-06,6,1,2380,1210,1300,P225/60R18,240,P225/60R18,240,,,,,,,,,117.285282177035,3,9
2404361,21,93,1-21-2024-093-05,5,2,9999,9999,9999,9999999999,999,9999999999,999,,,,,,,,,21.0158628465893,11,9
2406084,31,132,1-31-2024-132-03,3,2,9999,9999,9999,9999999999,999,9999999999,999,,,,,,,,,151.964719784207,6,9
2405297,33,100,1-33-2024-100-02,2,1,3221,1452,1770,P265/50R20,250,P265/50R20,250,,,,,,,,,23.2460633538017,12,9
2406382,52,64,1-52-2024-064-02,2,1,2030,1188,1098,P235/40R19,240,P235/40R19,240,,,,,,,,,23.7948925221775,12,9
2400388,15,14,1-15-2024-014-07,7,1,2420,1200,1310,P235/50R19,240,P235/50R19,280,,,,,,,,,314.881929096078,1,9
2405549,33,104,1-33-2024-104-03,3,2,2160,1260,1200,P235/55R19,240,P235/55R19,240,,,,,,,,,40.2722548703879,12,9
2405008,22,153,1-22-2024-153-03,3,2,2200,1250,1220,P225/60R18,240,P225/60R18,230,,,,,,,,,28.3765658017979,12,9
2403823,27,121,1-27-2024-121-04,4,1,2468,1279,1198,P245/60R18,240,P245/60R18,240,,,,,,,,,74.4923275366099,3,9
2403966,12,72,1-12-2024-072-04,4,1,1790,960,860,P215/55R16,220,P215/55R16,220,,,,,,,,,852.936405009971,9,9
2401925,17,60,1-17-2024-060-06,6,2,1770,1020,920,P205/60R16,240,P205/60R16,240,,,,,,,,,64.8641554918048,4,9
2400929,22,24,1-22-2024-024-09,9,1,2292,1216,1136,P235/65R18,230,P235/65R18,230,,,,,,,,,38.1287781911826,12,9
2401118,66,25,1-66-2024-025-09,9,1,4490,2177,3098,LT265/75R16,379,LT265/75R16,552,,,,,,,,,97.5596917228585,6,9
2400571,73,19,1-73-2024-019-06,6,2,2855,1360,1560,P265/70R17,220,P265/70R17,220,,,,,,,,,37.0946854309253,3,9
2402237,82,52,1-82-2024-052-02,2,1,2030,1070,960,P235/40R19,225,P235/40R19,225,,,,,,,,,23.9814262485552,1,9
2401384,20,36,1-20-2024-036-02,2,1,2141,1072,1089,P225/65R17,228,P225/65R17,228,,,,,,,,,19.9171728154044,11,9
2400863,69,15,1-69-2024-015-02,2,1,2330,1300,1350,P235/60R18,240,P235/60R18,240,,,,,,,,,8.43191074883387,8,9
2403319,67,14,1-67-2024-014-03,3,2,2100,1200,1150,P225/60R17,241,P225/60R17,241,,,,,,,,,127.968795400111,7,9
2403568,18,98,1-18-2024-098-05,5,3,2040,1075,1125,P225/60R17,228,P225/60R17,228,,,,,,,,,50.9427492020977,6,9
2402074,66,48,1-66-2024-048-03,3,2,3992,2359,2760,LT245/75R16,448,LT245/75R16,551,,,,,,,,,79.4686416678806,6,9
2402964,77,100,1-77-2024-100-03,3,2,3266,1724,1724,P275/60R20,240,P275/60R20,240,,,,,,,,,209.980439460019,9,9
2400757,30,22,1-30-2024-022-05,5,1,9999,9999,9999,P245/35R19,210,P285/35R20,210,,,,,,,,,81.1099107810627,10,9
2400259,76,5,1-76-2024-005-03,3,1,3221,1770,1860,P285/45R22,250,P285/45R22,250,,,,,,,,,80.9363528734549,3,9
2403946,18,108,1-18-2024-108-06,6,2,2159,1125,1040,P235/50R18,240,P235/50R18,240,,,,,,,,,263.0958563588,6,9
2401447,22,43,1-22-2024-043-04,4,1,1800,990,910,P225/45R17,230,P225/45R17,230,,,,,,,,,53.9355248684657,12,9
2403760,22,116,1-22-2024-116-06,6,1,1865,976,889,P225/50R17,210,P225/50R17,210,,,,,,,,,32.5176317005135,12,9
2402678,54,71,1-54-2024-071-10,10,2,9999,9999,9999,9999999999,999,9999999999,999,,,,,,,,,446.109905627319,9,9
2403405,28,102,1-28-2024-102-09,9,1,2930,1450,1600,P245/70R17,240,P245/70R17,240,,,,,,,,,151.522670294483,3,9
2406067,79,120,1-79-2024-120-09,9,2,2440,1297,1157,P245/60R18,240,P245/60R18,240,,,,,,,,,696.13323281141,8,9
2404046,81,99,1-81-2024-099-02,2,1,1780,990,950,P205/55R16,230,P205/55R16,230,,,,,,,,,45.7690227505208,8,9
2401888,10,25,1-10-2024-025-08,8,1,1685,896,796,P195/60R15,220,P195/60R15,220,,,,,,,,,469.660121887338,4,9
2400216,16,6,1-16-2024-006-02,2,1,9999,9999,9999,9999999999,999,9999999999,999,,,,,,,,,15.1092509057653,5,9
2405784,30,194,1-30-2024-194-06,6,2,3266,1792,1792,P275/55R20,240,P275/55R20,240,,,,,,,,,943.451481828902,10,9
2402289,81,47,1-81-2024-047-NM1,21,1,9999,9999,9999,9999999999,999,9999999999,999,,,,,,,,,30.4851567966787,8,9
2402389,66,54,1-66-2024-054-09,9,1,1642,839,816,P185/60R15,220,P185/60R15,220,,,,,,,,,97.5596917228585,6,9
2404078,12,74,1-12-2024-074-03,3,2,3130,1679,1860,P275/55R20,250,P275/55R20,250,,,,,,,,,164.057323491007,9,9
2405406,18,133,1-18-2024-133-09,9,1,9999,9999,9999,9999999999,999,9999999999,999,,,,,,,,,1430.98194055584,6,9
2401161,25,26,1-25-2024-026-06,6,2,1645,880,775,P205/55R16,220,P205/55R16,220,,,,,,,,,113.807897238659,2,9
2403036,81,68,1-81-2024-068-05,5,2,2638,1495,1511,P265/70R16,240,P265/70R16,240,,,,,,,,,46.9373959605953,8,9
2404018,26,106,1-26-2024-106-03,3,2,2273,1363,1500,P255/45R19,290,P255/45R19,290,,,,,,,,,1803.86639113949,10,9
2406388,66,126,1-66-2024-126-10,10,1,1753,1000,860,P215/45R17,220,P215/45R17,210,,,,,,,,,242.389498710963,6,9
2405847,15,226,1-15-2024-226-03,3,2,2800,1450,1600,P255/65R18,240,P255/65R18,240,,,,,,,,,13.5033788678664,1,9
2401224,81,25,1-81-2024-025-05,5,1,2177,1116,1098,P235/70R16,240,P235/70R16,240,,,,,,,,,62.3562447625643,8,9
2403285,81,73,1-81-2024-073-01,1,2,1950,1129,907,P205/65R15,220,P205/65R15,220,,,,,,,,,82.1455309731661,8,9
2403139,29,27,1-29-2024-027-03,3,2,1970,1010,1000,P225/55R17,230,P225/55R17,220,,,,,,,,,251.073895307197,2,9
2405277,77,170,1-77-2024-170-05,5,1,2340,1350,1395,P235/65R17,235,P235/65R17,235,,,,,,,,,90.6570748528622,9,9
2402031,62,52,1-62-2024-052-06,6,2,2325,1075,1250,P245/40R19,260,P245/40R19,300,,,,,,,,,5728.45831228632,7,9
2403213,24,89,1-24-2024-089-NM1,21,1,2100,1065,1055,P225/60R18,220,P225/60R18,210,,,,,,,,,23.1726143074507,1,9
2402672,48,89,1-48-2024-089-03,3,1,2223,1165,1130,P225/55R18,240,P225/55R18,230,,,,,,,,,54.9604072040948,12,9
2405755,62,170,1-62-2024-170-03,3,2,2205,1270,1270,P235/60R18,230,P235/60R18,230,,,,,,,,,631.835133100999,7,9
2401865,77,64,1-77-2024-064-07,7,2,3266,1633,1814,P265/70R16,240,P265/70R16,240,,,,,,,,,2827.15580820604,9,9
2401533,79,32,1-79-2024-032-04,4,1,1795,960,840,P205/60R16,260,P205/60R16,260,,,,,,,,,213.632193597411,8,9
2402220,28,66,1-28-2024-066-06,6,1,2130,1150,1200,P225/60R18,240,P225/60R18,230,,,,,,,,,44.5186799027896,3,9
2404945,24,139,1-24-2024-139-03,3,1,1720,990,950,P205/55R16,230,P205/55R16,230,,,,,,,,,39.5708422080072,1,9
2403717,16,104,1-16-2024-104-02,2,1,1870,980,940,P205/60R16,250,P205/60R16,250,,,,,,,,,17.113025437318,5,9
2404258,82,109,1-82-2024-109-03,3,1,2190,1072,1220,P225/45R18,220,P225/45R18,260,,,,,,,,,114.338725365373,1,9
2403734,76,102,1-76-2024-102-07,7,1,2650,1295,1425,P245/50R20,999,P245/50R20,999,,,,,,,,,134.070753436063,3,9
2402738,32,98,1-32-2024-098-NM1,21,1,1944,1065,995,P205/70R16,240,P205/70R16,240,,,,,,,,,72.5717518696977,7,9
2402157,54,54,1-54-2024-054-04,4,2,9999,9999,9999,P265/60R18,250,P265/60R18,250,,,,,,,,,152.997399597271,9,9
2401802,14,30,1-14-2024-030-04,4,2,2030,1188,1098,P235/45R18,240,P235/45R18,240,,,,,,,,,929.985578247642,8,9
2401364,13,36,1-13-2024-036-02,2,2,2675,1360,1460,P235/55R20,228,P235/55R20,228,,,,,,,,,9.13287494953795,7,9
2401424,28,39,1-28-2024-039-06,6,1,1847,997,854,P215/45R18,250,P215/45R18,250,,,,,,,,,44.5186799027896,3,9
2404318,48,141,1-48-2024-141-10,10,1,1563,959,943,P205/50R16,220,P205/50R16,220,,,,,,,,,281.781789090427,12,9
2403479,11,103,1-11-2024-103-04,4,1,2100,1191,1191,9999999999,999,9999999999,999,,,,,,,,,595.929961083085,8,9
2404143,69,94,1-69-2024-094-03,3,2,3879,2100,2400,LT225/75R16,450,LT225/75R16,550,,,,,,,,,36.8490959189231,8,9
2403124,26,91,1-26-2024-091-03,3,1,2123,1210,1070,P215/55R17,210,P215/55R17,210,,,,,,,,,146.032571117139,10,9
2402792,81,58,1-81-2024-058-05,5,1,1737,914,822,P205/55R16,240,P205/55R16,240,,,,,,,,,132.915544628643,8,9
2403502,28,104,1-28-2024-104-06,6,2,3221,1724,1724,P275/50R22,999,P275/50R22,999,,,,,,,,,44.5186799027896,3,9
2405494,15,211,1-15-2024-211-06,6,2,1905,1020,910,9999999999,999,9999999999,999,,,,,,,,,220.302653676191,1,9
2405162,77,165,1-77-2024-165-02,2,1,2449,1214,1344,P265/75R16,240,P265/75R16,240,,,,,,,,,83.1566199866033,9,9
2403474,25,90,1-25-2024-090-07,7,1,2386,1279,1143,P235/55R18,220,P235/55R18,220,,,,,,,,,1148.50901406904,2,9
2401622,81,31,1-81-2024-031-03,3,1,2386,1202,1231,P275/35R20,220,P285/35R20,220,,,,,,,,,1518.38116385716,8,9
2403096,11,84,1-11-2024-084-04,4,3,1720,990,950,P205/55R16,228,P205/55R16,228,,,,,,,,,292.515838449788,8,9
2403637,15,144,1-15-2024-144-03,3,1,2085,1150,1100,P215/65R17,230,P215/65R17,230,,,,,,,,,22.7363613317347,1,9
2405100,60,78,1-60-2024-078-03,3,1,2660,1360,1460,P235/55R20,230,P235/55R20,230,,,,,,,,,321.683073030639,8,9
2402641,30,91,1-30-2024-091-03,3,1,2676,1335,1530,P255/50R20,240,P255/50R20,240,,,,,,,,,191.593916555459,10,9
2404075,19,53,1-19-2024-053-05,5,2,2250,1175,1240,P225/65R17,240,P225/65R17,240,,,,,,,,,73.2539652773898,9,9
2403388,15,131,1-15-2024-131-03,3,1,3266,1701,1837,P275/55R20,240,P275/55R20,240,,,,,,,,,18.2895686681908,1,9
2402352,32,83,1-32-2024-083-04,4,1,2302,1280,1140,P255/45R20,228,P255/45R20,228,,,,,,,,,1568.60179570378,7,9
2402993,27,94,1-27-2024-094-07,7,1,9999,9999,9999,9999999999,999,9999999999,999,,,,,,,,,35.5728790039804,3,9
2401831,27,58,1-27-2024-058-07,7,2,2223,1165,1130,P225/60R17,230,P225/60R17,220,,,,,,,,,79.1723766293606,3,9
2401808,16,52,1-16-2024-052-05,5,1,3311,1633,1860,P275/55R20,221,P275/55R20,221,,,,,,,,,17.1930300888655,5,9
2403205,66,67,1-66-2024-067-08,8,2,9999,1280,9999,P245/70R16,210,P245/70R16,210,,,,,,,,,136.694074174878,6,9
2400122,52,1,1-52-2024-001-07,7,2,2495,1273,1273,P225/65R17,250,P225/65R17,250,,,,,,,,,27.9760451550854,12,9
2405887,10,121,1-10-2024-121-03,3,2,3334,1701,1746,P275/65R18,240,P275/65R18,240,,,,,,,,,429.663410905726,4,9
2402492,24,65,1-24-2024-065-06,6,2,2477,1338,1157,P245/55R18,240,P245/55R18,240,,,,,,,,,51.619954276736,1,9
2402707,20,78,1-20-2024-078-04,4,2,2949,1452,1679,P265/60R18,250,P265/60R18,250,,,,,,,,,121.516357559067,11,9
2401874,59,58,1-59-2024-058-07,7,1,1610,850,840,P175/70R14,230,P175/70R14,230,,,,,,,,,867.897414955515,6,9
2400102,17,2,1-17-2024-002-05,5,1,2747,1339,1452,P235/65R17,250,P235/65R17,250,,,,,,,,,95.9334331296951,4,9
2404848,27,150,1-27-2024-150-03,3,1,2041,1089,1007,P225/65R17,230,P225/65R17,230,,,,,,,,,28.3860348414799,3,9
2402976,24,82,1-24-2024-082-03,3,2,2405,1225,1304,P215/55R16,290,P215/55R16,300,,,,,,,,,99.9526603677952,1,9
2404138,29,56,1-29-2024-056-06,6,2,2520,1410,1300,P235/55R20,240,P235/55R20,240,,,,,,,,,899.856995505387,2,9
2401433,24,35,1-24-2024-035-07,7,1,1944,1065,995,P205/70R16,240,P205/70R16,240,,,,,,,,,539.451655185704,1,9
2401931,11,49,1-11-2024-049-04,4,2,2390,1247,1145,P245/55R19,240,P245/55R19,240,,,,,,,,,212.689735932465,8,9
2402978,60,33,1-60-2024-033-02,2,3,1721,1059,1021,P185/65R15,240,P185/65R15,230,,,,,,,,,98.7373875661215,8,9
2405563,24,154,1-24-2024-154-06,6,2,2149,1109,1040,P235/50R18,240,P235/50R18,240,,,,,,,,,158.34973642154,1,9
2406350,76,197,1-76-2024-197-08,8,1,1508,959,943,P195/60R15,210,P195/60R15,210,,,,,,,,,75.1501837907099,3,9
2400276,62,12,1-62-2024-012-04,4,1,1987,1068,940,P215/55R18,250,P215/55R18,250,,,,,,,,,1242.8687815942,7,9
2402955,12,49,1-12-2024-049-03,3,2,2405,1275,1275,P245/45R20,220,P245/45R20,220,,,,,,,,,167.151387048075,9,9
2401627,13,45,1-13-2024-045-02,2,2,2903,1463,1542,P265/60R18,250,P265/60R18,250,,,,,,,,,12.4259730918703,7,9
2406390,21,161,1-21-2024-161-02,2,1,2150,1191,1100,P235/45R18,240,P235/45R18,240,,,,,,,,,99.1452930935043,11,9
2405786,30,196,1-30-2024-196-03,3,3,2250,1175,1240,P225/65R17,240,P225/65R17,240,,,,,,,,,303.201045250652,10,9
2401919,30,65,1-30-2024-065-02,2,1,2330,1115,1230,P225/40R19,260,P255/35R19,250,,,,,,,,,16.2875943881497,10,9
2401458,15,56,1-15-2024-056-03,3,2,9999,9999,9999,9999999999,999,9999999999,999,,,,,,,,,26.387572804085,1,9
2400439,13,10,1-13-2024-010-04,4,1,2830,1435,1455,9999999999,999,9999999999,999,,,,,,,,,1455.25041551642,7,9
2405099,60,75,1-60-2024-075-03,3,1,2304,1091,1220,P225/45R19,270,P245/40R19,270,,,,,,,,,321.683073044114,8,9
2400293,48,14,1-48-2024-014-03,3,1,3221,1770,1860,P275/55R20,250,P275/55R20,250,,,,,,,,,54.9604072040948,12,9
2400625,60,9,1-60-2024-009-NM1,21,1,9999,9999,9999,9999999999,999,9999999999,999,,,,,,,,,140.53984277194,8,9
2404412,67,34,1-67-2024-034-01,1,1,2727,1633,1747,P235/75R15,241,P235/75R15,282,,,,,,,,,66.8119266347119,7,9
2404621,28,141,1-28-2024-141-07,7,1,3198,1531,1724,P265/70R17,240,P265/70R17,240,,,,,,,,,44.330330715033,3,9
2405308,57,163,1-57-2024-163-06,6,1,2490,1255,1410,P265/65R17,200,P265/65R17,200,,,,,,,,,296.521375709091,1,9
2405208,14,101,1-14-2024-101-07,7,1,2255,1061,1194,P245/45R20,250,P275/40R20,250,,,,,,,,,1927.15060026913,8,9
2401859,82,44,1-82-2024-044-03,3,1,1960,1050,930,9999999999,999,9999999999,999,,,,,,,,,125.800642505231,1,9
2401418,27,46,1-27-2024-046-07,7,1,2223,1259,1452,P245/75R17,240,P245/75R17,240,,,,,,,,,61.6841306108297,3,9
2400313,17,8,1-17-2024-008-08,8,1,1700,883,817,P195/60R15,210,P195/60R15,210,,,,,,,,,98.1097831692489,4,9
2401516,73,50,1-73-2024-050-04,4,1,3266,1724,1724,P275/60R20,220,P275/60R20,240,,,,,,,,,64.3960375902502,3,9
2401997,24,48,1-24-2024-048-03,3,1,1710,920,830,P235/40R18,225,P235/40R18,220,,,,,,,,,32.3570562743358,1,9
2401144,69,19,1-69-2024-019-04,4,2,1836,955,881,P245/45R18,240,P245/45R18,240,,,,,,,,,290.299898225657,8,9
2403537,62,95,1-62-2024-095-05,5,2,2440,1297,1157,P245/60R18,240,P245/60R18,240,,,,,,,,,41.4953495991345,7,9
2406219,15,242,1-15-2024-242-NM2,22,1,9999,9999,9999,9999999999,999,9999999999,999,,,,,,,,,30.3797729398406,1,9
2402518,73,76,1-73-2024-076-09,9,1,2541,1248,1452,P225/75R16,228,P225/75R16,228,,,,,,,,,86.2205940175703,3,9
2403328,19,40,1-19-2024-040-08,8,1,9999,9999,9999,9999999999,999,9999999999,999,,,,,,,,,58.5218969772482,9,9
2405243,25,140,1-25-2024-140-03,3,1,1850,1052,908,P205/60R16,248,P205/60R16,248,,,,,,,,,86.4115838760651,2,9
2404745,17,149,1-17-2024-149-04,4,1,2314,1275,1275,P245/45R20,220,P245/45R20,220,,,,,,,,,380.588800488803,4,9
2404890,30,167,1-30-2024-167-NM2,22,1,9999,9999,9999,9999999999,999,9999999999,999,,,,,,,,,814.767720370494,10,9
2405958,31,128,1-31-2024-128-04,4,2,2159,1134,1179,9999999999,999,9999999999,999,,,,,,,,,277.889964841913,6,9
2404747,17,151,1-17-2024-151-09,9,1,1720,940,800,P205/55R16,220,P205/55R16,220,,,,,,,,,1089.80783611757,4,9
2403565,67,18,1-67-2024-018-03,3,2,4264,1873,2622,P235/65R16,360,P235/65R16,520,,,,,,,,,114.933643901249,7,9
2404063,48,132,1-48-2024-132-08,8,2,9999,9999,9999,9999999999,999,9999999999,999,,,,,,,,,118.318452247458,12,9
2402563,54,66,1-54-2024-066-07,7,2,3310,1810,1940,P275/65R18,230,P275/65R18,230,,,,,,,,,163.639088013261,9,9
2401899,79,38,1-79-2024-038-04,4,1,1750,1030,950,9999999999,999,9999999999,999,,,,,,,,,115.664170328803,8,9
2400548,59,20,1-59-2024-020-07,7,1,2023,1068,959,P235/50R17,230,P235/50R17,230,,,,,,,,,347.96042207525,6,9
2402042,57,39,1-57-2024-039-06,6,2,9999,9999,9999,9999999999,999,9999999999,999,,,,,,,,,428.153726159814,1,9
2403273,15,129,1-15-2024-129-04,4,2,9999,9999,9999,9999999999,999,9999999999,999,,,,,,,,,109.371972803588,1,9
2400691,25,17,1-25-2024-017-08,8,1,3175,1792,1792,P265/70R17,240,P265/70R17,240,,,,,,,,,74.1101384065828,2,9
2402022,81,40,1-81-2024-040-02,2,1,3085,9999,1724,LT275/60R20,240,LT275/60R20,240,,,,,,,,,19.0849903848337,8,9
2400791,69,14,1-69-2024-014-02,2,1,1644,864,780,P205/55R16,230,P205/55R16,230,,,,,,,,,9.2899222432138,8,9
2404578,20,113,1-20-2024-113-05,5,1,3175,1724,1724,LT275/65R18,280,LT275/65R18,280,,,,,,,,,19.9171728154044,11,9
2402228,27,70,1-27-2024-070-NM2,22,1,2080,1150,1000,P225/55R18,240,P225/55R18,240,,,,,,,,,30.6673615919684,3,9
2405288,54,116,1-54-2024-116-01,1,1,9999,9999,9999,9999999999,999,9999999999,999,,,,,,,,,135.319434123776,9,9
2404790,67,39,1-67-2024-039-06,6,1,3266,1792,1792,P265/65R18,240,P265/65R18,240,,,,,,,,,1404.3802802998,7,9
2406270,25,174,1-25-2024-174-06,6,1,1844,1050,971,9999999999,999,9999999999,999,,,,,,,,,681.275187925741,2,9
2401942,16,54,1-16-2024-054-03,3,2,2025,1175,1200,P225/60R18,240,P225/60R18,240,,,,,,,,,181.223141575247,5,9
2402961,81,63,1-81-2024-063-02,2,3,3175,1792,1792,P265/65R18,240,P265/65R18,240,,,,,,,,,19.0849903848337,8,9
2403957,57,99,1-57-2024-099-03,3,2,1980,1040,991,P205/55R16,240,P205/55R16,240,,,,,,,,,81.2040485683393,1,9
2402334,11,61,1-11-2024-061-05,5,2,9999,9999,9999,9999999999,999,9999999999,999,,,,,,,,,31.8812723055547,8,9
2403559,73,99,1-73-2024-099-01,1,1,2949,1452,1679,P245/70R17,230,P245/70R17,230,,,,,,,,,29.6045947385831,3,9
2401644,79,34,1-79-2024-034-06,6,1,1969,1055,930,P215/60R17,230,P215/60R17,230,,,,,,,,,448.844720308613,8,9
2403851,62,108,1-62-2024-108-03,3,1,2430,1300,1350,P255/45R20,241,P255/45R20,241,,,,,,,,,533.882324409124,7,9
2400605,20,16,1-20-2024-016-04,4,1,1770,955,830,9999999999,999,9999999999,999,,,,,,,,,98.2982956547551,11,9
2402769,21,56,1-21-2024-056-NM1,21,1,1574,847,773,P185/65R15,230,P185/65R15,230,,,,,,,,,32.5426329002838,11,9
2401936,24,47,1-24-2024-047-03,3,1,9999,9999,9999,9999999999,999,9999999999,999,,,,,,,,,32.3570562743358,1,9
2404541,18,120,1-18-2024-120-03,3,1,2800,1450,1600,P255/55R20,240,P255/55R20,240,,,,,,,,,41.6316878913468,6,9
2401321,20,34,1-20-2024-034-03,3,2,1930,1057,1016,P195/65R15,250,P195/65R15,240,,,,,,,,,58.894198765666,11,9
2404570,12,85,1-12-2024-085-09,9,1,2025,960,1115,P205/55R16,220,P205/55R16,250,,,,,,,,,458.0123440807,9,9
2401330,31,28,1-31-2024-028-03,3,3,2361,1218,1256,P225/60R18,240,P225/60R18,240,,,,,,,,,151.964719784207,6,9
2403394,21,70,1-21-2024-070-02,2,1,1750,1030,950,P205/55R16,235,P205/55R16,215,,,,,,,,,11.0430466560592,11,9
2403892,60,51,1-60-2024-051-06,6,2,2765,1325,1525,P235/60R18,240,P235/60R18,240,,,,,,,,,282.327493299711,8,9
2403202,17,99,1-17-2024-099-03,3,1,2175,1120,1120,P235/60R18,240,P235/60R18,220,,,,,,,,,94.2594617769172,4,9
2403371,32,118,1-32-2024-118-03,3,2,2030,1188,1098,P235/45R18,240,P235/45R18,240,,,,,,,,,399.455115208221,7,9
2403371,32,118,1-32-2024-118-03,3,3,1825,1050,950,P235/45R18,228,P235/45R18,228,,,,,,,,,399.455115208221,7,9
2400125,66,3,1-66-2024-003-03,3,1,2530,1300,1350,P235/65R17,240,P235/65R17,240,,,,,,,,,79.4686416678806,6,9
2405366,15,208,1-15-2024-208-03,3,1,2313,1275,1275,9999999999,999,9999999999,999,,,,,,,,,40.5812806587973,1,9
2400766,12,16,1-12-2024-016-08,8,1,2207,1095,1154,P225/45R17,250,P225/45R17,250,,,,,,,,,453.341827207528,9,9
2404553,48,148,1-48-2024-148-07,7,1,2118,1089,1029,P225/55R19,240,P225/55R19,240,,,,,,,,,103.361334065564,12,9
2400746,33,9,1-33-2024-009-03,3,2,2090,1150,1150,P225/65R17,250,P225/65R17,250,,,,,,,,,26.4087044256374,12,9
2405927,79,117,1-79-2024-117-02,2,2,2090,1150,1150,P225/65R17,240,P225/65R17,240,,,,,,,,,117.307037635243,8,9
2400105,20,2,1-20-2024-002-04,4,1,9999,9999,9999,9999999999,999,9999999999,999,,,,,,,,,540.560198144809,11,9
2405286,79,101,1-79-2024-101-09,9,1,1848,967,881,P215/60R16,241,P215/60R16,241,,,,,,,,,2059.78125642757,8,9
2401791,20,51,1-20-2024-051-04,4,1,1870,980,940,P205/60R16,250,P205/60R16,250,,,,,,,,,238.680467959212,11,9
2404055,23,42,1-23-2024-042-05,5,1,2390,1400,1300,P245/50R20,220,P245/50R20,220,,,,,,,,,106.980373929413,5,9
2405678,69,144,1-69-2024-144-03,3,2,2050,1095,1005,P205/55R17,270,P205/55R17,270,,,,,,,,,44.3563118625314,8,9
2402432,19,33,1-19-2024-033-03,3,1,3130,1633,1724,P255/70R17,240,P255/70R17,240,,,,,,,,,567.21441428325,9,9
2400162,62,9,1-62-2024-009-03,3,1,3130,1770,1860,P275/65R18,250,P275/65R18,250,,,,,,,,,398.472275456544,7,9
2400168,48,11,1-48-2024-011-06,6,1,9999,9999,9999,9999999999,999,9999999999,999,,,,,,,,,422.474337478436,12,9
2402724,16,81,1-16-2024-081-03,3,3,2100,1175,1200,P235/50R19,240,P235/50R19,240,,,,,,,,,480.495209180413,5,9
2404390,59,128,1-59-2024-128-08,8,1,2424,1155,1289,P215/70R15,220,P215/70R15,240,P225/60R16,220,P225/60R16,240,P225/75R15,240,P225/75R15,240,556.055811451957,6,9
2400952,23,16,1-23-2024-016-09,9,2,1700,915,795,P195/65R15,210,P195/65R15,210,,,,,,,,,749.679537257472,5,9
2401785,18,65,1-18-2024-065-03,3,1,2150,1100,1075,P235/55R19,230,P235/55R19,230,,,,,,,,,102.622080295098,6,9
2402034,48,68,1-48-2024-068-06,6,1,3266,1792,1792,P275/55R20,240,P275/55R20,240,,,,,,,,,86.4307074675267,12,9
2403016,15,118,1-15-2024-118-05,5,1,1960,1050,930,9999999999,999,9999999999,999,,,,,,,,,9.71063017725221,1,9
2405721,11,173,1-11-2024-173-06,6,1,2700,1325,1450,P245/65R17,999,P245/65R17,999,,,,,,,,,328.738031158289,8,9
2405180,20,123,1-20-2024-123-03,3,2,1975,1140,1050,P235/45R18,240,P235/45R18,240,,,,,,,,,77.3409617195656,11,9
2400941,30,30,1-30-2024-030-04,4,1,2175,1120,1120,P235/60R18,240,P235/60R18,220,,,,,,,,,1500.1737776518,10,9
2400423,77,15,1-77-2024-015-06,6,2,1720,990,950,P225/45R17,230,P225/45R17,230,,,,,,,,,589.423606928976,9,9
2401087,23,17,1-23-2024-017-02,2,1,1978,1061,975,P225/55R19,250,P225/55R19,250,,,,,,,,,62.9617318466021,5,9
2403689,54,91,1-54-2024-091-10,10,2,2070,1050,1040,P225/65R17,210,P225/65R17,210,,,,,,,,,594.813207503092,9,9
2404359,66,88,1-66-2024-088-09,9,1,2250,1130,1170,P235/50R18,260,P235/50R18,260,,,,,,,,,97.5596917228585,6,9
2405046,73,130,1-73-2024-130-09,9,2,2076,1080,1044,P215/60R17,220,P215/60R17,220,,,,,,,,,120.415752203677,3,9
2401133,18,43,1-18-2024-043-03,3,1,1825,1050,950,P205/60R16,230,P205/60R16,230,,,,,,,,,34.6070615401308,6,9
2400924,26,18,1-26-2024-018-05,5,2,1560,821,762,P185/70R14,210,P185/70R14,210,,,,,,,,,43.8292003608038,10,9
2405589,73,139,1-73-2024-139-09,9,1,1435,815,625,P205/45R17,230,P205/45R17,230,,,,,,,,,391.385640426636,3,9
2401298,22,37,1-22-2024-037-06,6,1,1970,1060,960,P195/65R15,230,P195/65R15,230,,,,,,,,,88.2065738868729,12,9
2402532,81,53,1-81-2024-053-05,5,2,3266,1746,1905,LT275/70R18,241,LT275/70R18,241,,,,,,,,,99.6602400903238,8,9
2400820,81,20,1-81-2024-020-NM1,21,1,9999,9999,9999,9999999999,999,9999999999,999,,,,,,,,,29.8109810103183,8,9
2405735,15,217,1-15-2024-217-03,3,1,9999,9999,9999,9999999999,999,9999999999,999,,,,,,,,,11.752943697986,1,9
2402509,26,69,1-26-2024-069-03,3,1,1917,1010,940,P235/45R18,230,P235/45R18,230,,,,,,,,,516.533434577292,10,9
2403027,31,62,1-31-2024-062-07,7,1,2745,1339,1407,P225/65R17,250,P225/65R17,250,,,,,,,,,230.868935151332,6,9
2400866,48,31,1-48-2024-031-09,9,1,1851,996,889,P205/65R15,210,P205/65R15,200,,,,,,,,,69.6007046591066,12,9
2401530,17,50,1-17-2024-050-04,4,1,2250,1225,1066,P225/55R18,220,P225/55R18,220,,,,,,,,,97.3687234521927,4,9
2401135,82,28,1-82-2024-028-04,4,1,3270,1815,1885,LT275/65R18,210,LT275/65R18,230,,,,,,,,,204.821008822142,1,9
2406236,59,187,1-59-2024-187-04,4,1,2330,1115,1230,P225/40R19,260,P255/35R19,250,,,,,,,,,96.3162647485713,6,9
2402655,62,71,1-62-2024-071-02,2,2,9999,9999,9999,9999999999,999,9999999999,999,,,,,,,,,27.4104501869369,7,9
2403591,66,75,1-66-2024-075-03,3,1,1815,980,845,P205/60R16,230,P205/60R16,230,,,,,,,,,79.4686416678806,6,9
2406130,77,200,1-77-2024-200-05,5,2,9999,9999,9999,9999999999,999,9999999999,999,,,,,,,,,90.6570748528622,9,9
2405798,79,113,1-79-2024-113-07,7,1,2050,1061,1061,9999999999,999,9999999999,999,,,,,,,,,194.985711161616,8,9
2401361,48,48,1-48-2024-048-04,4,1,2090,1150,1150,P235/55R19,230,P235/55R19,230,,,,,,,,,165.134842134162,12,9
2404756,15,183,1-15-2024-183-04,4,1,2159,1125,1040,P235/55R17,240,P235/55R17,240,,,,,,,,,58.4198767720656,1,9
2402403,81,50,1-81-2024-050-04,4,1,2048,1023,1024,P215/50R17,260,P215/50R17,260,,,,,,,,,4194.66055709095,8,9
2401075,66,20,1-66-2024-020-10,10,2,9999,9999,9999,9999999999,999,9999999999,999,,,,,,,,,242.389498710963,6,9
2402841,24,79,1-24-2024-079-NM1,21,1,9999,9999,9999,9999999999,999,9999999999,999,,,,,,,,,23.1726143074507,1,9
2402054,54,49,1-54-2024-049-05,5,1,9999,9999,9999,9999999999,999,9999999999,999,,,,,,,,,144.976226836895,9,9
2401716,16,49,1-16-2024-049-04,4,1,2075,1075,1000,P225/55R19,240,P225/55R19,240,,,,,,,,,1740.03983223416,5,9
2400780,23,11,1-23-2024-011-02,2,1,9999,9999,9999,9999999999,999,9999999999,999,,,,,,,,,62.9617318466021,5,9
2402695,17,88,1-17-2024-088-07,7,1,2650,1295,1405,P245/60R18,220,P245/60R18,220,,,,,,,,,330.80890829395,4,9
2403090,24,86,1-24-2024-086-09,9,2,2023,1068,959,P235/50R17,230,P235/50R17,230,,,,,,,,,96.3610685606687,1,9
2400680,24,15,1-24-2024-015-06,6,1,2008,1032,976,P215/60R16,240,P215/60R16,240,,,,,,,,,119.681847498873,1,9
2403989,24,112,1-24-2024-112-06,6,2,9999,9999,9999,9999999999,999,9999999999,999,,,,,,,,,392.704603384986,1,9
2400408,66,5,1-66-2024-005-07,7,1,2250,1175,1240,P225/65R17,240,P225/65R17,240,,,,,,,,,133.367571576148,6,9
2401902,73,58,1-73-2024-058-NM1,21,1,2080,1070,1060,P225/60R17,220,P225/60R17,210,,,,,,,,,34.5788324725448,3,9
2403468,24,96,1-24-2024-096-05,5,1,2638,1495,1511,P265/60R18,240,P265/60R18,240,,,,,,,,,24.2721053029394,1,9
2400763,18,28,1-18-2024-028-03,3,1,2000,1065,995,P215/55R18,240,P215/55R18,240,,,,,,,,,37.4691262436427,6,9
2401759,62,45,1-62-2024-045-06,6,2,1944,1065,995,P215/55R18,240,P215/55R18,240,,,,,,,,,1143.65378250163,7,9
2403611,28,109,1-28-2024-109-04,4,1,2090,1150,1150,P225/65R17,250,P225/65R17,250,,,,,,,,,76.5126940089544,3,9
2403774,59,116,1-59-2024-116-03,3,1,9999,9999,9999,P305/35R20,220,P305/35R20,220,,,,,,,,,97.324661127755,6,9
2405861,25,159,1-25-2024-159-06,6,1,2100,1065,1055,P225/65R17,230,P225/65R17,230,,,,,,,,,127.350061812609,2,9
2402778,25,68,1-25-2024-068-04,4,1,3175,1724,1724,P275/60R20,240,P275/60R20,240,,,,,,,,,304.302915274155,2,9
2403256,79,69,1-79-2024-069-06,6,1,2903,1452,1701,P245/70R17,240,P245/70R17,240,,,,,,,,,120.772111910736,8,9
2400743,76,20,1-76-2024-020-03,3,1,9999,9999,9999,9999999999,999,9999999999,999,,,,,,,,,71.5495535595937,3,9
2400222,25,3,1-25-2024-003-05,5,1,3311,1633,1860,9999999999,999,9999999999,999,,,,,,,,,47.0105431448925,2,9
2404673,57,136,1-57-2024-136-03,3,3,2548,1335,1492,P265/65R17,200,P265/65R17,200,,,,,,,,,96.6707631790107,1,9
2404507,69,102,1-69-2024-102-03,3,1,1710,920,830,9999999999,999,9999999999,999,,,,,,,,,59.7451014057249,8,9
2403448,57,84,1-57-2024-084-03,3,2,2160,1100,1120,P215/55R17,241,P215/55R17,241,,,,,,,,,91.8377540281874,1,9
2402094,14,34,1-14-2024-034-08,8,1,9999,9999,9999,9999999999,999,9999999999,999,,,,,,,,,321.021533575414,8,9
2406153,69,158,1-69-2024-158-05,5,1,1940,1050,900,P215/60R16,240,P215/60R16,240,,,,,,,,,7.30201599951961,8,9
2402821,33,46,1-33-2024-046-09,9,1,1700,915,795,P195/65R15,210,P195/65R15,210,,,,,,,,,130.804564789054,12,9
2401304,15,49,1-15-2024-049-04,4,1,2033,1097,988,P235/40R19,230,P235/40R19,230,,,,,,,,,66.8680943932722,1,9
2403697,33,63,1-33-2024-063-01,1,1,1720,920,810,P215/45R17,220,P215/45R17,220,,,,,,,,,35.1791324819626,12,9
2406024,73,150,1-73-2024-150-06,6,2,2035,1050,1095,P225/55R17,220,P225/55R17,210,,,,,,,,,192.446977093304,3,9
2400365,52,3,1-52-2024-003-07,7,1,2127,1057,1120,9999999999,999,9999999999,999,,,,,,,,,1615.30739878604,12,9
2405028,57,151,1-57-2024-151-06,6,2,2300,1175,1240,P225/65R17,240,P225/65R17,240,,,,,,,,,250.484917050996,1,9
2405420,30,185,1-30-2024-185-NM1,21,1,2812,1433,1706,P245/70R16,179,P245/70R16,241,,,,,,,,,122.593345274421,10,9
2401092,81,24,1-81-2024-024-10,10,2,2087,1180,1007,P225/55R17,220,P225/55R17,220,,,,,,,,,24230.4540548434,8,9
2401739,14,28,1-14-2024-028-03,3,1,2090,1150,1150,P225/65R17,240,P225/65R17,240,,,,,,,,,190.636933185473,8,9
2401341,59,45,1-59-2024-045-08,8,2,3006,1633,1770,P265/60R18,228,P265/60R18,228,,,,,,,,,88.9173994035588,6,9
2401341,59,45,1-59-2024-045-08,8,3,2608,1338,1452,P245/70R16,220,P245/70R16,220,,,,,,,,,88.9173994035588,6,9
2405669,79,108,1-79-2024-108-03,3,1,3198,1633,1724,P275/60R20,240,P275/60R20,240,,,,,,,,,242.025144098839,8,9
2404544,10,86,1-10-2024-086-03,3,1,2033,1097,988,P235/40R19,230,P235/40R19,230,,,,,,,,,106.552789194027,4,9
2400282,59,11,1-59-2024-011-02,2,1,2949,1452,1679,P265/50R20,230,P265/50R20,250,,,,,,,,,48.7900687173874,6,9
2401364,13,36,1-13-2024-036-02,2,1,1631,920,840,P185/65R15,230,P185/65R15,230,,,,,,,,,9.13287494953795,7,9
2401115,66,22,1-66-2024-022-06,6,2,3447,1792,1951,P265/65R18,220,P265/65R18,260,,,,,,,,,124.972344097308,6,9
2400389,26,5,1-26-2024-005-02,2,1,1963,1097,945,P215/55R17,230,P215/55R17,230,,,,,,,,,21.1529220587709,10,9
2404966,48,162,1-48-2024-162-09,9,1,3175,1780,1814,P265/70R17,240,P265/70R17,240,,,,,,,,,79.3898333031441,12,9
2405653,57,174,1-57-2024-174-03,3,2,2100,1175,1200,P225/65R17,240,P225/65R17,240,,,,,,,,,164.99982753216,1,9
2405444,17,180,1-17-2024-180-NM2,22,1,2404,1250,1280,P235/55R18,240,P235/55R18,240,,,,,,,,,245.767819800364,4,9
2404176,57,111,1-57-2024-111-02,2,1,2889,1229,1737,P255/50R19,250,P255/50R19,300,,,,,,,,,9.69650235592079,1,9
2401514,73,48,1-73-2024-048-09,9,2,9999,1210,1070,P215/60R16,230,P215/60R16,230,,,,,,,,,104.13258287305,3,9
2401176,28,32,1-28-2024-032-10,10,1,1950,1060,915,P215/60R16,210,P215/60R16,210,,,,,,,,,80.5683609045318,3,9
2404863,82,133,1-82-2024-133-10,10,1,9999,9999,9999,9999999999,999,9999999999,999,,,,,,,,,5129.13685209582,1,9
2400140,57,3,1-57-2024-003-06,6,1,2638,1241,1433,P255/60R18,230,P255/60R18,230,,,,,,,,,30.0886094601444,1,9
2404465,14,84,1-14-2024-084-08,8,1,2115,1005,1195,P255/40R18,240,P255/35R18,290,,,,,,,,,95.3393322368294,8,9
2401719,81,33,1-81-2024-033-02,2,1,2420,1280,1390,P235/55R19,250,P235/55R19,250,,,,,,,,,30.1720920470308,8,9
2400428,62,15,1-62-2024-015-03,3,1,1785,1050,971,P205/55R16,240,P205/55R16,230,,,,,,,,,402.933322814975,7,9
2404905,57,148,1-57-2024-148-06,6,2,1539,814,738,P185/60R16,250,P185/60R16,250,,,,,,,,,232.014851646256,1,9
2403677,10,61,1-10-2024-061-03,3,2,1880,1060,1060,P225/60R17,240,P225/60R17,240,,,,,,,,,95.3279654203058,4,9
2400077,59,3,1-59-2024-003-02,2,1,2000,1060,1060,P225/60R17,240,P225/60R17,240,,,,,,,,,48.7900687173874,6,9
2405324,25,141,1-25-2024-141-01,1,1,3130,1452,1724,P275/45R21,270,P275/45R21,290,,,,,,,,,144.250353463553,2,9
2400306,73,10,1-73-2024-010-04,4,1,2200,1200,1150,P225/55R18,240,P225/55R18,240,,,,,,,,,54.3106720874916,3,9
2405630,59,168,1-59-2024-168-04,4,1,2009,1066,966,P215/60R16,220,P215/60R16,220,,,,,,,,,595.613904573489,6,9
2400661,26,14,1-26-2024-014-02,2,1,1580,780,835,P225/45R17,210,P255/40R17,240,,,,,,,,,21.1529220587709,10,9
2402321,69,45,1-69-2024-045-03,3,1,2025,1175,1200,P225/65R17,240,P225/65R17,240,,,,,,,,,51.0270559627138,8,9
2401780,30,58,1-30-2024-058-03,3,2,2230,1220,1220,P225/65R17,250,P225/65R17,250,,,,,,,,,203.469910150752,10,9
2402676,54,69,1-54-2024-069-07,7,2,2767,1480,1672,P235/75R15,220,P235/75R15,240,,,,,,,,,163.639088013261,9,9
2404734,15,181,1-15-2024-181-08,8,1,2100,1191,1191,9999999999,999,9999999999,999,,,,,,,,,24.1312824272688,1,9
2400804,66,13,1-66-2024-013-06,6,1,2745,1339,1407,P225/65R17,248,P225/65R17,248,,,,,,,,,124.972344097308,6,9
2400163,18,4,1-18-2024-004-07,7,2,1900,1010,960,P215/45R18,240,P215/45R18,240,,,,,,,,,1361.28415936014,6,9
2405032,77,161,1-77-2024-161-05,5,1,1695,900,810,P215/55R16,220,P215/55R16,220,,,,,,,,,90.6570748528622,9,9
2400681,24,16,1-24-2024-016-03,3,2,2685,1402,1393,P255/70R16,240,P255/70R16,240,,,,,,,,,38.4626681561449,1,9
2405945,25,163,1-25-2024-163-07,7,1,2027,9999,9999,P225/65R17,999,P225/65R17,999,,,,,,,,,1391.80542419003,2,9
2405945,25,163,1-25-2024-163-07,7,2,9999,9999,9999,P195/65R15,999,P195/65R15,999,,,,,,,,,1391.80542419003,2,9
2403884,69,85,1-69-2024-085-04,4,1,3266,1792,1792,P265/65R18,240,P265/65R18,240,,,,,,,,,89.8384928002341,8,9
2400303,54,14,1-54-2024-014-07,7,1,1810,972,880,P215/50R17,240,P215/50R17,240,,,,,,,,,163.639088013261,9,9
2405235,26,121,1-26-2024-121-03,3,1,2250,1175,1240,P235/55R18,240,P235/55R18,240,,,,,,,,,1675.19095898832,10,9
2403174,77,109,1-77-2024-109-05,5,1,2858,1452,1520,P255/50R20,240,P255/50R20,240,,,,,,,,,90.6570748528622,9,9
2405759,59,169,1-59-2024-169-03,3,2,1825,1050,950,P205/60R16,230,P205/60R16,230,,,,,,,,,53.2551797406929,6,9
2403074,30,106,1-30-2024-106-04,4,2,2369,1363,1500,P255/40R20,290,P255/40R20,290,,,,,,,,,814.395752762539,10,9
2402195,79,44,1-79-2024-044-NM2,22,1,9999,9999,9999,9999999999,999,9999999999,999,,,,,,,,,110.555038236303,8,9
2400890,31,16,1-31-2024-016-10,10,1,2139,9999,9999,9999999999,999,9999999999,999,,,,,,,,,419.593794787767,6,9
2401220,59,41,1-59-2024-041-04,4,1,2694,1191,1554,P255/65R18,237,P255/65R18,237,,,,,,,,,117.569671114612,6,9
2403427,67,17,1-67-2024-017-06,6,2,9999,9999,9999,9999999999,999,9999999999,999,,,,,,,,,530.56013412696,7,9
2405262,81,134,1-81-2024-134-06,6,1,1985,1210,1035,P205/65R15,200,P205/65R15,200,,,,,,,,,2358.63059187213,8,9
2402013,77,69,1-77-2024-069-06,6,1,1950,1070,960,P225/50R17,220,P225/50R17,220,,,,,,,,,345.173461043352,9,9
2405740,21,138,1-21-2024-138-06,6,1,2070,965,1105,P245/55R18,240,P245/55R18,240,,,,,,,,,296.722279161005,11,9
2406381,73,159,1-73-2024-159-07,7,1,2040,1160,1140,P215/55R17,235,P215/55R17,235,,,,,,,,,115.069299396888,3,9
2405989,76,175,1-76-2024-175-04,4,1,2722,1350,1450,P235/65R18,999,P235/65R18,999,,,,,,,,,86.4714255045695,3,9
2404661,77,151,1-77-2024-151-08,8,1,9999,9999,9999,9999999999,999,9999999999,999,,,,,,,,,127.766802759098,9,9
2404323,60,63,1-60-2024-063-04,4,2,2540,1335,1490,P265/70R16,207,P265/70R16,207,,,,,,,,,2354.70149143383,8,9
2403928,60,52,1-60-2024-052-07,7,2,2715,1325,1415,P235/65R18,230,P235/65R18,230,,,,,,,,,925.177503236955,8,9
2405010,21,117,1-21-2024-117-04,4,1,2430,1340,1230,P235/60R18,260,P235/60R18,270,P235/65R17,250,P235/65R17,260,P235/50R20,300,P235/50R20,290,343.131878610287,11,9
2402600,27,85,1-27-2024-085-04,4,2,2450,1180,1320,P215/65R17,280,P215/65R17,280,,,,,,,,,62.1772130420229,3,9
2401761,17,57,1-17-2024-057-05,5,2,3266,1792,1792,P275/55R20,240,P275/55R20,240,,,,,,,,,95.9334331296951,4,9
2404615,76,133,1-76-2024-133-04,4,1,2749,1309,1488,P275/45R20,260,P275/45R20,260,,,,,,,,,86.4714255045695,3,9
2405554,69,140,1-69-2024-140-03,3,2,1635,865,780,P195/65R15,230,P195/65R15,230,,,,,,,,,60.7451522520683,8,9
2401618,57,31,1-57-2024-031-03,3,1,1880,1060,1060,P225/60R17,240,P225/60R17,240,,,,,,,,,507.864905147841,1,9
2403181,48,105,1-48-2024-105-07,7,1,1800,1010,840,P235/45R18,220,P235/45R18,220,,,,,,,,,213.359553792179,12,9
2402806,19,37,1-19-2024-037-03,3,2,9999,9999,9999,P225/75R16,227,P225/75R16,227,,,,,,,,,64.3484690974811,9,9
2401993,22,59,1-22-2024-059-07,7,1,1890,988,902,P215/55R17,220,P215/55R17,210,,,,,,,,,77.3544414610742,12,9
2400768,17,22,1-17-2024-022-07,7,2,3221,1770,1860,P275/55R20,250,P275/55R20,250,,,,,,,,,334.329957078067,4,9
2400101,62,6,1-62-2024-006-04,4,1,2075,1075,1000,P225/55R19,240,P225/55R19,240,,,,,,,,,2586.0757445383,7,9
2402683,79,57,1-79-2024-057-03,3,1,4536,2495,2899,LT275/70R18,415,LT275/70R18,415,,,,,,,,,104.756877618907,8,9
2403447,57,83,1-57-2024-083-06,6,1,1960,1040,1060,P205/50R17,230,P205/50R17,220,,,,,,,,,285.765720203925,1,9
2406029,18,151,1-18-2024-151-04,4,1,2232,1152,1134,P225/60R18,220,P225/60R18,220,,,,,,,,,522.549819590506,6,9
2401054,27,35,1-27-2024-035-07,7,1,1970,1010,1000,P225/55R17,220,P225/55R17,210,,,,,,,,,198.385143986492,3,9
2404884,76,142,1-76-2024-142-07,7,1,2300,1180,1170,P235/50R19,280,P235/50R19,280,,,,,,,,,183.181627671056,3,9
2404741,19,64,1-19-2024-064-04,4,1,3221,1452,1770,P255/60R18,250,P255/60R18,250,,,,,,,,,218.709527546545,9,9
2403994,60,53,1-60-2024-053-01,1,1,4536,2540,2876,LT275/70R18,420,LT275/70R18,450,,,,,,,,,35.3078303623944,8,9
2402285,54,58,1-54-2024-058-07,7,3,2059,1211,1034,P215/55R17,210,P215/55R17,210,,,,,,,,,248.157241541513,9,9
2405823,27,180,1-27-2024-180-07,7,2,2540,1335,1490,P265/70R16,210,P265/70R16,210,,,,,,,,,63.5705010255487,3,9
2404200,67,29,1-67-2024-029-04,4,2,2025,1175,1200,P225/65R17,240,P225/65R17,240,,,,,,,,,955.458116107281,7,9
2405425,12,105,1-12-2024-105-03,3,1,2025,1175,1200,P225/65R17,240,P225/65R17,240,,,,,,,,,164.057323491007,9,9
2401346,81,27,1-81-2024-027-02,2,2,2654,1384,1452,P265/75R16,210,P265/75R16,210,,,,,,,,,30.8995068274556,8,9
2402649,59,81,1-59-2024-081-04,4,1,2575,1340,1410,P255/45R20,250,P255/45R20,250,,,,,,,,,383.660096561764,6,9
2402958,66,63,1-66-2024-063-08,8,1,9999,1724,1814,P265/70R17,210,P265/70R17,210,,,,,,,,,134.761595455619,6,9
2400110,16,2,1-16-2024-002-02,2,2,4491,2177,2898,LT275/70R18,414,LT275/70R18,483,,,,,,,,,15.1092509057653,5,9
2401939,25,44,1-25-2024-044-03,3,2,2270,1130,1243,P205/65R15,275,P205/65R15,340,,,,,,,,,180.703200158329,2,9
2401438,21,28,1-21-2024-028-03,3,2,1996,1210,1070,P215/55R17,220,P215/55R17,220,,,,,,,,,120.932946646978,11,9
2402603,69,49,1-69-2024-049-02,2,1,2092,1185,1185,P215/55R17,255,P215/55R17,255,,,,,,,,,7.30201599951961,8,9
2400797,22,20,1-22-2024-020-06,6,1,1734,905,835,P205/55R16,230,P205/55R16,230,,,,,,,,,25.2675524846257,12,9
2400256,66,4,1-66-2024-004-09,9,1,9999,9999,9999,9999999999,999,9999999999,999,,,,,,,,,97.5596917228585,6,9
2406250,54,131,1-54-2024-131-03,3,1,1975,1140,1050,P215/55R17,240,P215/55R17,240,,,,,,,,,125.113113257208,9,9
2405168,73,131,1-73-2024-131-06,6,1,9999,9999,9999,P255/70R18,999,P255/70R18,999,,,,,,,,,37.0946854309253,3,9
2405749,15,221,1-15-2024-221-03,3,1,2500,1185,1425,P255/40R21,230,P265/40R21,260,,,,,,,,,11.752943697986,1,9
2404458,16,115,1-16-2024-115-02,2,1,1640,870,770,P205/60R16,220,P205/60R16,220,,,,,,,,,35.8384991974306,5,9
2402251,26,59,1-26-2024-059-02,2,2,1990,1080,980,P215/45R18,240,P215/45R18,240,,,,,,,,,21.1529220587709,10,9
2401458,15,56,1-15-2024-056-03,3,1,2730,1360,1420,P255/50R20,248,P255/50R20,248,,,,,,,,,26.387572804085,1,9
2400293,48,14,1-48-2024-014-03,3,2,2009,1066,966,P235/50R17,230,P235/50R17,230,,,,,,,,,54.9604072040948,12,9
2400293,48,14,1-48-2024-014-03,3,3,9999,9999,9999,9999999999,999,9999999999,999,,,,,,,,,54.9604072040948,12,9
2404375,29,61,1-29-2024-061-06,6,2,9999,9999,9999,9999999999,999,9999999999,999,,,,,,,,,2394.13090167698,2,9
2404953,11,148,1-11-2024-148-02,2,1,1929,995,940,P205/60R19,240,P205/60R19,240,,,,,,,,,30.7614595081659,8,9
2401318,28,35,1-28-2024-035-10,10,1,2080,1070,1060,P225/60R17,220,P225/60R17,210,,,,,,,,,80.5683609045318,3,9
2403038,59,95,1-59-2024-095-06,6,1,9999,9999,9999,P245/65R17,228,P245/65R17,228,,,,,,,,,256.90411836891,6,9
2403038,59,95,1-59-2024-095-06,6,2,2495,1273,1273,P225/65R17,250,P225/65R17,250,,,,,,,,,256.90411836891,6,9
2406187,28,188,1-28-2024-188-07,7,1,2041,982,1080,P235/50R18,220,P235/50R18,220,,,,,,,,,243.919478645917,3,9
2400877,24,18,1-24-2024-018-06,6,2,2130,1100,1075,P235/60R18,230,P235/60R18,210,,,,,,,,,89.5632476398201,1,9
2405411,57,165,1-57-2024-165-02,2,2,2050,1150,1200,P225/55R17,230,P225/55R17,230,,,,,,,,,34.9847026100621,1,9
2404913,57,149,1-57-2024-149-08,8,1,9999,9999,9999,9999999999,999,9999999999,999,,,,,,,,,57.9551716084719,1,9
2404249,15,169,1-15-2024-169-06,6,1,2032,1048,1093,P225/60R17,210,P225/60R17,200,,,,,,,,,43.2690274876321,1,9
2405766,77,183,1-77-2024-183-06,6,2,3085,1474,1678,P265/60R17,280,P265/60R17,280,,,,,,,,,930.398754148013,9,9
2400170,13,3,1-13-2024-003-02,2,1,2314,1275,1275,9999999999,999,9999999999,999,,,,,,,,,10.955434091132,7,9
2400170,13,3,1-13-2024-003-02,2,3,1770,1020,920,P205/60R16,230,P205/60R16,230,,,,,,,,,10.955434091132,7,9
2401879,23,29,1-23-2024-029-03,3,2,2948,1452,1678,P265/60R18,250,P265/60R18,250,,,,,,,,,125.990035635089,5,9
2400150,79,7,1-79-2024-007-06,6,1,1778,939,839,P205/55R16,248,P205/55R16,241,,,,,,,,,120.772111910736,8,9
2401501,54,37,1-54-2024-037-04,4,1,2030,1188,1098,P235/40R19,240,P235/40R19,240,,,,,,,,,152.997399597271,9,9
2401358,18,52,1-18-2024-052-04,4,1,2280,1250,1220,P225/60R18,240,P225/60R18,230,,,,,,,,,70.6522327035531,6,9
2403373,66,71,1-66-2024-071-06,6,1,2949,1452,1679,P265/60R18,250,P265/60R18,250,,,,,,,,,175.05990703597,6,9
2404037,62,112,1-62-2024-112-04,4,2,2087,1180,1007,P225/55R17,220,P225/55R17,220,,,,,,,,,1828.44209322658,7,9
2406078,28,185,1-28-2024-185-04,4,1,2459,1271,1304,P215/55R16,280,P215/55R16,290,,,,,,,,,59.0675513570751,3,9
2402832,69,55,1-69-2024-055-NM1,21,1,9999,9999,9999,9999999999,999,9999999999,999,,,,,,,,,7.66811372485411,8,9
2406058,17,197,1-17-2024-197-04,4,1,2933,1383,1613,P255/60R18,250,P255/60R18,250,,,,,,,,,108.610998596913,4,9
2400319,33,3,1-33-2024-003-07,7,2,1578,841,737,P185/55R16,230,P185/55R16,220,,,,,,,,,340.191805857762,12,9
2400568,73,16,1-73-2024-016-06,6,1,2025,1175,1200,P225/65R17,240,P225/65R17,240,,,,,,,,,37.0946854309253,3,9
2405809,24,162,1-24-2024-162-03,3,1,1795,960,840,P205/60R16,230,P205/60R16,230,,,,,,,,,50.1091915477943,1,9
2404790,67,39,1-67-2024-039-06,6,3,9999,9999,9999,9999999999,999,9999999999,999,,,,,,,,,1404.3802802998,7,9
2403353,25,87,1-25-2024-087-03,3,1,2939,1463,1542,P265/70R17,240,P265/70R17,240,,,,,,,,,344.35142568303,2,9
2401103,48,39,1-48-2024-039-04,4,1,1720,990,950,P205/65R16,230,P205/65R16,230,,,,,,,,,155.227864749639,12,9
2404435,17,142,1-17-2024-142-03,3,1,1825,1050,950,P215/55R17,230,P215/55R17,230,,,,,,,,,60.9311505045675,4,9
2405039,12,97,1-12-2024-097-06,6,1,3270,1815,1885,LT285/55R20,338,LT285/55R20,338,,,,,,,,,370.051856891055,9,9
2403316,54,83,1-54-2024-083-09,9,2,2300,1150,1150,P235/65R16,240,P235/65R16,240,,,,,,,,,156.448581085026,9,9
2405872,81,154,1-81-2024-154-01,1,1,2640,1350,1345,P255/50R20,240,P255/50R20,240,,,,,,,,,37.5482771746596,8,9
2400505,32,14,1-32-2024-014-06,6,2,1810,972,880,P195/65R15,240,P195/65R15,240,,,,,,,,,3016.84209269126,7,9
2401003,20,25,1-20-2024-025-03,3,1,1710,920,830,P235/40R18,225,P235/40R18,220,,,,,,,,,30.7883079321252,11,9
2406164,20,146,1-20-2024-146-04,4,1,1930,1070,895,9999999999,999,9999999999,999,,,,,,,,,304.330370561349,11,9
2400213,14,3,1-14-2024-003-03,3,1,2140,1100,1055,P235/35R19,300,P235/35R19,300,,,,,,,,,1131.22927972053,8,9
2405623,81,142,1-81-2024-142-02,2,1,1750,1030,950,P205/55R16,235,P205/55R16,215,,,,,,,,,19.0849903848337,8,9
2405898,18,147,1-18-2024-147-01,1,2,2150,1200,1150,P225/60R17,240,P225/60R17,240,,,,,,,,,63.8166126674341,6,9
2404925,12,95,1-12-2024-095-03,3,1,3266,1724,1724,P275/60R20,240,P275/60R20,240,,,,,,,,,164.057323491007,9,9
2404192,18,112,1-18-2024-112-02,2,1,3311,1724,1882,P275/60R20,240,P275/60R20,240,,,,,,,,,46.7280335632617,6,9
2403219,16,97,1-16-2024-097-03,3,2,9999,9999,9999,9999999999,999,9999999999,999,,,,,,,,,372.754488424118,5,9
2405065,24,140,1-24-2024-140-03,3,1,2205,1150,1250,P225/55R18,240,P225/55R18,240,,,,,,,,,101.332311537624,1,9
2403050,48,99,1-48-2024-099-05,5,1,2730,1310,1465,P235/60R18,240,P235/60R18,240,,,,,,,,,80.9035530796695,12,9
2403837,29,45,1-29-2024-045-03,3,2,1840,980,870,P235/40R18,230,P235/40R18,220,,,,,,,,,90.2007455037807,2,9
2406376,20,151,1-20-2024-151-NM2,22,1,2032,1048,1093,P225/60R17,210,P225/60R17,200,,,,,,,,,1093.0659222961,11,9
2402386,82,58,1-82-2024-058-04,4,1,2800,1590,1590,P235/65R17,241,P235/65R17,241,,,,,,,,,595.159797221277,1,9
2405612,29,95,1-29-2024-095-04,4,1,2495,1259,1452,P255/70R18,240,P255/70R18,240,,,,,,,,,1186.81687143117,2,9
2400348,16,9,1-16-2024-009-01,1,1,2159,1125,1040,P235/50R18,240,P235/50R18,240,,,,,,,,,15.8174891263142,5,9
2400348,16,9,1-16-2024-009-01,1,3,9999,9999,9999,9999999999,999,9999999999,999,,,,,,,,,15.8174891263142,5,9
2402987,14,49,1-14-2024-049-03,3,1,2090,1150,1150,P225/65R17,240,P225/65R17,240,,,,,,,,,321.254328129783,8,9
2401659,20,49,1-20-2024-049-04,4,1,2204,1107,1102,P255/40R19,220,P275/40R19,220,,,,,,,,,70.135827129492,11,9
2400425,81,13,1-81-2024-013-08,8,1,1579,948,839,P205/55R16,220,P205/55R16,220,,,,,,,,,473.74855910244,8,9
2400033,19,2,1-19-2024-002-05,5,1,2405,1225,1361,P245/75R17,250,P245/75R17,250,35X12.50R20,276,35X12.50R20,276,,,,,49.1552833588875,9,9
2406084,31,132,1-31-2024-132-03,3,1,9999,9999,9999,9999999999,999,9999999999,999,,,,,,,,,151.964719784207,6,9
2400342,25,6,1-25-2024-006-03,3,1,2105,1150,1150,P225/65R17,230,P225/65R17,230,,,,,,,,,123.15049611068,2,9
2404756,15,183,1-15-2024-183-04,4,2,2926,1407,1611,P255/60R20,250,P255/60R20,250,,,,,,,,,58.4198767720656,1,9
2404069,57,106,1-57-2024-106-02,2,1,2520,1360,1385,P235/55R19,240,P235/55R19,240,,,,,,,,,13.8251120734564,1,9
2405403,48,178,1-48-2024-178-07,7,2,1776,1021,975,P195/65R15,250,P195/65R15,240,,,,,,,,,201.064995108591,12,9
2402054,54,49,1-54-2024-049-05,5,2,2776,1397,1497,P255/50R20,240,P255/50R20,240,,,,,,,,,144.976226836895,9,9
2400780,23,11,1-23-2024-011-02,2,2,2744,1420,1529,P255/65R17,210,P255/65R17,210,,,,,,,,,62.9617318466021,5,9
2405695,31,122,1-31-2024-122-07,7,1,2720,1340,1585,P245/60R18,240,P245/60R18,240,,,,,,,,,230.868935151332,6,9
2405008,22,153,1-22-2024-153-03,3,1,2105,1150,1150,P225/65R17,230,P225/65R17,230,,,,,,,,,28.3765658017979,12,9
2401762,17,58,1-17-2024-058-04,4,1,2800,1450,1600,P255/65R18,240,P255/65R18,240,,,,,,,,,197.162844163136,4,9
2401467,66,33,1-66-2024-033-09,9,2,2064,984,1089,P235/50R18,220,P235/50R18,220,,,,,,,,,97.5596917228585,6,9
2406147,48,198,1-48-2024-198-07,7,1,1917,1010,940,P215/55R17,230,P215/55R17,230,,,,,,,,,1070.96848945828,12,9
2406147,48,198,1-48-2024-198-07,7,2,1594,823,780,9999999999,999,9999999999,999,,,,,,,,,1070.96848945828,12,9
2401404,11,34,1-11-2024-034-06,6,1,2130,1100,1040,P235/60R18,999,P235/60R18,999,,,,,,,,,464.191411913823,8,9
2403634,21,76,1-21-2024-076-03,3,1,1795,955,850,P235/40R18,240,P235/40R18,230,,,,,,,,,508.612374063365,11,9
2402921,54,77,1-54-2024-077-07,7,1,9999,9999,9999,9999999999,999,9999999999,999,,,,,,,,,279.908966338472,9,9
2400472,73,13,1-73-2024-013-03,3,2,2468,1279,1198,P245/60R18,240,P245/60R18,240,,,,,,,,,24.7530556281062,3,9
2401577,26,40,1-26-2024-040-03,3,1,1710,920,830,P235/40R18,225,P235/40R18,220,,,,,,,,,477.259051653786,10,9
2401036,32,34,1-32-2024-034-NM1,21,1,1815,965,850,P215/55R17,999,P215/55R17,999,,,,,,,,,15.678814367208,7,9
2402596,13,63,1-13-2024-063-03,3,1,2540,1335,1490,P265/70R16,210,P265/70R16,210,,,,,,,,,1105.97796358411,7,9
2402264,16,66,1-16-2024-066-06,6,2,1709,896,813,P195/65R15,260,P195/65R15,260,,,,,,,,,643.878867462447,5,9
2403283,59,104,1-59-2024-104-07,7,1,1944,1065,995,P215/55R18,240,P215/55R18,240,,,,,,,,,584.797835219332,6,9
2404611,82,125,1-82-2024-125-05,5,2,2087,1180,1080,P225/60R17,240,P225/60R17,220,,,,,,,,,24.7457338959219,1,9
2402951,30,101,1-30-2024-101-03,3,2,1815,980,845,P215/45R18,230,P215/45R18,230,,,,,,,,,416.458514897154,10,9
2403970,69,88,1-69-2024-088-04,4,1,1750,1030,950,P225/45R17,235,P225/45R17,215,,,,,,,,,124.705353098752,8,9
